20201223,宝山,杨行,满五年不唯一税费少  精装修带车位必看好房,420万,3室1厅 | 93.63平米 | 南 北 | 简装 | 低楼层(共18层) | 2012年建 | 板楼,http://image1.ljcdn.com/110000-inspection/pc1_teny8datV_1.jpg.296x216.jpg
20201223,宝山,杨行,近地铁，小区环境优美，品质小区必看好房,378万,2室2厅 | 84.2平米 | 南 | 精装 | 低楼层(共18层) | 2014年建 | 板楼,http://image1.ljcdn.com/110000-inspection/pc1_N3ykzLqxK_1.jpg.296x216.jpg
20201223,宝山,杨行,AAA级好房 南北通 飞机户型 别墅小区 诚心出售 欢迎看必看好房,645万,3室2厅 | 128.76平米 | 南 北 | 毛坯 | 中楼层(共14层) | 2005年建 | 板楼,http://image1.ljcdn.com/110000-inspection/pc1_QzUi6CIJx_1.jpg.296x216.jpg
20201223,宝山,杨行,向阳而生、家旺业旺、视野无遮挡，满五唯一，诚心出售必看好房,460万,3室2厅 | 115.63平米 | 南 | 精装 | 中楼层(共18层) | 2008年建 | 板楼,http://image1.ljcdn.com/110000-inspection/pc1_GgBVE0C5V_1.jpg.296x216.jpg
20201223,宝山,杨行,经典小三房+万科物业+一梯两户得房率高+满五唯一必看好房,405万,3室2厅 | 84.31平米 | 南 | 精装 | 中楼层(共10层) | 2009年建 | 板楼,http://image1.ljcdn.com/110000-inspection/pc1_LJ8no53fg_1.jpg.296x216.jpg
20201223,宝山,杨行,中梁精装小户型，两房朝南，交通方便，闹中取静必看好房,310万,2室1厅 | 65.02平米 | 南 | 精装 | 低楼层(共18层) | 2012年建 | 板楼,http://image1.ljcdn.com/310000-inspection/pc1_VrGh6hR2g_1.jpg.296x216.jpg
20201223,宝山,杨行,满五唯一大三房 楼层好 近地铁 带车位必看好房,600万,3室2厅 | 139.8平米 | 南 北 | 简装 | 中楼层(共18层) | 2008年建 | 板楼,http://image1.ljcdn.com/110000-inspection/pc1_QnbEjAtQ5_1.jpg.296x216.jpg
20201223,宝山,杨行,万科经典小三房 业主诚心出售 看房方便必看好房,410万,3室2厅 | 88.25平米 | 南 北 | 简装 | 中楼层(共11层) | 2009年建 | 板楼,http://image1.ljcdn.com/110000-inspection/pc1_ySTHVT7wi_1.jpg.296x216.jpg
20201223,宝山,杨行,满五唯一 一梯二户 边套 不临街 到一号线出行方便必看好房,367万,2室2厅 | 92.4平米 | 南 北 | 精装 | 低楼层(共6层) | 2006年建 | 板楼,http://image1.ljcdn.com/110000-inspection/pc1_0dbtVqgFt_1.jpg.296x216.jpg
20201223,宝山,杨行,产证满五年 业主诚意出售 看房提前预约  交通便利必看好房,220万,1室1厅 | 58.14平米 | 南 | 简装 | 低楼层(共6层) | 2000年建 | 板楼,http://image1.ljcdn.com/110000-inspection/pc1_rpwDRUaGv_1.jpg.296x216.jpg
20201223,宝山,杨行,地铁沿线，中间楼层视野好，得房率高。必看好房,420万,2室2厅 | 114.18平米 | 南 | 精装 | 中楼层(共16层) | 2008年建 | 板楼,http://image1.ljcdn.com/110000-inspection/pc1_jBwyOF2RC_1.jpg.296x216.jpg
20201223,宝山,杨行,招商两房，全朝南，采光无遮挡，中间楼层，近地铁必看好房,345万,2室1厅 | 84.5平米 | 南 | 毛坯 | 低楼层(共16层) | 2015年建 | 板楼,http://image1.ljcdn.com/110000-inspection/pc1_Sc9ke7AzF_1.jpg.296x216.jpg
20201223,宝山,杨行,精装修电梯三房，采光好，满五唯一带车位必看好房,425万,3室2厅 | 89.13平米 | 南 | 精装 | 高楼层(共12层) | 2011年建 | 板楼,http://image1.ljcdn.com/110000-inspection/pc1_ZkXlHmE5z_1.jpg.296x216.jpg
20201223,宝山,杨行,急售南北大三房户型 看房方便位置好单价低必看好房,428万,3室2厅 | 125.42平米 | 南 | 精装 | 低楼层(共15层) | 2009年建 | 板楼,http://image1.ljcdn.com/110000-inspection/pc1_eHwgR5BOs_1.jpg.296x216.jpg
20201223,宝山,杨行,AAA级好房 正气三房 带有近30平方天井  欢迎看房必看好房,335万,3室1厅 | 85.45平米 | 南 | 精装 | 低楼层(共6层) | 1993年建 | 板楼,http://image1.ljcdn.com/110000-inspection/pc1_pzYNIemCl_1.jpg.296x216.jpg
20201223,宝山,杨行,经典小三房+万科物业+产权车位+满五唯一 +楼间距大必看好房,410万,3室2厅 | 84.27平米 | 南 | 精装 | 高楼层(共11层) | 2009年建 | 板楼,http://image1.ljcdn.com/110000-inspection/pc1_vnw7MIgL0_1.jpg.296x216.jpg
20201223,宝山,杨行,此房满五唯一，二手买进，总价低的明亮三房！！必看好房,305万,3室1厅 | 91.14平米 | 南 | 精装 | 中楼层(共6层) | 1994年建 | 板楼,http://image1.ljcdn.com/110000-inspection/pc1_Wc8wluqON_1.jpg.296x216.jpg
20201223,宝山,杨行,中间楼层复式房，配套齐全，交通便利，户型方正必看好房,529万,3室2厅 | 147.06平米 | 南 | 精装 | 中楼层(共6层) | 2005年建 | 板楼,http://image1.ljcdn.com/110000-inspection/pc1_BFxYzL3T5_1.jpg.296x216.jpg
20201223,宝山,杨行,万业紫辰苑 小三房 前排 景观房 中间楼层必看好房,435万,3室2厅 | 95平米 | 南 | 毛坯 | 中楼层(共28层) | 2013年建 | 板楼,http://image1.ljcdn.com/110000-inspection/pc1_3phUplrlL_1.jpg.296x216.jpg
20201223,宝山,杨行,满五唯一，带车位，好房不多精装修的正气户型，诚售必看好房,670万,4室2厅 | 134平米 | 南 | 精装 | 高楼层(共12层) | 2010年建 | 板楼,http://image1.ljcdn.com/110000-inspection/pc1_LnCaBoUkR_1.jpg.296x216.jpg
20201223,宝山,杨行,聚焦房源带露台 ，满五唯一税费少，带固定长租车库必看好房,430万,4室2厅 | 130.64平米 | 南 北 | 精装 | 高楼层(共6层) | 1998年建 | 板楼,http://image1.ljcdn.com/310000-inspection/pc1_hx3cZsRml_1.jpg.296x216.jpg
20201223,宝山,杨行,新房装修 真正拎包入住的房子小区环境和房子内饰很搭必看好房,360万,2室2厅 | 92.3平米 | 南 北 | 精装 | 低楼层(共6层) | 2009年建 | 板楼,http://image1.ljcdn.com/110000-inspection/pc1_9071d9X9b_1.jpg.296x216.jpg
20201223,宝山,杨行,万科物业+三开间朝南+满五唯一+中高楼层必看好房,395万,2室2厅 | 90.86平米 | 南 | 精装 | 高楼层(共11层) | 2007年建 | 板楼,http://image1.ljcdn.com/110000-inspection/pc1_YwQ5S3dZO_1.jpg.296x216.jpg
20201223,宝山,杨行,税费少 楼层好 房龄新 采光无遮挡 南北通 诚心出售必看好房,370万,2室2厅 | 91.34平米 | 南 | 简装 | 中楼层(共14层) | 2011年建 | 板楼,http://image1.ljcdn.com/110000-inspection/pc1_a4pQlnjy7_1.jpg.296x216.jpg
20201223,宝山,杨行,三房，两房朝南，南北通户型，诚心出售！必看好房,300万,3室1厅 | 87.2平米 | 南 | 简装 | 高楼层(共6层) | 1993年建 | 板楼,http://image1.ljcdn.com/110000-inspection/pc1_ZneX3oDx4_1.jpg.296x216.jpg
20201223,宝山,杨行,满五唯一，精装修两房，正对白沙公园视野好必看好房,415万,2室2厅 | 94.76平米 | 南 | 精装 | 中楼层(共12层) | 2010年建 | 板楼,http://image1.ljcdn.com/110000-inspection/pc1_ynVTpc1TN_1.jpg.296x216.jpg
20201223,宝山,杨行,精装修，双南户型，无抵押，有车位，看房方便必看好房,410万,3室1厅 | 89.7平米 | 南 | 精装 | 高楼层(共20层)  | 板楼,http://image1.ljcdn.com/110000-inspection/pc1_IMifJYUwq_1.jpg.296x216.jpg
20201223,宝山,杨行,精装修 拎包入住 中间楼层 诚心出售 欢迎看房必看好房,280万,2室1厅 | 79平米 | 南 | 精装 | 中楼层(共6层) | 1994年建 | 板楼,http://image1.ljcdn.com/110000-inspection/pc1_txYS3ofoP_1.jpg.296x216.jpg
20201223,宝山,杨行,复式户型，小洋房带电梯，05年品质小区，近地铁一号线必看好房,355万,1室2厅 | 56.55平米 | 南 北 | 简装 | 高楼层(共6层) | 2005年建 | 板楼,http://image1.ljcdn.com/110000-inspection/pc1_NG6PDYbsj_1.jpg.296x216.jpg
20201223,宝山,杨行,满二年诚心出售布局合理高品质小区人车分流必看好房！必看好房,380万,2室1厅 | 73.5平米 | 南 | 精装 | 中楼层(共20层)  | 板楼,http://image1.ljcdn.com/110000-inspection/pc1_RuNCmMyRS_1.jpg.296x216.jpg
20201223,宝山,杨行,主卧朝南，房型正气，满五年唯一房主自荐,235万,1室2厅 | 54.62平米 | 南 | 精装 | 高楼层(共6层) | 2007年建 | 板楼,http://image1.ljcdn.com/310000-inspection/prod-0eaf018c-7978-4551-b1c0-a93c390b052c.jpg.296x216.jpg
20201223,宝山,杨行,地铁口电梯花园洋房复式，3房朝南，带露台，满五唯一,1130万,4室3厅 | 225.97平米 | 南 北 | 精装 | 中楼层(共5层) | 2011年建 | 板楼,http://image1.ljcdn.com/110000-inspection/pc1_ZHE7keETQ_1.jpg.296x216.jpg
20201223,宝山,杨行,经典小三房，采光’位置都很好。新上,406万,3室1厅 | 89.13平米 | 南 | 精装 | 高楼层(共12层) | 2011年建 | 板楼,http://image1.ljcdn.com/110000-inspection/pc1_lOewuN1Fm_1.jpg.296x216.jpg
20201223,宝山,杨行,6复7楼复式，五房四卫，南北通透，得房率高！,800万,5室3厅 | 211.54平米 | 南 北 | 精装 | 高楼层(共6层) | 2005年建 | 板楼,http://image1.ljcdn.com/110000-inspection/pc1_pXSDaSqOG_1.jpg.296x216.jpg
20201223,宝山,杨行,满五唯一+1号线 精装四层联排别墅 使用面积400+,1300万,4室2厅 | 233.4平米 | 南 北 | 精装 | 3层 | 2012年建 | 板楼 | 联排别墅,http://image1.ljcdn.com/110000-inspection/pc1_Py0nlbioO_1.jpg.296x216.jpg
20201223,宝山,杨行,AAAA级好房 满五年  税费少  花园洋房  近地铁,639万,3室2厅 | 135.36平米 | 南 | 简装 | 中楼层(共6层) | 2005年建 | 板楼,http://image1.ljcdn.com/110000-inspection/pc1_G6WUpTaGm_1.jpg.296x216.jpg
20201223,宝山,杨行,超大地复带花园，满五唯一，飞机户型,500万,4室3厅 | 178.94平米 | 南 北 | 简装 | 低楼层(共6层) | 2007年建 | 板楼,http://image1.ljcdn.com/310000-inspection/pc1_lGWskMSCw_1.jpg.296x216.jpg
20201223,宝山,杨行,近地铁 满五唯一无个税 房龄新 诚信出售 价格可谈房主自荐,618万,4室2厅 | 138.32平米 | 南 北 | 简装 | 低楼层(共18层) | 2011年建 | 板楼,http://image1.ljcdn.com/110000-inspection/pc1_dY5JQOiEN_1.jpg.296x216.jpg
20201223,宝山,杨行,售后公房 满五唯一 无增值附加税 无个税 随时看房房主自荐,295万,2室1厅 | 75.1平米 | 南 北 | 简装 | 高楼层(共6层) | 2000年建 | 板楼,http://image1.ljcdn.com/110000-inspection/pc1_RO85hRnyG_1.jpg.296x216.jpg
20201223,宝山,杨行,超正大三房，南北通透，飞机户型，装修典雅气质,510万,3室2厅 | 121.84平米 | 南 北 | 精装 | 中楼层(共6层) | 2009年建 | 板楼,http://image1.ljcdn.com/110000-inspection/pc1_cb7tBg2EG_1.jpg.296x216.jpg
20201223,宝山,杨行,电梯顶层复式 格局改动好 精装修 满五唯一 税费少,660万,4室2厅 | 161.28平米 | 南 北 | 精装 | 高楼层(共13层) | 2009年建 | 板楼,http://image1.ljcdn.com/110000-inspection/pc1_CgMNp7j04_1.jpg.296x216.jpg
20201223,宝山,杨行,刚需小户型中间楼层，满五唯一精装修，位置好视野佳新上,260万,1室1厅 | 63.06平米 | 南 | 精装 | 中楼层(共18层) | 2009年建 | 板楼,http://image1.ljcdn.com/110000-inspection/pc1_RZT55LB8Z_1.jpg.296x216.jpg
20201223,宝山,杨行,精装小户型，杨行板块置业低总价入手好房新上,180万,1室1厅 | 44.52平米 | 南 北 | 精装 | 中楼层(共6层) | 1988年建 | 板楼,http://image1.ljcdn.com/110000-inspection/pc1_bwuAQuZjx_1.jpg.296x216.jpg
20201223,宝山,杨行,一手动迁，南北通全明户型采光通风小区环境优美房主自荐,356万,2室1厅 | 87.43平米 | 南 | 毛坯 | 中楼层(共6层) | 2015年建 | 板楼,http://image1.ljcdn.com/110000-inspection/pc1_ELK7C6pVA_1.jpg.296x216.jpg
20201223,宝山,杨行,房楼层位置佳，精装修，刚需小两房房主自荐,348万,2室2厅 | 70.13平米 | 南 | 精装 | 中楼层(共32层) | 2012年建 | 板楼,http://image1.ljcdn.com/110000-inspection/pc1_kNRIKi3vC_1.jpg.296x216.jpg
20201223,宝山,杨行,精装修，保养很好，无遮挡，视野好房主自荐,496万,3室2厅 | 103.74平米 | 南 | 精装 | 中楼层(共18层) | 2014年建 | 板楼,http://image1.ljcdn.com/110000-inspection/pc1_lXFg9yviM_1.jpg.296x216.jpg
20201223,宝山,杨行,房龄新，南北通三房，通透性佳 装修保养好房主自荐,480万,3室2厅 | 98.86平米 | 南 北 | 精装 | 低楼层(共31层)  | 板楼,http://image1.ljcdn.com/110000-inspection/pc1_ciyNK0Quw_1.jpg.296x216.jpg
20201223,宝山,杨行,上叠精装带地暖，户型正气位置佳。看房方便提前约房主自荐,650万,3室2厅 | 106平米 | 南 | 精装 | 下叠(共3层) | 2015年建 | 板楼 | 叠拼别墅,http://image1.ljcdn.com/110000-inspection/pc1_OatPXkCRg_1.jpg.296x216.jpg
20201223,宝山,杨行,满五唯一 南北直通 人车分流 小区中间位置 品质小区,520万,3室2厅 | 127.07平米 | 南 | 精装 | 高楼层(共6层) | 2004年建 | 板楼,http://image1.ljcdn.com/110000-inspection/pc1_nX4NYqq6h_1.jpg.296x216.jpg
20201223,宝山,杨行,房子采光通风好 中楼层视野开阔,460万,3室2厅 | 129.22平米 | 南 北 | 简装 | 中楼层(共6层) | 2003年建 | 板楼,http://image1.ljcdn.com/110000-inspection/pc1_fHbq6kQMG_1.jpg.296x216.jpg
20201223,宝山,杨行,此房为招商花园城的中叠，三复四，格局好。房主自荐,735万,4室2厅 | 110.08平米 | 南 北 | 简装 | 中楼层(共5层) | 2017年建 | 板楼,http://image1.ljcdn.com/110000-inspection/pc1_ri9ltDVfV_1.jpg.296x216.jpg
20201223,宝山,杨行,单价2万8 总价低 三间朝南 采光视野好 满五唯一房主自荐,305万,3室2厅 | 107.8平米 | 南 北 | 简装 | 高楼层(共6层) | 1994年建 | 板楼,http://image1.ljcdn.com/310000-inspection/pc1_bZbVcKlNn_1.jpg.296x216.jpg
20201223,宝山,杨行,临校园、公园+双轨交+税费低+正气大户型房主自荐,909万,7室3厅 | 257.88平米 | 南 北 | 精装 | 低楼层(共26层) | 2010年建 | 板楼,http://image1.ljcdn.com/310000-inspection/pc1_j7EB0NFvw_1.jpg.296x216.jpg
20201223,宝山,杨行,别墅社区 花园洋房，带地下室，带花园 装修到位房主自荐,678万,3室2厅 | 199.31平米 | 南 | 精装 | 低楼层(共5层) | 2015年建 | 板楼,http://image1.ljcdn.com/310000-inspection/pc1_6kT6BNrpv_1.jpg.296x216.jpg
20201223,宝山,杨行,2015年次新房 正气双南户型  前排无遮挡 业主很诚心房主自荐,442万,3室2厅 | 95.25平米 | 南 | 精装 | 低楼层(共17层) | 2015年建 | 板楼,http://image1.ljcdn.com/110000-inspection/pc1_Q48X13UxC_1.jpg.296x216.jpg
20201223,宝山,杨行,别墅社区，品质洋房，精装修，带花园房主自荐,1000万,4室2厅 | 230.61平米 | 南 北 | 精装 | 低楼层(共5层) | 2015年建 | 板楼,http://image1.ljcdn.com/110000-inspection/pc1_UjpQfJOOz_1.jpg.296x216.jpg
20201223,宝山,杨行,近地铁 满五唯一 近地铁 少税费 楼层好 位置好房主自荐,320万,2室1厅 | 75.89平米 | 南 | 简装 | 中楼层(共6层) | 2000年建 | 板楼,http://image1.ljcdn.com/110000-inspection/pc1_2hPfqIDu9_1.jpg.296x216.jpg
20201223,宝山,杨行,南北精装两房附带花园 满五唯一 税费少 南面无遮挡房主自荐,345万,2室2厅 | 86.3平米 | 南 北 | 精装 | 低楼层(共11层) | 2009年建 | 板楼,http://image1.ljcdn.com/110000-inspection/pc1_Su0ihKe9x_1.jpg.296x216.jpg
20201223,宝山,杨行,房子满五唯一 户型正气 适合居住 不错的选择,300万,1室2厅 | 67.82平米 | 南 | 精装 | 中楼层(共11层) | 2008年建 | 板楼,http://image1.ljcdn.com/110000-inspection/pc1_paOOIYjmP_1.jpg.296x216.jpg
20201223,宝山,杨行,满五唯一，税费少，两房朝南，采光充足，业主诚心卖,249万,2室1厅 | 74.86平米 | 南 | 简装 | 高楼层(共6层) | 1995年建 | 板楼,http://image1.ljcdn.com/110000-inspection/pc1_otCHkiIMl_1.jpg.296x216.jpg
20201223,宝山,杨行,品质小区，万科少见地复+下沉式双花园房主自荐,540万,2室2厅 | 169.57平米 | 南 北 | 精装 | 低楼层(共11层) | 2007年建 | 板楼,http://image1.ljcdn.com/110000-inspection/pc1_CQ6j91dbV_1.jpg.296x216.jpg
20201223,宝山,杨行,叠加别墅，面积大，改造空间大，业主诚心出售房主自荐,730万,3室2厅 | 171.88平米 | 南 | 毛坯 | 上叠(共1层) | 2015年建 | 板楼 | 叠拼别墅,http://image1.ljcdn.com/110000-inspection/pc1_RXHPIHqhc_1.jpg.296x216.jpg
20201223,宝山,杨行,户型正气，房龄新，精装修拎包入住房主自荐,460万,3室2厅 | 89平米 | 南 北 | 精装 | 低楼层(共18层)  | 板楼,http://image1.ljcdn.com/110000-inspection/pc1_rK7YbuKKY_1.jpg.296x216.jpg
20201223,宝山,杨行,房子是2009年的商品房，业主诚心急售，经典小三房房主自荐,430万,3室2厅 | 107.25平米 | 南 北 | 简装 | 高楼层(共18层) | 2009年建 | 板楼,http://image1.ljcdn.com/110000-inspection/pc1_dEkce19oS_1.jpg.296x216.jpg
20201223,宝山,杨行,三开间朝南，动静分离，大三房，南北双阳台，采光好房主自荐,560万,3室2厅 | 133.59平米 | 南 北 | 精装 | 中楼层(共11层) | 2013年建 | 板楼,http://image1.ljcdn.com/110000-inspection/pc1_Am6r503Gf_1.jpg.296x216.jpg
20201223,宝山,杨行,香逸湾  中间位置 南北通透  业主诚心出售房主自荐,398万,3室2厅 | 88.99平米 | 南 北 | 简装 | 低楼层(共12层) | 2011年建 | 板楼,http://image1.ljcdn.com/110000-inspection/pc1_tyAEWwUzl_1.jpg.296x216.jpg
20201223,宝山,杨行,万科大三房，户型方正，采光好，业主诚心出售房主自荐,515万,3室2厅 | 120.5平米 | 南 | 毛坯 | 高楼层(共6层) | 2004年建 | 板楼,http://image1.ljcdn.com/110000-inspection/pc1_xJiDdoPqv_1.jpg.296x216.jpg
20201223,宝山,杨行,宝山新城+东方康桥开发+05年多层+中间楼层・房主自荐,375万,2室2厅 | 95.32平米 | 南 北 | 简装 | 中楼层(共6层) | 2005年建 | 板楼,http://image1.ljcdn.com/110000-inspection/pc1_gWd9iFlBw_1.jpg.296x216.jpg
20201223,宝山,杨行,满五不唯一 楼层好 视野好 采光良好房主自荐,398万,2室2厅 | 96.71平米 | 南 | 毛坯 | 中楼层(共11层) | 2008年建 | 板楼,http://image1.ljcdn.com/110000-inspection/pc1_x63aOGPBp_1.jpg.296x216.jpg
20201223,宝山,杨行,地铁沿线，高楼层，采光较好，2个卫生间，钥匙房房主自荐,370万,2室2厅 | 101.03平米 | 南 | 简装 | 高楼层(共6层) | 2005年建 | 板楼,http://image1.ljcdn.com/110000-inspection/pc1_d1DhOuNf0_1.jpg.296x216.jpg
20201223,宝山,杨行,户型正气的东边套，品质小区，居住舒适度高,450万,3室2厅 | 90.11平米 | 南 北 | 精装 | 低楼层(共20层)  | 板楼,http://image1.ljcdn.com/110000-inspection/pc1_UguIwI6Pg_1.jpg.296x216.jpg
20201223,宝山,杨行,近地铁，大三房，带花园，百万精装修保养好房主自荐,550万,3室2厅 | 125.5平米 | 南 | 精装 | 低楼层(共18层) | 2007年建 | 板楼,http://image1.ljcdn.com/110000-inspection/pc1_G3AnDnSnP_1.jpg.296x216.jpg
20201223,宝山,杨行,满五唯一，底楼复式，业主急售，有钥匙，看房子方便的房主自荐,600万,3室2厅 | 212.76平米 | 南 | 毛坯 | 低楼层(共6层) | 2007年建 | 板楼,http://image1.ljcdn.com/110000-inspection/pc1_IbNdIoezt_1.jpg.296x216.jpg
20201223,宝山,杨行,香逸湾，中间楼层。买进高，税费少。业主诚心出售。新上,435万,3室2厅 | 88.65平米 | 南 北 | 精装 | 中楼层(共11层) | 2009年建 | 板楼,http://image1.ljcdn.com/110000-inspection/pc1_9PqgO4tMW_1.jpg.296x216.jpg
20201223,宝山,杨行,春江美庐北区三房 满五唯一 精装修带车位 看中可谈新上,430万,3室1厅 | 94平米 | 南 北 | 精装 | 低楼层(共18层) | 2012年建 | 板楼,http://image1.ljcdn.com/110000-inspection/pc1_ki3QyPxHj_1.jpg.296x216.jpg
20201223,宝山,杨行,联排别墅，前后双花园，中间位置，百万装修，诚心出售,850万,4室2厅 | 168平米 | 南 | 精装 | 上叠(共1层) | 2015年建 | 板楼 | 叠拼别墅,http://image1.ljcdn.com/110000-inspection/pc1_FUSIc3v7U_1.jpg.296x216.jpg
20201223,宝山,杨行,即将满五唯一，户型正气，楼层好采光好通风好新上,464万,3室1厅 | 94.45平米 | 南 北 | 毛坯 | 高楼层(共16层) | 2015年建 | 板楼,http://image1.ljcdn.com/110000-inspection/pc1_OxcML0oHx_1.jpg.296x216.jpg
20201223,宝山,杨行,万科三房心寐/满五唯一不贵/中间位置更配房主自荐,505万,3室2厅 | 123.2平米 | 南 北 | 精装 | 中楼层(共5层) | 2004年建 | 板楼,http://image1.ljcdn.com/110000-inspection/pc1_j5ufCa1JM_1.jpg.296x216.jpg
20201223,宝山,杨行,地铁口南北通精装修1房，开发商精装修满五唯一,320万,1室2厅 | 67.7平米 | 南 | 精装 | 中楼层(共11层) | 2011年建 | 板楼,http://image1.ljcdn.com/110000-inspection/pc1_ELwOlAMtX_1.jpg.296x216.jpg
20201223,宝山,杨行,1号线精装修2房，视野开阔，有车位出售房主自荐,370万,2室2厅 | 85.01平米 | 南 | 精装 | 高楼层(共16层) | 2015年建 | 板楼,http://image1.ljcdn.com/110000-inspection/pc1_Gw570ulaG_1.jpg.296x216.jpg
20201223,宝山,杨行,天馨花园中间楼层两房，房东诚心出售，税费少，近地铁房主自荐,315万,2室2厅 | 76.67平米 | 南 | 精装 | 中楼层(共6层) | 1998年建 | 板楼,http://image1.ljcdn.com/110000-inspection/pc1_Mw0VctETc_1.jpg.296x216.jpg
20201223,宝山,杨行,交通便利，临靠白沙公园，视野宽阔，采光充足房主自荐,485万,2室2厅 | 98.32平米 | 南 北 | 精装 | 中楼层(共18层) | 2014年建 | 板楼,http://image1.ljcdn.com/110000-inspection/pc1_pwnZbsKTX_1.jpg.296x216.jpg
20201223,宝山,杨行,一手动迁满五不唯一，南北户型税费少,318万,2室2厅 | 88.81平米 | 南 | 简装 | 高楼层(共6层) | 2013年建 | 板楼,http://image1.ljcdn.com/110000-inspection/pc1_70yrFrZEQ_1.jpg.296x216.jpg
20201223,宝山,杨行,一手动迁 中楼层   地铁站566米房主自荐,275万,1室1厅 | 57.01平米 | 南 北 | 精装 | 中楼层(共18层) | 2011年建 | 板楼,http://image1.ljcdn.com/110000-inspection/pc1_h2m9JqsWt_1.jpg.296x216.jpg
20201223,宝山,杨行,精装修，南北直通，楼层佳，采光好,455万,2室2厅 | 95平米 | 南 | 精装 | 高楼层(共28层) | 2014年建 | 板楼,http://image1.ljcdn.com/110000-inspection/pc1_7FUpv3Cy6_1.jpg.296x216.jpg
20201223,宝山,杨行,户型方正，面积大，1楼自带大花园，业主诚心出售,375万,2室2厅 | 105.61平米 | 南 北 | 简装 | 低楼层(共6层) | 2003年建 | 板楼,http://image1.ljcdn.com/110000-inspection/pc1_sZ0rFwDCI_1.jpg.296x216.jpg
20201223,宝山,杨行,户型全明 电梯中层 15年次新房 视野开阔,399万,2室1厅 | 82平米 | 南 | 精装 | 中楼层(共16层) | 2015年建 | 板楼,http://image1.ljcdn.com/110000-inspection/pc1_5rKP8pxIu_1.jpg.296x216.jpg
20201223,宝山,杨行,杨泰一村2002年房龄 一梯两户得房率高 房间大采光好,295万,2室2厅 | 85.04平米 | 南 | 精装 | 高楼层(共6层) | 2002年建 | 板楼,http://image1.ljcdn.com/110000-inspection/pc1_WnSGB7VzS_1.jpg.296x216.jpg
20201223,宝山,杨行,三房只卖两房的价格，两房朝南，双阳台，诚意出售，房主自荐,400万,3室2厅 | 95平米 | 南 北 | 毛坯 | 低楼层(共16层) | 2015年建 | 板楼,http://image1.ljcdn.com/310000-inspection/pc1_XafTWpUJM_1.jpg.296x216.jpg
20201223,宝山,杨行,万科经典双房朝南户型,带产权车位,得房率高,诚心出售房主自荐,395万,2室2厅 | 87.48平米 | 南 | 精装 | 低楼层(共14层) | 2007年建 | 板楼,http://image1.ljcdn.com/110000-inspection/pc1_UOZtVaMIM_1.jpg.296x216.jpg
20201223,宝山,杨行,楼层好，视野宽阔，采光充足，配套齐全，交通便利房主自荐,410万,2室2厅 | 100.82平米 | 南 | 毛坯 | 中楼层(共6层) | 2005年建 | 板楼,http://image1.ljcdn.com/110000-inspection/pc1_yc5spKF20_1.jpg.296x216.jpg
20201223,宝山,杨行,无增值税无个税，户型正气产权清晰，带花园房主自荐,245万,2室1厅 | 56.34平米 | 南 | 精装 | 低楼层(共6层) | 2006年建 | 板楼,http://image1.ljcdn.com/110000-inspection/pc1_bpgzVHgIt_1.jpg.296x216.jpg
20201223,宝山,杨行,禄德华苑大两房，户型方正，南北通透，业主诚心出售。房主自荐,345万,2室2厅 | 92.27平米 | 南 北 | 毛坯 | 高楼层(共6层) | 2010年建 | 板楼,http://image1.ljcdn.com/110000-inspection/pc1_HKMWHFatA_1.jpg.296x216.jpg
20201223,宝山,杨行,精装一房，小区目前唯一在售一房。拎包入住,240万,1室1厅 | 55.05平米 | 南 | 精装 | 中楼层(共6层) | 2010年建 | 板楼,http://image1.ljcdn.com/110000-inspection/pc1_1SxzMWK1N_1.jpg.296x216.jpg
20201223,宝山,杨行,别墅社区，近地铁，下叠边套，看房方便房主自荐,845万,4室1厅 | 172.85平米 | 南 | 精装 | 低楼层(共3层) | 2009年建 | 板楼,http://image1.ljcdn.com/110000-inspection/pc1_SaweCmsoC_1.jpg.296x216.jpg
20201223,宝山,杨行,双天井 采光好 两房朝南 户型方正 利用率高房主自荐,310万,2室1厅 | 73.39平米 | 南 | 简装 | 低楼层(共6层) | 2000年建 | 板楼,http://image1.ljcdn.com/310000-inspection/pc1_CaoMt4YjD_1.jpg.296x216.jpg
20201223,宝山,杨行,春江美庐南区双南两房，精装修，满五年 看房方便房主自荐,368万,2室2厅 | 76.69平米 | 南 | 精装 | 低楼层(共18层) | 2012年建 | 板楼,http://image1.ljcdn.com/310000-inspection/pc1_5Fn8vtS3Y_1.jpg.296x216.jpg
20201223,宝山,杨行,一楼带花园+满五唯一税费少+双南两房+近地铁房主自荐,360万,2室2厅 | 92.78平米 | 南 | 简装 | 低楼层(共11层) | 2013年建 | 板楼,http://image1.ljcdn.com/110000-inspection/pc1_oUri7TMsa_1.jpg.296x216.jpg
20201223,宝山,杨行,小区花园位置，南边无遮挡，楼下超市生活便利房主自荐,290万,2室1厅 | 69.47平米 | 南 北 | 精装 | 中楼层(共6层) | 1998年建 | 板楼,http://image1.ljcdn.com/110000-inspection/pc1_JOCWN82wr_1.jpg.296x216.jpg
20201223,宝山,杨行,两房朝南，厅朝南大窗 楼层好 采光好 南北双阳台房主自荐,565万,3室2厅 | 133.61平米 | 南 | 精装 | 中楼层(共11层) | 2013年建 | 板楼,http://image1.ljcdn.com/110000-inspection/pc1_4LFWO9vW5_1.jpg.296x216.jpg
20201223,宝山,杨行,精装修  空调加地暖 吊顶有内置广播音响系统房主自荐,585万,3室2厅 | 118.88平米 | 南 北 | 精装 | 低楼层(共14层) | 2010年建 | 板楼,http://image1.ljcdn.com/110000-inspection/pc1_oUByqlv2O_1.jpg.296x216.jpg
20201223,宝山,杨行,小区位置好，诚意出售，带产权车位，价格可谈。房主自荐,668万,3室2厅 | 136.23平米 | 南 | 精装 | 低楼层(共18层) | 2014年建 | 板楼,http://image1.ljcdn.com/110000-inspection/pc1_uPYMjAkpV_1.jpg.296x216.jpg
20201223,宝山,杨行,此房户型正气，楼层好，房间格局紧凑，动静分离。房主自荐,535万,3室2厅 | 143.07平米 | 南 | 精装 | 低楼层(共16层) | 2008年建 | 板楼,http://image1.ljcdn.com/110000-inspection/pc1_3yXran09Z_1.jpg.296x216.jpg
20201223,宝山,杨行,顶楼复式，看白沙公园，精装修3房，带阁楼，带露台房主自荐,505万,3室2厅 | 98.2平米 | 南 北 | 精装 | 高楼层(共18层) | 2014年建 | 板楼,http://image1.ljcdn.com/110000-inspection/pc1_Xr2ZgASDq_1.jpg.296x216.jpg
20201223,宝山,杨行,香逸湾精装修小三房 中间楼层使用面积大房主自荐,435万,3室2厅 | 89.13平米 | 南 | 精装 | 中楼层(共12层) | 2011年建 | 板楼,http://image1.ljcdn.com/110000-inspection/pc1_pFBxYVp2a_1.jpg.296x216.jpg
20201223,宝山,杨行,满五不唯一 户型好 楼层好 配套完善,455万,3室2厅 | 112.99平米 | 南 | 简装 | 中楼层(共6层) | 2007年建 | 板楼,http://image1.ljcdn.com/110000-inspection/pc1_w96hvL7JW_1.jpg.296x216.jpg
20201223,宝山,杨行,三开间朝南，南北直通：采光好，南北双阳台，带露台房主自荐,518万,3室2厅 | 120.5平米 | 南 | 精装 | 高楼层(共6层) | 2004年建 | 板楼,http://image1.ljcdn.com/110000-inspection/pc1_inkiOwpdE_1.jpg.296x216.jpg
20201223,宝山,杨行,前排无遮挡，采光好，南北双阳台,405万,3室2厅 | 93.92平米 | 南 北 | 简装 | 低楼层(共16层) | 2015年建 | 板楼,http://image1.ljcdn.com/110000-inspection/pc1_7VhcQtWsE_1.jpg.296x216.jpg
20201223,宝山,杨行,万科三房带车位+精装修+小区中间位置+精装修房主自荐,410万,3室2厅 | 88.69平米 | 南 北 | 精装 | 低楼层(共11层) | 2008年建 | 板楼,http://image1.ljcdn.com/110000-inspection/pc1_Q2SsiP2d0_1.jpg.296x216.jpg
20201223,宝山,杨行,满五唯一，税费少，不临街，中间楼层大三房,315万,3室2厅 | 89.78平米 | 南 | 简装 | 低楼层(共6层) | 1995年建 | 板楼,http://image1.ljcdn.com/110000-inspection/pc1_1Cc3HI2Vy_1.jpg.296x216.jpg
20201223,宝山,杨行,全南户型，空间大，舒适度高，采光充足房主自荐,412万,3室2厅 | 132.27平米 | 南 北 | 精装 | 高楼层(共6层) | 2005年建 | 板楼,http://image1.ljcdn.com/110000-inspection/pc1_XtOCTOoEo_1.jpg.296x216.jpg
20201223,宝山,杨行,户型方正，面积宽敞，采光通风好，得房率高,725万,5室2厅 | 200.94平米 | 南 北 | 精装 | 高楼层(共6层) | 1999年建 | 板楼,http://image1.ljcdn.com/110000-inspection/pc1_dIc1NV3a9_1.jpg.296x216.jpg
20201223,宝山,杨行,复式户型+楼层挑高+动静分离进光量大+可三代同堂,520万,3室2厅 | 143.6平米 | 南 | 精装 | 高楼层(共6层) | 2005年建 | 板楼,http://image1.ljcdn.com/110000-inspection/pc1_wZwHY7gsc_1.jpg.296x216.jpg
20201223,宝山,杨行,户型方正，带花园，明厨明卫经典开，少有一楼带花园,485万,3室2厅 | 118平米 | 南 | 精装 | 低楼层(共6层) | 2005年建 | 板楼,http://image1.ljcdn.com/110000-inspection/pc1_5fkYs9pQS_1.jpg.296x216.jpg
20201223,宝山,杨行,香逸湾275平大别墅！下叠边套花园大！房型正气！房主自荐,1160万,4室3厅 | 274.53平米 | 南 | 精装 | 低楼层(共1层) | 2011年建 | 板楼,http://image1.ljcdn.com/110000-inspection/pc1_v8vHEWscP_1.jpg.296x216.jpg
20201223,宝山,杨行,飞机户型南北通，采光很好，有产权车位房主自荐,450万,3室2厅 | 113.09平米 | 南 | 精装 | 高楼层(共6层) | 2004年建 | 板楼,http://image1.ljcdn.com/110000-inspection/pc1_fD0wLTkex_1.jpg.296x216.jpg
20201223,宝山,杨行,户型方正 前后无遮挡 小区品质好,450万,3室1厅 | 89.28平米 | 南 | 精装 | 低楼层(共13层) | 2012年建 | 板楼,http://image1.ljcdn.com/110000-inspection/pc1_GFgZianaR_1.jpg.296x216.jpg
20201223,宝山,杨行,招商大三房精装修，近地铁，得房率高，三开间朝南,560万,3室2厅 | 133.59平米 | 南 | 精装 | 高楼层(共11层) | 2013年建 | 板楼,http://image1.ljcdn.com/110000-inspection/pc1_tE4JocWp2_1.jpg.296x216.jpg
20201223,宝山,杨行,满五唯一，税费少，中间位置，采光充足！,308万,3室2厅 | 89.78平米 | 南 | 简装 | 高楼层(共6层) | 1995年建 | 板楼,http://image1.ljcdn.com/110000-inspection/pc1_BDnisl1KN_1.jpg.296x216.jpg
20201223,宝山,杨行,柏丽华庭三房 户型通透无遮挡 位置好 满五唯一,545万,3室2厅 | 128.14平米 | 南 | 简装 | 低楼层(共18层) | 2007年建 | 板楼,http://image1.ljcdn.com/110000-inspection/pc1_6mDgAajVd_1.jpg.296x216.jpg
20201223,宝山,杨行,精装大三房 马上满两年 业主诚意出售  拎包入住,578万,3室2厅 | 118.31平米 | 南 北 | 精装 | 高楼层(共17层) | 2010年建 | 板楼,http://image1.ljcdn.com/110000-inspection/pc1_Wtu1odUQZ_1.jpg.296x216.jpg
20201223,宝山,杨行,成熟社区，低总价三房，满五唯一，业主诚意出售！房主自荐,289万,3室2厅 | 90.33平米 | 南 | 简装 | 高楼层(共6层) | 1995年建 | 板楼,http://image1.ljcdn.com/110000-inspection/pc1_MkJUbRAkd_1.jpg.296x216.jpg
20201223,宝山,杨行,香逸湾别墅6房3厅3卫+6个露台+车库35平 满5年,1100万,6室3厅 | 196.63平米 | 南 北 | 毛坯 | 低楼层(共2层) | 2010年建 | 板楼,http://image1.ljcdn.com/110000-inspection/pc1_PNmCrGFPn_1.jpg.296x216.jpg
20201223,宝山,杨行,保集经典大三房急售满五唯一，税费少中yang空调带地暖,560万,3室2厅 | 131.19平米 | 南 北 | 精装 | 中楼层(共14层) | 2009年建 | 板楼,http://image1.ljcdn.com/110000-inspection/pc1_wIU6T5m2V_1.jpg.296x216.jpg
20201223,宝山,杨行,高层电梯复式   房东诚意出售  看房方便房主自荐,1100万,3室2厅 | 186.95平米 | 南 北 | 精装 | 高楼层(共11层) | 2006年建 | 板楼,http://image1.ljcdn.com/110000-inspection/pc1_iJxRmx05Y_1.jpg.296x216.jpg
20201223,宝山,杨行,天馨花园85两房，带阁楼和露台，价格310万，近地铁,310万,2室2厅 | 84.36平米 | 南 | 简装 | 高楼层(共6层) | 1998年建 | 板楼,http://image1.ljcdn.com/110000-inspection/pc1_IWD4hElv1_1.jpg.296x216.jpg
20201223,宝山,杨行,香逸湾精装三房，楼层好，视野开阔，位置好房主自荐,420万,3室2厅 | 89平米 | 南 北 | 精装 | 高楼层(共12层) | 2010年建 | 板楼,http://image1.ljcdn.com/110000-inspection/pc1_pLhhoKnSd_1.jpg.296x216.jpg
20201223,宝山,杨行,满五唯一 中间楼层 全明户型 采光充足 南北直通,355万,2室2厅 | 96.8平米 | 南 | 简装 | 中楼层(共6层) | 1999年建 | 板楼,http://image1.ljcdn.com/110000-inspection/pc1_dbQf2O0mm_1.jpg.296x216.jpg
20201223,宝山,杨行,杨泰二村 3室1厅 南新上,336万,3室1厅 | 89.78平米 | 南 | 精装 | 低楼层(共6层) | 1994年建 | 板楼,http://image1.ljcdn.com/110000-inspection/pc1_ttVDMlqw3_1.jpg.296x216.jpg
20201223,宝山,杨行,一手动迁，电梯房中间楼层，南北户型,390万,2室2厅 | 100.88平米 | 南 北 | 毛坯 | 中楼层(共14层) | 2009年建 | 板楼,http://image1.ljcdn.com/110000-inspection/pc1_8Gymsf4H7_1.jpg.296x216.jpg
20201223,宝山,杨行,双南户型，满5年唯一，户型方正，布局合理方便看房房主自荐,339万,2室2厅 | 75平米 | 南 | 简装 | 低楼层(共11层) | 2007年建 | 板楼,http://image1.ljcdn.com/110000-inspection/pc1_pplz9i2mM_1.jpg.296x216.jpg
20201223,宝山,杨行,房型正气，无贷款抵押，产权清晰，南北通两房房主自荐,500万,2室2厅 | 106.45平米 | 南 | 简装 | 低楼层(共12层) | 2005年建 | 板楼,http://image1.ljcdn.com/110000-inspection/pc1_zOTZndXg0_1.jpg.296x216.jpg
20201223,宝山,杨行,二手买进，满五唯一，临地铁近，好房诚意出售！房主自荐,510万,3室2厅 | 143.13平米 | 南 | 精装 | 高楼层(共6层) | 2005年建 | 板楼,http://image1.ljcdn.com/310000-inspection/pc1_hv24MtV6B_1.jpg.296x216.jpg
20201223,宝山,杨行,联排别墅带前后花园，地上3层带阁楼，带露台房主自荐,690万,3室2厅 | 154.12平米 | 南 | 简装 | 3层 | 2000年建 | 板楼 | 联排别墅,http://image1.ljcdn.com/110000-inspection/pc1_SKZvfb8xx_1.jpg.296x216.jpg
20201223,宝山,杨行,诚心出售，楼层低，无遮挡，采光不影响房主自荐,365万,2室2厅 | 97.98平米 | 南 | 简装 | 高楼层(共4层) | 1998年建 | 板楼,http://image1.ljcdn.com/110000-inspection/pc1_UjCLeRfsH_1.jpg.296x216.jpg
20201223,宝山,杨行,天馨花园正宗小三房，户型正气，动静分离,395万,3室2厅 | 100.43平米 | 南 北 | 简装 | 高楼层(共6层) | 2005年建 | 板楼,http://image1.ljcdn.com/110000-inspection/pc1_l1baPdDRv_1.jpg.296x216.jpg
20201223,宝山,杨行,精装修，保养好，三房两卫。满五年。,460万,3室2厅 | 122.02平米 | 南 北 | 精装 | 高楼层(共6层) | 2010年建 | 板楼,http://image1.ljcdn.com/110000-inspection/pc1_XCFJ6XllC_1.jpg.296x216.jpg
20201223,宝山,杨行,此房满五唯一，南北通大三房带大花园，万科物业,560万,3室2厅 | 122.3平米 | 南 北 | 简装 | 低楼层(共5层) | 2004年建 | 板楼,http://image1.ljcdn.com/110000-inspection/pc1_xHxciY1If_1.jpg.296x216.jpg
20201223,宝山,杨行,正儿八经出门就是地铁  户型正气三房 诚意出售房主自荐,470万,3室2厅 | 110.62平米 | 南 北 | 简装 | 中楼层(共4层) | 2009年建 | 板楼,http://image1.ljcdn.com/310000-inspection/4c2abbd5-8943-4f3b-8f0e-73627d525737_1000.jpg.296x216.jpg
20201223,宝山,杨行,别墅前后双花园+满五唯一税费少+精装修房主自荐,1150万,4室2厅 | 170.6平米 | 南 北 | 精装 | 低楼层(共1层) | 2008年建 | 板楼,http://image1.ljcdn.com/310000-inspection/pc1_b4W4FnFQd_1.jpg.296x216.jpg
20201223,宝山,杨行,空中别墅 近地铁  满五唯一 单价低 五房朝南房主自荐,698万,5室3厅 | 233.53平米 | 南 | 精装 | 高楼层(共5层) | 2000年建 | 板楼,http://image1.ljcdn.com/110000-inspection/pc1_qiq1ZbfYp_1.jpg.296x216.jpg
20201223,宝山,杨行,此房户型正气，前排景观房，视野好房主自荐,850万,4室2厅 | 232.9平米 | 南 北 | 毛坯 | 低楼层(共26层) | 2010年建 | 板楼,http://image1.ljcdn.com/110000-inspection/pc1_gZedx453H_1.jpg.296x216.jpg
20201223,宝山,杨行,精装居住，南北通复式，5.9米挑高厅，带大露台,485万,4室2厅 | 93.99平米 | 南 | 简装 | 高楼层(共5层) | 2004年建 | 板楼,http://image1.ljcdn.com/110000-inspection/pc1_dUSOr54lj_1.jpg.296x216.jpg
20201223,宝山,杨行,居住体验极好，改善型别墅，房型正气，户型少有。房主自荐,620万,3室2厅 | 104.93平米 | 南 | 精装 | 下叠(共3层) | 2015年建 | 板楼 | 叠拼别墅,http://image1.ljcdn.com/110000-inspection/pc1_YKgAyXhBu_1.jpg.296x216.jpg
20201223,宝山,杨行,经典复式户型，南北带花园，房东诚意出售房主自荐,399万,2室2厅 | 100.71平米 | 南 | 精装 | 低楼层(共6层) | 2005年建 | 板楼,http://image1.ljcdn.com/110000-inspection/pc1_fonNgAN5n_1.jpg.296x216.jpg
20201223,宝山,杨行,精装自住，中高楼层南北通附带产权车位房主自荐,400万,2室2厅 | 91.36平米 | 南 北 | 精装 | 高楼层(共14层) | 2011年建 | 板楼,http://image1.ljcdn.com/110000-inspection/pc1_uMKokmVbh_1.jpg.296x216.jpg
20201223,宝山,杨行,满五唯一，精装修，一楼带花园，看房方便房主自荐,332万,2室1厅 | 77.22平米 | 南 | 精装 | 低楼层(共5层) | 2008年建 | 板楼,http://image1.ljcdn.com/110000-inspection/pc1_v0DIMOeFV_1.jpg.296x216.jpg
20201223,宝山,杨行,临地铁共富新村地铁站，经典复式1复2，满5年唯一,420万,2室2厅 | 94.12平米 | 南 北 | 简装 | 低楼层(共6层) | 2005年建 | 板楼,http://image1.ljcdn.com/110000-inspection/pc1_Js5VK2dyU_1.jpg.296x216.jpg
20201223,宝山,杨行,低总价，自住精装修，温馨一居室房主自荐,170万,1室1厅 | 47.13平米 | 南 | 简装 | 高楼层(共6层) | 1988年建 | 板楼,http://image1.ljcdn.com/110000-inspection/pc1_yRvCzdbXR_1.jpg.296x216.jpg
20201223,宝山,杨行,东方丽都  少有复式 精装修满五唯一 房东诚售房主自荐,495万,3室2厅 | 100.06平米 | 南 北 | 精装 | 高楼层(共6层) | 2006年建 | 板楼,http://image1.ljcdn.com/110000-inspection/pc1_YQ2g3Nmxb_1.jpg.296x216.jpg
20201223,宝山,杨行,满五唯一，诚意出售，看房方便，价格可谈房主自荐,438万,2室2厅 | 86平米 | 南 | 精装 | 高楼层(共18层) | 2014年建 | 板楼,http://image1.ljcdn.com/110000-inspection/pc1_ZQVvXbb3K_1.jpg.296x216.jpg
20201223,宝山,杨行,1号线地铁站富锦路，2016年商品房，正气小两房房主自荐,350万,2室1厅 | 68.1平米 | 南 | 简装 | 中楼层(共18层) | 2016年建 | 板楼,http://image1.ljcdn.com/110000-inspection/pc1_6hIjWUsPu_1.jpg.296x216.jpg
20201223,宝山,杨行,小区属于次新小区，户型方正双开间朝南，楼上复式房主自荐,328万,1室2厅 | 68.18平米 | 南 | 简装 | 高楼层(共11层) | 2008年建 | 板楼,http://image1.ljcdn.com/110000-inspection/pc1_Qh3lHuRux_1.jpg.296x216.jpg
20201223,宝山,杨行,招商新出丶精装好楼层两房，诚意出售房主自荐,360万,2室2厅 | 84.66平米 | 南 | 精装 | 中楼层(共16层) | 2015年建 | 板楼,http://image1.ljcdn.com/110000-inspection/pc1_0t8C6KTIa_1.jpg.296x216.jpg
20201223,宝山,杨行,一手动迁，税费少，户型正气，复式面积大,470万,2室2厅 | 94.51平米 | 南 | 毛坯 | 高楼层(共6层) | 2007年建 | 板楼,http://image1.ljcdn.com/110000-inspection/pc1_LRJiyIYwe_1.jpg.296x216.jpg
20201223,宝山,杨行,户型方正 总价低 有改动 满二唯一 税费少,295万,1室1厅 | 64.94平米 | 南 | 简装 | 低楼层(共15层) | 2015年建 | 塔楼,http://image1.ljcdn.com/110000-inspection/pc1_ocEvWH89M_1.jpg.296x216.jpg
20201223,宝山,杨行,友谊家园，精装南北两房，二手买进，满两年，税费少房主自荐,360万,2室2厅 | 87.78平米 | 南 北 | 精装 | 中楼层(共6层) | 2013年建 | 板楼,http://image1.ljcdn.com/110000-inspection/pc1_lAnVGODgO_1.jpg.296x216.jpg
20201223,宝山,杨行,高楼层，视野好，精装修，满二唯一房主自荐,405万,2室1厅 | 90.6平米 | 南 | 精装 | 高楼层(共20层) | 2016年建 | 板楼,http://image1.ljcdn.com/110000-inspection/pc1_qmfSSSxJD_1.jpg.296x216.jpg
20201223,宝山,杨行,满五唯一免个税+两房朝南采光好+闹中取静位置好房主自荐,215万,2室1厅 | 61.36平米 | 南 | 简装 | 高楼层(共6层) | 1988年建 | 板楼,http://image1.ljcdn.com/110000-inspection/pc1_3mYDh0ION_1.jpg.296x216.jpg
20201223,宝山,杨行,此房满两年，楼层好，位置佳，婚房装修，公园景观。房主自荐,450万,3室1厅 | 95平米 | 南 | 精装 | 中楼层(共28层)  | 板楼,http://image1.ljcdn.com/110000-inspection/pc1_3XVBKYJ7y_1.jpg.296x216.jpg
20201223,宝山,杨行,双南两房，满五唯一税费少，中间楼层。房主自荐,325万,2室1厅 | 82.86平米 | 南 | 简装 | 中楼层(共6层) | 1998年建 | 板楼,http://image1.ljcdn.com/110000-inspection/pc1_cpM7giKac_1.jpg.296x216.jpg
20201223,宝山,杨行,地铁1号线，全南两房 ! 业主诚意出售！房主自荐,335万,2室1厅 | 64.29平米 | 南 | 精装 | 中楼层(共11层) | 2012年建 | 板楼,http://image1.ljcdn.com/110000-inspection/pc1_sCyAc9XEE_1.jpg.296x216.jpg
20201223,宝山,杨行,婚房满五唯一可做普通住宅税少低层，无遮挡，采光好房主自荐,245万,1室2厅 | 60.94平米 | 南 | 精装 | 低楼层(共14层) | 2009年建 | 板楼,http://image1.ljcdn.com/110000-inspection/pc1_sjdq30UII_1.jpg.296x216.jpg
20201223,宝山,杨行,婚房装修一年多 品牌用材 满五 中间楼层两房 南北通风房主自荐,320万,2室1厅 | 69.3平米 | 南 | 精装 | 中楼层(共11层) | 2008年建 | 板楼,http://image1.ljcdn.com/110000-inspection/pc1_LMlCm9N5X_1.jpg.296x216.jpg
20201223,宝山,杨行,低总价上车！双南两房，小区中间位置！房主自荐,218万,2室1厅 | 61.38平米 | 南 | 简装 | 高楼层(共6层) | 1988年建 | 板楼,http://image1.ljcdn.com/110000-inspection/pc1_0ULKpfUpe_1.jpg.296x216.jpg
20201223,宝山,杨行,此房满五唯一，税费低，高楼层视野开阔房主自荐,360万,2室2厅 | 80.7平米 | 南 北 | 精装 | 中楼层(共5层) | 2008年建 | 板楼,http://image1.ljcdn.com/110000-inspection/pc1_Z7OTKUGLN_1.jpg.296x216.jpg
20201223,宝山,杨行,春江手枪户型两房，楼层好，精装修，交通便利,370万,2室2厅 | 82.69平米 | 南 北 | 简装 | 中楼层(共18层) | 2012年建 | 板楼,http://image1.ljcdn.com/110000-inspection/pc1_c1osT9pVC_1.jpg.296x216.jpg
20201223,宝山,杨行,普通住宅税费低+小区当中位置+业主诚意出售房主自荐,215万,2室1厅 | 61.36平米 | 南 | 简装 | 高楼层(共6层) | 1988年建 | 板楼,http://image1.ljcdn.com/110000-inspection/pc1_5fn8PCZlC_1.jpg.296x216.jpg
20201223,宝山,杨行,万业紫辰苑 高层视野好 南北户型  诚意出售,485万,3室2厅 | 99平米 | 南 | 简装 | 中楼层(共28层) | 2016年建 | 板楼,http://image1.ljcdn.com/110000-inspection/pc1_5btOIJRcP_1.jpg.296x216.jpg
20201223,宝山,杨行,南北通大三房，中间位置，三开间朝南，俯瞰东方明珠！,548万,3室2厅 | 144.32平米 | 南 | 毛坯 | 高楼层(共16层) | 2007年建 | 板楼,http://image1.ljcdn.com/110000-inspection/pc1_bbzaVEtKm_1.jpg.296x216.jpg
20201223,宝山,杨行,联排别墅 百万花费装修 中式装修 前后带院子,870万,3室2厅 | 130平米 | 南 北 | 精装 | 低楼层(共1层) | 2014年建 | 板楼,http://image1.ljcdn.com/110000-inspection/pc1_E0t2H8AkK_1.jpg.296x216.jpg
20201223,宝山,杨行,复式户型+楼层挑高高+动静分离+进光量大+可三代同堂,650万,3室2厅 | 153平米 | 南 | 精装 | 低楼层(共3层) | 2005年建 | 板楼,http://image1.ljcdn.com/110000-inspection/pc1_XjwQoXX1f_1.jpg.296x216.jpg
20201223,宝山,杨行,地铁口，满五唯一大三房，双南一北，户型通透房主自荐,400万,3室2厅 | 110平米 | 南 北 | 精装 | 低楼层(共13层) | 2008年建 | 板楼,http://image1.ljcdn.com/310000-inspection/prod-9800fe7a-f87a-4409-bf7d-16206cad0014.jpg.296x216.jpg
20201223,宝山,杨行,万科物业 跃层 南北通 税费少 采光视野好 四房朝南房主自荐,900万,4室2厅 | 185.03平米 | 南 | 其他 | 高楼层(共12层) | 2007年建 | 板楼,http://image1.ljcdn.com/110000-inspection/pc1_1iqVrA3Qq_1.jpg.296x216.jpg
20201223,宝山,杨行,本房是一手动迁，电梯顶楼复式，带阁楼带大露台房主自荐,596万,4室2厅 | 149.15平米 | 南 | 毛坯 | 高楼层(共13层) | 2009年建 | 板楼,http://image1.ljcdn.com/110000-inspection/pc1_jtGENWID8_1.jpg.296x216.jpg
20201223,宝山,杨行,AAA级好房 楼层好 户型好 业主急售 欢迎看房房主自荐,260万,1室1厅 | 57.01平米 | 南 | 毛坯 | 中楼层(共18层) | 2011年建 | 板楼,http://image1.ljcdn.com/310000-inspection/pc1_mc93tnbsd_1.jpg.296x216.jpg
20201223,宝山,杨行,此房满五不唯一，户型好，格局方正，动静分离,380万,2室2厅 | 105.81平米 | 南 | 简装 | 低楼层(共6层) | 2003年建 | 板楼,http://image1.ljcdn.com/110000-inspection/pc1_CfujbnNsc_1.jpg.296x216.jpg
20201223,宝山,杨行,婚房装修，格局方正，近地铁，看房方便房主自荐,480万,2室2厅 | 95.35平米 | 南 | 精装 | 低楼层(共18层) | 2014年建 | 板楼,http://image1.ljcdn.com/110000-inspection/pc1_7gfECX3Sr_1.jpg.296x216.jpg
20201223,宝山,杨行,一村 采光好 视野开阔 采光充足 配套齐全 交通便利,185万,1室2厅 | 49.45平米 | 南 北 | 简装 | 高楼层(共6层) | 1994年建 | 板楼,http://image1.ljcdn.com/110000-inspection/pc1_LSZPBsM8i_1.jpg.296x216.jpg
20201223,宝山,杨行,精装修2房出售+视野采光好+满五唯一税费少,255万,2室1厅 | 74.86平米 | 南 | 精装 | 高楼层(共6层) | 1995年建 | 板楼,http://image1.ljcdn.com/110000-inspection/pc1_tC9CkSWDp_1.jpg.296x216.jpg
20201223,宝山,杨行,地铁1号线！南北通两房！全明户型！满五唯一！房主自荐,400万,2室2厅 | 89.41平米 | 南 北 | 精装 | 低楼层(共18层) | 2011年建 | 板楼,http://image1.ljcdn.com/110000-inspection/pc1_QGmKW37St_1.jpg.296x216.jpg
20201223,宝山,杨行,诚心出售布局合理高品质小区人车分流必看好房！房主自荐,380万,2室1厅 | 75平米 | 南 | 精装 | 低楼层(共18层)  | 板楼,http://image1.ljcdn.com/110000-inspection/pc1_akfynR92F_1.jpg.296x216.jpg
20201223,宝山,杨行,万业南北通小三房，中间楼层，诚心出售,438万,3室2厅 | 95.19平米 | 南 北 | 毛坯 | 中楼层(共32层) | 2012年建 | 板楼,http://image1.ljcdn.com/110000-inspection/pc1_wcfov6Wwk_1.jpg.296x216.jpg
20201223,宝山,杨行,店长推荐笋盘+满五唯一 +双南两房 +必卖好房,270万,2室1厅 | 73.66平米 | 南 | 简装 | 高楼层(共6层) | 1994年建 | 板楼,http://image1.ljcdn.com/110000-inspection/pc1_NSaxIY2PO_1.jpg.296x216.jpg
20201223,宝山,杨行,158弄 南北通 户型正 1梯2户 全明户型房主自荐,275万,1室1厅 | 64.2平米 | 南 | 精装 | 低楼层(共14层) | 2011年建 | 板楼,http://image1.ljcdn.com/310000-inspection/prod-212adaea-2f87-4cd6-8c15-9f191abaf3d7.jpg.296x216.jpg
20201223,宝山,杨行,宝启花园电梯大三房 满五年 自住装修，南北通,410万,3室2厅 | 137.99平米 | 南 | 简装 | 低楼层(共11层) | 2003年建 | 板楼,http://image1.ljcdn.com/110000-inspection/pc1_f7Q26gTWY_1.jpg.296x216.jpg
20201223,宝山,杨行,税费少 楼栋楼层俱佳 装修精美 产权车位可售,500万,3室2厅 | 91.14平米 | 南 北 | 精装 | 中楼层(共11层) | 2012年建 | 板楼,http://image1.ljcdn.com/310000-inspection/prod-16d8cd42-4776-494c-9725-46bbacbac550.jpg.296x216.jpg
20201223,宝山,杨行,大开发商，人车分流，精装修交付，未住过，产权清晰房主自荐,385万,2室2厅 | 76.52平米 | 南 北 | 精装 | 中楼层(共19层) | 2017年建 | 板楼,http://image1.ljcdn.com/110000-inspection/pc1_UBmbpahCR_1.jpg.296x216.jpg
20201223,宝山,杨行,精装修 看房方便 有钥匙 两房两厅 诚心出售 价格可谈,370万,2室2厅 | 90.5平米 | 南 北 | 精装 | 高楼层(共18层) | 2011年建 | 板楼,http://image1.ljcdn.com/110000-inspection/pc1_QPos3rajl_2.jpg.296x216.jpg
20201223,宝山,杨行,两房朝南 中间楼层 楼栋位置好房主自荐,386万,2室1厅 | 98.34平米 | 南 | 简装 | 中楼层(共15层) | 2009年建 | 板楼,http://image1.ljcdn.com/110000-inspection/pc1_Gn4jdto8Q_1.jpg.296x216.jpg
20201223,宝山,杨行,中间楼层，南北通户型正气业主诚心出售房主自荐,278万,1室1厅 | 64.2平米 | 南 | 毛坯 | 中楼层(共14层) | 2011年建 | 板楼,http://image1.ljcdn.com/110000-inspection/pc1_tbAeodisu_1.jpg.296x216.jpg
20201223,宝山,杨行,这套房子是2008年的商品房，精装修，位置好，采光足房主自荐,240万,1室2厅 | 60.9平米 | 南 | 简装 | 低楼层(共11层) | 2008年建 | 板楼,http://image1.ljcdn.com/110000-inspection/pc1_FNy2TvwRI_1.jpg.296x216.jpg
20201223,宝山,杨行,毛坯两房，易装修，正气南北两房，南北通透房主自荐,350万,2室2厅 | 88.7平米 | 南 北 | 毛坯 | 高楼层(共6层) | 2005年建 | 板楼,http://image1.ljcdn.com/110000-inspection/pc1_eyz3dMd9p_1.jpg.296x216.jpg
20201223,宝山,杨行,满五年唯一 户型正气 有钥匙 看房随时房主自荐,290万,1室2厅 | 67.85平米 | 南 | 简装 | 低楼层(共11层) | 2008年建 | 板楼,http://image1.ljcdn.com/110000-inspection/pc1_xaVAjHNhy_1.jpg.296x216.jpg
20201223,宝山,杨行,此房满五唯一，税费少，采光视野好,330万,2室1厅 | 91.52平米 | 南 北 | 毛坯 | 高楼层(共6层) | 2006年建 | 板楼,http://image1.ljcdn.com/110000-inspection/pc1_vFO1UVWEd_1.jpg.296x216.jpg
20201223,宝山,杨行,满五唯一 普通住宅 配套成熟 业主诚心卖房主自荐,225万,1室1厅 | 45.59平米 | 南 | 简装 | 中楼层(共6层) | 1994年建 | 板楼,http://image1.ljcdn.com/110000-inspection/pc1_aUcSeAsF8_1.jpg.296x216.jpg
20201223,宝山,杨行,房型正气,全明户型，满5年，税费少！房主自荐,390万,2室2厅 | 91.34平米 | 南 北 | 毛坯 | 中楼层(共14层) | 2011年建 | 板楼,http://image1.ljcdn.com/110000-inspection/pc1_kBblmIb1D_1.jpg.296x216.jpg
20201223,宝山,杨行,满两年+视野开阔+采光好+户型方正房主自荐,385万,2室2厅 | 86平米 | 南 | 简装 | 中楼层(共31层) | 2015年建 | 板楼,http://image1.ljcdn.com/310000-inspection/prod-d9ed1c81-5168-41b4-91f0-857b0bc4b19b.jpg.296x216.jpg
20201223,宝山,杨行,距地铁600米 精装修 拎包入住 中间楼层 采光通风佳,330万,3室1厅 | 100平米 | 南 北 | 精装 | 中楼层(共6层) | 1994年建 | 板楼,http://image1.ljcdn.com/110000-inspection/pc1_8DhxGOkQv_1.jpg.296x216.jpg
20201223,宝山,杨行,天馨花园一楼带花园，小区前排位置好，,285万,2室2厅 | 70.84平米 | 北 南 | 简装 | 低楼层(共6层) | 1998年建 | 板楼,http://image1.ljcdn.com/310000-inspection/pc1_0dmf6qOTh_1.jpg.296x216.jpg
20201223,宝山,杨行,双南两房 中楼层视野采光好 满五唯一 无增值税 无个税房主自荐,225万,2室2厅 | 61平米 | 南 | 简装 | 中楼层(共6层) | 1994年建 | 板楼,http://image1.ljcdn.com/310000-inspection/pc1_ygmWk5xHT_1.jpg.296x216.jpg
20201223,宝山,杨行,小区景观房 三房两厅两卫精装修带家具家电 可拎包住房主自荐,383万,3室2厅 | 105.77平米 | 南 | 精装 | 低楼层(共10层) | 2008年建 | 板楼,http://image1.ljcdn.com/110000-inspection/pc1_SrXYjEp6M_1.jpg.296x216.jpg
20201223,宝山,杨行,精装修 满五无个税  产权清晰 业主诚意出售,420万,2室2厅 | 88.53平米 | 南 | 精装 | 低楼层(共16层) | 2011年建 | 板楼,http://image1.ljcdn.com/110000-inspection/pc1_4r4PqqqAI.jpg.296x216.jpg
20201223,宝山,杨行,满五唯一，正气三房两卫，格局出彩房主自荐,470万,3室2厅 | 118.18平米 | 南 北 | 精装 | 中楼层(共6层) | 2005年建 | 板楼,http://image1.ljcdn.com/110000-inspection/pc1_cCwqThMAP_1.jpg.296x216.jpg
20201223,宝山,杨行,满两年  买进价高  税费少  诚意出售,300万,4室1厅 | 98.48平米 | 南 | 简装 | 高楼层(共6层) | 1993年建 | 板楼,http://image1.ljcdn.com/110000-inspection/pc1_cLaeDBP9k_1.jpg.296x216.jpg
20201223,宝山,杨行,万科四期经典小三房 房东诚意出售看房提前预约方便,360万,3室2厅 | 84.21平米 | 南 北 | 精装 | 低楼层(共11层) | 2009年建 | 板楼,http://image1.ljcdn.com/110000-inspection/pc1_Ra6BgOzGL_1.jpg.296x216.jpg
20201223,宝山,杨行,位置好，中间楼层，精装修业主诚心出售,580万,3室2厅 | 118.31平米 | 南 | 精装 | 中楼层(共17层) | 2010年建 | 板楼,http://image1.ljcdn.com/110000-inspection/pc1_wZZC1sqwi_1.jpg.296x216.jpg
20201223,宝山,杨行,万科大两房，业主诚心出售，带车位，看房方便。房主自荐,440万,2室2厅 | 106.49平米 | 南 | 精装 | 低楼层(共12层) | 2006年建 | 板楼,http://image1.ljcdn.com/110000-inspection/pc1_hBD96LBGd_1.jpg.296x216.jpg
20201223,宝山,杨行,180平大花园~足球场在我家~上下利用面积一样。房主自荐,809万,5室2厅 | 126.14平米 | 南 北 | 精装 | 低楼层(共18层) | 2014年建 | 板楼,http://image1.ljcdn.com/110000-inspection/pc1_FRx8NUNDI_1.jpg.296x216.jpg
20201223,宝山,杨行,精装修3房出售+边套户型少+视野采光都不错的,310万,3室2厅 | 87平米 | 南 北 | 精装 | 高楼层(共6层) | 1994年建 | 板楼,http://image1.ljcdn.com/110000-inspection/pc1_Cnmb3p9GG_1.jpg.296x216.jpg
20201223,宝山,杨行,少见的大四房  看房提前预约 新装修,750万,4室2厅 | 142平米 | 南 | 精装 | 高楼层(共28层) | 2016年建 | 板楼,http://image1.ljcdn.com/110000-inspection/pc1_ihiXBsVUZ_1.jpg.296x216.jpg
20201223,宝山,杨行,二村好三房，户型少见，朝南3个院子，位置好，房龄新,380万,3室2厅 | 106平米 | 南 | 毛坯 | 低楼层(共6层) | 1997年建 | 板楼,http://image1.ljcdn.com/110000-inspection/pc1_EN3zlKrd0_1.jpg.296x216.jpg
20201223,宝山,杨行,此房户型方正，中低楼层，配套齐全，满2年唯一税费少,440万,3室2厅 | 94.27平米 | 南 北 | 毛坯 | 低楼层(共16层) | 2015年建 | 板楼,http://image1.ljcdn.com/110000-inspection/pc1_b3z0n1om2_1.jpg.296x216.jpg
20201223,宝山,杨行,万科精装复式，户型格局好，尽享超大空间房主自荐,630万,4室4厅 | 194平米 | 南 | 精装 | 低楼层(共11层) | 2007年建 | 板楼,http://image1.ljcdn.com/110000-inspection/pc1_TxliUCiqF_1.jpg.296x216.jpg
20201223,宝山,杨行,店长推荐，业主诚意出售，随时可签房主自荐,268万,3室1厅 | 78.3平米 | 南 | 简装 | 高楼层(共6层)  | 板楼,http://image1.ljcdn.com/110000-inspection/pc1_aX17GtOIG_1.jpg.296x216.jpg
20201223,宝山,杨行,一手动迁税少，户型正气，两房朝南 南北通透，,488万,3室2厅 | 121.56平米 | 南 北 | 精装 | 中楼层(共6层) | 2007年建 | 板楼,http://image1.ljcdn.com/110000-inspection/pc1_ymWXCI9Fx_1.jpg.296x216.jpg
20201223,宝山,杨行,双南卧室，大三房，动静分离，满五唯一，全明户型,570万,3室2厅 | 133.59平米 | 南 | 精装 | 高楼层(共11层) | 2013年建 | 板楼,http://image1.ljcdn.com/110000-inspection/pc1_Her0A0hce_1.jpg.296x216.jpg
20201223,宝山,杨行,此房双南户型，视野开阔，采光充足，配套设施齐全,443.5万,3室1厅 | 92.34平米 | 南 | 精装 | 低楼层(共18层) | 2017年建 | 暂无数据,http://image1.ljcdn.com/110000-inspection/pc1_sFNciKmED_1.jpg.296x216.jpg
20201223,宝山,杨行,近地铁+精装带地暖+南北通透+车位，3室2厅，房型正气房主自荐,505万,3室2厅 | 98.8平米 | 南 北 | 精装 | 中楼层(共18层) | 2014年建 | 板楼,http://image1.ljcdn.com/110000-inspection/pc1_Ui5Ygsq20_1.jpg.296x216.jpg
20201223,宝山,杨行,小区中间位置，采光好，十月份满二。房主自荐,652万,3室2厅 | 100.54平米 | 南 北 | 毛坯 | 高楼层(共5层)  | 暂无数据,http://image1.ljcdn.com/110000-inspection/pc1_17fhUVdQz_1.jpg.296x216.jpg
20201223,宝山,杨行,双南户型 楼层好 视野开阔  配套齐全 交通便利,333万,3室1厅 | 87.2平米 | 南 | 简装 | 高楼层(共6层) | 1993年建 | 板楼,http://image1.ljcdn.com/110000-inspection/pc1_NYA3rMREU_1.jpg.296x216.jpg
20201223,宝山,杨行,双轨交， 少见大平层，五居三卫，户型正气，位置安静,990万,5室2厅 | 233.2平米 | 南 北 | 精装 | 低楼层(共26层) | 2010年建 | 板楼,http://image1.ljcdn.com/110000-inspection/pc1_UU50Y3VM7_1.jpg.296x216.jpg
20201223,宝山,杨行,三村经典三房，满五唯一，采光好房主自荐,310万,3室1厅 | 89.78平米 | 南 | 简装 | 高楼层(共6层) | 1995年建 | 板楼,http://image1.ljcdn.com/110000-inspection/pc1_5bSREgBRm_1.jpg.296x216.jpg
20201223,宝山,杨行,万科四季大三房，满五唯一中间楼层采光好。,525万,3室2厅 | 123.23平米 | 南 | 精装 | 中楼层(共5层) | 2004年建 | 板楼,http://image1.ljcdn.com/110000-inspection/pc1_5HU2vyYEh_1.jpg.296x216.jpg
20201223,宝山,杨行,禄德华苑 3室2厅 南,450万,3室2厅 | 120.92平米 | 南 | 毛坯 | 高楼层(共11层) | 2010年建 | 板楼,http://image1.ljcdn.com/110000-inspection/pc1_V9qAp8BWE_1.jpg.296x216.jpg
20201223,宝山,杨行,万科四季花城/少见面积/六角客厅/三房朝南房主自荐,460万,3室2厅 | 113.11平米 | 南 | 精装 | 中楼层(共5层) | 2004年建 | 板楼,http://image1.ljcdn.com/110000-inspection/pc1_5jzMc4Apa_1.jpg.296x216.jpg
20201223,宝山,杨行,万科正气大三房，南北直通，带大花园,550万,3室2厅 | 128.81平米 | 南 北 | 简装 | 低楼层(共6层) | 2004年建 | 板楼,http://image1.ljcdn.com/110000-inspection/pc1_C8s0yIBfD_1.jpg.296x216.jpg
20201223,宝山,杨行,成熟社区配套齐全+满五唯一税费低+叔叔诚意出售房主自荐,324.8万,3室2厅 | 98.48平米 | 南 北 | 简装 | 低楼层(共6层) | 1993年建 | 板楼,http://image1.ljcdn.com/110000-inspection/pc1_ZaBTVb0TV_1.jpg.296x216.jpg
20201223,宝山,杨行,楼层好，公园景观，户型布局合理房主自荐,488万,3室2厅 | 99平米 | 南 | 毛坯 | 高楼层(共35层) | 2016年建 | 板楼,http://image1.ljcdn.com/110000-inspection/pc1_puOD7waae_1.jpg.296x216.jpg
20201223,宝山,杨行,满五无个税，无户口，无贷款，中间楼层，看房提前预约,358万,3室1厅 | 89.78平米 | 南 北 | 简装 | 中楼层(共6层) | 1994年建 | 板楼,http://image1.ljcdn.com/110000-inspection/pc1_5YVW1CRBq_1.jpg.296x216.jpg
20201223,宝山,杨行,店长推荐+业主诚意出售+满五 +三房朝南+单价3.3万,380万,3室2厅 | 113平米 | 南 | 简装 | 高楼层(共6层) | 1994年建 | 板楼,http://image1.ljcdn.com/110000-inspection/pc1_DoMeHB0FJ_1.jpg.296x216.jpg
20201223,宝山,杨行,楼层好，采光足，二手买进，满五年二分之一唯一！！！房主自荐,460万,3室2厅 | 120平米 | 南 北 | 精装 | 高楼层(共6层) | 2010年建 | 板楼,http://image1.ljcdn.com/110000-inspection/pc1_mDcWAgrLP_1.jpg.296x216.jpg
20201223,宝山,杨行,店长推荐，满五唯一，小区环境优美，带产权车位,520万,3室2厅 | 117.14平米 | 南 | 精装 | 低楼层(共18层) | 2007年建 | 板楼,http://image1.ljcdn.com/110000-inspection/pc1_iqeJ6qapO_1.jpg.296x216.jpg
20201223,宝山,杨行,一手动迁 税费少！！楼层好！期待有缘人,455万,3室2厅 | 121.84平米 | 南 北 | 简装 | 低楼层(共6层) | 2009年建 | 板楼,http://image1.ljcdn.com/110000-inspection/pc1_2AlFa40HZ_1.jpg.296x216.jpg
20201223,宝山,杨行,精装修，电梯三房，中间楼层，房东诚心出售，近地铁,499万,3室2厅 | 108.24平米 | 南 北 | 精装 | 高楼层(共18层) | 2014年建 | 板楼,http://image1.ljcdn.com/110000-inspection/pc1_FdmemCnB5_1.jpg.296x216.jpg
20201223,宝山,杨行,万科稀有户型,小区花园位置,视野开拓,采光通风效果好,520万,3室2厅 | 116.44平米 | 南 | 精装 | 高楼层(共14层) | 2007年建 | 板楼,http://image1.ljcdn.com/110000-inspection/pc1_0rltHrQwY_1.jpg.296x216.jpg
20201223,宝山,杨行,香逸湾精装3房。楼层好位置好。业主诚心出售！房主自荐,415万,3室2厅 | 89.13平米 | 南 | 精装 | 中楼层(共12层) | 2011年建 | 板楼,http://image1.ljcdn.com/110000-inspection/pc1_BIiKK5pgi_1.jpg.296x216.jpg
20201223,宝山,杨行,满五唯一 精装修 楼层好 视野开阔  临地铁房主自荐,412万,2室2厅 | 100.82平米 | 南 | 精装 | 中楼层(共6层) | 2005年建 | 板楼,http://image1.ljcdn.com/110000-inspection/pc1_ThO52ywtD_1.jpg.296x216.jpg
20201223,宝山,杨行,正气3房，精装修，保养好，无遮挡，视野好房主自荐,485万,3室2厅 | 103.74平米 | 南 北 | 精装 | 低楼层(共18层) | 2014年建 | 板楼,http://image1.ljcdn.com/110000-inspection/pc1_zPLQ7ByCe_1.jpg.296x216.jpg
20201223,宝山,杨行,三开间全南全明+小区中间位置+中间楼层一梯二户房主自荐,410万,3室2厅 | 122.65平米 | 南 | 简装 | 中楼层(共5层) | 1999年建 | 板楼,http://image1.ljcdn.com/110000-inspection/pc1_UGqZoJe7I_1.jpg.296x216.jpg
20201223,宝山,杨行,成熟社区+小区中间位置+中间楼层+满五唯一税费低,346万,3室2厅 | 107.8平米 | 南 | 精装 | 低楼层(共6层) | 1994年建 | 板楼,http://image1.ljcdn.com/110000-inspection/pc1_6EbEf3VwC_1.jpg.296x216.jpg
20201223,宝山,杨行,精装万科三房，满五唯一，别墅社区，采光好，拎包入住房主自荐,370万,3室2厅 | 88.72平米 | 南 北 | 精装 | 低楼层(共11层) | 2008年建 | 板楼,http://image1.ljcdn.com/310000-inspection/prod-4ccea670-9549-4489-baa1-8e65da211095.jpg.296x216.jpg
20201223,宝山,杨行,双轨交， 少见大平层，直面白沙公园房主自荐,868万,5室2厅 | 233平米 | 东 南 | 精装 | 低楼层(共26层) | 2010年建 | 板楼,http://image1.ljcdn.com/310000-inspection/pc1_hMPcJESyg_1.jpg.296x216.jpg
20201223,宝山,杨行,一楼到大花园，前方无遮挡，户型正气，满五唯一房主自荐,330万,2室1厅 | 80.45平米 | 南 | 精装 | 低楼层(共14层) | 2011年建 | 板楼,http://image1.ljcdn.com/310000-inspection/prod-3537249a-2f4b-4489-bfd1-8513179f4a9b.jpg.296x216.jpg
20201223,宝山,杨行,同盛嘉园 南北直通 采光好 通风好,360万,2室2厅 | 91.54平米 | 南 | 精装 | 低楼层(共11层) | 2008年建 | 板楼,http://image1.ljcdn.com/110000-inspection/pc1_qhO7TV21M_1.jpg.296x216.jpg
20201223,宝山,杨行,白银楼层，通透三房，飞机户型，诚意出售房主自荐,430万,3室2厅 | 108.35平米 | 南 北 | 精装 | 中楼层(共6层) | 2001年建 | 板楼,http://image1.ljcdn.com/110000-inspection/pc1_0LHPiihE5_1.jpg.296x216.jpg
20201223,宝山,杨行,飞机户型三房，诚意出售，品质小区，理想中家的样子房主自荐,565万,3室2厅 | 120.3平米 | 南 | 简装 | 低楼层(共18层) | 2014年建 | 板楼,http://image1.ljcdn.com/310000-inspection/prod-5489ecc4-6ada-4b12-b65e-391af365eeca.jpg.296x216.jpg
20201223,宝山,杨行,满五唯一  税费少  精装修   边套    全明户型,200万,2室1厅 | 57平米 | 南 | 精装 | 高楼层(共5层) | 1986年建 | 板楼,http://image1.ljcdn.com/310000-inspection/pc1_Tp4pjqpWl_1.jpg.296x216.jpg
20201223,宝山,杨行,满五唯一，婚房装修大3房，位置安静，近地铁房主自荐,510万,3室1厅 | 126.86平米 | 南 北 | 精装 | 低楼层(共12层) | 2009年建 | 板楼,http://image1.ljcdn.com/110000-inspection/pc1_YfBGRIuq0_1.jpg.296x216.jpg
20201223,宝山,杨行,满五唯一  价格可谈  诚心出售,295万,3室1厅 | 87.2平米 | 南 北 | 毛坯 | 高楼层(共6层) | 1994年建 | 板楼,http://image1.ljcdn.com/310000-inspection/prod-1129d919-52d7-4738-8c4b-5439e0c209d6.jpg.296x216.jpg
20201223,宝山,杨行,新鲜出炉，临地铁站，南北户型，满5年唯一，诚意售房主自荐,330万,3室1厅 | 78.01平米 | 南 | 简装 | 低楼层(共11层) | 2007年建 | 板楼,http://image1.ljcdn.com/310000-inspection/test-309b9abc-17c9-414c-aa42-791aa48ae731.png.296x216.jpg
20201223,宝山,杨行,万业稀有精装顶复 看房提前预约房主自荐,730万,5室2厅 | 167平米 | 南 北 | 精装 | 高楼层(共32层) | 2012年建 | 板楼,http://image1.ljcdn.com/110000-inspection/pc1_kFAfOTCC0_1.jpg.296x216.jpg
20201223,宝山,杨行,精装修，顶楼带30平阁楼，空中楼阁，视野开阔,370万,2室2厅 | 86.35平米 | 南 北 | 精装 | 高楼层(共6层) | 2013年建 | 板楼,http://image1.ljcdn.com/110000-inspection/pc1_2CWSKGksW_1.jpg.296x216.jpg
20201223,宝山,杨行,前排无遮挡，精装自己住，房型正气好，房东诚心卖房主自荐,245万,1室1厅 | 60.69平米 | 南 | 精装 | 低楼层(共11层) | 2008年建 | 板楼,http://image1.ljcdn.com/110000-inspection/pc1_Lwtg44M17_1.jpg.296x216.jpg
20201223,宝山,杨行,刚需小两房，位置楼层好，视野开阔房主自荐,435万,2室2厅 | 86.98平米 | 南 | 精装 | 高楼层(共18层) | 2016年建 | 板楼,http://image1.ljcdn.com/110000-inspection/pc1_BhUvj5VTQ_1.jpg.296x216.jpg
20201223,宝山,杨行,保集欧郡 中间楼层 精装修 诚心出售,410万,2室1厅 | 93.93平米 | 南 | 精装 | 中楼层(共6层) | 2007年建 | 板楼,http://image1.ljcdn.com/110000-inspection/pc1_r6udzuVes_1.jpg.296x216.jpg
20201223,宝山,杨行,整个天馨花园比较便宜的小两房，实际使用面积大房主自荐,205万,2室2厅 | 35.59平米 | 南 北 | 简装 | 高楼层(共7层) | 2000年建 | 板楼,http://image1.ljcdn.com/310000-inspection/prod-06400ea3-00dd-4e3a-9f73-78d65ce1b237.jpg.296x216.jpg
20201223,宝山,杨行,此房户型方正，视野开阔，买入价高，配套齐全,405万,3室2厅 | 97.43平米 | 南 北 | 精装 | 低楼层(共17层) | 2015年建 | 板楼,http://image1.ljcdn.com/110000-inspection/pc1_1bqoXG6kg_1.jpg.296x216.jpg
20201223,宝山,杨行,店长推荐 满五年唯一  业主诚心出售 双南两房 总价低房主自荐,265万,2室1厅 | 69.02平米 | 南 | 精装 | 高楼层(共6层) | 1995年建 | 板楼,http://image1.ljcdn.com/110000-inspection/pc1_AjAlImAvH_1.jpg.296x216.jpg
20201223,宝山,杨行,东方丽都电梯顶楼复式楼上楼下一样全南户，南北通透,600万,4室2厅 | 92.91平米 | 南 北 | 毛坯 | 高楼层(共11层) | 2011年建 | 板楼,http://image1.ljcdn.com/110000-inspection/pc1_WOkcAyhRC_1.jpg.296x216.jpg
20201223,宝山,杨行,2梯3户电梯高层，近地铁，一南一北，厅南北通户型房主自荐,372万,2室2厅 | 86.38平米 | 南 北 | 简装 | 高楼层(共18层) | 2011年建 | 板楼,http://image1.ljcdn.com/110000-inspection/pc1_DZVN6NrVU_1.jpg.296x216.jpg
20201223,宝山,杨行,精装自住两房，正气两房户型，业主诚售,320万,2室1厅 | 78.64平米 | 南 | 精装 | 低楼层(共11层) | 2008年建 | 板楼,http://image1.ljcdn.com/110000-inspection/pc1_nW0zi4Mc6_1.jpg.296x216.jpg
20201223,宝山,杨行,位置好，此房户型方正，买入价高，配套齐全,360万,2室2厅 | 81平米 | 南 | 精装 | 低楼层(共16层) | 2015年建 | 板楼,http://image1.ljcdn.com/110000-inspection/pc1_KrnlqVq4n_1.jpg.296x216.jpg
20201223,宝山,杨行,满五唯一 近共富新村地铁站 一复二带花园,改造空间大房主自荐,410万,2室2厅 | 104.61平米 | 南 | 简装 | 低楼层(共12层) | 2005年建 | 板楼,http://image1.ljcdn.com/110000-inspection/pc1_YOGfsM2tx_1.jpg.296x216.jpg
20201223,宝山,杨行,带花园+地下室南北三房，欢迎品鉴房主自荐,600万,3室2厅 | 108平米 | 南 北 | 精装 | 低楼层(共18层) | 2016年建 | 板楼,http://image1.ljcdn.com/110000-inspection/pc1_sWo9SRu7Y_1.jpg.296x216.jpg
20201223,宝山,杨行,杨泰春城，电梯房，满五唯一，精装大两房，南北通透。房主自荐,395万,2室2厅 | 102.24平米 | 南 北 | 精装 | 低楼层(共11层) | 2007年建 | 板楼,http://image1.ljcdn.com/110000-inspection/pc1_a7OFP7MKP_1.jpg.296x216.jpg
20201223,宝山,杨行,双南户型 2年新装修 购进价高 税费少 楼栋位置好房主自荐,400万,2室1厅 | 86平米 | 南 | 精装 | 低楼层(共30层) | 2016年建 | 板楼,http://image1.ljcdn.com/110000-inspection/pc1_8Lnud0wzy_1.jpg.296x216.jpg
20201223,宝山,杨行,精装修电梯两房，户型南北通透。房主自荐,400万,2室2厅 | 99.47平米 | 南 北 | 精装 | 低楼层(共14层) | 2005年建 | 板楼,http://image1.ljcdn.com/110000-inspection/pc1_LBGdlqOVR_1.jpg.296x216.jpg
20201223,宝山,杨行,婚房精装修，满五年唯一，近地铁，房主自荐,400万,2室2厅 | 91.34平米 | 南 | 精装 | 中楼层(共14层) | 2011年建 | 板楼,http://image1.ljcdn.com/110000-inspection/pc1_EtJb1DQ4X_1.jpg.296x216.jpg
20201223,宝山,杨行,万科复式，满五唯一，5.9米挑高厅，带大露台房主自荐,490万,4室2厅 | 93.93平米 | 南 北 | 精装 | 高楼层(共5层) | 2004年建 | 板楼,http://image1.ljcdn.com/110000-inspection/pc1_eLgrWi7aG_1.jpg.296x216.jpg
20201223,宝山,杨行,位置好，精装修，采光充足，业主诚心出售房主自荐,280万,2室1厅 | 73.86平米 | 南 | 简装 | 高楼层(共6层) | 1993年建 | 板楼,http://image1.ljcdn.com/110000-inspection/pc1_QJK8V4pIi_1.jpg.296x216.jpg
20201223,宝山,杨行,南北通透，带花园，明厨明卫经典开间，通风好房主自荐,380万,2室2厅 | 86.47平米 | 南 北 | 精装 | 低楼层(共6层) | 2005年建 | 板楼,http://image1.ljcdn.com/110000-inspection/pc1_0XNkQDUyP_1.jpg.296x216.jpg
20201223,宝山,杨行,精装修 楼层佳 税费少 诚心出售 静待有缘人,380万,2室2厅 | 99.87平米 | 南 | 简装 | 低楼层(共14层) | 2009年建 | 板楼,http://image1.ljcdn.com/110000-inspection/pc1_IQPKkrPv3_1.jpg.296x216.jpg
20201223,宝山,杨行,天馨花园85平两房，精装修，近地铁，房东诚心出售,345万,2室2厅 | 85.43平米 | 南 北 | 精装 | 中楼层(共6层) | 2009年建 | 板楼,http://image1.ljcdn.com/110000-inspection/pc1_htQ7eKn0V_1.jpg.296x216.jpg
20201223,宝山,杨行,满五年唯一精装修双南中间楼层业主诚心出售,395万,2室2厅 | 90.7平米 | 南 北 | 精装 | 中楼层(共14层) | 2011年建 | 板楼,http://image1.ljcdn.com/110000-inspection/pc1_KObhyoryO_1.jpg.296x216.jpg
20201223,宝山,杨行,招商花园精装两房带地暖和空调，拎包入住,378万,2室1厅 | 76.52平米 | 南 | 精装 | 中楼层(共19层)  | 板楼,http://image1.ljcdn.com/110000-inspection/pc1_jEJDWWNXM_1.jpg.296x216.jpg
20201223,宝山,杨行,此房满五不唯一 2010年竣工面朝白沙公园 总价低税费低房主自荐,315万,2室1厅 | 68平米 | 南 | 精装 | 低楼层(共12层) | 2010年建 | 板楼,http://image1.ljcdn.com/110000-inspection/pc1_u5njKktN6_1.jpg.296x216.jpg
20201223,宝山,杨行,买进价高，双南两房，采光无遮挡，诚意出售,370万,2室2厅 | 94.43平米 | 南 | 精装 | 低楼层(共18层) | 2008年建 | 板楼,http://image1.ljcdn.com/110000-inspection/pc1_a2flfB7U7_1.jpg.296x216.jpg
20201223,宝山,杨行,屋内全屋防水，精装修，户型正气，诚意出售房主自荐,265万,1室2厅 | 54.62平米 | 南 | 精装 | 中楼层(共6层) | 2007年建 | 板楼,http://image1.ljcdn.com/110000-inspection/pc1_LDqgGCIRU_1.jpg.296x216.jpg
20201223,宝山,杨行,中高楼层，户型正气，毛坯随意装修,415万,2室2厅 | 91.34平米 | 南 北 | 毛坯 | 高楼层(共14层) | 2011年建 | 板楼,http://image1.ljcdn.com/110000-inspection/pc1_SDtQ2kRsI_1.jpg.296x216.jpg
20201223,宝山,杨行,招商经典精装两房 楼层好 空间布局合理,375万,2室1厅 | 75平米 | 南 | 精装 | 中楼层(共19层)  | 板楼,http://image1.ljcdn.com/110000-inspection/pc1_P8cURBX6w_1.jpg.296x216.jpg
20201223,宝山,杨行,店长推荐，满五唯一，美丽楼层，小区环境优美诚心出售房主自荐,290万,2室1厅 | 70.22平米 | 南 北 | 简装 | 高楼层(共6层) | 1997年建 | 板楼,http://image1.ljcdn.com/110000-inspection/pc1_KHewYbMrA_1.jpg.296x216.jpg
20201223,宝山,杨行,精装修，双南两房，户型正气，配套成熟房主自荐,295万,2室1厅 | 71.33平米 | 南 | 精装 | 高楼层(共6层) | 1993年建 | 板楼,http://image1.ljcdn.com/110000-inspection/pc1_v8yeHLiJP_1.jpg.296x216.jpg
20201223,宝山,杨行,海尚明城一房 视野开阔 看房方便房主自荐,263万,1室1厅 | 63.01平米 | 南 | 精装 | 高楼层(共18层) | 2009年建 | 板楼,http://image1.ljcdn.com/110000-inspection/pc1_5jImL9Xa9_1.jpg.296x216.jpg
20201223,宝山,杨行,满五唯一，双南两房，视野开阔，拎包入住,250万,2室1厅 | 76平米 | 南 | 简装 | 高楼层(共6层) | 1994年建 | 板楼,http://image1.ljcdn.com/110000-inspection/pc1_KjTjm67b6_1.jpg.296x216.jpg
20201223,宝山,杨行,小区内底价三房两卫户型，楼层好，采光无遮挡。,350万,3室2厅 | 91.32平米 | 东南 | 精装 | 中楼层(共5层) | 1998年建 | 板楼,http://image1.ljcdn.com/310000-inspection/pc1_l9qgCvZxW_1.jpg.296x216.jpg
20201223,宝山,杨行,招商花园城好位置好楼层，户型方正三房,450万,3室1厅 | 91平米 | 南 北 | 精装 | 中楼层(共18层)  | 板楼,http://image1.ljcdn.com/110000-inspection/pc1_G9OfLGCAM_1.jpg.296x216.jpg
20201223,宝山,杨行,地铁1号线！南北两房！业主诚心出售！房主自荐,383万,2室2厅 | 88.82平米 | 南 | 简装 | 高楼层(共14层) | 2011年建 | 板楼,http://image1.ljcdn.com/310000-inspection/pc1_LS0X1AnCj_1.jpg.296x216.jpg
20201223,宝山,杨行,万科四季花城 大四房 南北通透 宽敞明亮 诚意出售,613万,4室2厅 | 142.37平米 | 南 北 | 简装 | 中楼层(共6层) | 2004年建 | 板楼,http://image1.ljcdn.com/110000-inspection/pc1_B9woF5spy_1.jpg.296x216.jpg
20201223,宝山,杨行,采光好   房东诚心出售 看重可谈房主自荐,355万,2室2厅 | 68.86平米 | 南 北 | 精装 | 高楼层(共17层) | 2010年建 | 板楼,http://image1.ljcdn.com/110000-inspection/pc1_iy09mZmI1_1.jpg.296x216.jpg
20201223,宝山,杨行,户型方正，南北通透，视野宽阔，明厨明卫经典开间房主自荐,420万,2室2厅 | 114.56平米 | 南 北 | 简装 | 高楼层(共12层) | 2005年建 | 板楼,http://image1.ljcdn.com/110000-inspection/pc1_hceEXCEtA_1.jpg.296x216.jpg
20201223,宝山,杨行,万业大平层，直面白沙公园，视野开阔房主自荐,920万,4室1厅 | 232.9平米 | 南 北 | 精装 | 低楼层(共26层) | 2010年建 | 板楼,http://image1.ljcdn.com/110000-inspection/pc1_892BYZUlg_1.jpg.296x216.jpg
20201223,宝山,杨行,户型正气，南北通透，高楼层采光通风视野佳，品质小区,495万,2室1厅 | 99.47平米 | 南 | 精装 | 高楼层(共14层) | 2005年建 | 板楼,http://image1.ljcdn.com/110000-inspection/pc1_V6mztQizR_1.jpg.296x216.jpg
20201223,宝山,杨行,飞机户型的大三房，满五唯一，可享受三代同堂乐趣,453万,3室1厅 | 108.51平米 | 南 北 | 简装 | 中楼层(共7层) | 2001年建 | 板楼,http://image1.ljcdn.com/110000-inspection/pc1_WL2hANMki_1.jpg.296x216.jpg
20201223,宝山,杨行,天馨花园别墅 双拼别墅 大院子 得房率高 户型正气,890万,4室3厅 | 190.46平米 | 南 | 简装 | 3层 | 2001年建 | 板楼 | 联排别墅,http://image1.ljcdn.com/310000-inspection/220a24b7-8319-4fce-ae60-7889a8021b1a.jpg.296x216.jpg
20201223,宝山,杨行,飘鹰中间排别墅，价格可谈，精装拎包入住,1280万,5室3厅 | 306.21平米 | 南 | 精装 | 低楼层(共1层) | 2012年建 | 板楼,http://image1.ljcdn.com/310000-inspection/d6208392-364a-4db7-b56f-f71a2fb0fa6c.jpg.296x216.jpg
20201223,宝山,杨行,海德花园 步行至富锦路一号口279米 精装修 南北通,345万,2室2厅 | 95.72平米 | 南 北 | 精装 | 低楼层(共4层) | 2009年建 | 板楼,http://image1.ljcdn.com/310000-inspection/77074e3d-9033-4d72-b898-05e8941b5fe2.jpg.296x216.jpg
20201223,宝山,杨行,联排别墅，毛坯可随意装修，前后双花园房主自荐,930万,3室2厅 | 195.33平米 | 南 | 毛坯 | 3层 | 2015年建 | 板楼 | 联排别墅,http://image1.ljcdn.com/310000-inspection/c72ab673-c889-4472-82eb-d634b0f4eb12.jpg.296x216.jpg
20201223,宝山,杨行,满五唯一、随时可签、中等装修面积大住着舒适房主自荐,406万,3室2厅 | 118.32平米 | 南 | 简装 | 高楼层(共6层) | 2000年建 | 板楼,http://image1.ljcdn.com/110000-inspection/3db979aefaff208c6fd3398182b28aaf-030.jpg.296x216.jpg
20201223,宝山,杨行,近地铁，精装修，小区少见户型，楼下地复，房主自荐,630万,5室2厅 | 179平米 | 南 | 精装 | 低楼层(共18层) | 2014年建 | 板楼,http://image1.ljcdn.com/110000-inspection/7438ea760d4a47a69fca05cc5c050531-037.jpg.296x216.jpg
20201223,宝山,杨行,品牌开发商打造石库门风格联排别墅，带前后花园房主自荐,780万,4室2厅 | 139.27平米 | 南 | 精装 | 上叠(共1层) | 2015年建 | 板楼 | 叠拼别墅,http://image1.ljcdn.com/110000-inspection/772f00e2a8c226d8e8bb516f05cb213d-087.jpg.296x216.jpg
20201223,宝山,杨行,中梁英伦印象别墅，近地铁，毛坯省拆除人力可随意改,1300万,5室3厅 | 239.39平米 | 南 | 简装 | 3层 | 2012年建 | 板楼 | 联排别墅,http://image1.ljcdn.com/shfdfs-image/20160130/fb209aba-613a-47a7-8083-7590e8f07c10.jpg.296x216.jpg
20201223,宝山,杨行,绿地开发商，环境优美，自带花园，户型少有。房主自荐,820万,3室2厅 | 170平米 | 南 | 精装 | 上叠(共1层) | 2015年建 | 板楼 | 叠拼别墅,http://image1.ljcdn.com/310000-inspection/10037577-4eff-468a-9dde-6a0491d22b61.jpg.296x216.jpg
20201223,宝山,杨行,上叠别墅视野佳 精装修 采光通风好 价格可谈房主自荐,999万,4室2厅 | 226.8平米 | 南 | 精装 | 低楼层(共3层) | 2012年建 | 板楼,http://image1.ljcdn.com/310000-inspection/e0c5c00b-a9af-4d13-b171-12238256213d.jpg.296x216.jpg
20201223,宝山,杨行,户型方正, 配套齐全，满2年税费少，看中可签,421万,3室1厅 | 94.36平米 | 南 北 | 毛坯 | 低楼层(共16层) | 2015年建 | 板楼,http://image1.ljcdn.com/110000-inspection/97c0cd43355ba92b2f1d57281c010825-049.jpg.296x216.jpg
20201223,宝山,杨行,招商内独栋别墅，前后双院子，精装修，近地铁,1450万,5室2厅 | 237.97平米 | 南 北 | 精装 | 3层  | 板楼 | 联排别墅,http://image1.ljcdn.com/110000-inspection/3c91786e81bad62b3bcccc56fff761a2-027.jpg.296x216.jpg
20201223,宝山,杨行,诚心出售 精装修户型好  近地铁新上,515万,3室2厅 | 122.95平米 | 南 | 简装 | 中楼层(共18层) | 2008年建 | 板楼,http://image1.ljcdn.com/x-se/hdic-frame/028164de-009c-4bc8-b588-ff5f2b60d340.png.296x216.jpg
20201223,宝山,杨行,荣域飘鹰锦和花园(公寓) 2室2厅 南 北新上,410万,2室2厅 | 91.36平米 | 南 北 | 毛坯 | 高楼层(共14层) | 2011年建 | 板楼,http://image1.ljcdn.com/x-se/hdic-frame/5da0cc2d-8662-4ba6-a0f6-eebedf674eb4.png.296x216.jpg
20201223,宝山,杨行,独栋别墅 使用空间大 近地铁 生活配套成熟 户型方正,2230万,7室3厅 | 328.8平米 | 南 北 | 精装 | 低楼层(共6层) | 2009年建 | 板楼,http://image1.ljcdn.com/shfdfs-image/20170326/527be66b-304c-4367-83e5-32816f803c6a.jpg.296x216.jpg
20201223,宝山,杨行,双拼别墅 使用空间大 近地铁 生活配套成熟 户型方正,1350万,4室2厅 | 236平米 | 南 | 精装 | 低楼层(共1层) | 2006年建 | 板楼,http://image1.ljcdn.com/shfdfs-image/20161006/95ca5371-3264-4521-835c-4117a803221d.jpg.296x216.jpg
20201223,宝山,杨行,地铁聚焦房源，闲看庭前花开花落，满五唯一，南北三房房主自荐,465万,3室2厅 | 109.27平米 | 南 | 简装 | 低楼层(共18层) | 2014年建 | 板楼,http://image1.ljcdn.com/x-se/hdic-frame/18cf352a-aa7f-4579-a01f-1b051b240ef3.png.296x216.jpg
20201223,宝山,杨行,地铁1号线，4层联排别墅，南北大花园，毛坯状态,1250万,5室3厅 | 307.01平米 | 南 北 | 毛坯 | 低楼层(共1层) | 2012年建 | 板楼,
20201223,宝山,杨行,户型正气，南北通风好，满五年税费少，位置开阔,650万,3室2厅 | 136.06平米 | 南 北 | 简装 | 中楼层(共6层) | 2005年建 | 板楼,
20201223,宝山,杨行,正气两房，一房朝南一房朝北，近地铁一号线,340万,2室2厅 | 89.58平米 | 南 | 精装 | 中楼层(共6层) | 2012年建 | 板楼,http://image1.ljcdn.com/x-se/hdic-frame/e525529b-5ab5-47ed-a128-052e9ef4a27b.png.296x216.jpg
20201223,宝山,杨行,税费低，楼层好，户型布局合理，业主诚意出售新上,480万,3室2厅 | 98.99平米 | 北 南 | 毛坯 | 低楼层(共28层)  | 板楼,http://image1.ljcdn.com/x-se/hdic-frame/lianjia_1605790279685___70c50a0b514164f4cb9c09eabdbb29ae.jpg.296x216.jpg
20201223,宝山,杨行,宏宝公寓毛坯两房，一楼带天井，近地铁,248万,2室1厅 | 70.68平米 | 南 | 毛坯 | 低楼层(共6层) | 1994年建 | 板楼,http://image1.ljcdn.com/shfdfs-image/20180102/927fa3a0-bce5-42f9-acc9-6fcc61b6a4b7.jpg.296x216.jpg
20201223,宝山,杨行,香逸湾大三房 户型正气 满五唯一 业主诚意出售房主自荐,565万,3室2厅 | 118.88平米 | 南 北 | 毛坯 | 低楼层(共14层) | 2010年建 | 板楼,http://image1.ljcdn.com/x-se/hdic-frame/228e225b-5ec6-43a0-bea8-2c0ea712463f.png.296x216.jpg
20201223,宝山,杨行,此房单价低，户型好，板正南北通风，1梯2户得房率高。房主自荐,270万,3室2厅 | 90.05平米 | 南 北 | 毛坯 | 高楼层(共6层) | 1994年建 | 板楼,
20201223,宝山,杨行,正宗两房 精装修 税费少 方便看,300万,2室1厅 | 69.47平米 | 南 | 精装 | 高楼层(共6层) | 1998年建 | 板楼,http://image1.ljcdn.com/x-se/hdic-frame/e4006ed1-b6bf-41a6-b039-299a57e25fb7.png.296x216.jpg
20201223,宝山,杨行,总价低 少税费两房 东边户 敞亮户型南北户型通风好房主自荐,220万,2室1厅 | 53.45平米 | 东南 南 | 精装 | 高楼层(共6层) | 1994年建 | 板楼,http://image1.ljcdn.com/110000-inspection/b5918ccd-0d59-4dff-b943-4af627ed9883.jpeg.296x216.jpg
20201223,宝山,杨行,满五唯一，楼层好，税费少，诚心出售。新上,400万,2室2厅 | 89.32平米 | 南 北 | 精装 | 高楼层(共18层) | 2011年建 | 板楼,http://image1.ljcdn.com/x-se/hdic-frame/5676a7fd-e9f0-44f1-a90a-5d131afa9f11.png.296x216.jpg
20201223,宝山,杨行,联排别墅+精装修+万科品质+房东诚意出售新上,1250万,4室2厅 | 170.9平米 | 南 | 精装 | 2层 | 2006年建 | 板楼 | 联排别墅,
20201223,宝山,杨行,花园独栋别墅 品质社区  紧靠地铁  交通和生活方便,1600万,7室3厅 | 334.74平米 | 南 北 | 毛坯 | 低楼层(共1层) | 2010年建 | 板楼,
20201223,宝山,杨行,业主诚意卖，大空间别墅，改造空间大，得房率很高,1300万,4室2厅 | 236.07平米 | 南 | 毛坯 | 3层 | 2012年建 | 板楼 | 联排别墅,
20201223,宝山,杨行,联排边套，满五唯一，欧式200万精装，下沉式花园房主自荐,1550万,4室2厅 | 279平米 | 南 | 精装 | 1层 | 2012年建 | 板楼 | 联排别墅,
20201223,宝山,杨行,上叠别墅 靠地铁 诚意出售 看房提前预约房主自荐,750万,4室2厅 | 161平米 | 南 | 简装 | 低楼层(共3层) | 2009年建 | 板楼,http://image1.ljcdn.com/x-se/hdic-frame/d6fcd716-e63c-403c-b4b2-c2d339582409.jpg.296x216.jpg
20201223,宝山,杨行,满五唯一，近地铁，全明户型，中间楼层采光视野佳。房主自荐,415万,2室2厅 | 114.18平米 | 南 | 简装 | 中楼层(共16层) | 2008年建 | 板楼,http://image1.ljcdn.com/x-se/hdic-frame/9a5e4ccf-ad8e-47f3-ac5c-ee3d7510d00e.png.296x216.jpg
20201223,宝山,杨行,宝启花园(公寓) 3室2厅 南 北,430万,3室2厅 | 123.79平米 | 南 北 | 简装 | 低楼层(共6层) | 1999年建 | 板楼,
20201223,宝山,杨行,万科平层四房，位置安静，楼层好房主自荐,560万,4室2厅 | 139.01平米 | 南 北 | 简装 | 中楼层(共6层) | 2004年建 | 板楼,http://image1.ljcdn.com/x-se/310000-frame/cd29f51f-13ba-4916-929b-710b43a63801.jpg_200x150.jpg.296x216.jpg
20201223,宝山,杨行,大黄馨园高层大三房，得房率高，采光好房主自荐,420万,3室2厅 | 119.61平米 | 南 | 毛坯 | 高楼层(共6层) | 2012年建 | 板楼,http://image1.ljcdn.com/x-se/hdic-frame/f24d1f36-a3cd-46e7-a4fb-ed44bd509e0d.png.296x216.jpg
20201223,宝山,杨行,58弄两房 百平露台 近地铁 诚意售房房主自荐,375万,2室2厅 | 82.73平米 | 南 北 | 毛坯 | 低楼层(共14层) | 2011年建 | 板楼,
20201223,宝山,杨行,叠加别墅 真正的出门就是地铁 户型正气 环境优美,810万,4室2厅 | 165.76平米 | 南 | 简装 | 低楼层(共3层) | 2009年建 | 板楼,
20201223,宝山,杨行,户型方正+成熟社区配套+房子没有其他问题,210万,2室2厅 | 61.91平米 | 南 | 精装 | 高楼层(共6层) | 1988年建 | 板楼,http://image1.ljcdn.com/x-se/hdic-frame/a9168580-0c1a-4232-bcd8-29f0ca5d0eb4.png.296x216.jpg
20201223,宝山,杨行,客厅南北通，主卧带衣帽间卫生间,560万,3室2厅 | 118.88平米 | 南 | 简装 | 低楼层(共14层) | 2010年建 | 板楼,http://image1.ljcdn.com/x-se/hdic-frame/228e225b-5ec6-43a0-bea8-2c0ea712463f.png.296x216.jpg
20201223,宝山,杨行,此房满五不唯一，户型正气，视野开阔无遮挡 楼层好.新上,265万,1室1厅 | 62.21平米 | 南 | 精装 | 高楼层(共16层) | 2009年建 | 板楼,
20201223,宝山,杨行,此房满两年，房龄新，户型正气，税费少，采光通风性好,400万,2室1厅 | 86平米 | 南 北 | 简装 | 中楼层(共31层)  | 板楼,http://image1.ljcdn.com/x-se/hdic-frame/9cd8acdc-5701-43c5-a745-4180f698dfe1.png.296x216.jpg
20201223,宝山,杨行,高楼层！南北三房！带产权车位！地铁1号线！,442万,3室2厅 | 88.31平米 | 南 北 | 毛坯 | 中楼层(共18层) | 2012年建 | 板楼,http://image1.ljcdn.com/x-se/hdic-frame/b6ba7c59-dfa6-4b66-9fe1-4a8c93eece9b.png.296x216.jpg
20201223,宝山,杨行,荣域飘鹰锦和花园(公寓) 2室2厅 南,385万,2室2厅 | 90.54平米 | 南 | 精装 | 低楼层(共18层) | 2011年建 | 板楼,http://image1.ljcdn.com/x-se/hdic-frame/136483ff-f353-4447-9797-1f9c967b5cf5.png.296x216.jpg
20201223,宝山,杨行,飘鹰标准两房，两房朝南，阳台带一个大花园,350万,2室1厅 | 76.45平米 | 南 | 简装 | 低楼层(共14层) | 2011年建 | 板楼,
20201223,宝山,杨行,南北通透大三房，无贷款无抵押，诚心出售房主自荐,480万,3室2厅 | 128.02平米 | 南 北 | 简装 | 低楼层(共6层) | 2000年建 | 板楼,http://image1.ljcdn.com/x-se/hdic-frame/da635fab-e21b-4894-b278-81177b415075.png.296x216.jpg
20201223,宝山,杨行,荣域飘鹰锦和花园(公寓) 4室2厅 南,610万,4室2厅 | 141.55平米 | 南 | 毛坯 | 高楼层(共18层) | 2011年建 | 板楼,
20201223,宝山,杨行,地铁口，次新房，楼层好，视野佳,500万,3室2厅 | 111.5平米 | 南 | 简装 | 高楼层(共18层) | 2016年建 | 板楼,
20201223,宝山,杨行,精装修，南北通透。小区中间位置。满五唯一房主自荐,430万,3室2厅 | 125.11平米 | 南 北 | 精装 | 高楼层(共7层) | 2000年建 | 板楼,http://image1.ljcdn.com/x-se/hdic-frame/4a65f7a0-7275-440a-bc13-385561007449.png.296x216.jpg
20201223,宝山,杨行,精装修 好房源 此户型唯一一套房主自荐,900万,6室1厅 | 159.5平米 | 南 北 | 精装 | 高楼层(共11层) | 2010年建 | 板楼,
20201223,宝山,杨行,满五唯一，双南两房，2楼不临街，看中可谈,320万,2室1厅 | 75.89平米 | 南 | 精装 | 低楼层(共6层) | 2000年建 | 板楼,http://image1.ljcdn.com/x-se/hdic-frame/6fedf5a8-023d-4657-8f9e-38e7a583066c.png.296x216.jpg
20201223,宝山,杨行,满五年 联排边套   百万装修   近地铁   诚心出售房主自荐,1030万,4室2厅 | 178.12平米 | 南 北 | 精装 | 低楼层(共1层) | 2005年建 | 板楼,
20201223,宝山,杨行,此房精装修，业主自住，五房奢华大空间，看房方便,1000万,5室2厅 | 232.9平米 | 南 | 精装 | 中楼层(共26层) | 2010年建 | 板楼,
20201223,宝山,杨行,地铁1号线，板式两房！看房方便！,380万,2室2厅 | 91平米 | 南 | 简装 | 高楼层(共14层) | 2011年建 | 板楼,
20201223,宝山,杨行,满两年 楼层好 采光好 交通便利,355万,3室2厅 | 128平米 | 南 | 毛坯 | 高楼层(共17层) | 2016年建 | 板楼,
20201223,宝山,杨行,经典两房 得房率高 房龄新 近地铁 诚心出售价格可谈,350万,2室1厅 | 65.02平米 | 南 | 简装 | 低楼层(共18层) | 2012年建 | 板楼,http://image1.ljcdn.com/x-se/hdic-frame/2aaa8dd7-0e60-45d2-b1c2-1ba55623008c.png.296x216.jpg
20201223,宝山,杨行,精装修，近地铁，楼层好，满五唯一,460万,3室2厅 | 92平米 | 南 | 毛坯 | 低楼层(共13层) | 2012年建 | 板楼,
20201223,宝山,杨行,近地铁，大三房，楼层好，装修保养好，满五唯一税少,598万,3室2厅 | 138.33平米 | 南 | 简装 | 高楼层(共16层) | 2007年建 | 板楼,
20201223,宝山,杨行,香逸湾小两房，刚需自住，且楼层好房主自荐,354万,2室2厅 | 68.86平米 | 东 | 简装 | 中楼层(共17层) | 2010年建 | 板楼,http://image1.ljcdn.com/x-se/hdic-frame/7226829c-cc9a-4950-88d0-6ccbcdb69cf5.png.296x216.jpg
20201223,宝山,杨行,电梯顶楼复式，实用面积大。户型正气，南北通,710万,4室3厅 | 92平米 | 南 | 简装 | 高楼层(共18层) | 2012年建 | 板楼,
20201223,宝山,杨行,必看经典一居室、自住装修保养好、高层采光视野佳,250万,1室1厅 | 60.17平米 | 南 | 简装 | 高楼层(共11层) | 2008年建 | 板楼,http://image1.ljcdn.com/x-se/hdic-frame/fc11fd2a-fffa-4100-a05e-b9659ee0bc21.png.296x216.jpg
20201223,宝山,杨行,此房户型方正，视野开阔，配套齐全,390万,2室1厅 | 84平米 | 南 | 简装 | 低楼层(共16层) | 2015年建 | 板楼,
20201223,宝山,杨行,此房全朝南，全明户型，精装修。出行方便近地铁,368万,2室2厅 | 85.01平米 | 南 | 精装 | 中楼层(共16层) | 2015年建 | 板楼,http://image1.ljcdn.com/x-se/310000-frame/rsp_pic_upload20bf50d2-8c6e-4c65-969b-120f2b0fd7ed.jpg.296x216.jpg
20201223,宝山,杨行,地铁600米，双南户型楼层好采光佳，无增值税，无个税新上,368万,2室1厅 | 79.21平米 | 南 | 精装 | 高楼层(共18层) | 2011年建 | 板楼,http://image1.ljcdn.com/x-se/hdic-frame/86a46d7f-5700-4fb1-a791-42f1065522b4.png.296x216.jpg
20201223,宝山,杨行,顶楼复式，居家户型，满五唯一，快来看房吧房主自荐,470万,3室2厅 | 132.28平米 | 南 | 精装 | 高楼层(共6层) | 1998年建 | 板楼,http://image1.ljcdn.com/110000-inspection/pc1_StSvmR0SS_1.jpg.296x216.jpg
20201223,宝山,杨行,荣域飘鹰锦和花园(公寓) 2室2厅 南新上,394万,2室2厅 | 87.64平米 | 南 | 毛坯 | 中楼层(共14层) | 2011年建 | 板楼,http://image1.ljcdn.com/110000-inspection/pc1_PZ5nIKEvz_1.jpg.296x216.jpg
20201223,宝山,杨行,精装修大三房，三开间朝南，户型方正，满五年新上,500万,3室1厅 | 134.66平米 | 南 北 | 精装 | 中楼层(共5层) | 2001年建 | 板楼,http://image1.ljcdn.com/110000-inspection/pc1_Bh6fOZyob_1.jpg.296x216.jpg
20201223,宝山,杨行,2/3满五唯一， 地铁导航距离700米+六复七复式 +五房,715万,5室3厅 | 211.37平米 | 南 北 | 精装 | 高楼层(共6层) | 2005年建 | 板楼,http://image1.ljcdn.com/110000-inspection/pc1_yN2DbiJnx_1.jpg.296x216.jpg
20201223,宝山,杨行,AAA级好房 满五唯一 中间楼层 采光好 业主诚心出售,250万,2室1厅 | 67平米 | 南 | 精装 | 中楼层(共6层) | 1992年建 | 暂无数据,http://image1.ljcdn.com/110000-inspection/pc1_Lzo4YimMx_1.jpg.296x216.jpg
20201223,宝山,杨行,影园路345弄 2室1厅 南,270万,2室1厅 | 68.76平米 | 南 | 简装 | 低楼层(共6层) | 1992年建 | 暂无数据,http://image1.ljcdn.com/110000-inspection/pc1_lLWGH0P9j_1.jpg.296x216.jpg
20201223,宝山,杨行,舒适度很高小区，全南户型，视野开阔，采光好房主自荐,475万,3室2厅 | 134.01平米 | 南 | 精装 | 高楼层(共6层) | 2005年建 | 板楼,http://image1.ljcdn.com/310000-inspection/prod-c8d9cf52-3eda-4d83-8d3e-be9452c1782d.jpg.296x216.jpg
20201223,宝山,杨行,华馨苑沿街联排别墅出售，随时看房,670万,4室2厅 | 166.57平米 | 北 南 | 简装 | 低楼层(共3层) | 2010年建 | 板塔结合,http://image1.ljcdn.com/310000-inspection/e6c4e66a-c245-43e0-b503-c003b69c6b14.jpg.296x216.jpg
20201223,宝山,杨行,招商海德名门 3室2厅 南新上,545万,3室2厅 | 133.18平米 | 南 | 精装 | 中楼层(共11层)  | 板楼,http://image1.ljcdn.com/x-se/hdic-frame/8e13b8e2-83de-4c0b-a5cd-1d872b2a0c5a.png.296x216.jpg
20201223,宝山,杨行,AAA级好房 近富锦路地铁站 交通方便 诚心出售,220万,2室2厅 | 63.91平米 | 南 | 精装 | 低楼层(共2层) | 2009年建 | 暂无数据,
20201223,宝山,杨行,满五唯一  户型方正 少有一楼带花园 明厨卫经典开间房主自荐,365万,2室2厅 | 90平米 | 南 | 精装 | 低楼层(共6层) | 2005年建 | 板楼,
20201223,宝山,杨行,盘古路490号 2室2厅 396万,396万,2室2厅 | 105平米 | 南 | 其他 | 中楼层(共6层) | 1997年建 | 板楼,
20201223,宝山,杨行,此房满五年 户型方 正实用面积大 业主诚心出售,280万,2室1厅 | 79.75平米 | 南 | 简装 | 低楼层(共6层) | 1992年建 | 暂无数据,
20201223,宝山,杨行,康桥水都 复式户型 动静分离 采光佳房主自荐,520万,4室2厅 | 151平米 | 南 北 | 简装 | 高楼层(共6层) | 2005年建 | 板楼,
20201223,宝山,杨行,华馨苑(公寓) 4室2厅 南,640万,4室2厅 | 210.35平米 | 南 | 其他 | 高楼层(共6层) | 2001年建 | 板楼,http://image1.ljcdn.com/x-se/hdic-frame/93ffed89-ccb5-48e8-974e-b03eb4a88563.jpg.296x216.jpg
