20201223,长宁,新华路,品质小区带会所  正气全南 阳光好  楼层好 上生新所旁必看好房,977万,2室2厅 | 107.88平米 | 南 | 简装 | 低楼层(共28层) | 2003年建 | 板楼,http://image1.ljcdn.com/110000-inspection/pc1_YMkfp7EeX_1.jpg.296x216.jpg
20201223,长宁,新华路,双南两房+精装修+满五唯一+采光好+近地铁+看房方便必看好房,385万,2室0厅 | 47.47平米 | 南 | 精装 | 高楼层(共6层) | 1981年建 | 板楼,http://image1.ljcdn.com/110000-inspection/pc1_3kjbRIra9_1.jpg.296x216.jpg
20201223,长宁,新华路,三开间朝南，满五年，高品质小区，配套设施齐全必看好房,698万,3室1厅 | 90.24平米 | 南 | 简装 | 低楼层(共16层) | 1998年建 | 塔楼,http://image1.ljcdn.com/110000-inspection/pc1_9T9GeWRzy_1.jpg.296x216.jpg
20201223,长宁,新华路,中楼层朝南一房，全天采光，近地铁，诚意出售必看好房,248万,1室1厅 | 34.76平米 | 南 | 简装 | 6层 | 1988年建 | 板楼,http://image1.ljcdn.com/110000-inspection/pc1_tAfLfB5h4_1.jpg.296x216.jpg
20201223,长宁,新华路,百年新华路，南北两房全明户型，视野无遮挡，诚意出售必看好房,422万,2室0厅 | 50.1平米 | 南 北 | 精装 | 高楼层(共6层) | 1982年建 | 板楼,http://image1.ljcdn.com/110000-inspection/pc1_eivVxCpea_1.jpg.296x216.jpg
20201223,长宁,新华路,近交大地铁站 电梯小高层 全明3房3阳台必看好房,935万,3室2厅 | 127.96平米 | 南 | 简装 | 中楼层(共8层) | 1997年建 | 板楼,http://image1.ljcdn.com/310000-inspection/pc1_bXGmg5Mj9_1.jpg.296x216.jpg
20201223,长宁,新华路,内环内的标准3房，成熟社区，全明户型，交通便利必看好房,635万,3室2厅 | 92.58平米 | 南 | 简装 | 低楼层(共18层) | 1994年建 | 塔楼,http://image1.ljcdn.com/110000-inspection/pc1_b8CBtV0Yl_1.jpg.296x216.jpg
20201223,长宁,新华路,理想全明户型，高区采光好，总价低，地铁近，业主诚售必看好房,263万,1室1厅 | 39.91平米 | 南 | 精装 | 高楼层(共6层) | 1987年建 | 板楼,http://image1.ljcdn.com/110000-inspection/pc1_NiV90RWle_1.jpg.296x216.jpg
20201223,长宁,新华路,新华路板块、南北通2房、全明户型、采光视野佳必看好房,410万,2室1厅 | 52.52平米 | 南 北 | 简装 | 6层 | 1986年建 | 板楼,http://image1.ljcdn.com/110000-inspection/pc1_1QkszJuCb_1.jpg.296x216.jpg
20201223,长宁,新华路,东湖名苑 2室2厅 南必看好房,920万,2室2厅 | 100.89平米 | 南 | 精装 | 中楼层(共20层) | 2003年建 | 板楼,http://image1.ljcdn.com/110000-inspection/943f79c5-a98a-448a-bc1e-26584ce4f194_1000.jpg.296x216.jpg
20201223,长宁,新华路,百年文缘村，洋房区，小区环境优美，安静舒适！必看好房,750万,3室1厅 | 94.75平米 | 南 | 精装 | 中楼层(共5层) | 1981年建 | 板楼,http://image1.ljcdn.com/110000-inspection/pc1_qZeR5BZM4_1.jpg.296x216.jpg
20201223,长宁,新华路,太子公寓 2室2厅 西南必看好房,850万,2室2厅 | 100.53平米 | 西南 | 精装 | 高楼层(共8层) | 1995年建 | 板楼,http://image1.ljcdn.com/110000-inspection/pc1_jNDOemd0W_1.jpg.296x216.jpg
20201223,长宁,新华路,双南户型！两房一厅，全天阳光无遮挡！得房率高必看好房,312万,2室1厅 | 51.37平米 | 南 | 简装 | 高楼层(共6层) | 1980年建 | 板楼,http://image1.ljcdn.com/110000-inspection/pc1_KkOlQGUkW_1.jpg.296x216.jpg
20201223,长宁,新华路,内环内，3/4号线延安西路地铁站，小区旁天山公园必看好房,232万,1室1厅 | 38.72平米 | 南 | 精装 | 高楼层(共6层) | 1990年建 | 板楼,http://image1.ljcdn.com/110000-inspection/pc1_sA6ohn6dW_1.jpg.296x216.jpg
20201223,长宁,新华路,近新华路&总价低&电梯房&朝南小2房&满五唯一必看好房,370万,2室0厅 | 53.94平米 | 南 | 简装 | 低楼层(共29层) | 1999年建 | 塔楼,http://image1.ljcdn.com/110000-inspection/pc1_S40u41YEa_1.jpg.296x216.jpg
20201223,长宁,新华路,三房朝南，采光全天，视野开阔，位置安静。必看好房,998万,3室2厅 | 124.13平米 | 南 | 精装 | 低楼层(共31层) | 2004年建 | 板楼,http://image1.ljcdn.com/110000-inspection/pc1_heiJuKXec_1.jpg.296x216.jpg
20201223,长宁,新华路,户型方正，总价低，闹中取静，高区视野必看好房,1260万,3室2厅 | 135.58平米 | 南 | 精装 | 中楼层(共11层) | 2001年建 | 板楼,http://image1.ljcdn.com/110000-inspection/pc1_8tfSRIijQ_1.jpg.296x216.jpg
20201223,长宁,新华路,税费各付+有钥匙，看房方便+低总价高区2房+ 闹中取静必看好房,626万,2室1厅 | 84.94平米 | 南 | 简装 | 中楼层(共24层) | 1999年建 | 塔楼,http://image1.ljcdn.com/110000-inspection/pc1_4j1pisRnH_1.jpg.296x216.jpg
20201223,长宁,新华路,四面绿地，楼道环境好，售后公房，上家0 税，随时看必看好房,580万,2室1厅 | 68.83平米 | 南 | 简装 | 低楼层(共19层) | 1990年建 | 塔楼,http://image1.ljcdn.com/110000-inspection/pc1_tbW7stmjG_1.jpg.296x216.jpg
20201223,长宁,新华路,精装修商品房，满五唯一，品质小区，诚意出售必看好房,750万,3室2厅 | 114.84平米 | 东 | 精装 | 中楼层(共18层) | 1994年建 | 塔楼,http://image1.ljcdn.com/110000-inspection/pc1_YHCt5JUtL_1.jpg.296x216.jpg
20201223,长宁,新华路,新华路板块南北通两房，中楼层，采光充足，小区安静。必看好房,410万,2室0厅 | 53.26平米 | 南 | 毛坯 | 中楼层(共6层) | 1986年建 | 板楼,http://image1.ljcdn.com/110000-inspection/pc1_8LEzn7zDD_1.jpg.296x216.jpg
20201223,长宁,新华路,售后公房 满五唯一 小区中间位置 精装修 诚意出售必看好房,360万,1室1厅 | 44.66平米 | 南 | 精装 | 低楼层(共6层) | 1988年建 | 板楼,http://image1.ljcdn.com/110000-inspection/pc1_2v4aTYeq6_1.jpg.296x216.jpg
20201223,长宁,新华路,此房满五唯一，全明户型，户型方正，内环交通便利必看好房,340万,2室1厅 | 52.68平米 | 东南 | 精装 | 高楼层(共6层) | 1983年建 | 板楼,http://image1.ljcdn.com/110000-inspection/pc1_w29CI3ymM_1.jpg.296x216.jpg
20201223,长宁,新华路,低总价一室户，即买即住，地段好，业主诚意急售必看好房,173万,1室0厅 | 23.01平米 | 北 | 精装 | 6层 | 1988年建 | 板楼,http://image1.ljcdn.com/110000-inspection/pc1_dzMNNJsO0_1.jpg.296x216.jpg
20201223,长宁,新华路,急售，近上海影城350米，距交大地铁500米，低总价两房必看好房,420万,2室0厅 | 54.14平米 | 南 | 精装 | 中楼层(共7层) | 1992年建 | 板楼,http://image1.ljcdn.com/110000-inspection/pc1_6fwB8Bv0L_1.jpg.296x216.jpg
20201223,长宁,新华路,此房税费少，朝南一室户，中楼层，诚意出售，安静宜居必看好房,250万,1室0厅 | 28.09平米 | 南 | 精装 | 中楼层(共6层) | 1987年建 | 板楼,http://image1.ljcdn.com/x-se/hdic-frame/bdeb8bf5-86bc-4617-9a89-ed32c972a728.png.296x216.jpg
20201223,长宁,新华路,中华小区，一室户，精装修，朝南无遮挡,230万,1室0厅 | 34.78平米 | 南 | 精装 | 高楼层(共7层) | 1996年建 | 板楼,http://image1.ljcdn.com/310000-inspection/test-98aa6144-6381-41f1-9194-42159048c020.png.296x216.jpg
20201223,长宁,新华路,业主诚意  看房方便 带空中花园房主自荐,1860万,7室2厅 | 261.11平米 | 南 | 简装 | 高楼层(共16层) | 1998年建 | 板楼,http://image1.ljcdn.com/110000-inspection/pc1_nG6TUT92l_1.jpg.296x216.jpg
20201223,长宁,新华路,颐德名苑 5室2厅 南 北,1650万,5室2厅 | 228.74平米 | 南 北 | 精装 | 中楼层(共15层) | 2000年建 | 板楼,http://image1.ljcdn.com/110000-inspection/pc1_oPquu0at9_1.jpg.296x216.jpg
20201223,长宁,新华路,带140平露台，10年南北通平墅，石材外立面，低调奢华,6130万,5室3厅 | 388.4平米 | 南 北 | 其他 | 高楼层(共8层) | 2010年建 | 板楼,http://image1.ljcdn.com/310000-inspection/prod-16767414-f923-4ce2-963f-4b1039d25a78.jpg.296x216.jpg
20201223,长宁,新华路,长发花园 2室2厅 西新上,838万,2室2厅 | 100.42平米 | 西 | 精装 | 低楼层(共27层) | 1998年建 | 板塔结合,http://image1.ljcdn.com/110000-inspection/pc1_6pkUVF5Al_1.jpg.296x216.jpg
20201223,长宁,新华路,三四十地铁交汇，一梯两户南北两房两卫，花园无遮挡,818万,2室2厅 | 101.82平米 | 南 | 精装 | 低楼层(共8层) | 1997年建 | 板楼,http://image1.ljcdn.com/110000-inspection/pc1_3ZWjAt2oV_1.jpg.296x216.jpg
20201223,长宁,新华路,精装修+品牌家电+售后公房+近地铁房主自荐,425万,2室0厅 | 58.1平米 | 南 | 精装 | 低楼层(共22层) | 1990年建 | 塔楼,http://image1.ljcdn.com/110000-inspection/pc1_wVpuHNcvv_1.jpg.296x216.jpg
20201223,长宁,新华路,小区房龄新品质好！单价低，业主诚意出售！,1100万,2室2厅 | 120.59平米 | 南 | 精装 | 低楼层(共15层) | 2008年建 | 板楼,http://image1.ljcdn.com/110000-inspection/pc1_CMlkUzL2P_1.jpg.296x216.jpg
20201223,长宁,新华路,花园小区！户型方正！边套全明！满五唯一！绿化高！,1430万,3室2厅 | 154.14平米 | 南 | 精装 | 低楼层(共18层) | 2003年建 | 板楼,http://image1.ljcdn.com/110000-inspection/pc1_mQeHiosDT_1.jpg.296x216.jpg
20201223,长宁,新华路,双南，面朝阳光，春暖花开，北房幽静，怡家安家。房主自荐,528万,3室1厅 | 61.97平米 | 南 | 简装 | 高楼层(共6层) | 1980年建 | 板楼,http://image1.ljcdn.com/110000-inspection/pc1_XvDrWi9TN_1.jpg.296x216.jpg
20201223,长宁,新华路,次顶层 朝南一房带阳台 内环内 精装修 满五唯一新上,248万,1室1厅 | 37.38平米 | 南 | 精装 | 高楼层(共6层) | 1989年建 | 板楼,http://image1.ljcdn.com/110000-inspection/pc1_1mTgBEIzc_1.jpg.296x216.jpg
20201223,长宁,新华路,2居室：楼层佳+税费少+房东诚意出售+看房方便~,445万,2室1厅 | 67.2平米 | 南 北 | 精装 | 低楼层(共6层) | 1988年建 | 板楼,http://image1.ljcdn.com/310000-inspection/test-0265edeb-ad21-46de-aa45-5c10c942c6f4.png.296x216.jpg
20201223,长宁,新华路,凯旋都市花园 4室2厅 南,1480万,4室2厅 | 180.6平米 | 南 | 精装 | 中楼层(共33层) | 2004年建 | 板楼,http://image1.ljcdn.com/110000-inspection/pc1_O2WMegK2W_1.jpg.296x216.jpg
20201223,长宁,新华路,内环内采光充足，近华山绿地，拎包入住,275万,1室0厅 | 39平米 | 南 | 精装 | 低楼层(共29层) | 1999年建 | 塔楼,http://image1.ljcdn.com/110000-inspection/pc1_VWWTip9GK_1.jpg.296x216.jpg
20201223,长宁,新华路,内环内朝南一房，近地铁3、4号线，产权清晰随时可看。新上,270万,1室1厅 | 37.36平米 | 南 | 精装 | 中楼层(共7层) | 1988年建 | 板楼,http://image1.ljcdn.com/110000-inspection/pc1_2zwkyB3yg_1.jpg.296x216.jpg
20201223,长宁,新华路,2004年高品质小区，全明户型满五唯一看房方便,1180万,3室2厅 | 135.04平米 | 南 | 精装 | 中楼层(共35层) | 2003年建 | 板楼,http://image1.ljcdn.com/310000-inspection/prod-717d85ab-d421-448d-b90c-234befc0ba92.jpg.296x216.jpg
20201223,长宁,新华路,一房朝南一房朝东，品质小区交通便利,680万,2室1厅 | 88.19平米 | 南 | 简装 | 低楼层(共24层) | 1998年建 | 塔楼,http://image1.ljcdn.com/110000-inspection/pc1_XxKJaHzEJ_1.jpg.296x216.jpg
20201223,长宁,新华路,板式南北两房，一梯两户，得房率高，全明户型,715万,2室1厅 | 91.94平米 | 南 | 简装 | 高楼层(共6层) | 1995年建 | 板楼,http://image1.ljcdn.com/310000-inspection/test-44337e14-c1ae-4f06-aecc-e1cabbc09dca.png.296x216.jpg
20201223,长宁,新华路,番禺大厦 1室1厅 南新上,325万,1室1厅 | 44.42平米 | 南 | 简装 | 低楼层(共29层) | 1999年建 | 塔楼,http://image1.ljcdn.com/110000-inspection/pc1_DqWD6Oz7q_1.jpg.296x216.jpg
20201223,长宁,新华路,税费各付，精装修，一梯两户，小区干净，户型好,365万,2室1厅 | 43.38平米 | 南 | 精装 | 高楼层(共6层) | 1990年建 | 板楼,http://image1.ljcdn.com/110000-inspection/pc1_m8dMG0mY3_1.jpg.296x216.jpg
20201223,长宁,新华路,新华路的全                   明两房，满五唯一,400万,2室1厅 | 58.77平米 | 东南 | 毛坯 | 中楼层(共6层) | 1988年建 | 板楼,http://image1.ljcdn.com/310000-inspection/prod-5fb3444e-ff1e-4c3d-b0ab-4d01d11fc46b.jpg.296x216.jpg
20201223,长宁,新华路,全明户型，闹中取静，1998年品质小区，干净整洁房主自荐,840万,3室2厅 | 115.54平米 | 南 | 精装 | 中楼层(共22层) | 1998年建 | 塔楼,http://image1.ljcdn.com/110000-inspection/pc1_sr6O3Nlsk_1.jpg.296x216.jpg
20201223,长宁,新华路,满五年唯一，高区视野好，全明户型，采光无忧房主自荐,810万,3室2厅 | 115.54平米 | 南 北 | 精装 | 中楼层(共22层) | 1998年建 | 塔楼,http://image1.ljcdn.com/110000-inspection/pc1_mIUe5Osjo_1.jpg.296x216.jpg
20201223,长宁,新华路,内环内电梯房，全明西边套两房两厅，业主诚意出售房主自荐,518万,2室2厅 | 87.64平米 | 南 北 | 简装 | 低楼层(共16层)  | 塔楼,http://image1.ljcdn.com/110000-inspection/pc1_TZjCMOkig_1.jpg.296x216.jpg
20201223,长宁,新华路,税费各付+钻石楼层+业主诚意+少有户型+视野佳！！！,1580万,3室2厅 | 162.99平米 | 南 | 精装 | 高楼层(共26层) | 2001年建 | 板楼,http://image1.ljcdn.com/110000-inspection/pc1_iuz2l0blW_1.jpg.296x216.jpg
20201223,长宁,新华路,内环内+高品质+一梯两户+双南大阳台+带车位+诚意出售房主自荐,735万,2室2厅 | 97.01平米 | 南 | 精装 | 中楼层(共7层) | 1997年建 | 板楼,http://image1.ljcdn.com/110000-inspection/741662d3-8c1a-4d2b-9736-83fcb57844b9_1000.jpg.296x216.jpg
20201223,长宁,新华路,拎包入住精装两房，绿地幸福里配套齐全房主自荐,727万,2室2厅 | 84.98平米 | 南 北 | 精装 | 低楼层(共17层) | 1999年建 | 塔楼,http://image1.ljcdn.com/110000-inspection/pc1_AOVfmzrig_1.jpg.296x216.jpg
20201223,长宁,新华路,天山公园旁 延西小区 出门就是3、4号线 一户朝南,255万,1室1厅 | 39.5平米 | 南 | 精装 | 高楼层(共6层) | 1990年建 | 板楼,http://image1.ljcdn.com/310000-inspection/prod-930b3048-6a3f-41ad-92f9-85bfad9ed307.jpg.296x216.jpg
20201223,长宁,新华路,定西路420弄 1室1厅 南房主自荐,270万,1室1厅 | 35.47平米 | 南 | 精装 | 高楼层(共6层) | 1984年建 | 板楼,http://image1.ljcdn.com/110000-inspection/pc1_NT6J2z5Uu_1.jpg.296x216.jpg
20201223,长宁,新华路,总价较低+采光良好+看房随时+诚意出售！,225万,1室1厅 | 37平米 | 南 | 简装 | 高楼层(共6层) | 1981年建 | 板楼,http://image1.ljcdn.com/310000-inspection/prod-881e9057-bb2d-470b-b531-f49f5908d799.jpg.296x216.jpg
20201223,长宁,新华路,满五唯一税费少 高区全明+2南1北 一梯两户+刷卡入户,1350万,3室2厅 | 153.32平米 | 南 | 简装 | 高楼层(共20层) | 2003年建 | 板楼,http://image1.ljcdn.com/310000-inspection/prod-563ce4d2-115a-4854-a99c-86dae887f402.jpg.296x216.jpg
20201223,长宁,新华路,内环内08年房龄新，干挂石材外立面，朝南低总价，急售,1380万,4室2厅 | 204.36平米 | 南 | 精装 | 低楼层(共13层) | 2008年建 | 板楼,http://image1.ljcdn.com/110000-inspection/pc1_3ySnchwWl_1.jpg.296x216.jpg
20201223,长宁,新华路,双南两房，精装修，全明户型，视野好,400万,2室1厅 | 47.67平米 | 南 | 精装 | 高楼层(共6层) | 1982年建 | 板楼,http://image1.ljcdn.com/110000-inspection/pc1_kBN3h4P0d_1.jpg.296x216.jpg
20201223,长宁,新华路,满五唯一，西边套厨卫全明，精装修南北两房，楼层佳,420万,2室1厅 | 51.72平米 | 南 | 精装 | 低楼层(共6层) | 1988年建 | 板楼,http://image1.ljcdn.com/110000-inspection/pc1_6HDKhK0Qf_1.jpg.296x216.jpg
20201223,长宁,新华路,满五年 楼  层好 2004年小区 住宅产权房主自荐,890万,3室2厅 | 150.4平米 | 南 | 精装 | 高楼层(共25层) | 2004年建 | 板楼,http://image1.ljcdn.com/310000-inspection/pc1_I94RLydAF_1.jpg.296x216.jpg
20201223,长宁,新华路,内环内，精装修，拎包入住，风格独特,460万,1室1厅 | 55.21平米 | 南 | 精装 | 低楼层(共6层) | 1981年建 | 板楼,http://image1.ljcdn.com/110000-inspection/pc1_OmHfeXiUI_1.jpg.296x216.jpg
20201223,长宁,新华路,满五年唯一， 全明一室户，高区采光好，视野无遮挡,298万,1室1厅 | 43.09平米 | 北 | 精装 | 高楼层(共29层) | 1999年建 | 塔楼,http://image1.ljcdn.com/110000-inspection/pc1_4cDl7fqYw_1.jpg.296x216.jpg
20201223,长宁,新华路,内环内  满五 边套 南北通  大一房一厅 近地铁,273万,1室1厅 | 46.47平米 | 南 | 简装 | 高楼层(共6层) | 1986年建 | 板楼,http://image1.ljcdn.com/110000-inspection/pc1_hv9HTXtdE_1.jpg.296x216.jpg
20201223,长宁,新华路,百年新华路 李嘉诚倾力打造 东南三房 小区闹中取静,1160万,3室2厅 | 146.55平米 | 南 | 其他 | 高楼层(共27层) | 1996年建 | 板塔结合,http://image1.ljcdn.com/110000-inspection/pc1_Eg1sN7zzb_1.jpg.296x216.jpg
20201223,长宁,新华路,近地铁！满五唯一+一梯两户 南北通透2房+产权清晰,385万,2室1厅 | 60平米 | 南 北 | 简装 | 6层 | 1989年建 | 板楼,http://image1.ljcdn.com/310000-inspection/test-8c963240-ab30-4eab-8618-ff0e9ac38046.png.296x216.jpg
20201223,长宁,新华路,小区房龄新品质好！单价低，业主诚意出售！,1450万,4室2厅 | 205.73平米 | 南 | 简装 | 低楼层(共18层) | 2008年建 | 板楼,http://image1.ljcdn.com/110000-inspection/pc1_hLdYIigeT_1.jpg.296x216.jpg
20201223,长宁,新华路,房龄新，世邦魏理仕物业管理，全南视野开阔，日照充足房主自荐,1300万,3室2厅 | 152.83平米 | 南 | 精装 | 中楼层(共28层) | 2007年建 | 塔楼,http://image1.ljcdn.com/110000-inspection/pc1_3xXBis1Nv_1.jpg.296x216.jpg
20201223,长宁,新华路,小高层电梯房，全明户型 ， 精装修，拎包入住，满五。房主自荐,1250万,4室2厅 | 158.2平米 | 南 北 | 精装 | 高楼层(共7层) | 1999年建 | 板楼,http://image1.ljcdn.com/110000-inspection/pc1_O2ad4EhdE_1.jpg.296x216.jpg
20201223,长宁,新华路,华山路+华山绿地+品质小区+南北小三房+满五唯一+车位,1250万,3室1厅 | 133.78平米 | 南 北 | 精装 | 中楼层(共18层) | 1998年建 | 板塔结合,http://image1.ljcdn.com/110000-inspection/pc1_PZc3WuKiX_1.jpg.296x216.jpg
20201223,长宁,新华路,三年前装修+三开间朝南+高区景观房+满五唯一+带车位房主自荐,1050万,3室2厅 | 150.01平米 | 南 | 精装 | 高楼层(共24层) | 1999年建 | 塔楼,http://image1.ljcdn.com/110000-inspection/pc1_1Jjnmc0bg_1.jpg.296x216.jpg
20201223,长宁,新华路,三阳台，满五唯一，高区视野好，近地铁房主自荐,930万,2室1厅 | 105.62平米 | 西 北 | 精装 | 高楼层(共26层) | 1995年建 | 板楼,http://image1.ljcdn.com/110000-inspection/pc1_IVRC8ws9g_1.jpg.296x216.jpg
20201223,长宁,新华路,长宁徐汇交界，满五唯一，电梯小高层，房东诚意出售！,674万,2室1厅 | 85.85平米 | 北 | 简装 | 中楼层(共12层) | 1981年建 | 板塔结合,http://image1.ljcdn.com/110000-inspection/pc1_lWYid98Ig_1.jpg.296x216.jpg
20201223,长宁,新华路,金电大厦 2室1厅 南,720万,2室1厅 | 94.96平米 | 南 | 精装 | 高楼层(共16层) | 1998年建 | 板楼,http://image1.ljcdn.com/110000-inspection/pc1_rsnGmmPci_1.jpg.296x216.jpg
20201223,长宁,新华路,近虹桥路地铁，小高层，低总价，全明三房,747万,3室2厅 | 115平米 | 东南 | 精装 | 低楼层(共16层) | 1996年建 | 塔楼,http://image1.ljcdn.com/110000-inspection/pc1_15hNAbg0H_1.jpg.296x216.jpg
20201223,长宁,新华路,新华商务大楼 3室2厅 南,850万,3室2厅 | 116.15平米 | 南 | 简装 | 中楼层(共18层) | 1999年建 | 板楼,http://image1.ljcdn.com/110000-inspection/pc1_Hup5KfJat_1.jpg.296x216.jpg
20201223,长宁,新华路,地铁口，厅朝东，布局合理。客厅看东方明珠视野无遮挡,988万,2室2厅 | 121.14平米 | 西北 | 精装 | 中楼层(共26层) | 1995年建 | 板楼,http://image1.ljcdn.com/110000-inspection/pc1_1Xk0UQ6Bt_1.jpg.296x216.jpg
20201223,长宁,新华路,长虹小区 1室1厅 南,350万,1室1厅 | 45.84平米 | 南 | 简装 | 低楼层(共6层) | 1987年建 | 板楼,http://image1.ljcdn.com/110000-inspection/pc1_5C3VxyIsu_1.jpg.296x216.jpg
20201223,长宁,新华路,紫勋风雅苑 1室2厅 南新上,642万,1室2厅 | 76.3平米 | 南 | 精装 | 中楼层(共11层) | 2010年建 | 板楼,http://image1.ljcdn.com/110000-inspection/pc1_3xHWVAq92_1.jpg.296x216.jpg
20201223,长宁,新华路,全明两房，品质外销房，诚意出售，看房方便。新上,800万,2室2厅 | 99.69平米 | 西南 | 简装 | 低楼层(共39层) | 1998年建 | 塔楼,http://image1.ljcdn.com/110000-inspection/pc1_laI39zf9H_1.jpg.296x216.jpg
20201223,长宁,新华路,NEW!幸福里旁 带小院子  业主诚意出售 看房需要预约新上,400万,1室1厅 | 47.63平米 | 南 | 简装 | 低楼层(共7层) | 1990年建 | 板楼,http://image1.ljcdn.com/110000-inspection/pc1_rmt7q88yX_1.jpg.296x216.jpg
20201223,长宁,新华路,小高层复式，链接新华别墅，小区安静，旁边就是综合体房主自荐,1230万,4室2厅 | 165.45平米 | 南 | 精装 | 高楼层(共6层) | 1999年建 | 板楼,http://image1.ljcdn.com/310000-inspection/prod-822fcdb7-c287-44ff-abe9-5d8e787a4a88.png.296x216.jpg
20201223,长宁,新华路,中山元一新苑 4室2厅 南,2100万,4室2厅 | 240平米 | 南 | 毛坯 | 高楼层(共8层) | 2002年建 | 板楼,http://image1.ljcdn.com/110000-inspection/pc1_C7uqS5RLE_1.jpg.296x216.jpg
20201223,长宁,新华路,百年新华路，品质宜居小区，小高层电梯房，一梯两户,1100万,3室2厅 | 145.38平米 | 南 | 精装 | 低楼层(共6层) | 1996年建 | 板楼,http://image1.ljcdn.com/110000-inspection/f70fe3d5-7dd0-430d-ade4-7a655c8482d3_1000.jpg.296x216.jpg
20201223,长宁,新华路,税费少 + 高区视野好 + 房龄新+诚意出售,698万,2室1厅 | 102.65平米 | 东 南 | 精装 | 高楼层(共29层) | 1999年建 | 塔楼,http://image1.ljcdn.com/110000-inspection/pc1_z3a2wdoYI_1.jpg.296x216.jpg
20201223,长宁,新华路,长宁区内环内中低好楼层，经典一房，价格可以再商量。,230万,1室1厅 | 34.85平米 | 南 | 简装 | 低楼层(共6层) | 1981年建 | 板楼,http://image1.ljcdn.com/310000-inspection/prod-df296d35-f1ee-4690-a93a-6ae5f0e01fed.jpg.296x216.jpg
20201223,长宁,新华路,值得一看，精心设计，房东自装修，产权清晰房主自荐,430万,2室1厅 | 59.3平米 | 南 北 | 精装 | 高楼层(共7层) | 1988年建 | 板楼,http://image1.ljcdn.com/110000-inspection/pc1_RsQOaPOe4_1.jpg.296x216.jpg
20201223,长宁,新华路,满五唯一 视野开阔 采光充足 配套设施齐全 交通便利,260万,1室1厅 | 38.33平米 | 南 | 简装 | 高楼层(共6层) | 1987年建 | 板楼,http://image1.ljcdn.com/110000-inspection/pc1_0Zd6AtAnP_1.jpg.296x216.jpg
20201223,长宁,新华路,内环内，电梯二房，后排不靠路，安静,635万,2室1厅 | 90.92平米 | 南 | 简装 | 低楼层(共24层) | 1998年建 | 板楼,http://image1.ljcdn.com/110000-inspection/pc1_n17jXv1aw_1.jpg.296x216.jpg
20201223,长宁,新华路,一楼带院子 +地铁3.4.10+看房方便+诚意出售,740万,2室2厅 | 96.87平米 | 南 | 毛坯 | 低楼层(共8层) | 1997年建 | 板楼,http://image1.ljcdn.com/110000-inspection/pc1_X4DwWQFvy_1.jpg.296x216.jpg
20201223,长宁,新华路,海富公寓 3室2厅 南 北,980万,3室2厅 | 139.29平米 | 南 北 | 精装 | 低楼层(共24层) | 1998年建 | 塔楼,http://image1.ljcdn.com/110000-inspection/pc1_TVc8aUotj_1.jpg.296x216.jpg
20201223,长宁,新华路,新华路板块大四房+满五唯一+私用电梯+带产权车位房主自荐,2300万,4室3厅 | 302.05平米 | 东 南 北 | 精装 | 中楼层(共26层) | 2005年建 | 板楼,http://image1.ljcdn.com/310000-inspection/prod-aa75a3ea-b951-4d6d-959f-6429629ae5da.jpg.296x216.jpg
20201223,长宁,新华路,满五，南北通透格局，采光通风俱佳，近公园。,748万,2室2厅 | 89.58平米 | 南 北 | 简装 | 中楼层(共6层) | 1996年建 | 板楼,http://image1.ljcdn.com/110000-inspection/pc1_TZlVSiGUS_1.jpg.296x216.jpg
20201223,长宁,新华路,满五！总价低！单价低！楼层佳，老少皆宜！,195万,1室0厅 | 33.58平米 | 南 | 简装 | 低楼层(共6层) | 1981年建 | 板楼,http://image1.ljcdn.com/110000-inspection/pc1_xh7e1UqLq_1.jpg.296x216.jpg
20201223,长宁,新华路,品质小区，小区自带物业，自带车位，户数少，十分宜居,1430万,3室2厅 | 147.34平米 | 南 | 精装 | 低楼层(共28层) | 2000年建 | 板楼,http://image1.ljcdn.com/110000-inspection/pc1_c5yOYhvgr_1.jpg.296x216.jpg
20201223,长宁,新华路,中山元一新苑 4室3厅 南,1760万,4室3厅 | 228.96平米 | 南 | 精装 | 低楼层(共8层) | 2002年建 | 板楼,http://image1.ljcdn.com/110000-inspection/pc1_a0UZyUYhj_1.jpg.296x216.jpg
20201223,长宁,新华路,化纤小区 1室1厅 南房主自荐,330万,1室1厅 | 48.78平米 | 南 | 精装 | 中楼层(共7层) | 1996年建 | 板楼,http://image1.ljcdn.com/310000-inspection/prod-98c8a28d-7d9b-4590-89d5-3355b0ff0b35.jpg.296x216.jpg
20201223,长宁,新华路,新华路板块罕见顶复+满五唯一+两梯两户+业主诚售房主自荐,2000万,7室2厅 | 244.99平米 | 南 | 精装 | 高楼层(共17层) | 2003年建 | 板楼,http://image1.ljcdn.com/110000-inspection/pc1_cogSRsven_1.jpg.296x216.jpg
20201223,长宁,新华路,华山绿地旁，全明西边套大三房，满五唯一，诚意出售！,1450万,3室2厅 | 148.56平米 | 南 | 简装 | 中楼层(共26层) | 2001年建 | 板楼,http://image1.ljcdn.com/110000-inspection/pc1_aPMgM9A83_1.jpg.296x216.jpg
20201223,长宁,新华路,三轨交汇，全明户型，高区楼层，配套齐全，停车便捷,650万,2室2厅 | 110.48平米 | 西北 | 精装 | 中楼层(共34层) | 1998年建 | 塔楼,http://image1.ljcdn.com/110000-inspection/pc1_4PfI3QLrf_1.jpg.296x216.jpg
20201223,长宁,新华路,正气两房，满五 带花园，业主自住，随时可看，诚售。房主自荐,608万,2室2厅 | 85平米 | 南 | 简装 | 低楼层(共16层) | 1998年建 | 塔楼,http://image1.ljcdn.com/110000-inspection/pc1_p5xTtx7XL_1.jpg.296x216.jpg
20201223,长宁,新华路,延武笋盘两房，阳光充足，单价低，江WU 资源未用房主自荐,437万,2室1厅 | 62.51平米 | 南 北 | 简装 | 高楼层(共22层) | 1990年建 | 塔楼,http://image1.ljcdn.com/110000-inspection/pc1_4qgQenRpb_1.jpg.296x216.jpg
20201223,长宁,新华路,(电梯)两房，位置安静，得房率高，采光好，视野无遮挡,435万,2室1厅 | 59.41平米 | 南 | 精装 | 高楼层(共7层) | 1989年建 | 板楼,http://image1.ljcdn.com/110000-inspection/pc1_WtAv40VLo_1.jpg.296x216.jpg
20201223,长宁,新华路,百年国宾道，南北户型，精装修，地铁公园近，采光好,485万,2室1厅 | 62.98平米 | 南 | 精装 | 低楼层(共6层) | 1986年建 | 板楼,http://image1.ljcdn.com/110000-inspection/pc1_whZ13kr52_1.jpg.296x216.jpg
20201223,长宁,新华路,满五唯一，税费对折，房间格局好，全明户型，高区视野,815万,2室2厅 | 91.41平米 | 南 | 精装 | 中楼层(共20层) | 2001年建 | 板楼,http://image1.ljcdn.com/110000-inspection/pc1_QdEWk3yjC_1.jpg.296x216.jpg
20201223,长宁,新华路,满五不唯一，近地铁，南北通两房，采光通风好,490万,2室1厅 | 56.38平米 | 南 北 | 精装 | 低楼层(共7层) | 1988年建 | 板楼,http://image1.ljcdn.com/110000-inspection/pc1_pDBHPBjwk_1.jpg.296x216.jpg
20201223,长宁,新华路,准电梯房边套全明   装修新 距虹桥路地铁站570米,360万,2室1厅 | 51.03平米 | 南 | 精装 | 高楼层(共6层) | 1984年建 | 板楼,http://image1.ljcdn.com/110000-inspection/pc1_ASWO8g9Av_1.jpg.296x216.jpg
20201223,长宁,新华路,温馨精致装修，近有地铁，实际得房率99.99%,256万,1室1厅 | 27.15平米 | 东 南 | 精装 | 中楼层(共7层) | 1988年建 | 板楼,http://image1.ljcdn.com/110000-inspection/pc1_u3pOlpAKc_1.jpg.296x216.jpg
20201223,长宁,新华路,上海影城旁、高区阳光房、户型方正、一房一厅、诚售房主自荐,289万,1室1厅 | 37.54平米 | 南 | 精装 | 高楼层(共7层) | 1992年建 | 板楼,http://image1.ljcdn.com/110000-inspection/pc1_TAMxPfDHS_1.jpg.296x216.jpg
20201223,长宁,新华路,满五唯一 税费低 一梯两户 停车方便 内环内,850万,2室2厅 | 96.06平米 | 南 | 精装 | 中楼层(共22层) | 2002年建 | 板楼,http://image1.ljcdn.com/110000-inspection/pc1_1s25gTIFU_1.jpg.296x216.jpg
20201223,长宁,新华路,定西路680号 1室1厅 南,248万,1室1厅 | 28.36平米 | 南 | 简装 | 低楼层(共6层) | 1984年建 | 板楼,http://image1.ljcdn.com/110000-inspection/pc1_8unvmYuAN_1.jpg.296x216.jpg
20201223,长宁,新华路,新华路 淮海路 满五唯一 楼层好 总价低 房龄新,260万,1室1厅 | 38.08平米 | 西南 | 简装 | 低楼层(共7层) | 1991年建 | 板楼,http://image1.ljcdn.com/110000-inspection/pc1_0hzSHWBae_1.jpg.296x216.jpg
20201223,长宁,新华路,新出好房+精装修带中空调+位置安静+采光好+看房方便,290万,1室1厅 | 37.15平米 | 南 | 精装 | 高楼层(共6层) | 1995年建 | 板楼,http://image1.ljcdn.com/110000-inspection/pc1_tMlyZWfad_1.jpg.296x216.jpg
20201223,长宁,新华路,新华路，品质三房小高层，南北通，满五，小区在售三房,1050万,3室1厅 | 127.35平米 | 南 | 精装 | 低楼层(共15层) | 1999年建 | 板楼,http://image1.ljcdn.com/110000-inspection/pc1_9XBmzEnUR_1.jpg.296x216.jpg
20201223,长宁,新华路,京河大厦 2室2厅 北 西北,545万,2室2厅 | 97.4平米 | 北 西北 | 精装 | 中楼层(共18层)  | 塔楼,http://image1.ljcdn.com/110000-inspection/pc1_RFPWTFX6F_1.jpg.296x216.jpg
20201223,长宁,新华路,3 4 10号线地铁口 精装修 中yang空调和地暖 拎包入住房主自荐,213万,1室0厅 | 29.59平米 | 南 | 精装 | 高楼层(共5层) | 1983年建 | 板楼,http://image1.ljcdn.com/110000-inspection/pc1_ZHehrqrbj_1.jpg.296x216.jpg
20201223,长宁,新华路,内环内新华路！顶楼复式！满五唯一！钥匙房，房东诚售,1300万,4室3厅 | 209.3平米 | 南 北 | 简装 | 高楼层(共6层) | 1999年建 | 板楼,http://image1.ljcdn.com/110000-inspection/pc1_gxUIDj3uP_1.jpg.296x216.jpg
20201223,长宁,新华路,满五唯一精装边套大一房格局好总价低，内环交通方便,230万,1室0厅 | 34.62平米 | 南 | 精装 | 高楼层(共6层) | 1983年建 | 板楼,http://image1.ljcdn.com/310000-inspection/prod-365e73d5-d97a-4504-922d-e378850b993b.jpg.296x216.jpg
20201223,长宁,新华路,满五唯一 双南户型 楼层好  虹桥路地铁500米,295万,2室0厅 | 48.4平米 | 南 | 简装 | 高楼层(共6层) | 1983年建 | 板楼,http://image1.ljcdn.com/110000-inspection/pc1_KHhpQOUKi_1.jpg.296x216.jpg
20201223,长宁,新华路,满五唯一交大地铁，10\11双轨交汇，高区精装采光通透房主自荐,850万,3室2厅 | 163.61平米 | 西南 | 精装 | 高楼层(共29层) | 1999年建 | 塔楼,http://image1.ljcdn.com/310000-inspection/pc1_WCvsoh8vg_1.jpg.296x216.jpg
20201223,长宁,新华路,电梯小高层，满五唯一，边套全明，一梯两户，得房率高房主自荐,1226万,4室2厅 | 161.26平米 | 南 | 精装 | 低楼层(共7层) | 1999年建 | 板楼,http://image1.ljcdn.com/110000-inspection/pc1_bWbB3dBD1_1.jpg.296x216.jpg
20201223,长宁,新华路,全明户型采光好，满五唯一税费少，看房方便诚意高,606万,2室2厅 | 101.43平米 | 东南 北 | 毛坯 | 低楼层(共28层)  | 塔楼,http://image1.ljcdn.com/110000-inspection/pc1_lujeQDPpq_1.jpg.296x216.jpg
20201223,长宁,新华路,西边套全明户型，产权清晰，业主诚意出售,437万,2室1厅 | 55.43平米 | 南 | 精装 | 高楼层(共6层) | 1981年建 | 板楼,http://image1.ljcdn.com/110000-inspection/pc1_zW37cVJHZ_1.jpg.296x216.jpg
20201223,长宁,新华路,全明户型采光好，大堂式物业管理，看房方便诚意高房主自荐,688万,3室2厅 | 112.04平米 | 东北 | 精装 | 低楼层(共28层)  | 塔楼,http://image1.ljcdn.com/110000-inspection/pc1_6JgF9hB2k_1.jpg.296x216.jpg
20201223,长宁,新华路,满五唯一：税费划算。2、楼层方便，居住适宜。3、交通,450万,2室1厅 | 67.2平米 | 南 | 简装 | 中楼层(共6层) | 1988年建 | 板楼,http://image1.ljcdn.com/110000-inspection/pc1_8VKOhBbez_1.jpg.296x216.jpg
20201223,长宁,新华路,好梦难成，真好房难遇到，房型正,920万,3室2厅 | 141.65平米 | 南 | 精装 | 低楼层(共25层) | 1998年建 | 塔楼,http://image1.ljcdn.com/110000-inspection/pc1_93Xo8PCHw_1.jpg.296x216.jpg
20201223,长宁,新华路,近延安高架+南北两房一厅+家门口公园加地铁+看房方便,410万,2室1厅 | 58.28平米 | 南 | 其他 | 中楼层(共6层) | 1990年建 | 板楼,http://image1.ljcdn.com/110000-inspection/pc1_MHX2y8fSv_1.jpg.296x216.jpg
20201223,长宁,新华路,1990年公房，安静，内环内，采光好,260万,1室1厅 | 39.43平米 | 南 | 简装 | 高楼层(共6层) | 1990年建 | 板楼,http://image1.ljcdn.com/110000-inspection/pc1_5OIZpLoLe_1.jpg.296x216.jpg
20201223,长宁,新华路,内环内交通便利，少有小三房，小区安静位置，采光好,403万,3室1厅 | 66.33平米 | 南 | 简装 | 高楼层(共6层) | 1980年建 | 板楼,http://image1.ljcdn.com/110000-inspection/pc1_5ht75mglp_1.jpg.296x216.jpg
20201223,长宁,新华路,番禺路403号 1室1厅 东 西,338万,1室1厅 | 41.38平米 | 东 西 | 精装 | 中楼层(共6层) | 1976年建 | 板楼,http://image1.ljcdn.com/110000-inspection/pc1_hHPhBQVJN_1.jpg.296x216.jpg
20201223,长宁,新华路,华山绿地边正气三房  房型好 楼层佳，业主诚意卖房主自荐,958万,3室2厅 | 144.51平米 | 西南 | 简装 | 中楼层(共18层)  | 板塔结合,http://image1.ljcdn.com/310000-inspection/prod-edace8da-4095-48f7-9415-2dd7a8279af0.jpg.296x216.jpg
20201223,长宁,新华路,内环内，低总价，近地铁，近延安高架和公园,199万,1室0厅 | 30.18平米 | 南 | 精装 | 高楼层(共6层) | 1966年建 | 板楼,http://image1.ljcdn.com/310000-inspection/prod-2d5369a1-9178-4445-9886-1a3560a36007.jpg.296x216.jpg
20201223,长宁,新华路,高区电梯房+满五唯一+地理位置好+配套成熟+业主诚意卖,450万,1室1厅 | 42.8平米 | 西 北 | 精装 | 高楼层(共35层) | 2003年建 | 板楼,http://image1.ljcdn.com/110000-inspection/pc1_ssztlPWC6_1.jpg.296x216.jpg
20201223,长宁,新华路,百年国宾道、天幕顶复！百平大露台、双车位！豪之选择,5000万,3室2厅 | 315平米 | 南 | 精装 | 高楼层(共8层) | 2010年建 | 板楼,http://image1.ljcdn.com/310000-inspection/prod-40eabc82-5ac8-4925-8f83-113b2243f3c8.jpg.296x216.jpg
20201223,长宁,新华路,单价低，总价低 小区位置好 交通方便  生活配套齐全,230万,1室1厅 | 32.27平米 | 南 | 精装 | 高楼层(共7层) | 1996年建 | 板楼,http://image1.ljcdn.com/310000-inspection/pc1_1ueiYpNZd_1.jpg.296x216.jpg
20201223,长宁,新华路,番禺路222弄  无增值税 小区安静  高层采光好房主自荐,230万,1室1厅 | 40.28平米 | 北 | 简装 | 高楼层(共7层) | 1993年建 | 板楼,http://image1.ljcdn.com/110000-inspection/pc1_iDy64gypg_1.jpg.296x216.jpg
20201223,长宁,新华路,淮海路、新华路三房（税费业主承担+带花园）三条地铁房主自荐,900万,3室2厅 | 126.84平米 | 南 | 精装 | 低楼层(共8层) | 1997年建 | 板楼,http://image1.ljcdn.com/310000-inspection/pc1_r5vBQT1Bu_1.jpg.296x216.jpg
20201223,长宁,新华路,装修1年 +售后公房不唯一+全明户型+楼层好,355万,1室1厅 | 48.02平米 | 东 | 精装 | 高楼层(共20层) | 1994年建 | 塔楼,http://image1.ljcdn.com/310000-inspection/prod-d9b43515-5fb3-4a6c-8980-6baee36ddb13.jpg.296x216.jpg
20201223,长宁,新华路,采光好，税费少，南北通风好，随时看房，周便配套齐,399万,1室1厅 | 43.8平米 | 南 | 简装 | 低楼层(共18层) | 1990年建 | 塔楼,http://image1.ljcdn.com/110000-inspection/pc1_kIOEPar4Y_1.jpg.296x216.jpg
20201223,长宁,新华路,10年次新小区 复式户型 业主诚意  小区环境好,612万,1室2厅 | 76.29平米 | 南 | 精装 | 低楼层(共11层) | 2010年建 | 板楼,http://image1.ljcdn.com/110000-inspection/pc1_lUR5wW9Bj_1.jpg.296x216.jpg
20201223,长宁,新华路,内环内；精装修一房一厅；近江五；中间楼层,415万,1室1厅 | 48.09平米 | 东 | 精装 | 中楼层(共7层) | 1996年建 | 板楼,http://image1.ljcdn.com/110000-inspection/pc1_FDKyghdkp_1.jpg.296x216.jpg
20201223,长宁,新华路,双南两房 有钥匙 税费低 近3.4.10号线虹桥路站房主自荐,325万,2室1厅 | 48.67平米 | 南 | 简装 | 高楼层(共6层) | 1985年建 | 塔楼,http://image1.ljcdn.com/110000-inspection/9f5cba6b-099f-4575-8ed3-34e28549ccfc_1000.jpg.296x216.jpg
20201223,长宁,新华路,内环内总价低一室一厅+近地铁站.房子是满五唯一,199万,1室1厅 | 30.63平米 | 北 | 简装 | 低楼层(共7层) | 1996年建 | 板楼,http://image1.ljcdn.com/110000-inspection/pc1_VwcSlDL45_1.jpg.296x216.jpg
20201223,长宁,新华路,钥匙房 近地铁 诚意出售 两房一厅,295万,2室1厅 | 49.32平米 | 南 | 毛坯 | 高楼层(共6层) | 1988年建 | 板楼,http://image1.ljcdn.com/110000-inspection/pc1_LZfUCVpjI_1.jpg.296x216.jpg
20201223,长宁,新华路,延武机电大楼 1室1厅 北,398万,1室1厅 | 49.9平米 | 北 | 简装 | 中楼层(共22层) | 1990年建 | 塔楼,http://image1.ljcdn.com/110000-inspection/pc1_RASREBm8a_1.jpg.296x216.jpg
20201223,长宁,新华路,内环内有固定车位，视野采光好，居住环境品质高,397万,2室1厅 | 51.71平米 | 南 | 简装 | 高楼层(共6层) | 1987年建 | 板楼,http://image1.ljcdn.com/110000-inspection/pc1_V1JrpAhHR_1.jpg.296x216.jpg
20201223,长宁,新华路,内环内叠加别墅，一层层高3.15米，带20平露台，有车位,1860万,3室2厅 | 185.15平米 | 南 北 | 精装 | 中楼层(共5层) | 2000年建 | 板楼,http://image1.ljcdn.com/310000-inspection/pc1_O8tH8TkSx_1.jpg.296x216.jpg
20201223,长宁,新华路,房子满五年不唯一，看房都方便 诚意出售,290万,1室1厅 | 48.78平米 | 南 | 简装 | 高楼层(共7层) | 1996年建 | 板楼,http://image1.ljcdn.com/310000-inspection/pc1_PROJCV6L2_1.jpg.296x216.jpg
20201223,长宁,新华路,96年房龄 精装修一室户，采光好，方形方正，得房率高,215万,1室0厅 | 33.5平米 | 南 | 简装 | 高楼层(共7层) | 1996年建 | 板楼,http://image1.ljcdn.com/110000-inspection/pc1_S5eeInnuu.jpg.296x216.jpg
20201223,长宁,新华路,满五年，内环内，楼层好，房间大！,325万,2室0厅 | 52.42平米 | 西南 西 | 简装 | 中楼层(共6层) | 1980年建 | 板楼,http://image1.ljcdn.com/310000-inspection/prod-7e9e6e1d-afd2-48f5-8231-6e593151a627.jpg.296x216.jpg
20201223,长宁,新华路,精装修、品牌家具家电、可以拎包入住、交通出行方便、房主自荐,280万,1室1厅 | 38.94平米 | 南 | 精装 | 低楼层(共29层) | 1999年建 | 塔楼,http://image1.ljcdn.com/310000-inspection/prod-a37ed897-14be-4ef7-89f1-e8be0daf7f43.jpg.296x216.jpg
20201223,长宁,新华路,2004年园林小区+厅南北通+延安西路3/4号线+一梯两户,1300万,3室1厅 | 151.42平米 | 南 | 精装 | 低楼层(共15层) | 2003年建 | 板楼,http://image1.ljcdn.com/110000-inspection/pc1_Rnj6n66QE_1.jpg.296x216.jpg
20201223,长宁,新华路,高区全明户型+格局好 视野好+安静适合居住房主自荐,960万,3室2厅 | 125.02平米 | 南 | 精装 | 中楼层(共20层) | 1999年建 | 板楼,http://image1.ljcdn.com/310000-inspection/pc1_R47dVOMsr_1.jpg.296x216.jpg
20201223,长宁,新华路,双南两房， 链接新华别墅，满五唯一，旁边就是综合体,758万,2室1厅 | 90.02平米 | 南 | 精装 | 高楼层(共7层) | 1999年建 | 板楼,http://image1.ljcdn.com/110000-inspection/pc1_24mY4Bo7h_1.jpg.296x216.jpg
20201223,长宁,新华路,大平层：100平客厅+50平套卧+5.5米面宽+会所车位房主自荐,4550万,5室2厅 | 348.89平米 | 南 北 | 精装 | 低楼层(共35层) | 2007年建 | 板楼,http://image1.ljcdn.com/110000-inspection/pc1_6RDlw8cmQ_1.jpg.296x216.jpg
20201223,长宁,新华路,市区少有小高层 高得房率 江五 近中山公园和静安寺房主自荐,1150万,3室2厅 | 135.66平米 | 南 | 简装 | 中楼层(共8层) | 2001年建 | 暂无数据,http://image1.ljcdn.com/110000-inspection/pc1_tWb44nWjG_1.jpg.296x216.jpg
20201223,长宁,新华路,2000小区，地铁、公园旁（新装修+全明）高层，诚售！房主自荐,796万,3室1厅 | 120.68平米 | 南 | 精装 | 中楼层(共16层) | 1998年建 | 塔楼,http://image1.ljcdn.com/110000-inspection/d5e1c9ac-b529-43ac-877c-b2ac0ae41fbe_1000.jpg.296x216.jpg
20201223,长宁,新华路,高区大三房，全朝南，内环内，交通方便,789.8万,3室2厅 | 129.47平米 | 南 | 简装 | 高楼层(共18层)  | 塔楼,http://image1.ljcdn.com/110000-inspection/a20c1d7c-a0c6-49f3-ac47-becfc144c533_1000.jpg.296x216.jpg
20201223,长宁,新华路,3-4-10号线地铁，两房朝东电梯，诚意出售房主自荐,780万,3室1厅 | 120.05平米 | 东南 | 其他 | 低楼层(共16层) | 1996年建 | 塔楼,http://image1.ljcdn.com/110000-inspection/pc1_loGs4bBw6_1.jpg.296x216.jpg
20201223,长宁,新华路,奢华装修配套，满五唯一，无个税。付款方式有惊喜。房主自荐,1280万,3室1厅 | 149.85平米 | 南 | 精装 | 中楼层(共19层) | 2000年建 | 板楼,http://image1.ljcdn.com/110000-inspection/pc1_ZgJ145667_1.jpg.296x216.jpg
20201223,长宁,新华路,南北正三房，户型整齐，视野无遮挡，看房方便诚售。,1250万,3室2厅 | 178.04平米 | 南 | 精装 | 中楼层(共25层) | 2001年建 | 板楼,http://image1.ljcdn.com/110000-inspection/pc1_roy4bunkE_1.jpg.296x216.jpg
20201223,长宁,新华路,坐拥两大公园+全明品质三房+闹中取静+交通便利,830万,3室2厅 | 115.54平米 | 南 | 精装 | 低楼层(共22层) | 1998年建 | 塔楼,http://image1.ljcdn.com/110000-inspection/pc1_8GZjmvOCw_1.jpg.296x216.jpg
20201223,长宁,新华路,全明户型，房型正气，户型方正，配套齐全。,470万,2室1厅 | 65.94平米 | 南 北 | 简装 | 低楼层(共14层) | 1986年建 | 塔楼,http://image1.ljcdn.com/110000-inspection/pc1_QUNJBr8y2_1.jpg.296x216.jpg
20201223,长宁,新华路,《售后公房+随时看房》+近交大地铁站 电梯小高层 ！,880万,3室2厅 | 117.7平米 | 南 | 精装 | 低楼层(共8层) | 1997年建 | 板楼,http://image1.ljcdn.com/110000-inspection/pc1_IBTtqcCik_1.jpg.296x216.jpg
20201223,长宁,新华路,内环内，低总价小三房，高区视野，安静位置，精装,705万,3室1厅 | 92.58平米 | 南 | 精装 | 高楼层(共18层)  | 塔楼,http://image1.ljcdn.com/110000-inspection/pc1_hJPQVTz7I_1.jpg.296x216.jpg
20201223,长宁,新华路,三面采光，双阳台，中间楼层。内环内三房，精装修。房主自荐,526万,3室2厅 | 79平米 | 南 北 | 精装 | 中楼层(共6层) | 1980年建 | 板楼,http://image1.ljcdn.com/110000-inspection/6da48fdd-95af-4cd4-8bf6-f5ba4624c696_1000.jpg.296x216.jpg
20201223,长宁,新华路,满二年不唯一税少，中区视线无遮挡!出门是公园,2180万,3室2厅 | 209平米 | 南 | 精装 | 中楼层(共35层) | 2007年建 | 板楼,http://image1.ljcdn.com/110000-inspection/pc1_phALs95ZG_1.jpg.296x216.jpg
20201223,长宁,新华路,出门就是华山绿地，精装修全明户型，带大花园,980万,2室2厅 | 96.26平米 | 南 | 精装 | 低楼层(共12层) | 2000年建 | 板楼,http://image1.ljcdn.com/110000-inspection/pc1_VSxPdci6J_1.jpg.296x216.jpg
20201223,长宁,新华路,小区闹中取静高区景观采光好，俯瞰新华别墅群,950万,3室2厅 | 124.95平米 | 南 西南 | 简装 | 高楼层(共24层) | 1996年建 | 塔楼,http://image1.ljcdn.com/110000-inspection/pc1_u4kKbntdR_1.jpg.296x216.jpg
20201223,长宁,新华路,淮海世纪花苑 4室2厅 南,1450万,4室2厅 | 150.51平米 | 南 | 精装 | 中楼层(共20层) | 2002年建 | 板楼,http://image1.ljcdn.com/110000-inspection/pc1_gwUorqmj3_1.jpg.296x216.jpg
20201223,长宁,新华路,大理石外立面，洋房带电梯，人车分流，一梯两户,1950万,4室2厅 | 157.8平米 | 南 | 精装 | 中楼层(共7层) | 2004年建 | 板楼,http://image1.ljcdn.com/110000-inspection/pc1_scsWdEEb2_1.jpg.296x216.jpg
20201223,长宁,新华路,户型正，房型佳，采光足，带露台，安静舒适！,545万,3室2厅 | 82.12平米 | 南 | 精装 | 高楼层(共6层) | 1980年建 | 板楼,http://image1.ljcdn.com/110000-inspection/pc1_3JEfqEGZ5_1.jpg.296x216.jpg
20201223,长宁,新华路,满五唯一，三开间朝南，采光通风俱佳，配套齐全,1279万,4室2厅 | 150.51平米 | 南 北 | 精装 | 低楼层(共20层) | 2002年建 | 板楼,http://image1.ljcdn.com/110000-inspection/pc1_tldAZrYUn_1.jpg.296x216.jpg
20201223,长宁,新华路,淮海路售后公房，近地铁，小区安静不吵，看房随时,697万,2室2厅 | 82.81平米 | 南 | 简装 | 中楼层(共24层) | 1999年建 | 塔楼,http://image1.ljcdn.com/110000-inspection/pc1_fSyb5jy3L_1.jpg.296x216.jpg
20201223,长宁,新华路,各付各税+户型方正+近10/11号线交大站+楼层好,800万,2室1厅 | 96.42平米 | 南 | 精装 | 高楼层(共12层) | 1981年建 | 板塔结合,http://image1.ljcdn.com/110000-inspection/pc1_IgwgDBmOQ_1.jpg.296x216.jpg
20201223,长宁,新华路,正力公寓 2室2厅 南,930万,2室2厅 | 126.07平米 | 南 | 精装 | 高楼层(共18层)  | 板塔结合,http://image1.ljcdn.com/110000-inspection/pc1_V6KYtga0r_1.jpg.296x216.jpg
20201223,长宁,新华路,一梯三户，得房率高，视野开阔，闹中取静，无遮挡。,1100万,3室2厅 | 110.08平米 | 南 | 精装 | 中楼层(共17层) | 2000年建 | 板楼,http://image1.ljcdn.com/110000-inspection/pc1_qQ95Wh6Uz_1.jpg.296x216.jpg
20201223,长宁,新华路,番禺路405号 2室1厅 南,479万,2室1厅 | 58.44平米 | 南 | 简装 | 高楼层(共5层) | 1976年建 | 板楼,http://image1.ljcdn.com/110000-inspection/pc1_ITp44R8ks_1.jpg.296x216.jpg
20201223,长宁,新华路,可租车位+婚房装修+带客厅+带天井+看房便捷+业主诚意,280万,2室1厅 | 37.7平米 | 南 | 精装 | 低楼层(共6层) | 1980年建 | 板楼,http://image1.ljcdn.com/110000-inspection/pc1_LptzWyYN8_1.jpg.296x216.jpg
20201223,长宁,新华路,此房买进价格高  税费低 总价低 诚意出售  看房方便房主自荐,578万,2室2厅 | 80.45平米 | 西南 | 简装 | 低楼层(共24层) | 1998年建 | 塔楼,http://image1.ljcdn.com/110000-inspection/pc1_5IIH8pa8J_1.jpg.296x216.jpg
20201223,长宁,新华路,南北通2房，位置好很安静，产权清晰到价签字,495万,2室1厅 | 70.11平米 | 南 北 | 简装 | 低楼层(共6层) | 1986年建 | 板楼,http://image1.ljcdn.com/110000-inspection/pc1_5KSOnnB9H_1.jpg.296x216.jpg
20201223,长宁,新华路,小户型、 电梯房、楼层好、视野开阔、闹中取静,346万,1室1厅 | 44.37平米 | 南 | 简装 | 低楼层(共29层) | 1999年建 | 塔楼,http://image1.ljcdn.com/310000-inspection/pc1_SdtAjupB4_1.jpg.296x216.jpg
20201223,长宁,新华路,一梯一户 三房 拎包即住 管家服务 ，业主出售意愿强烈房主自荐,2545万,3室2厅 | 177.78平米 | 南 | 精装 | 中楼层(共8层)  | 板楼,http://image1.ljcdn.com/310000-inspection/pc1_5XP1F6bTD_1.jpg.296x216.jpg
20201223,长宁,新华路,小区前排，两梯三户东边套全明户型，诚意出售,980万,2室2厅 | 102.33平米 | 南 | 精装 | 低楼层(共23层) | 2003年建 | 板楼,http://image1.ljcdn.com/110000-inspection/pc1_8FZezRwCv_1.jpg.296x216.jpg
20201223,长宁,新华路,精装修全明两房，诚意出售，房型方正，内环交通便利,385万,2室1厅 | 52.68平米 | 东 东南 | 精装 | 中楼层(共6层) | 1983年建 | 板楼,http://image1.ljcdn.com/310000-inspection/pc1_WKbtgO4Cg_1.jpg.296x216.jpg
20201223,长宁,新华路,杨宅路2号 1室1厅 北,190万,1室1厅 | 31.64平米 | 北 | 精装 | 高楼层(共6层) | 1986年建 | 板楼,http://image1.ljcdn.com/310000-inspection/pc1_m9T7PFZJr_1.jpg.296x216.jpg
20201223,长宁,新华路,延武机电大楼 1室1厅 南,375万,1室1厅 | 46.52平米 | 南 | 简装 | 中楼层(共22层) | 1990年建 | 塔楼,http://image1.ljcdn.com/110000-inspection/pc1_jvHvYjwEd_1.jpg.296x216.jpg
20201223,长宁,新华路,满五唯一  生活便利   离地铁站近  业主诚意卖,180万,1室0厅 | 23.01平米 | 北 | 简装 | 6层 | 1988年建 | 板楼,http://image1.ljcdn.com/110000-inspection/03634894-7a06-483c-a022-faea61fe4d0b_1000.jpg.296x216.jpg
20201223,长宁,新华路,房龄新-近地铁虹桥路 精装修，拎包入住，景观视野好,345万,1室1厅 | 53.92平米 | 南 | 精装 | 高楼层(共6层) | 1996年建 | 板楼,http://image1.ljcdn.com/110000-inspection/pc1_VZMWsmGmg_1.jpg.296x216.jpg
20201223,长宁,新华路,满五年 幸福里旁边华山绿地200米，配套成熟 环境优雅,408万,2室1厅 | 58.7平米 | 南 | 毛坯 | 低楼层(共7层) | 1993年建 | 塔楼,http://image1.ljcdn.com/110000-inspection/pc1_NsvlDLk3j_1.jpg.296x216.jpg
20201223,长宁,新华路,内环内高区电梯房，满五唯一，东边套两房一厅，急售,518万,2室1厅 | 78.04平米 | 南 | 精装 | 高楼层(共16层)  | 塔楼,http://image1.ljcdn.com/110000-inspection/pc1_hbDGjG2WR_1.jpg.296x216.jpg
20201223,长宁,新华路,10号11号线交通大学，徐家汇800米，全南两房,450万,2室1厅 | 60.79平米 | 南 | 精装 | 中楼层(共5层) | 1978年建 | 板楼,http://image1.ljcdn.com/110000-inspection/pc1_Gnpnoe4rt_1.jpg.296x216.jpg
20201223,长宁,新华路,双南两室大阳台 地铁口 房东诚售 产权清晰 预约随看,425万,2室1厅 | 63.93平米 | 南 | 毛坯 | 高楼层(共6层) | 1985年建 | 板楼,http://image1.ljcdn.com/110000-inspection/pc1_sgaDeYwYA_1.jpg.296x216.jpg
20201223,长宁,新华路,一楼带天井 税费低 近3.4.10号线虹桥路站  诚意出售,360万,2室1厅 | 51.15平米 | 南 | 简装 | 低楼层(共6层) | 1987年建 | 板楼,http://image1.ljcdn.com/110000-inspection/pc1_UZjQxIr5T_1.jpg.296x216.jpg
20201223,长宁,新华路,长顺路50弄 1室1厅 南房主自荐,295万,1室1厅 | 44.96平米 | 南 | 毛坯 | 高楼层(共6层) | 1985年建 | 板楼,http://image1.ljcdn.com/110000-inspection/pc1_YK6weNU48_1.jpg.296x216.jpg
20201223,长宁,新华路,安东小区 2室1厅 南 北,448万,2室1厅 | 61.68平米 | 南 北 | 简装 | 低楼层(共6层) | 1987年建 | 板楼,http://image1.ljcdn.com/110000-inspection/pc1_zVcJ50r0y_1.jpg.296x216.jpg
20201223,长宁,新华路,中银淮海苑 2室1厅 东南,690万,2室1厅 | 84.94平米 | 东南 | 精装 | 高楼层(共24层) | 1999年建 | 塔楼,http://image1.ljcdn.com/110000-inspection/pc1_HucFWrK1o_1.jpg.296x216.jpg
20201223,长宁,新华路,品质小区，全南两房，全明户型，近华山绿地,1100万,2室1厅 | 103.58平米 | 南 | 简装 | 中楼层(共26层) | 2001年建 | 板楼,http://image1.ljcdn.com/110000-inspection/pc1_KzgAo7Ltv_1.jpg.296x216.jpg
20201223,长宁,新华路,诚意出售，小区环境好，安静，精装修，地铁3，4号线房主自荐,340万,2室1厅 | 52.16平米 | 东 | 精装 | 高楼层(共7层) | 1991年建 | 板楼,http://image1.ljcdn.com/110000-inspection/pc1_OmoCncDUe_1.jpg.296x216.jpg
20201223,长宁,新华路,边套全明，精装修，房型正气，采光好，视野无遮挡,495万,2室1厅 | 70.66平米 | 南 | 精装 | 低楼层(共29层) | 1999年建 | 塔楼,http://image1.ljcdn.com/110000-inspection/pc1_DbKPVfa2l_1.jpg.296x216.jpg
20201223,长宁,新华路,近虹桥路地铁站，中间楼层，全新装修，边套全明户型,280万,1室1厅 | 41.03平米 | 南 | 精装 | 中楼层(共6层) | 1979年建 | 板楼,http://image1.ljcdn.com/310000-inspection/prod-495715ad-594a-4f48-8121-3abd6583175a.jpg.296x216.jpg
20201223,长宁,新华路,徐姑姑推荐：地段好！近地铁！小户型 诚意卖房主自荐,202万,1室1厅 | 36.47平米 | 东南 南 | 精装 | 高楼层(共6层) | 1990年建 | 板楼,http://image1.ljcdn.com/310000-inspection/pc1_D2Y7yn9S6_1.jpg.296x216.jpg
20201223,长宁,新华路,低总价，上海影城旁，92年小区，瓷砖外立面，交通便利,258万,1室1厅 | 32.16平米 | 南 | 简装 | 低楼层(共6层) | 1992年建 | 板楼,http://image1.ljcdn.com/110000-inspection/pc1_SHw2IyzQf_1.jpg.296x216.jpg
20201223,长宁,新华路,法华镇路101弄 2室1厅 南,410万,2室1厅 | 58.72平米 | 南 | 简装 | 高楼层(共7层) | 1984年建 | 板楼,http://image1.ljcdn.com/110000-inspection/pc1_oS845dNDy_1.jpg.296x216.jpg
20201223,长宁,新华路,96年竣工小区 精装修拎包住 户型方正 采光无遮,260万,1室1厅 | 39平米 | 南 | 精装 | 高楼层(共7层) | 1996年建 | 板楼,http://image1.ljcdn.com/310000-inspection/prod-7b4bd489-5e41-4ab6-85fa-1cdb7c0362b3.jpg.296x216.jpg
20201223,长宁,新华路,92年房龄，户型方正，南北通采光好，近宋园路10号线。,682万,2室1厅 | 89.7平米 | 南 | 简装 | 高楼层(共7层) | 1997年建 | 板楼,http://image1.ljcdn.com/310000-inspection/pc1_onG3d8wMF_1.jpg.296x216.jpg
20201223,长宁,新华路,00年品质小区，一梯两户，业主自住诚意出售房主自荐,840万,2室1厅 | 104.85平米 | 南 | 精装 | 低楼层(共18层) | 2000年建 | 板楼,http://image1.ljcdn.com/310000-inspection/pc1_sOPRT99uj_1.jpg.296x216.jpg
20201223,长宁,新华路,内环内 低总价 全明户型 朝南带阳台 交通便利房主自荐,253万,2室1厅 | 41.32平米 | 南 | 简装 | 高楼层(共6层) | 1979年建 | 板楼,http://image1.ljcdn.com/310000-inspection/pc1_10GG2bDRu_1.jpg.296x216.jpg
20201223,长宁,新华路,交通便利，采光好，视野开阔，生活配套齐全，急售房主自荐,240万,1室1厅 | 38.69平米 | 南 | 精装 | 高楼层(共7层) | 1996年建 | 板楼,http://image1.ljcdn.com/310000-inspection/a1438140-8c28-4ebb-aeb2-33f61e0af96e_1000.jpg.296x216.jpg
20201223,长宁,新华路,中高区景观+一梯两户+精装修南北户型,927万,2室2厅 | 104.45平米 | 南 | 精装 | 中楼层(共20层) | 2003年建 | 板楼,http://image1.ljcdn.com/310000-inspection/pc1_lGQnGqy7k_1.jpg.296x216.jpg
20201223,长宁,新华路,本房屋没有增值税及附加 生活便利 配套齐全 离地铁近,199万,1室1厅 | 27.9平米 | 南 | 其他 | 低楼层(共6层) | 1987年建 | 板楼,http://image1.ljcdn.com/110000-inspection/pc1_tZYOjTaDh_1.jpg.296x216.jpg
20201223,长宁,新华路,东边套窗多明亮，闹中取静，交大地铁，4万平绿地公园,407万,2室1厅 | 51.76平米 | 东 | 简装 | 高楼层(共6层) | 1983年建 | 板楼,http://image1.ljcdn.com/110000-inspection/pc1_PlnjrdF0K_1.jpg.296x216.jpg
20201223,长宁,新华路,此房满五唯一，南北通透格局，楼层好，边套户型。,280万,1室1厅 | 43.45平米 | 南 北 | 简装 | 中楼层(共6层) | 1981年建 | 板楼,http://image1.ljcdn.com/110000-inspection/pc1_PxGJo1eyt_1.jpg.296x216.jpg
20201223,长宁,新华路,满五唯一,常规一室户，中间楼层朝南，通透房主自荐,208万,1室0厅 | 31.64平米 | 南 | 简装 | 中楼层(共6层) | 1986年建 | 板楼,http://image1.ljcdn.com/110000-inspection/pc1_dUtqtqrT1_1.jpg.296x216.jpg
20201223,长宁,新华路,内环内，三地铁交汇虹桥路站。位置安静,286万,1室1厅 | 41.68平米 | 南 | 简装 | 高楼层(共6层) | 1986年建 | 板楼,http://image1.ljcdn.com/110000-inspection/pc1_qjKr85fJ1_1.jpg.296x216.jpg
20201223,长宁,新华路,朝南一房一厅 近地铁 位置安静 采光好 楼层好 总价低,280万,1室1厅 | 42.51平米 | 南 | 简装 | 低楼层(共6层) | 1988年建 | 板楼,http://image1.ljcdn.com/110000-inspection/pc1_D7YSnaPeV_1.jpg.296x216.jpg
20201223,长宁,新华路,提醒有个人抵押，走资金监管流程，正因此价格优势明显,216万,1室1厅 | 32.01平米 | 南 | 简装 | 7层 | 1989年建 | 板楼,http://image1.ljcdn.com/110000-inspection/pc1_ObcMFoaBZ_1.jpg.296x216.jpg
20201223,长宁,新华路,产权清晰，户型好，带大阳台，采光无遮挡，诚意出售。,335万,1室1厅 | 44.37平米 | 南 | 简装 | 低楼层(共29层) | 1999年建 | 塔楼,http://image1.ljcdn.com/110000-inspection/pc1_U2Dnkgusn_1.jpg.296x216.jpg
20201223,长宁,新华路,满五唯一，电梯房，高区视野好，近地铁，全明户型。,660万,2室2厅 | 117.18平米 | 东南 北 | 简装 | 高楼层(共34层) | 1998年建 | 塔楼,http://image1.ljcdn.com/110000-inspection/pc1_3KhNVzIbA_1.jpg.296x216.jpg
20201223,长宁,新华路,满五年唯一内环内，售后公房，重建改造过！业主急售,283万,1室1厅 | 39.04平米 | 南 | 精装 | 高楼层(共6层) | 1973年建 | 板楼,http://image1.ljcdn.com/110000-inspection/pc1_zG1MvGOTF_1.jpg.296x216.jpg
20201223,长宁,新华路,满五唯一，总价低，看房方便，满五唯一,320万,1室1厅 | 48.18平米 | 南 | 其他 | 低楼层(共29层) | 1999年建 | 塔楼,http://image1.ljcdn.com/110000-inspection/pc1_jB37vbwTW_1.jpg.296x216.jpg
20201223,长宁,新华路,两房朝南，户型方正，采光充足，房东诚意售！房主自荐,312万,2室1厅 | 48.14平米 | 南 | 简装 | 高楼层(共6层) | 1987年建 | 板楼,http://image1.ljcdn.com/110000-inspection/pc1_drm7d3HD8_1.jpg.296x216.jpg
20201223,长宁,新华路,内环新华路+精装全屋+总价低大二房+高区视野好房主自荐,730万,2室2厅 | 89.14平米 | 南 | 简装 | 中楼层(共25层) | 1998年建 | 塔楼,http://image1.ljcdn.com/110000-inspection/pc1_M7KAAPRk6_1.jpg.296x216.jpg
20201223,长宁,新华路,内环内！住宅产权！04年大复式！单价仅5.3万！,1350万,6室2厅 | 253.67平米 | 南 北 | 精装 | 高楼层(共23层) | 2004年建 | 板楼,http://image1.ljcdn.com/110000-inspection/pc1_5HrS9AHPM_1.jpg.296x216.jpg
20201223,长宁,新华路,满五唯一+近3/4延安西路地铁+公园+南北全明两房一厅,300万,2室1厅 | 48.94平米 | 南 | 简装 | 高楼层(共6层) | 1989年建 | 板楼,http://image1.ljcdn.com/110000-inspection/pc1_pWOHgRpKq_1.jpg.296x216.jpg
20201223,长宁,新华路,3/4/10号地铁站，东边套，诚意出售，满五年，精装修。,314万,2室0厅 | 47.8平米 | 南 | 精装 | 高楼层(共5层) | 1983年建 | 板楼,http://image1.ljcdn.com/110000-inspection/pc1_ltNfgZedE_1.jpg.296x216.jpg
20201223,长宁,新华路,朝南一室户，精装修，房型正气，采光好，视野无遮挡。房主自荐,410万,1室1厅 | 53.94平米 | 南 | 精装 | 低楼层(共29层) | 1999年建 | 塔楼,http://image1.ljcdn.com/110000-inspection/pc1_8IhNijo3X_1.jpg.296x216.jpg
20201223,长宁,新华路,低楼层  配套齐全  业主诚心出售,215万,1室0厅 | 31.45平米 | 北 | 简装 | 低楼层(共7层) | 1993年建 | 板楼,http://image1.ljcdn.com/110000-inspection/92ef3377-5418-4710-a921-bd9a051b934d_1000.jpg.296x216.jpg
20201223,长宁,新华路,此房满五唯一，南北边套，视野宽阔，采光充足,350万,2室1厅 | 47.35平米 | 南 | 简装 | 高楼层(共6层) | 1979年建 | 板楼,http://image1.ljcdn.com/110000-inspection/pc1_9v2AQftVb_1.jpg.296x216.jpg
20201223,长宁,新华路,百年新华路国宾道，精装大一房一厅，业主诚意出售房主自荐,355万,1室1厅 | 39.46平米 | 南 | 精装 | 中楼层(共5层) | 1982年建 | 板楼,http://image1.ljcdn.com/110000-inspection/pc1_75mwWkXcp_1.jpg.296x216.jpg
20201223,长宁,新华路,双南两房！厨卫全明！楼层好，采光通风俱佳，诚售！,398万,2室1厅 | 53.38平米 | 南 | 简装 | 低楼层(共6层) | 1981年建 | 板楼,http://image1.ljcdn.com/110000-inspection/pc1_j3TrxIotf_1.jpg.296x216.jpg
20201223,长宁,新华路,满五唯一，南北通风，产权清晰，业主诚售，价格可谈房主自荐,258万,1室1厅 | 42.08平米 | 南 | 简装 | 高楼层(共5层) | 1984年建 | 板楼,http://image1.ljcdn.com/110000-inspection/pc1_qrfg26Ef4_1.jpg.296x216.jpg
20201223,长宁,新华路,双南两房+3/4/10号虹桥路地铁站+业主急售,415万,2室1厅 | 61平米 | 南 | 简装 | 高楼层(共6层) | 1983年建 | 板楼,http://image1.ljcdn.com/110000-inspection/pc1_XN7CVMQsM_1.jpg.296x216.jpg
20201223,长宁,新华路,内环内，三轨交汇，南北精装修边套两房，诚意卖房主自荐,315万,2室1厅 | 50.42平米 | 南 北 | 精装 | 高楼层(共6层) | 1987年建 | 板楼,http://image1.ljcdn.com/110000-inspection/pc1_ht0PC6TK6_1.jpg.296x216.jpg
20201223,长宁,新华路,精心设计，房东自装修，产权清晰产权清晰，诚意出售,306万,1室1厅 | 40.52平米 | 南 | 精装 | 高楼层(共7层) | 1988年建 | 板楼,http://image1.ljcdn.com/110000-inspection/pc1_U9M2QBcnr_1.jpg.296x216.jpg
20201223,长宁,新华路,复式房型，正常层高不压抑，低总价小户型，房龄新,610万,1室2厅 | 76.29平米 | 南 | 精装 | 低楼层(共11层) | 2010年建 | 板楼,http://image1.ljcdn.com/110000-inspection/pc1_jbkUWpuo1_1.jpg.296x216.jpg
20201223,长宁,新华路,低楼层电梯房，全明户型两室户，业主诚意出售,345万,2室0厅 | 50.82平米 | 东 | 简装 | 低楼层(共29层) | 1999年建 | 塔楼,http://image1.ljcdn.com/110000-inspection/pc1_gmISzcExY_1.jpg.296x216.jpg
20201223,长宁,新华路,内环内精装朝南两房，新华板块，楼层优质。,795万,2室2厅 | 111.37平米 | 南 | 简装 | 中楼层(共29层) | 1999年建 | 塔楼,http://image1.ljcdn.com/110000-inspection/pc1_hnr806DnB_1.jpg.296x216.jpg
20201223,长宁,新华路,内环内电梯房 配套完善 房东诚意出售,360万,1室1厅 | 49.75平米 | 南 | 毛坯 | 低楼层(共22层) | 1990年建 | 塔楼,http://image1.ljcdn.com/110000-inspection/pc1_7MesUZ8yx_1.jpg.296x216.jpg
20201223,长宁,新华路,税费少，边套全明，原始户型，采光充足，业主诚意出售,240万,1室1厅 | 39.14平米 | 南 | 精装 | 高楼层(共6层) | 1983年建 | 板楼,http://image1.ljcdn.com/110000-inspection/pc1_w141JY8eb_1.jpg.296x216.jpg
20201223,长宁,新华路,南北通风好 采光充足 税费低 近3.4.10号线虹桥路站,300万,1室1厅 | 40.46平米 | 南 | 精装 | 中楼层(共6层) | 1986年建 | 板楼,http://image1.ljcdn.com/110000-inspection/pc1_KRDBRYR7B_1.jpg.296x216.jpg
20201223,长宁,新华路,延武机电大楼 1室1厅 西南,350万,1室1厅 | 47.25平米 | 西南 | 精装 | 低楼层(共22层) | 1990年建 | 塔楼,http://image1.ljcdn.com/110000-inspection/pc1_uGQs2kc9m_1.jpg.296x216.jpg
20201223,长宁,新华路,房子满五年唯一，大一房一厅，采光好总价低，拎包即住,305万,1室1厅 | 45.86平米 | 南 | 简装 | 高楼层(共6层) | 1986年建 | 板楼,http://image1.ljcdn.com/110000-inspection/pc1_tPU9csL8l_1.jpg.296x216.jpg
20201223,长宁,新华路,百年新华路+品质大一房+高区采光好+税少成本低,850万,2室2厅 | 86.55平米 | 西南 | 精装 | 高楼层(共10层) | 2002年建 | 板楼,http://image1.ljcdn.com/110000-inspection/pc1_GFRVVGLER_1.jpg.296x216.jpg
20201223,长宁,新华路,满五唯一，视野好采光好，户型方正，近地铁，诚意出售,300万,1室1厅 | 40.53平米 | 南 | 简装 | 高楼层(共7层) | 1988年建 | 板楼,http://image1.ljcdn.com/110000-inspection/pc1_IjxeVYXf8_1.jpg.296x216.jpg
20201223,长宁,新华路,交大地铁口，精装修一房一厅，带电梯，总价低诚意出售,468万,1室1厅 | 52.22平米 | 南 | 精装 | 高楼层(共18层) | 1993年建 | 塔楼,http://image1.ljcdn.com/110000-inspection/pc1_Ij9jJjL7r_1.jpg.296x216.jpg
20201223,长宁,新华路,产权清晰，诚意出售，地铁方便，看房方便。,630万,2室2厅 | 96.98平米 | 南 | 简装 | 低楼层(共24层) | 1999年建 | 塔楼,http://image1.ljcdn.com/110000-inspection/pc1_8vubdvOMa_1.jpg.296x216.jpg
20201223,长宁,新华路,正气双南两房，3/4/10号线虹桥站，日照充足，看房方便,640万,2室2厅 | 105.56平米 | 南 | 简装 | 低楼层(共18层)  | 塔楼,http://image1.ljcdn.com/110000-inspection/pc1_gCrTDDAwz_1.jpg.296x216.jpg
20201223,长宁,新华路,房子户型方正，通透性很好，业主诚意出售,360万,2室1厅 | 50.71平米 | 南 北 | 简装 | 中楼层(共6层) | 1980年建 | 板楼,http://image1.ljcdn.com/110000-inspection/pc1_AjQXfhhJ0_1.jpg.296x216.jpg
20201223,长宁,新华路,大一房一厅，楼层好，总价低，拎包入住,360万,1室1厅 | 44.3平米 | 南 | 精装 | 低楼层(共7层) | 1991年建 | 板楼,http://image1.ljcdn.com/110000-inspection/pc1_mGmEKNtrD_1.jpg.296x216.jpg
20201223,长宁,新华路,国宾新华伫立+91年精品改造小区+精装两房+采光好房主自荐,390万,2室1厅 | 52.82平米 | 东 | 精装 | 中楼层(共7层) | 1991年建 | 板楼,http://image1.ljcdn.com/110000-inspection/pc1_1dMiUPTNy_1.jpg.296x216.jpg
20201223,长宁,新华路,交通大学地铁口，精装修两房，产权清晰，满五唯一,395万,2室1厅 | 49平米 | 南 | 精装 | 高楼层(共7层) | 1984年建 | 板楼,http://image1.ljcdn.com/110000-inspection/pc1_N79JkjUdO_1.jpg.296x216.jpg
20201223,长宁,新华路,新华路，满五唯一，小户型总价低，精装修，诚意出售,260万,1室1厅 | 35.51平米 | 南 | 精装 | 高楼层(共7层) | 1993年建 | 塔楼,http://image1.ljcdn.com/110000-inspection/pc1_XrYCoXAVj_1.jpg.296x216.jpg
20201223,长宁,新华路,内环内，真东边套，5年内婚房精装修,345万,2室1厅 | 54.78平米 | 东 | 精装 | 高楼层(共6层) | 1980年建 | 板楼,http://image1.ljcdn.com/110000-inspection/pc1_KjoXaYCPu_1.jpg.296x216.jpg
20201223,长宁,新华路,边套全明，业主诚售，看房方便，价格可谈。,470万,2室0厅 | 70.73平米 | 南 西南 | 简装 | 中楼层(共29层) | 1999年建 | 塔楼,http://image1.ljcdn.com/110000-inspection/pc1_Ukh9lwvNq_1.jpg.296x216.jpg
20201223,长宁,新华路,内环内，朝南小户型，2楼，有钥匙，看房随时房主自荐,210万,1室0厅 | 34.27平米 | 南 | 简装 | 低楼层(共6层) | 1980年建 | 板楼,http://image1.ljcdn.com/310000-inspection/pc1_cFDYfrekU_1.jpg.296x216.jpg
20201223,长宁,新华路,楼层好，视野宽阔，采光充足，配套设施齐全房主自荐,255万,1室1厅 | 32.41平米 | 南 | 精装 | 中楼层(共6层) | 1987年建 | 板楼,http://image1.ljcdn.com/110000-inspection/pc1_vXcaTrtjx_1.jpg.296x216.jpg
20201223,长宁,新华路,内环内96年小区，近虹桥路地铁站，业主诚意出售,230万,1室0厅 | 34.78平米 | 南 | 简装 | 中楼层(共7层) | 1996年建 | 板楼,http://image1.ljcdn.com/110000-inspection/pc1_3XOaMw5yR_1.jpg.296x216.jpg
20201223,长宁,新华路,小区很安静的位置，高楼层，朝南带户型，交通生活都便,287万,1室1厅 | 38.19平米 | 南 | 简装 | 低楼层(共6层) | 1987年建 | 板楼,http://image1.ljcdn.com/110000-inspection/pc1_815t5oWvc_1.jpg.296x216.jpg
20201223,长宁,新华路,一梯两户，带露台，小区精品小区改造，楼道干净整洁,273万,2室1厅 | 38.51平米 | 南 | 精装 | 高楼层(共6层) | 1985年建 | 板楼,http://image1.ljcdn.com/110000-inspection/pc1_lftyOIUbH_1.jpg.296x216.jpg
20201223,长宁,新华路,番禺大厦 1室0厅 南,275万,1室0厅 | 39.04平米 | 南 | 简装 | 低楼层(共29层) | 1999年建 | 塔楼,http://image1.ljcdn.com/110000-inspection/pc1_do2gOLPeD_1.jpg.296x216.jpg
20201223,长宁,新华路,双南两房，没有户口，楼层好，看房方便,380万,2室1厅 | 51.38平米 | 南 | 简装 | 中楼层(共6层) | 1987年建 | 板楼,http://image1.ljcdn.com/310000-inspection/pc1_HfAIqCdYp_1.jpg.296x216.jpg
20201223,长宁,新华路,近延安高架+边套全明户型+家门口公园加地铁+看房方便,240万,1室1厅 | 36.47平米 | 南 | 精装 | 高楼层(共6层) | 1990年建 | 板楼,http://image1.ljcdn.com/310000-inspection/prod-1ec4bab9-1204-43b3-b0cc-776e73b53386.jpg.296x216.jpg
20201223,长宁,新华路,延武，高区，江五，精装修，看房预约,365万,1室1厅 | 42.91平米 | 南 | 精装 | 高楼层(共22层) | 1990年建 | 塔楼,http://image1.ljcdn.com/110000-inspection/pc1_stxbryELc_1.jpg.296x216.jpg
20201223,长宁,新华路,内环内一房，靠地铁，交通便利，产权清晰，无抵押,240万,1室0厅 | 36.49平米 | 南 | 精装 | 高楼层(共6层) | 1989年建 | 板楼,http://image1.ljcdn.com/110000-inspection/pc1_jCilc9GXP_1.jpg.296x216.jpg
20201223,长宁,新华路,此房满五年，无增值税和个税，采光好，视野无遮挡,246万,1室0厅 | 35.51平米 | 南 北 | 精装 | 高楼层(共7层) | 1993年建 | 塔楼,http://image1.ljcdn.com/110000-inspection/pc1_UPmVIIOZg_1.jpg.296x216.jpg
20201223,长宁,新华路,朝南一室户，采光无遮拦，配套齐全，交通便利,300万,1室1厅 | 37.63平米 | 南 | 精装 | 高楼层(共7层) | 1992年建 | 板楼,http://image1.ljcdn.com/110000-inspection/pc1_PlSdzUEXk_1.jpg.296x216.jpg
20201223,长宁,新华路,中华新村(长宁) 1室0厅 南,185万,1室0厅 | 28.74平米 | 南 | 精装 | 高楼层(共5层) | 1977年建 | 板楼,http://image1.ljcdn.com/110000-inspection/pc1_zHbu9xKWQ_1.jpg.296x216.jpg
20201223,长宁,新华路,售后公房，满五年唯一。免增值税，免个税，中间楼层,585万,2室1厅 | 67.77平米 | 西南 西 | 简装 | 低楼层(共18层) | 1993年建 | 塔楼,http://image1.ljcdn.com/110000-inspection/pc1_oyWCedyxe_1.jpg.296x216.jpg
20201223,长宁,新华路,百年文缘村，老洋房区，带阁楼，挑高5米多！诚意售！,200万,1室1厅 | 27.33平米 | 北 | 简装 | 高楼层(共4层) | 1958年建 | 板楼,http://image1.ljcdn.com/110000-inspection/pc1_4AMzd86no_1.jpg.296x216.jpg
20201223,长宁,新华路,内环内精装一房！三轨交汇！采光好！总价担,208万,1室1厅 | 31.67平米 | 南 | 精装 | 高楼层(共6层) | 1987年建 | 板楼,http://image1.ljcdn.com/110000-inspection/pc1_Z84qDbQCf_1.jpg.296x216.jpg
20201223,长宁,新华路,上海影城旁边大一房  装修干净 清爽  交通便利,268万,1室1厅 | 35.86平米 | 东 | 精装 | 高楼层(共6层) | 1980年建 | 板楼,http://image1.ljcdn.com/110000-inspection/pc1_34p6tcKE4_1.jpg.296x216.jpg
20201223,长宁,新华路,百年国宾道， 南北通全明户型，采光好，税费低。,280万,1室0厅 | 34.44平米 | 南 | 简装 | 高楼层(共6层) | 1988年建 | 板楼,http://image1.ljcdn.com/110000-inspection/pc1_QePyiwcXP_1.jpg.296x216.jpg
20201223,长宁,新华路,东方金门花园 1室1厅 西北,460万,1室1厅 | 42.9平米 | 西北 | 简装 | 中楼层(共35层) | 2003年建 | 板楼,http://image1.ljcdn.com/110000-inspection/pc1_cQzVhco6n_1.jpg.296x216.jpg
20201223,长宁,新华路,法华镇路315弄 1室1厅 南,270万,1室1厅 | 35.72平米 | 南 | 精装 | 高楼层(共7层) | 1992年建 | 板楼,http://image1.ljcdn.com/110000-inspection/pc1_kIADEgZ9S_1.jpg.296x216.jpg
20201223,长宁,新华路,带产权车位，内环内顶楼复式，小区绿化高，闹中取静。,1830万,5室3厅 | 217.32平米 | 南 北 | 精装 | 高楼层(共8层) | 2002年建 | 板楼,http://image1.ljcdn.com/310000-inspection/test-82bf2cd5-0f94-4176-9b00-53aebffdcf41.png.296x216.jpg
20201223,长宁,新华路,淮海西路顶楼复式，出行方便，看房随时,2890万,5室3厅 | 352.99平米 | 南 | 简装 | 高楼层(共26层) | 2001年建 | 板楼,http://image1.ljcdn.com/310000-inspection/prod-7b7c5493-ffc1-40e2-abf7-4c44561b32c2.jpg.296x216.jpg
20201223,长宁,新华路,正看小区花园！业主诚意卖！含产权车位车位！精装修！,2800万,3室2厅 | 217.97平米 | 南 | 精装 | 低楼层(共35层) | 2007年建 | 板楼,http://image1.ljcdn.com/310000-inspection/prod-1fd4437b-6fcd-49a9-a7af-ac490c2ea412.jpg.296x216.jpg
20201223,长宁,新华路,内环内 两房朝南 精装修 安静 交通便利 人文环境好房主自荐,330万,2室1厅 | 50.32平米 | 南 | 精装 | 高楼层(共6层) | 1984年建 | 板楼,http://image1.ljcdn.com/310000-inspection/pc1_ArDYNRlp9_1.jpg.296x216.jpg
20201223,长宁,新华路,新华路品质外销房，南北格局，诚意出售。,1060万,3室1厅 | 121.78平米 | 南 | 精装 | 高楼层(共17层) | 2000年建 | 板楼,http://image1.ljcdn.com/310000-inspection/prod-961b401e-ee23-4465-a24e-a71cc80c129a.jpg.296x216.jpg
20201223,长宁,新华路,内环内精装一室户、视野开阔、采光充足,208万,1室1厅 | 32.96平米 | 南 | 精装 | 高楼层(共6层) | 1987年建 | 板楼,http://image1.ljcdn.com/310000-inspection/test-fdab9c3e-62fc-48b5-b83b-f30b62e5b867.png.296x216.jpg
20201223,长宁,新华路,满五唯一，视野宽阔，采光充足，闹中取静，交通便利房主自荐,289万,1室1厅 | 42.73平米 | 南 | 简装 | 中楼层(共6层) | 1985年建 | 板楼,http://image1.ljcdn.com/310000-inspection/pc1_DOr3FeBQ4_1.jpg.296x216.jpg
20201223,长宁,新华路,内环内低总价三房双卫电梯房；高区南北通透；满五唯一,720万,3室2厅 | 120.8平米 | 南 北 | 简装 | 高楼层(共8层) | 1998年建 | 板楼,http://image1.ljcdn.com/310000-inspection/prod-7bf1a821-9c7e-473b-af59-cd058b486be3.jpg.296x216.jpg
20201223,长宁,新华路,内环内精致小房子，业主诚意出售,228万,1室1厅 | 35.46平米 | 南 | 简装 | 高楼层(共7层) | 1996年建 | 板楼,http://image1.ljcdn.com/110000-inspection/pc1_2plBEvJ25_1.jpg.296x216.jpg
20201223,长宁,新华路,淮海路、新华路（内环新装修、临地铁）南北通，急售！,450万,2室1厅 | 62平米 | 南 北 | 精装 | 中楼层(共6层) | 1987年建 | 板楼,http://image1.ljcdn.com/310000-inspection/test-dcdd3307-a60f-4749-9c6a-9b8ed1e1b1c2.png.296x216.jpg
20201223,长宁,新华路,分门精装修，配套完善，生活舒适,300万,2室0厅 | 47.67平米 | 南 | 精装 | 中楼层(共7层) | 1996年建 | 板楼,http://image1.ljcdn.com/110000-inspection/pc1_U5LZGvF6H_1.jpg.296x216.jpg
20201223,长宁,新华路,西边套全明，楼层好，内环内，采光好，诚意出售！,239万,1室1厅 | 35.35平米 | 南 | 简装 | 中楼层(共5层) | 1977年建 | 板楼,http://image1.ljcdn.com/310000-inspection/prod-9def967c-b019-44a3-ba3d-af7cf4eeaa03.jpg.296x216.jpg
20201223,长宁,新华路,百年新华路，百年文缘村，房东诚意售，安静舒适！,310万,1室0厅 | 37.19平米 | 南 | 精装 | 中楼层(共4层) | 1999年建 | 板楼,http://image1.ljcdn.com/310000-inspection/pc1_I9kTZ1jdD_1.jpg.296x216.jpg
20201223,长宁,新华路,内环内精装朝南一室户+带电梯+采光好视野开阔！,336万,1室0厅 | 47.91平米 | 南 | 精装 | 16层 | 1992年建 | 塔楼,http://image1.ljcdn.com/310000-inspection/prod-37d72b54-c1af-4f0c-bd27-2d6bac27965f.jpg.296x216.jpg
20201223,长宁,新华路,三轨交汇，交通方便，双南户型，全明通透,720万,2室1厅 | 110.48平米 | 南 | 简装 | 低楼层(共34层) | 1998年建 | 塔楼,http://image1.ljcdn.com/310000-inspection/prod-8c97a8eb-f9ff-4d6a-ba17-883f891d77c9.jpg.296x216.jpg
20201223,长宁,新华路,此房楼层好，全明户型，视野开阔，看房方便！,650万,3室1厅 | 92.58平米 | 南 西 | 简装 | 高楼层(共18层) | 1994年建 | 塔楼,http://image1.ljcdn.com/110000-inspection/pc1_TJsFuffvQ_1.jpg.296x216.jpg
20201223,长宁,新华路,假日苑 3室2厅 南,850万,3室2厅 | 107平米 | 南 | 简装 | 低楼层(共8层) | 1997年建 | 板楼,http://image1.ljcdn.com/110000-inspection/pc1_kvNtSF2Ks_1.jpg.296x216.jpg
20201223,长宁,新华路,婚房精装修+东边套+全明户型+售后公房+中高楼层,690万,2室1厅 | 81.21平米 | 南 | 精装 | 中楼层(共24层) | 1999年建 | 塔楼,http://image1.ljcdn.com/110000-inspection/pc1_fkNwwoY6u_1.jpg.296x216.jpg
20201223,长宁,新华路,满五唯一，带花园，近虹桥路地铁，出行方便！,245万,1室1厅 | 35.11平米 | 南 | 简装 | 低楼层(共6层) | 1983年建 | 板楼,http://image1.ljcdn.com/110000-inspection/pc1_KrTDutUf7_1.jpg.296x216.jpg
20201223,长宁,新华路,整幢新式里弄，带花园露台，闹中取静，宁静超脱,4500万,6室3厅 | 341平米 | 南 | 简装 | 低楼层(共3层) | 1930年建 | 塔楼,http://image1.ljcdn.com/shfdfs-image/20170515/7d7e85ef-2302-47c5-9bfa-96ecfb672eec.jpg.296x216.jpg
20201223,长宁,新华路,01年板式楼。交通方便，配套齐全。两房两厅两卫,929万,2室2厅 | 119.55平米 | 南 | 其他 | 高楼层(共25层) | 2001年建 | 板楼,http://image1.ljcdn.com/shfdfs-image/20160621/386d3df9-2235-4b18-84a1-e9a72d0b7a6b.jpg.296x216.jpg
20201223,长宁,新华路,精装修，地段好，近公园，北面厨房不计产证面积,330万,2室1厅 | 41.29平米 | 南 | 其他 | 高楼层(共7层) | 1984年建 | 板楼,http://image1.ljcdn.com/shfdfs-image/20170822/7822e823-063c-45f2-9c59-7083ec3aa085.jpg.296x216.jpg
20201223,长宁,新华路,内环内，两房朝南，次新小区，交通便利，业主诚心出售,870万,2室2厅 | 119.55平米 | 南 | 简装 | 低楼层(共25层) | 2001年建 | 板楼,http://image1.ljcdn.com/310000-inspection/rsp_pic_upload9ca71dda-cdb4-46e2-9961-52676a10c787.jpg.296x216.jpg
20201223,长宁,新华路,3居室：满五税少+对口法三+阳台x2+地铁3,4号线+诚售~房主自荐,499万,3室1厅 | 85.98平米 | 南 | 精装 | 高楼层(共6层) | 1986年建 | 板楼,http://image1.ljcdn.com/shfdfs-image/20160902/ac20378b-1999-4dda-8aa8-43b75a13b585.jpg.296x216.jpg
20201223,长宁,新华路,百年国宾道，低密度洋房社区，80平南北花园，带车位房主自荐,5100万,5室3厅 | 346.27平米 | 南 北 | 精装 | 低楼层(共8层) | 2010年建 | 板楼,http://image1.ljcdn.com/310000-inspection/d5e661f4-d160-4dc9-aa42-9fec725eb90b.jpg.296x216.jpg
20201223,长宁,新华路,湘江大厦 3室2厅 西南,650万,3室2厅 | 147.49平米 | 西南 | 精装 | 中楼层(共22层) | 1998年建 | 塔楼,http://image1.ljcdn.com/310000-inspection/d0ff2f6d-2fc8-45d4-8645-a55908369675.jpg.296x216.jpg
20201223,长宁,新华路,淮海路花园洋房，整栋品相佳，位置安静,7000万,5室3厅 | 260平米 | 南 | 精装 | 低楼层(共3层) | 1947年建 | 板楼,http://image1.ljcdn.com/310000-inspection/356157f6-1e2b-43c2-87cf-5e365b0a5014.jpg.296x216.jpg
20201223,长宁,新华路,内环内，朝南高区一室户，电梯房，满五年，产权清晰,330万,1室1厅 | 44.42平米 | 南 | 精装 | 中楼层(共29层) | 1999年建 | 塔楼,http://image1.ljcdn.com/110000-inspection/d9d2e48a2f85f54197bc6793aa76a7e9-054.jpg.296x216.jpg
20201223,长宁,新华路,内环内，朝南高区一室户，电梯房，满五年，产权清晰,330万,1室1厅 | 44.42平米 | 南 | 精装 | 中楼层(共29层) | 1999年建 | 塔楼,http://image1.ljcdn.com/110000-inspection/d9339f1ef39ec4a0c944c141788ffb52-090.jpg.296x216.jpg
20201223,长宁,新华路,新华路保护建筑，占地大！独栋、四面临空花园洋房！精,8500万,5室3厅 | 399.5平米 | 南 | 精装 | 低楼层(共2层) | 1996年建 | 板楼,http://image1.ljcdn.com/shfdfs-image/20160512/37c4e98a-8db4-4f96-bc89-a8b746e2be80.jpg.296x216.jpg
20201223,长宁,新华路,近延安西路地铁站 采光充足前排采光好 烫金地段,268万,1室1厅 | 43.99平米 | 南 | 简装 | 6层 | 1988年建 | 板楼,http://image1.ljcdn.com/110000-inspection/67c77d5ae5955d360b15409243715515-070.jpg.296x216.jpg
20201223,长宁,新华路,内环内96年房龄，看房便利，出行方便3/4/10号线虹桥路,265万,2室0厅 | 47.67平米 | 南 北 | 简装 | 高楼层(共7层) | 1996年建 | 板楼,http://image1.ljcdn.com/110000-inspection/c9cc475a4be0ae86436f6377a711a4ee-048.jpg.296x216.jpg
20201223,长宁,新华路,房子96年房龄，内环内，出行方便，看房便利，诚意出售,255万,2室0厅 | 45.43平米 | 南 北 | 简装 | 高楼层(共7层) | 1996年建 | 板楼,http://image1.ljcdn.com/110000-inspection/4ad3ba0bba7b82a7e46000939d1b89d0-069.jpg.296x216.jpg
20201223,长宁,新华路,南洋虹桥公寓、三房750万、真的房源、真实在售,749万,3室2厅 | 124.36平米 | 南 | 简装 | 低楼层(共16层) | 1996年建 | 塔楼,http://image1.ljcdn.com/shfdfs-image/20160512/374d8e9d-cfd5-49ae-be2c-bcd6b7bd8253.jpg.296x216.jpg
20201223,长宁,新华路,96年房龄 小面积两房 总价低 满五唯一 精装修 楼层好,265万,2室0厅 | 40.91平米 | 南 | 精装 | 中楼层(共7层) | 1996年建 | 板楼,http://image1.ljcdn.com/310000-inspection/e20ad757-9fe1-428b-b861-fdb830740995.jpg.296x216.jpg
20201223,长宁,新华路,满五不唯一，免增值税，中高层视野宽阔，诚意出售,380万,2室1厅 | 52.34平米 | 南 | 简装 | 中楼层(共6层) | 1985年建 | 板楼,
20201223,长宁,新华路,内环内，虹桥路地铁站，南北两房，厨卫全明两室户,364万,2室1厅 | 49.08平米 | 南 | 简装 | 高楼层(共6层) | 1985年建 | 板楼,http://image1.ljcdn.com/shfdfs-image/20170424/ef754d32-2bc9-4c86-9fa4-7b94523b9005.jpg.296x216.jpg
20201223,长宁,新华路,品质外销房，百年国宾道，闹中取静，车位充足。,999万,4室1厅 | 138.15平米 | 南 | 简装 | 低楼层(共27层) | 1998年建 | 板塔结合,http://image1.ljcdn.com/310000-inspection/6c080247-ce88-4aab-8d26-bc06220b5ffb.jpg.296x216.jpg
20201223,长宁,新华路,低总价精装一房；楼层好；地段好；业主诚意出售！新上,263万,1室0厅 | 28.49平米 | 南 | 精装 | 中楼层(共6层) | 1987年建 | 板楼,http://image1.ljcdn.com/x-se/310000-frame/rsp_pic_upload8efeb6d9-065e-4961-b7db-8c67e29ae109.jpg.296x216.jpg
20201223,长宁,新华路,国宾板块品质小区+高区维一在售+可满二交易+税费做平,2549万,3室2厅 | 175平米 | 南 | 精装 | 高楼层(共8层) | 2014年建 | 板楼,http://image1.ljcdn.com/310000-inspection/4c5c48bd-2e43-4608-a1b3-754d901a7e3d.jpg.296x216.jpg
20201223,长宁,新华路,佳信都市花园(公寓) 3室2厅 南,1080万,3室2厅 | 137.74平米 | 南 | 精装 | 低楼层(共15层) | 1998年建 | 板楼,
20201223,长宁,新华路,近3/4线延安西路地铁站+中高楼层+视野采光好+方便看,310万,2室1厅 | 50.9平米 | 南 | 简装 | 高楼层(共6层) | 1987年建 | 板楼,http://image1.ljcdn.com/110000-inspection/2c257c441af6d5a51e38ae0be82c7a2f-093.jpg.296x216.jpg
20201223,长宁,新华路,新华路，地段好，朝南，安静舒适，业主诚意出售！,485万,2室1厅 | 60.17平米 | 南 | 简装 | 低楼层(共5层) | 1999年建 | 板楼,http://image1.ljcdn.com/110000-inspection/bab3720e67b224b5a0a398d50aaea7a4-086.jpg.296x216.jpg
20201223,长宁,新华路,此房满五唯一，普通住宅，上家没有增值税和个税，江五,460万,2室1厅 | 59.65平米 | 南 | 简装 | 中楼层(共22层) | 1993年建 | 塔楼,http://image1.ljcdn.com/x-se/hdic-frame/3f29ead4-e152-4d3f-b8c5-1aed777777f9.png.296x216.jpg
20201223,长宁,新华路,满五唯一 地段好 近地铁虹桥路  带小花园精装修,292万,1室0厅 | 33.11平米 | 南 | 精装 | 低楼层(共6层) | 1997年建 | 板楼,
20201223,长宁,新华路,地铁3,4号线  地段好 阳光充足  设施完善  诚意卖,280万,2室1厅 | 41.48平米 | 南 北 | 简装 | 低楼层(共6层) | 1988年建 | 板楼,http://image1.ljcdn.com/310000-inspection/40972a3b-c5b8-4080-9856-279a472b0ddb.jpg.296x216.jpg
20201223,长宁,新华路,新华路一号 4室2厅 南新上,4650万,4室2厅 | 279.15平米 | 南 | 精装 | 高楼层(共8层) | 2010年建 | 板楼,
20201223,长宁,新华路,华山夏都苑 3室2厅 东 东南 南新上,2800万,3室2厅 | 220.64平米 | 东 东南 南 | 精装 | 高楼层(共35层) | 2007年建 | 板楼,http://image1.ljcdn.com/x-se/hdic-frame/f3db94b7-73ac-4d6f-aa8f-e8b82fba514d.png.296x216.jpg
20201223,长宁,新华路,满五唯一，双南两房，两个房间大，近虹桥路地铁新上,355万,2室1厅 | 50.48平米 | 南 | 简装 | 低楼层(共6层) | 1987年建 | 板楼,
20201223,长宁,新华路,宋园路地铁口，全朝南三房，阳光好，采光好房主自荐,860万,3室2厅 | 129.47平米 | 南 | 精装 | 高楼层(共18层) | 1994年建 | 塔楼,
20201223,长宁,新华路,近地铁.近商场.无遮挡.诚意出售.到价签字.得房率高,580万,2室2厅 | 138.28平米 | 东南 | 精装 | 中楼层(共5层)  | 板楼,
20201223,长宁,新华路,近地铁.近商场.无遮挡采光好.诚意出售.到价签字,580万,2室1厅 | 138.25平米 | 东北 | 精装 | 中楼层(共5层) | 1998年建 | 板楼,
20201223,长宁,新华路,150米地铁，诚售。向南全明户型，楼层好，出行便利。,235万,1室1厅 | 35.55平米 | 南 北 | 简装 | 高楼层(共6层) | 1986年建 | 板楼,
20201223,长宁,新华路,地铁沿线+绿地为伴+诚意出售+拎包入住,315万,2室1厅 | 52.1平米 | 南 | 精装 | 7层 | 1989年建 | 板楼,http://image1.ljcdn.com/310000-inspection/afdff303-6a41-4ec6-9367-28ac39d246da.jpg.296x216.jpg
20201223,长宁,新华路,满五唯一内环内、精装一梯两户，近虹桥地铁站，配套全房主自荐,900万,3室2厅 | 114.83平米 | 南 | 精装 | 低楼层(共17层) | 2001年建 | 板楼,http://image1.ljcdn.com/x-se/hdic-frame/f5b23633-d609-4917-9d19-dd31f5f2fbe6.jpg.296x216.jpg
20201223,长宁,新华路,近地铁.近商场.采光好.诚意出售.到价签字.得房率高,580万,2室2厅 | 138.25平米 | 南 | 其他 | 中楼层(共5层)  | 板楼,
20201223,长宁,新华路,华山丽苑10楼带景观阳台  带车位  业主换房诚意出售,2375万,3室2厅 | 229.88平米 | 南 | 精装 | 低楼层(共36层) | 2007年建 | 板楼,http://image1.ljcdn.com/x-se/hdic-frame/fc88dba8-29ae-4ddc-a893-cb719a47001c.png.296x216.jpg
20201223,长宁,新华路,内环内，一房一厅，格局合理，楼层好房主自荐,278万,1室1厅 | 40.2平米 | 南 | 精装 | 中楼层(共6层) | 1983年建 | 板楼,
20201223,长宁,新华路,户型方正， 满五年不唯一 ，通风好，小区幽而静,700万,2室1厅 | 96.78平米 | 南 | 精装 | 低楼层(共24层) | 1999年建 | 塔楼,http://image1.ljcdn.com/x-se/hdic-frame/9360ae54-3c31-4a22-a319-8424366cb3bb.png.296x216.jpg
20201223,长宁,新华路,湘江大厦 1室1厅 南,450万,1室1厅 | 102.12平米 | 南 | 简装 | 高楼层(共22层) | 1998年建 | 塔楼,http://image1.ljcdn.com/x-se/hdic-frame/prod-94d45f67-345e-432d-b449-c87863b2547a.png.296x216.jpg
20201223,长宁,新华路,百年国宾道，新华路品质叠墅，花园与阳光房,2890万,3室3厅 | 208.25平米 | 南 北 | 精装 | 低楼层(共3层) | 2004年建 | 板楼,http://image1.ljcdn.com/110000-inspection/b7cc6a10-eb88-4108-91c6-a76fb40ce46c.jpeg.296x216.jpg
20201223,长宁,新华路,一梯两户，三轨交汇，附院子，看房方便房主自荐,850万,2室2厅 | 115.59平米 | 南 | 精装 | 低楼层(共8层) | 1997年建 | 板楼,http://image1.ljcdn.com/110000-inspection/5932da44-1e87-4fa8-9aa6-4c8abaa1f765.jpeg.296x216.jpg
20201223,长宁,新华路,内环内小三房 +房型正视野宽阔+ 采光充足 +交通便利房主自荐,750万,3室1厅 | 92.58平米 | 南 | 简装 | 中楼层(共18层)  | 塔楼,http://image1.ljcdn.com/x-se/hdic-frame/b7fb6a10-c003-4fbd-a998-6fdc97bc25cb.png.296x216.jpg
20201223,长宁,新华路,时代大厦 2室2厅 西,400万,2室2厅 | 122.82平米 | 西 | 简装 | 中楼层(共26层) | 1998年建 | 塔楼,
20201223,长宁,新华路,近交通大学地铁，售后公房税费各付，全南三房，新华路,1100万,3室1厅 | 115.09平米 | 南 北 | 精装 | 高楼层(共22层) | 1997年建 | 板楼,http://image1.ljcdn.com/x-se/hdic-frame/test-13a0dd3c-921d-4890-9397-415de0ba7f6a.png.296x216.jpg
20201223,长宁,新华路,锦海大厦(长宁) 2室2厅 西北,560万,2室2厅 | 110.48平米 | 西北 | 精装 | 中楼层(共34层) | 1998年建 | 塔楼,http://image1.ljcdn.com/x-se/hdic-frame/ff8f30c2-83c9-4642-a8d3-5fc5b41daa93.png.296x216.jpg
20201223,长宁,新华路,延武机电大楼 1室1厅 南,458万,1室1厅 | 55.09平米 | 南 | 精装 | 高楼层(共22层) | 1990年建 | 塔楼,
20201223,长宁,新华路,新华路板块地段好，户型端正、中间楼层，业主诚意,950万,3室2厅 | 139.29平米 | 南 | 精装 | 高楼层(共24层) | 1998年建 | 塔楼,
20201223,长宁,新华路,视野广阔，采光好，小区配套设施完善，物业管理严禁,500万,1室1厅 | 66.76平米 | 西北 | 简装 | 中楼层(共18层)  | 板塔结合,http://image1.ljcdn.com/x-se/hdic-frame/c1c7a7d4-2e9c-4391-a3f3-bff125e804b3.png.296x216.jpg
20201223,长宁,新华路,满五唯一，诚意出售，高区采光，近地铁,200万,1室0厅 | 26.29平米 | 西南 | 精装 | 高楼层(共6层) | 1989年建 | 板楼,
20201223,长宁,新华路,满五年 总价低 税费低 看房方便 近绿地公园 配套齐全,1216万,5室2厅 | 258.88平米 | 南 | 毛坯 | 低楼层(共29层) | 2002年建 | 塔楼,http://image1.ljcdn.com/x-se/hdic-frame/55edc87b-3275-4f3b-b6b7-c38f4b81e825.png.296x216.jpg
20201223,长宁,新华路,内环内两房带厅，高区全明户型，业主诚意出售,600万,2室2厅 | 87.64平米 | 南 北 | 毛坯 | 中楼层(共16层)  | 塔楼,http://image1.ljcdn.com/x-se/hdic-frame/7c0be900-e6dc-4be8-b4f1-aec521cbb4a6.png.296x216.jpg
20201223,长宁,新华路,3层顶楼复式带60平大露台+看新里洋房景观，视野好,7800万,3室6厅 | 592.53平米 | 南 北 | 精装 | 高楼层(共35层) | 2007年建 | 板楼,
20201223,长宁,新华路,百年文缘村，复式三房，安静，买一层，带一层，精装！,800万,3室2厅 | 91.14平米 | 南 北 | 精装 | 高楼层(共4层) | 1958年建 | 板楼,
20201223,长宁,新华路,满五唯一税费少，小面积80.45平方，总价低，楼层高,640万,2室1厅 | 80.45平米 | 南 西南 | 简装 | 高楼层(共24层) | 1998年建 | 塔楼,
20201223,长宁,新华路,楼层好，采光好，位置安静。内环内近地铁站,190万,1室0厅 | 28.74平米 | 南 | 精装 | 中楼层(共5层) | 1981年建 | 板楼,http://image1.ljcdn.com/x-se/hdic-frame/test-3474e288-c2c1-411f-837a-91841eb6035c.png.296x216.jpg
20201223,长宁,新华路,交大地铁口 全明三房 买进价高，税费少，业主急卖,1199万,3室2厅 | 131.64平米 | 西南 | 精装 | 低楼层(共29层) | 2003年建 | 板楼,http://image1.ljcdn.com/x-se/hdic-frame/8c31ef20-2d88-41db-b193-3ac402bd5814.png.296x216.jpg
20201223,长宁,新华路,一楼带院子 采光充足 税费低 近3.4.10号线虹桥路站,235万,1室1厅 | 32.88平米 | 南 | 简装 | 低楼层(共6层) | 1987年建 | 板楼,
20201223,长宁,新华路,外销房超高得房率，全明3房，满五唯一，近公园地铁,770万,3室2厅 | 97.53平米 | 北 | 简装 | 低楼层(共8层) | 1995年建 | 板楼,
20201223,长宁,新华路,文艺大楼 2室1厅 北,569万,2室1厅 | 74.85平米 | 北 | 简装 | 低楼层(共12层) | 1981年建 | 板塔结合,
20201223,长宁,新华路,长虹小区 1室1厅 南,290万,1室1厅 | 40.79平米 | 南 | 简装 | 高楼层(共6层) | 1988年建 | 板楼,http://image1.ljcdn.com/x-se/310000-frame/b926e6f6-9eea-4065-83a9-627f06e6671d.jpg.296x216.jpg
20201223,长宁,新华路,此房各付各税，客户只需要承担契税，中高区视野采光好,1100万,3室2厅 | 159.22平米 | 南 | 精装 | 中楼层(共24层) | 1998年建 | 板楼,
20201223,长宁,新华路,内环内10年小区，出行3/4/10号线，配套齐全，诚意出售,621万,1室2厅 | 72平米 | 南 | 精装 | 中楼层(共11层) | 2010年建 | 板楼,http://image1.ljcdn.com/x-se/310000-frame/85630692-8ce5-4720-a449-6b6233cb2570.png.296x216.jpg
20201223,长宁,新华路,新华路边的少有的一居室，环境好，氛围好,207万,1室1厅 | 29.98平米 | 南 | 精装 | 高楼层(共6层) | 1982年建 | 板楼,http://image1.ljcdn.com/x-se/hdic-frame/d8370666-ea8e-46a5-b938-c9bfffeed188.png.296x216.jpg
20201223,长宁,新华路,2号楼高区02户型东南看华山绿地全景、满五唯一含车位,2650万,3室1厅 | 229.61平米 | 东南 | 精装 | 高楼层(共36层) | 2007年建 | 板楼,http://image1.ljcdn.com/x-se/hdic-frame/prod-0d6d5fa5-9cb0-440d-8e23-5dcbec29b48b.png.296x216.jpg
20201223,长宁,新华路,内环内，顶层带阁楼，总价低，设计师装修，拎包入住,238万,1室0厅 | 26.33平米 | 南 | 精装 | 高楼层(共4层) | 1964年建 | 板楼,http://image1.ljcdn.com/x-se/hdic-frame/5424e420-1917-4594-89e2-3379ef804122.jpg.296x216.jpg
20201223,长宁,新华路,朝向好 高区景观房 品质小区 您值得拥有,980万,3室2厅 | 132.27平米 | 南 | 简装 | 高楼层(共39层) | 1998年建 | 塔楼,http://image1.ljcdn.com/x-se/shfdfs-image/20161224/a9e4b67d-a0d7-4042-9219-386552be0333.jpg.296x216.jpg
20201223,长宁,新华路,湖南路品质大宅，有车位，衡复历史风貌景观，诚意出售,2600万,3室2厅 | 214.8平米 | 南 | 精装 | 中楼层(共35层)  | 板楼,http://image1.ljcdn.com/x-se/shfdfs-image/20141225/0f533bcd-c035-4249-9cdf-4f44bc7c87ac.jpg.296x216.jpg
20201223,长宁,新华路,内环内地铁口 中高楼层 位置安静 通风采光好,290万,1室1厅 | 40.8平米 | 南 | 毛坯 | 中楼层(共6层) | 1987年建 | 板楼,http://image1.ljcdn.com/x-se/hdic-frame/e5f604b0-b225-4376-96ed-8ea781eb728b.png.296x216.jpg
20201223,长宁,新华路,内环内，新华路淮海路，3/4/10号线，低价两房交通便利,620万,2室2厅 | 117.18平米 | 北 | 简装 | 低楼层(共34层) | 1998年建 | 塔楼,http://image1.ljcdn.com/x-se/hdic-frame/65b4dae9-ab18-4290-b04f-c8ff074b15df.png.296x216.jpg
20201223,长宁,新华路,新华路445弄 1室1厅 南,370万,1室1厅 | 44.44平米 | 南 | 精装 | 中楼层(共5层) | 1964年建 | 板楼,http://image1.ljcdn.com/x-se/310000-frame/0a1265c5-c99c-449e-990c-a24e6b5d1e61.jpg.296x216.jpg
20201223,长宁,新华路,西镇小区(长宁) 1室1厅 南,270万,1室1厅 | 36.69平米 | 南 | 简装 | 高楼层(共7层) | 1988年建 | 板楼,http://image1.ljcdn.com/x-se/hdic-frame/fc1ba1a4-89ed-4d84-9f4f-67b9f16326db.png.296x216.jpg
20201223,长宁,新华路,交通大学地铁口 近华山路 精装修,460万,2室0厅 | 49.81平米 | 南 | 精装 | 低楼层(共6层) | 1981年建 | 板楼,http://image1.ljcdn.com/x-se/hdic-frame/2a4ea446-f38b-4bc9-a2c4-293e4a03a46a.png.296x216.jpg
20201223,长宁,新华路,海富公寓 3室2厅 南,950万,3室2厅 | 150.01平米 | 南 | 简装 | 低楼层(共24层) | 1999年建 | 塔楼,http://image1.ljcdn.com/x-se/hdic-frame/7fa61046-fca6-444a-bfd7-a0fe1f7734ee.png.296x216.jpg
20201223,长宁,新华路,海富公寓 3室2厅 北,940万,3室2厅 | 139.29平米 | 北 | 精装 | 低楼层(共24层) | 1998年建 | 塔楼,http://image1.ljcdn.com/x-se/hdic-frame/c2affa26-e4e5-4deb-a62b-fe825b174e05.png.296x216.jpg
20201223,长宁,新华路,迎龙大厦(公寓) 3室2厅 南 北,900万,3室2厅 | 150.4平米 | 南 北 | 精装 | 中楼层(共25层) | 2004年建 | 板楼,http://image1.ljcdn.com/310000-inspection/pc1_4NachWg7F_1.jpg.296x216.jpg
20201223,长宁,新华路,内环内中区采光楼层好配套设施齐全交通便利户型方正,207万,1室0厅 | 40.5平米 | 东南 | 精装 | 低楼层(共6层) | 1966年建 | 板楼,http://image1.ljcdn.com/310000-inspection/prod-2194ce35-3e35-43b2-a700-70727ca4cbe3.jpg.296x216.jpg
20201223,长宁,新华路,中华小区 2室1厅 南,380万,2室1厅 | 50.11平米 | 南 | 其他 | 高楼层(共7层) | 1996年建 | 板楼,http://image1.ljcdn.com/310000-inspection/pc1_l4atvt71m_1.jpg.296x216.jpg
20201223,长宁,新华路,番禺路290弄10支弄 2室1厅 南,450万,2室1厅 | 49.6平米 | 南 | 其他 | 高楼层(共5层) | 1984年建 | 板楼,http://image1.ljcdn.com/110000-inspection/f09b71ed-4fd8-498c-87c3-e9dc659c0a98_1000.jpg.296x216.jpg
20201223,长宁,新华路,湘江大厦 3室2厅 西南,770万,3室2厅 | 146.68平米 | 西南 | 其他 | 中楼层(共22层) | 1998年建 | 塔楼,http://image1.ljcdn.com/shfdfs-image/20170905/80beabc4-76e4-4e04-8d38-c6ff285cabdf.jpg.296x216.jpg
20201223,长宁,新华路,湘江大厦 3室2厅 南 东北,590万,3室2厅 | 147.49平米 | 南 东北 | 精装 | 低楼层(共22层) | 1998年建 | 塔楼,
20201223,长宁,新华路,长峰中心聚贤阁 3室2厅 南,850万,3室2厅 | 135.66平米 | 南 | 精装 | 中楼层(共8层) | 2001年建 | 板楼,http://image1.ljcdn.com/x-se/hdic-frame/prod-0bca9d44-06d6-4c1d-b7ea-1ed200524daa.png.296x216.jpg
20201223,长宁,新华路,两套打通丨城市别墅独售1.2E丨精品收藏级别新华路,6000万,4室2厅 | 357.05平米 | 南 北 | 精装 | 低楼层(共8层) | 2010年建 | 板楼,http://image1.ljcdn.com/x-se/310000-frame/150db7c8-2279-48ed-bf66-bbf8f726a704.jpg.296x216.jpg
20201223,长宁,新华路,两套打通丨城市别墅独售1.2E丨精品收藏级别新华路,6000万,4室2厅 | 344.75平米 | 南 北 | 精装 | 低楼层(共8层) | 2010年建 | 板楼,http://image1.ljcdn.com/x-se/310000-frame/a9fdcf71-e9e7-421b-b1ad-347d51f7c6e2.jpg.296x216.jpg
20201223,长宁,新华路,湘江大厦 2室2厅 南,516万,2室2厅 | 108.08平米 | 南 | 其他 | 低楼层(共22层) | 1998年建 | 塔楼,http://image1.ljcdn.com/x-se/hdic-frame/3a5ad08d-1103-43a2-af74-3f8755e903d7.png.296x216.jpg
20201223,长宁,新华路,中华新村(长宁) 1室0厅 南,200万,1室0厅 | 28.74平米 | 南 | 其他 | 中楼层(共5层) | 1981年建 | 板楼,http://image1.ljcdn.com/x-se/shfdfs-image/20171122/3fbc2f72-843b-4caf-9941-b0416b6f77a5.jpg.296x216.jpg
20201223,长宁,新华路,中华新村(长宁) 1室1厅 南 东南 西南,230万,1室1厅 | 33.17平米 | 南 东南 西南 | 简装 | 低楼层(共5层) | 1977年建 | 板楼,
