20201223,长宁,北新泾,中间楼层，中间位置，售后公房，地铁近必看好房,215万,1室1厅 | 35平米 | 南 | 简装 | 中楼层(共6层) | 1985年建 | 板楼,http://image1.ljcdn.com/110000-inspection/pc1_G8EiJS7eZ_1.jpg.296x216.jpg
20201223,长宁,北新泾,满五唯一！普通住宅，只有契税！边套全明！必看好房,290万,2室1厅 | 49.34平米 | 南 | 毛坯 | 低楼层(共6层) | 1984年建 | 板楼,http://image1.ljcdn.com/110000-inspection/pc1_2SVhNFhgq_1.jpg.296x216.jpg
20201223,长宁,北新泾,精装一房，地铁100米！中间楼层！房源少！必看好房,210万,1室0厅 | 32.53平米 | 南 | 精装 | 中楼层(共6层) | 1984年建 | 板楼,http://image1.ljcdn.com/110000-inspection/pc1_Dw9qx2Ieh_1.jpg.296x216.jpg
20201223,长宁,北新泾,满五年唯一税费少，楼层好，户型好，精装拎包入住必看好房,620万,3室1厅 | 92.74平米 | 南 | 精装 | 中楼层(共6层) | 1998年建 | 板楼,http://image1.ljcdn.com/110000-inspection/pc1_ncBCfyDjL_1.jpg.296x216.jpg
20201223,长宁,北新泾,一梯两户，正气三房，总价低，满五年诚意出售必看好房,420万,3室1厅 | 80.39平米 | 南 北 | 精装 | 高楼层(共6层) | 1996年建 | 板楼,http://image1.ljcdn.com/110000-inspection/pc1_VtPRn5frY_1.jpg.296x216.jpg
20201223,长宁,北新泾,低楼层.全明.两房，交通便利，生活配套齐全必看好房,338万,2室0厅 | 52.07平米 | 南 | 精装 | 低楼层(共6层) | 1986年建 | 板楼,http://image1.ljcdn.com/110000-inspection/pc1_BklZqZW2Y_1.jpg.296x216.jpg
20201223,长宁,北新泾,店长推荐，一梯两户，售后公房，税费少，位置好必看好房,410万,2室1厅 | 67.61平米 | 南 北 | 简装 | 高楼层(共6层) | 1995年建 | 板楼,http://image1.ljcdn.com/110000-inspection/pc1_5RgKQidyu_1.jpg.296x216.jpg
20201223,长宁,北新泾,新泾一村小区中间位置，单价低一室一厅，诚意出售必看好房,228万,1室1厅 | 41.06平米 | 南 | 简装 | 高楼层(共6层) | 1997年建 | 板楼,http://image1.ljcdn.com/110000-inspection/pc1_kJHOFaqyM_1.jpg.296x216.jpg
20201223,长宁,北新泾,北新泾站，中间位置，文明楼栋，楼层合适必看好房,350万,2室1厅 | 60.47平米 | 南 | 精装 | 中楼层(共6层) | 1994年建 | 板楼,http://image1.ljcdn.com/110000-inspection/pc1_X4ODkW6T9_1.jpg.296x216.jpg
20201223,长宁,北新泾,北新泾正气三房  边套全明 户型方正  楼层好必看好房,515万,3室1厅 | 84平米 | 南 | 精装 | 中楼层(共6层) | 1994年建 | 板楼,http://image1.ljcdn.com/110000-inspection/pc1_gBIRmdmT3_1.jpg.296x216.jpg
20201223,长宁,北新泾,低楼层，业主诚意出售，看房方便。必看好房,245万,1室1厅 | 41.11平米 | 南 | 简装 | 低楼层(共6层) | 1985年建 | 板楼,http://image1.ljcdn.com/110000-inspection/pc1_MFn1hFoBN_1.jpg.296x216.jpg
20201223,长宁,北新泾,边套近西郊百联 全明户型 一梯两户  满五唯一必看好房,379万,2室1厅 | 66.21平米 | 南 | 简装 | 高楼层(共6层) | 1996年建 | 板楼,http://image1.ljcdn.com/110000-inspection/pc1_sB3JJyWuJ_1.jpg.296x216.jpg
20201223,长宁,北新泾,满五唯一少税，精装好楼层，地铁近，房龄新必看好房,228万,1室1厅 | 37.75平米 | 南 | 精装 | 中楼层(共6层) | 1997年建 | 板楼,http://image1.ljcdn.com/110000-inspection/pc1_Kw9isGk1D_1.jpg.296x216.jpg
20201223,长宁,北新泾,电梯房，楼层好，单价低，品质小区，淞虹路地铁口必看好房,465万,2室1厅 | 84.38平米 | 南 北 | 简装 | 高楼层(共13层) | 1995年建 | 塔楼,http://image1.ljcdn.com/110000-inspection/pc1_KocZLXyQt_1.jpg.296x216.jpg
20201223,长宁,北新泾,配套成熟出门百联西郊菜市场公交出行方便必看好房,610万,2室2厅 | 97.34平米 | 南 北 | 精装 | 中楼层(共7层) | 2000年建 | 板楼,http://image1.ljcdn.com/110000-inspection/pc1_YbnDqEEsT_1.jpg.296x216.jpg
20201223,长宁,北新泾,此房楼层好，出行便利，一梯三户，房屋朝南，必看好房,202万,1室1厅 | 31.83平米 | 南 北 | 精装 | 低楼层(共6层) | 1990年建 | 板楼,http://image1.ljcdn.com/110000-inspection/pc1_s85wcwWrW_1.jpg.296x216.jpg
20201223,长宁,北新泾,二十多万精装修，精品小区，售后公房满五唯一，采光好必看好房,360万,2室1厅 | 63.66平米 | 南 | 精装 | 高楼层(共6层) | 1991年建 | 板楼,http://image1.ljcdn.com/110000-inspection/pc1_tgJdNIxRD_1.jpg.296x216.jpg
20201223,长宁,北新泾,一梯两户，双南两房 明厨明卫，满五唯一必看好房,370万,2室1厅 | 69.65平米 | 南 | 简装 | 高楼层(共6层) | 1997年建 | 板楼,http://image1.ljcdn.com/110000-inspection/pc1_6LWNkGi94_1.jpg.296x216.jpg
20201223,长宁,北新泾,满五唯一 税费较少 安静宜居 诚心出售必看好房,355万,2室1厅 | 62.13平米 | 南 北 | 简装 | 中楼层(共6层) | 1997年建 | 板楼,http://image1.ljcdn.com/110000-inspection/pc1_LCl1TCYA8_1.jpg.296x216.jpg
20201223,长宁,北新泾,沁秋小区，全明户型，满五唯一，精装修，楼层好。必看好房,380万,2室1厅 | 59.86平米 | 南 | 精装 | 中楼层(共6层) | 1995年建 | 板楼,http://image1.ljcdn.com/110000-inspection/pc1_kBBCObNaE_1.jpg.296x216.jpg
20201223,长宁,北新泾,贝壳直选，全明户型，看房随时，诚意出售必看好房,380万,2室1厅 | 64平米 | 南 | 精装 | 高楼层(共6层) | 1996年建 | 板楼,http://image1.ljcdn.com/110000-inspection/pc1_Hlmj2AHlv_1.jpg.296x216.jpg
20201223,长宁,北新泾,急急售！正规2房1厅，近西郊百联 ，满五唯一，装修好必看好房,281万,2室1厅 | 53.9平米 | 南 | 简装 | 高楼层(共6层) | 1995年建 | 板楼,http://image1.ljcdn.com/110000-inspection/pc1_fLnKGRDDb_1.jpg.296x216.jpg
20201223,长宁,北新泾,总价低单价低！小区中间位置中间楼层采光好，淞虹路站必看好房,244万,1室1厅 | 43.17平米 | 南 | 简装 | 中楼层(共6层) | 1995年建 | 板楼,http://image1.ljcdn.com/110000-inspection/pc1_kbspOnLbw_1.jpg.296x216.jpg
20201223,长宁,北新泾,一梯两户，不靠马路，得房率高，全明户型，采光好必看好房,325万,1室1厅 | 54.49平米 | 南 | 精装 | 高楼层(共6层) | 1999年建 | 板楼,http://image1.ljcdn.com/110000-inspection/pc1_MZROK03L4_1.jpg.296x216.jpg
20201223,长宁,北新泾,虹康新苑，2室2厅1卫，楼层佳，采光好，免增值税必看好房,550万,2室2厅 | 78.14平米 | 南 | 简装 | 低楼层(共6层) | 2000年建 | 板楼,http://image1.ljcdn.com/110000-inspection/pc1_pmdPVJraX_1.jpg.296x216.jpg
20201223,长宁,北新泾,精装修，带地暖，南北通，业主诚意出售，看房方便必看好房,555万,2室2厅 | 85.31平米 | 南 | 精装 | 高楼层(共6层) | 1999年建 | 板楼,http://image1.ljcdn.com/110000-inspection/pc1_nB4dqLMTW_1.jpg.296x216.jpg
20201223,长宁,北新泾,满五唯一，低楼层大两房，精品小区，环境好必看好房,410万,2室1厅 | 74.4平米 | 南 | 精装 | 低楼层(共6层) | 1995年建 | 板楼,http://image1.ljcdn.com/110000-inspection/pc1_fcDIxffjI_1.jpg.296x216.jpg
20201223,长宁,北新泾,一房的价格，两房的面积。满五唯一必看好房,295万,2室1厅 | 60.1平米 | 南 | 精装 | 高楼层(共6层)  | 板楼,http://image1.ljcdn.com/110000-inspection/pc1_0cgXy6Rad_1.jpg.296x216.jpg
20201223,长宁,北新泾,小区位置好，装修好，无嫌恶设施必看好房,220万,1室1厅 | 44.31平米 | 南 | 精装 | 高楼层(共6层) | 1996年建 | 板楼,http://image1.ljcdn.com/110000-inspection/pc1_27UBKpKwC_1.jpg.296x216.jpg
20201223,长宁,北新泾,急售，房子户型好，业主诚意出售必看好房,260万,1室1厅 | 55.1平米 | 南 | 简装 | 高楼层(共6层) | 1998年建 | 板楼,http://image1.ljcdn.com/110000-inspection/pc1_Az4iU8xMu_1.jpg.296x216.jpg
20201223,长宁,北新泾,2号线北新泾 一梯两户 中间楼层 南北格局 房龄新必看好房,297万,1室1厅 | 51.47平米 | 南 | 简装 | 中楼层(共6层) | 2001年建 | 板楼,http://image1.ljcdn.com/110000-inspection/pc1_2KwYwubCU_1.jpg.296x216.jpg
20201223,长宁,北新泾,北新泾站，装修好，文明楼栋，楼层合适必看好房,225万,1室1厅 | 38.35平米 | 南 | 精装 | 高楼层(共6层) | 1993年建 | 板楼,http://image1.ljcdn.com/110000-inspection/pc1_eLW22eJlM_1.jpg.296x216.jpg
20201223,长宁,北新泾,地铁口，南北通，中间楼层，边套全明，不靠马路！必看好房,309.9万,2室1厅 | 52.68平米 | 南 | 简装 | 中楼层(共6层) | 1986年建 | 板楼,http://image1.ljcdn.com/310000-inspection/pc1_mfo2SOnVg_1.jpg.296x216.jpg
20201223,长宁,北新泾,二号线淞虹路站，馨虹小区正气双南两房，动迁房税少必看好房,365万,2室1厅 | 73.7平米 | 南 | 简装 | 高楼层(共6层) | 1995年建 | 板楼,http://image1.ljcdn.com/110000-inspection/pc1_rUwVu71dK_1.jpg.296x216.jpg
20201223,长宁,北新泾,一梯两户 中间楼层  采光好 视野好必看好房,318万,1室1厅 | 53.43平米 | 南 | 简装 | 中楼层(共6层) | 1999年建 | 板楼,http://image1.ljcdn.com/110000-inspection/pc1_74IJrK89L_1.jpg.296x216.jpg
20201223,长宁,北新泾,精装修，近北新泾地铁，交通线路四通八达。必看好房,200万,1室0厅 | 36.76平米 | 东 | 精装 | 高楼层(共6层) | 1993年建 | 板楼,http://image1.ljcdn.com/110000-inspection/pc1_AD0KzttZW_1.jpg.296x216.jpg
20201223,长宁,北新泾,南北通 房型正气 楼层上佳 采光视野无遮挡必看好房,310万,1室1厅 | 51.62平米 | 南 | 精装 | 中楼层(共6层) | 2001年建 | 板楼,http://image1.ljcdn.com/110000-inspection/pc1_aJ53o0uEH_1.jpg.296x216.jpg
20201223,长宁,北新泾,满五唯一，采光充足，配套齐全，交通便利必看好房,248万,1室1厅 | 52.33平米 | 南 | 简装 | 高楼层(共6层) | 1997年建 | 板楼,http://image1.ljcdn.com/110000-inspection/pc1_dOu0W4K8M_1.jpg.296x216.jpg
20201223,长宁,北新泾,精装修四楼，双南三房，拎包入住，近百联.必看好房,549万,3室1厅 | 94.21平米 | 南 | 精装 | 中楼层(共6层) | 1995年建 | 板楼,http://image1.ljcdn.com/110000-inspection/pc1_FKzm84Tel_1.jpg.296x216.jpg
20201223,长宁,北新泾,双南两房楼层好一梯两户，房屋前面视野开阔采光好必看好房,410万,2室1厅 | 64.29平米 | 南 | 精装 | 低楼层(共6层) | 1994年建 | 板楼,http://image1.ljcdn.com/x-se/hdic-frame/3eb40ff2-b9f1-47c1-b0ab-cb7adc7a8980.png.296x216.jpg
20201223,长宁,北新泾,精装两房、中间楼层、采光好、通风好新上,350万,2室1厅 | 60.22平米 | 东 西 | 精装 | 中楼层(共6层) | 1995年建 | 板楼,http://image1.ljcdn.com/110000-inspection/pc1_FM65o2hEw_1.jpg.296x216.jpg
20201223,长宁,北新泾,双南全明户型，电梯高层两房，二号线北新泾站600米新上,410万,2室1厅 | 71.82平米 | 南 | 简装 | 高楼层(共14层) | 1995年建 | 塔楼,http://image1.ljcdn.com/110000-inspection/pc1_Ij5LuWfWP_1.jpg.296x216.jpg
20201223,长宁,北新泾,2000年商品房小区 带花园 地铁2号线北新泾站 适存新上,648万,2室2厅 | 86.68平米 | 南 北 | 精装 | 低楼层(共6层) | 2000年建 | 板楼,http://image1.ljcdn.com/110000-inspection/pc1_Rpno8DYeD_1.jpg.296x216.jpg
20201223,长宁,北新泾,买入价高，税费相对较少，朝小区花园不靠高架，楼层好房主自荐,800万,2室1厅 | 99.61平米 | 南 | 简装 | 中楼层(共8层) | 2004年建 | 板楼,http://image1.ljcdn.com/110000-inspection/pc1_hH76q9asv_1.jpg.296x216.jpg
20201223,长宁,北新泾,店长推荐！小面积两房！总价低！满五唯一！新上,265万,2室0厅 | 45.93平米 | 南 北 | 毛坯 | 高楼层(共6层) | 1990年建 | 板楼,http://image1.ljcdn.com/110000-inspection/pc1_yPY1KDDWb_1.jpg.296x216.jpg
20201223,长宁,北新泾,西边套全明南北户型，中楼层，不靠马路，采光无遮挡房主自荐,310万,2室1厅 | 50平米 | 南 | 简装 | 中楼层(共6层) | 1990年建 | 板楼,http://image1.ljcdn.com/110000-inspection/pc1_0cEaEA0sq_1.jpg.296x216.jpg
20201223,长宁,北新泾,满五年唯一，复式，南北通边套，适合一家三代人新上,760万,4室2厅 | 143.61平米 | 南 北 | 简装 | 高楼层(共6层) | 1998年建 | 板楼,http://image1.ljcdn.com/110000-inspection/pc1_u6DOrBFJ5_1.jpg.296x216.jpg
20201223,长宁,北新泾,低楼层，采光好，满五年诚意出售房主自荐,280万,1室1厅 | 54.29平米 | 南 | 简装 | 低楼层(共6层) | 1996年建 | 板楼,http://image1.ljcdn.com/110000-inspection/pc1_Jeb9gvjAW_1.jpg.296x216.jpg
20201223,长宁,北新泾,精装修，业主诚意出售，近百联西郊房主自荐,420万,3室2厅 | 78.96平米 | 南 北 | 精装 | 高楼层(共6层) | 1995年建 | 板楼,http://image1.ljcdn.com/110000-inspection/pc1_5AKoJ4E4a_1.jpg.296x216.jpg
20201223,长宁,北新泾,通协小区 2室2厅 南 北,570万,2室2厅 | 79.4平米 | 南 北 | 精装 | 低楼层(共6层) | 2005年建 | 板楼,http://image1.ljcdn.com/110000-inspection/pc1_Hyotq1lYx_1.jpg.296x216.jpg
20201223,长宁,北新泾,精装修 近地铁 南北通 全明户型 商圈配套成熟,360万,2室1厅 | 60.89平米 | 南 北 | 精装 | 高楼层(共6层) | 1993年建 | 板楼,http://image1.ljcdn.com/110000-inspection/pc1_OTbHBJFK9_1.jpg.296x216.jpg
20201223,长宁,北新泾,售后公房满五唯一，两房朝南，边套全明，小区中间位置,335万,2室1厅 | 59.81平米 | 南 | 精装 | 高楼层(共7层) | 1995年建 | 板楼,http://image1.ljcdn.com/110000-inspection/pc1_qXLm8vn0G_1.jpg.296x216.jpg
20201223,长宁,北新泾,二号线淞虹路站800米，电梯高层三房税少，精装修+地暖房主自荐,680万,3室2厅 | 103.23平米 | 南 | 精装 | 高楼层(共12层) | 2005年建 | 板楼,http://image1.ljcdn.com/110000-inspection/pc1_qDHohxBpg_1.jpg.296x216.jpg
20201223,长宁,北新泾,南北朝向，楼层好，视野宽阔，采光充足房主自荐,275万,2室0厅 | 47.07平米 | 南 | 精装 | 高楼层(共6层) | 1992年建 | 板楼,http://image1.ljcdn.com/110000-inspection/pc1_qFSF3t7g9_1.jpg.296x216.jpg
20201223,长宁,北新泾,2号线地铁口，旁边新泾公园，电梯房，交通便利房主自荐,345万,1室1厅 | 59.16平米 | 南 | 简装 | 中楼层(共13层) | 1995年建 | 塔楼,http://image1.ljcdn.com/110000-inspection/pc1_z9x8GpYOf_1.jpg.296x216.jpg
20201223,长宁,北新泾,新上房源一手动迁满五年唯一+店长推荐+房型正气,830万,3室2厅 | 119.16平米 | 南 | 精装 | 低楼层(共13层) | 2011年建 | 板楼,http://image1.ljcdn.com/110000-inspection/pc1_w4gw9496h_1.jpg.296x216.jpg
20201223,长宁,北新泾,贝壳优选 近地铁 满五唯一 精装修 拎包入住房主自荐,285万,1室1厅 | 52.33平米 | 南 | 精装 | 中楼层(共6层) | 1997年建 | 板楼,http://image1.ljcdn.com/110000-inspection/pc1_6wizOLU4q_1.jpg.296x216.jpg
20201223,长宁,北新泾,精装修  一梯两户  飞机户型  前后无遮挡  近地铁房主自荐,799万,3室2厅 | 123.57平米 | 南 | 精装 | 低楼层(共6层) | 2000年建 | 板楼,http://image1.ljcdn.com/110000-inspection/pc1_aX4p6AC7H_1.jpg.296x216.jpg
20201223,长宁,北新泾,淞虹路站，中间楼层，精装修，户型好，随时看房房主自荐,745万,3室2厅 | 120.9平米 | 南 北 | 简装 | 低楼层(共7层) | 2001年建 | 板楼,http://image1.ljcdn.com/110000-inspection/pc1_3woqvhMBQ_1.jpg.296x216.jpg
20201223,长宁,北新泾,满五唯一 业主诚心出售 自住保养好房主自荐,890万,3室2厅 | 134.23平米 | 南 | 精装 | 中楼层(共6层) | 2000年建 | 板楼,http://image1.ljcdn.com/110000-inspection/pc1_kKMcqErLl_1.jpg.296x216.jpg
20201223,长宁,北新泾,大一房一厅，独立厨卫，采光好，无遮挡新上,253万,1室1厅 | 41.31平米 | 南 | 毛坯 | 高楼层(共6层) | 1994年建 | 板楼,http://image1.ljcdn.com/110000-inspection/pc1_0W8lVzcE4_1.jpg.296x216.jpg
20201223,长宁,北新泾,店长推荐 绿园之星  售后公房   非顶楼  满五年房主自荐,389万,2室2厅 | 79.04平米 | 南 | 简装 | 高楼层(共6层) | 1997年建 | 板楼,http://image1.ljcdn.com/110000-inspection/pc1_XVB2t5C9k_1.jpg.296x216.jpg
20201223,长宁,北新泾,近地铁，边套全明，采光充足，配套齐全房主自荐,300万,1室1厅 | 56.64平米 | 南 | 简装 | 高楼层(共6层) | 1996年建 | 板楼,http://image1.ljcdn.com/110000-inspection/pc1_xeJtsJac7_1.jpg.296x216.jpg
20201223,长宁,北新泾,复式附带阁楼  满五唯一  生活在童话里的感觉房主自荐,599万,3室2厅 | 112.31平米 | 南 | 精装 | 高楼层(共6层) | 1999年建 | 板楼,http://image1.ljcdn.com/310000-inspection/pc1_XvLV8Q3Xy_1.jpg.296x216.jpg
20201223,长宁,北新泾,店长推荐一梯两户东边套全明户型！满五唯一精装近地铁房主自荐,350万,2室1厅 | 61.37平米 | 南 | 精装 | 高楼层(共6层) | 1993年建 | 板楼,http://image1.ljcdn.com/110000-inspection/pc1_i5aUZoKjc_1.jpg.296x216.jpg
20201223,长宁,北新泾,满五唯一；近地铁，交通便利；精装修；双南两房。房主自荐,380万,2室1厅 | 63.68平米 | 南 | 精装 | 高楼层(共6层) | 1994年建 | 板楼,http://image1.ljcdn.com/110000-inspection/pc1_KTMw3BaOV_1.jpg.296x216.jpg
20201223,长宁,北新泾,户型正气，小区中间位置，1梯4户采光很好。房主自荐,350万,2室1厅 | 57.93平米 | 东北 | 精装 | 高楼层(共6层) | 1998年建 | 板楼,http://image1.ljcdn.com/110000-inspection/pc1_H7KsBYkYF_1.jpg.296x216.jpg
20201223,长宁,北新泾,一梯两户商品房，满五税少，2年精装近地铁，闹中取静房主自荐,355万,2室1厅 | 66.49平米 | 南 | 精装 | 高楼层(共6层) | 1998年建 | 板楼,http://image1.ljcdn.com/110000-inspection/pc1_KXbPizQnM_1.jpg.296x216.jpg
20201223,长宁,北新泾,地铁口+低总价+满五+好楼层，低总价地铁好房房主自荐,210万,1室1厅 | 31.31平米 | 南 | 简装 | 高楼层(共6层) | 1984年建 | 板楼,http://image1.ljcdn.com/110000-inspection/pc1_tefuVRuaL_1.jpg.296x216.jpg
20201223,长宁,北新泾,北新泾地铁口， 满五唯一，复式结构，有产权车位不含房主自荐,970万,3室2厅 | 220.95平米 | 南 | 精装 | 低楼层(共14层) | 2007年建 | 板楼,http://image1.ljcdn.com/110000-inspection/pc1_DDAA8co0x_1.jpg.296x216.jpg
20201223,长宁,北新泾,景观房，采光没有遮挡，视野开阔。,770万,3室2厅 | 119.76平米 | 南 北 | 简装 | 低楼层(共13层) | 2005年建 | 板楼,http://image1.ljcdn.com/110000-inspection/pc1_xcheacsHQ_1.jpg.296x216.jpg
20201223,长宁,北新泾,飞机户型，一梯两户。采光好，通风好，视野开阔。,480万,3室2厅 | 94.47平米 | 南 北 | 精装 | 高楼层(共6层) | 1997年建 | 板楼,http://image1.ljcdn.com/110000-inspection/pc1_gn8zQpItf_1.jpg.296x216.jpg
20201223,长宁,北新泾,经典大三房+满五唯一税费少+地铁+看房方便房主自荐,1200万,3室2厅 | 163.99平米 | 南 | 精装 | 低楼层(共14层) | 2003年建 | 板楼,http://image1.ljcdn.com/110000-inspection/pc1_ciUPmbZqN_1.jpg.296x216.jpg
20201223,长宁,北新泾,精装修，南北通，一梯两户，楼层好，采光无遮挡房主自荐,725万,3室2厅 | 131.55平米 | 南 | 精装 | 中楼层(共6层) | 1999年建 | 板楼,http://image1.ljcdn.com/110000-inspection/pc1_638NpLQt6_1.jpg.296x216.jpg
20201223,长宁,北新泾,淞虹路地铁500米，三房两厅两卫，小区中间看房方便房主自荐,850万,3室2厅 | 126.22平米 | 南 北 | 精装 | 高楼层(共6层) | 1994年建 | 板楼,http://image1.ljcdn.com/110000-inspection/pc1_1NFITJUY7_1.jpg.296x216.jpg
20201223,长宁,北新泾,刚需小三房，房型正，采光通风好!房主自荐,520万,3室1厅 | 72.23平米 | 南 北 | 精装 | 中楼层(共6层) | 1998年建 | 板楼,http://image1.ljcdn.com/110000-inspection/pc1_wsvtRi5SX_1.jpg.296x216.jpg
20201223,长宁,北新泾,商品房+二手买进税低+顶楼复式复式+带阁楼+带露台！房主自荐,958万,4室2厅 | 159.02平米 | 南 | 简装 | 高楼层(共5层) | 1999年建 | 板楼,http://image1.ljcdn.com/110000-inspection/pc1_dKddAIpoM_1.jpg.296x216.jpg
20201223,长宁,北新泾,离地铁站近，交通方便，满五唯一。,435万,3室1厅 | 81.91平米 | 南 | 简装 | 高楼层(共6层) | 1993年建 | 板楼,http://image1.ljcdn.com/310000-inspection/prod-91d80c4b-f2aa-4a56-928a-f069e13b99d6.jpg.296x216.jpg
20201223,长宁,北新泾,电梯房  南北通风   全明户型   南北双阳,625万,2室2厅 | 111平米 | 南 | 简装 | 高楼层(共12层) | 2000年建 | 塔楼,http://image1.ljcdn.com/110000-inspection/pc1_SIam2uq2Q_1.jpg.296x216.jpg
20201223,长宁,北新泾,满二+南北通+采光足+视野无遮挡+交通便利+总价低房主自荐,230万,1室1厅 | 49.02平米 | 南 北 | 简装 | 高楼层(共7层) | 1995年建 | 板楼,http://image1.ljcdn.com/110000-inspection/pc1_5gv8vuImE_1.jpg.296x216.jpg
20201223,长宁,北新泾,邻西郊百联，户型正气，底楼带花园房主自荐,290万,1室1厅 | 47.16平米 | 南 | 简装 | 低楼层(共6层) | 2001年建 | 板楼,http://image1.ljcdn.com/110000-inspection/pc1_K7aWZcRLn_1.jpg.296x216.jpg
20201223,长宁,北新泾,近地铁双南两房，电梯房中间楼层，精装修看房方便房主自荐,498万,2室1厅 | 86.65平米 | 南 | 精装 | 低楼层(共13层) | 1995年建 | 塔楼,http://image1.ljcdn.com/110000-inspection/pc1_WDXLzBqHW_1.jpg.296x216.jpg
20201223,长宁,北新泾,近地铁，采光效果好，配套齐全，一梯两户房主自荐,305万,1室1厅 | 50.9平米 | 南 | 毛坯 | 高楼层(共6层) | 1995年建 | 板楼,http://image1.ljcdn.com/110000-inspection/pc1_5ph60jc1v_1.jpg.296x216.jpg
20201223,长宁,北新泾,复式房！2号线地铁口，诚意急售！精装修！房主自荐,620万,2室2厅 | 84.19平米 | 南 | 精装 | 低楼层(共13层) | 2007年建 | 板楼,http://image1.ljcdn.com/110000-inspection/pc1_giIfXdDZR_1.jpg.296x216.jpg
20201223,长宁,北新泾,满五唯一  精美装修  凤凰楼层  双南全明  精美装修新上,420万,2室1厅 | 74.99平米 | 南 | 简装 | 高楼层(共6层) | 1995年建 | 板楼,http://image1.ljcdn.com/110000-inspection/pc1_2TA8L3Qc2_1.jpg.296x216.jpg
20201223,长宁,北新泾,纯商品房，税费少，朝小区花园，位置佳，好楼层,850万,3室2厅 | 120.44平米 | 南 | 简装 | 中楼层(共6层) | 2000年建 | 板楼,http://image1.ljcdn.com/110000-inspection/pc1_igCbgNyjf_1.jpg.296x216.jpg
20201223,长宁,北新泾,近地铁，边套全明，采光充足，楼层好，配套齐全新上,270万,1室1厅 | 41.31平米 | 南 | 精装 | 中楼层(共6层) | 1985年建 | 板楼,http://image1.ljcdn.com/110000-inspection/pc1_Al23dLsL5_1.jpg.296x216.jpg
20201223,长宁,北新泾,2000年商品房小区 建筑类白玉兰奖得主 阁楼 适存新上,640万,2室2厅 | 85.54平米 | 南 北 | 精装 | 高楼层(共6层) | 2000年建 | 板楼,http://image1.ljcdn.com/310000-inspection/test-fc446456-2bfb-4421-8017-db37d524d90c.png.296x216.jpg
20201223,长宁,北新泾,精品小区，满五唯一，小区中间位置采光好，新上,245万,1室1厅 | 47.34平米 | 南 | 简装 | 高楼层(共6层) | 1995年建 | 板楼,http://image1.ljcdn.com/110000-inspection/pc1_pbhdfS4Sq_1.jpg.296x216.jpg
20201223,长宁,北新泾,两开间朝南  带双阳台 得房率83.9%  精装修 采光充足,395万,2室1厅 | 73.7平米 | 南 | 精装 | 低楼层(共6层) | 1995年建 | 板楼,http://image1.ljcdn.com/310000-inspection/pc1_M9LHoujNy_1.jpg.296x216.jpg
20201223,长宁,北新泾,此房税费少，通透性好， 全明户型 小区环境好，近地铁,585万,2室2厅 | 111.08平米 | 南 | 简装 | 低楼层(共12层) | 2000年建 | 塔楼,http://image1.ljcdn.com/110000-inspection/pc1_rt6yiEbay_1.jpg.296x216.jpg
20201223,长宁,北新泾,店长推荐 边套全明 自住精装 前后无遮挡房主自荐,390万,2室1厅 | 64平米 | 南 北 | 精装 | 高楼层(共6层) | 1995年建 | 板楼,http://image1.ljcdn.com/110000-inspection/pc1_agsxAhAdt_1.jpg.296x216.jpg
20201223,长宁,北新泾,贝壳优选，业主诚意出售，看房随时，产权清晰房主自荐,360万,2室1厅 | 61.52平米 | 南 | 简装 | 低楼层(共6层) | 1996年建 | 板楼,http://image1.ljcdn.com/110000-inspection/pc1_2OAPsNB8l_1.jpg.296x216.jpg
20201223,长宁,北新泾,铭晖西郊，三期电梯房，三开间朝南，户型正气，近地铁,740万,2室2厅 | 97.57平米 | 南 | 精装 | 低楼层(共8层) | 2004年建 | 板楼,http://image1.ljcdn.com/110000-inspection/pc1_Dyum5jklR_1.jpg.296x216.jpg
20201223,长宁,北新泾,店长推荐！双阳台！得房率高！户型板正！房主自荐,405万,3室1厅 | 73.95平米 | 南 | 简装 | 高楼层(共6层) | 1995年建 | 板楼,http://image1.ljcdn.com/110000-inspection/pc1_6ClYjCVEn_1.jpg.296x216.jpg
20201223,长宁,北新泾,店长推荐一梯两户东边套全明，精装修，小区环境整洁房主自荐,355万,2室1厅 | 57.78平米 | 南 北 | 精装 | 低楼层(共6层) | 1993年建 | 板楼,http://image1.ljcdn.com/110000-inspection/pc1_NRuPnwRng_1.jpg.296x216.jpg
20201223,长宁,北新泾,小区中间位置，楼层好，双南两房，楼间距大采光好房主自荐,358万,2室1厅 | 61.82平米 | 南 | 精装 | 低楼层(共7层) | 1995年建 | 板楼,http://image1.ljcdn.com/110000-inspection/pc1_rPS3KA8cW_1.jpg.296x216.jpg
20201223,长宁,北新泾,满五年唯一，税费少，楼层好，视野宽阔，交通便利房主自荐,286万,1室1厅 | 47.38平米 | 南 | 精装 | 中楼层(共6层) | 1996年建 | 板楼,http://image1.ljcdn.com/110000-inspection/pc1_UuIWzc0Nq_1.jpg.296x216.jpg
20201223,长宁,北新泾,精选正规一房，中间楼层，视野好，诚意出售房主自荐,290万,1室1厅 | 54.31平米 | 南 北 | 精装 | 中楼层(共6层) | 1996年建 | 板楼,http://image1.ljcdn.com/110000-inspection/pc1_Z4Qou9l8i_1.jpg.296x216.jpg
20201223,长宁,北新泾,边套全明， 交通便利，精品小区，户型好,300万,1室1厅 | 49.75平米 | 南 | 精装 | 高楼层(共6层) | 1994年建 | 板楼,http://image1.ljcdn.com/110000-inspection/pc1_JNz4T9gqE_1.jpg.296x216.jpg
20201223,长宁,北新泾,一梯两户，绿园精装修大一房，业主诚意出售房主自荐,360万,1室1厅 | 59.01平米 | 南 | 精装 | 中楼层(共6层) | 1997年建 | 板楼,http://image1.ljcdn.com/110000-inspection/pc1_KLLOi4gvO_1.jpg.296x216.jpg
20201223,长宁,北新泾,2000年商品房 一梯两户两房朝南一房朝北 带院子房主自荐,560万,3室2厅 | 95.61平米 | 南 北 | 简装 | 低楼层(共6层) | 1999年建 | 板楼,http://image1.ljcdn.com/110000-inspection/pc1_hOFES15TP_1.jpg.296x216.jpg
20201223,长宁,北新泾,满五年唯一，楼层好，双南户型，诚意卖,400万,2室1厅 | 65.08平米 | 南 | 精装 | 中楼层(共6层) | 1995年建 | 板楼,http://image1.ljcdn.com/110000-inspection/pc1_Wxh2GVWdH_1.jpg.296x216.jpg
20201223,长宁,北新泾,户型正气，标准三房，近地铁，通风视野好房主自荐,540万,3室1厅 | 98.17平米 | 南 | 简装 | 高楼层(共6层) | 1998年建 | 板楼,http://image1.ljcdn.com/110000-inspection/pc1_USPjTo7ZD_1.jpg.296x216.jpg
20201223,长宁,北新泾,地铁近，中等装修，满五唯一，售后公房房主自荐,231.5万,1室1厅 | 39.38平米 | 南 | 简装 | 高楼层(共6层) | 1986年建 | 板楼,http://image1.ljcdn.com/110000-inspection/pc1_b7DQFkqhO_1.jpg.296x216.jpg
20201223,长宁,北新泾,急急急  售后公房 满五唯一   一梯两户  看中好谈,325万,2室1厅 | 64.64平米 | 南 北 | 简装 | 高楼层(共6层) | 1996年建 | 板楼,http://image1.ljcdn.com/310000-inspection/prod-eaf054ee-e4db-4bea-a977-6775f1035ac5.jpg.296x216.jpg
20201223,长宁,北新泾,满五距离地铁站200米，双南两房，采光充足,325万,2室1厅 | 57.08平米 | 南 | 精装 | 高楼层(共6层) | 1984年建 | 板楼,http://image1.ljcdn.com/110000-inspection/pc1_sdbZy5mxC_1.jpg.296x216.jpg
20201223,长宁,北新泾,此房满五唯一，税费少，高楼层，采光好，产权清晰,270万,2室1厅 | 51.51平米 | 南 | 简装 | 高楼层(共6层) | 1993年建 | 板楼,http://image1.ljcdn.com/110000-inspection/pc1_CdCyTPWbR_1.jpg.296x216.jpg
20201223,长宁,北新泾,小区商品房，采光充足，视野宽阔，业主诚意出售房主自荐,265万,1室1厅 | 56.64平米 | 南 | 简装 | 高楼层(共6层) | 1998年建 | 板楼,http://image1.ljcdn.com/110000-inspection/pc1_EscdpnT1R_1.jpg.296x216.jpg
20201223,长宁,北新泾,满五唯一，楼层好，业主诚意出售，看房方便房主自荐,330万,2室1厅 | 56.8平米 | 南 北 | 简装 | 低楼层(共6层) | 1994年建 | 板楼,http://image1.ljcdn.com/110000-inspection/pc1_uw8aep1uy_1.jpg.296x216.jpg
20201223,长宁,北新泾,中间楼层，业主诚意出售，看房子方便。房主自荐,240万,1室1厅 | 44.09平米 | 西 | 简装 | 中楼层(共6层) | 1995年建 | 板楼,http://image1.ljcdn.com/110000-inspection/pc1_1eEyN0YUz_1.jpg.296x216.jpg
20201223,长宁,北新泾,中间楼层 空户  户型方正小一房房主自荐,228万,1室1厅 | 36.12平米 | 南 | 简装 | 中楼层(共6层) | 1994年建 | 板楼,http://image1.ljcdn.com/110000-inspection/pc1_gw9qrDOYw_1.jpg.296x216.jpg
20201223,长宁,北新泾,小户型，低总价，采光通风好，业主诚意出售房主自荐,194万,1室1厅 | 36.03平米 | 南 | 简装 | 高楼层(共6层) | 1995年建 | 板楼,http://image1.ljcdn.com/110000-inspection/pc1_9QtmlMk36_1.jpg.296x216.jpg
20201223,长宁,北新泾,剑河家园中高区的一套三房，税费少，全明户型,730万,3室1厅 | 96平米 | 南 | 精装 | 中楼层(共15层) | 2013年建 | 板楼,http://image1.ljcdn.com/110000-inspection/pc1_BP3Qi4n6D_1.jpg.296x216.jpg
20201223,长宁,北新泾,满五唯一少税，双南户型，中间好楼层房主自荐,374万,2室1厅 | 58.04平米 | 北 南 | 精装 | 中楼层(共6层) | 1986年建 | 板楼,http://image1.ljcdn.com/110000-inspection/pc1_Lb85xEe66_1.jpg.296x216.jpg
20201223,长宁,北新泾,售后公房满五唯一+中间楼层+边套全明+近菜市场商场房主自荐,320万,2室1厅 | 61.95平米 | 南 | 精装 | 中楼层(共6层) | 1996年建 | 板楼,http://image1.ljcdn.com/310000-inspection/pc1_lymXzvgpy_1.jpg.296x216.jpg
20201223,长宁,北新泾,南北通风，户型方正采光好，售后公房税费少，诚意卖房主自荐,338万,2室1厅 | 65.64平米 | 南 | 精装 | 高楼层(共6层) | 1997年建 | 板楼,http://image1.ljcdn.com/110000-inspection/pc1_9eivjrZRK_1.jpg.296x216.jpg
20201223,长宁,北新泾,协虹苑 2000年 商品房小区  93.69平两房,545万,2室2厅 | 93.69平米 | 南 | 简装 | 高楼层(共6层) | 2000年建 | 板楼,http://image1.ljcdn.com/110000-inspection/pc1_hJM30xre0_1.jpg.296x216.jpg
20201223,长宁,北新泾,此房1梯2户，双南2房，满五唯一，,409万,2室1厅 | 72.12平米 | 南 | 简装 | 高楼层(共6层) | 1997年建 | 板楼,http://image1.ljcdn.com/110000-inspection/pc1_iErf05p2E_1.jpg.296x216.jpg
20201223,长宁,北新泾,春房之星，双南户型，一梯两户，得房率高，值得拥有房主自荐,323万,2室1厅 | 63.37平米 | 南 | 简装 | 高楼层(共6层) | 1996年建 | 板楼,http://image1.ljcdn.com/110000-inspection/pc1_cb8YOOWFM_1.jpg.296x216.jpg
20201223,长宁,北新泾,优质三房，近地铁，税费少，全明户型，楼层低房主自荐,365万,3室1厅 | 67.24平米 | 南 北 | 简装 | 低楼层(共6层) | 1993年建 | 板楼,http://image1.ljcdn.com/110000-inspection/pc1_ma0JLNC3z_1.jpg.296x216.jpg
20201223,长宁,北新泾,非顶楼，全明南北户型，视野宽阔，采光通风好房主自荐,395万,2室1厅 | 73.59平米 | 南 北 | 简装 | 高楼层(共6层) | 1995年建 | 板楼,http://image1.ljcdn.com/110000-inspection/pc1_KDGoTvhcV_1.jpg.296x216.jpg
20201223,长宁,北新泾,近西郊百联 一梯两户 精装修 复式结构 业主诚意出售房主自荐,498万,2室2厅 | 94.16平米 | 南 | 精装 | 高楼层(共7层) | 1998年建 | 板楼,http://image1.ljcdn.com/110000-inspection/pc1_z3dX6j2c0_1.jpg.296x216.jpg
20201223,长宁,北新泾,精装修满五年，南北两居，采光十足，房东诚意出售,338万,2室2厅 | 68.64平米 | 南 北 | 精装 | 高楼层(共6层) | 1996年建 | 板楼,http://image1.ljcdn.com/110000-inspection/pc1_mQnTv5oao_1.jpg.296x216.jpg
20201223,长宁,北新泾,中间楼层，全明户，业主诚心出售房主自荐,465万,3室1厅 | 78.9平米 | 南 北 | 简装 | 中楼层(共6层) | 1996年建 | 板楼,http://image1.ljcdn.com/110000-inspection/pc1_sIpLpcMC0_1.jpg.296x216.jpg
20201223,长宁,北新泾,满五，近地铁，采光充足，通风好，单价低。房主自荐,380万,3室1厅 | 73.9平米 | 南 | 简装 | 高楼层(共7层) | 1995年建 | 板楼,http://image1.ljcdn.com/110000-inspection/pc1_FEcHY4uBA_1.jpg.296x216.jpg
20201223,长宁,北新泾,满五唯一，配套齐全，户型正气，双南朝向，采光好房主自荐,430万,2室1厅 | 69.05平米 | 南 | 简装 | 高楼层(共6层) | 1995年建 | 板楼,http://image1.ljcdn.com/110000-inspection/pc1_l9P2y5yNu_1.jpg.296x216.jpg
20201223,长宁,北新泾,户型方正，双南明厨明卫，一梯两户，近地铁，配套齐全房主自荐,435万,2室1厅 | 66.23平米 | 南 | 简装 | 高楼层(共6层) | 1995年建 | 板楼,http://image1.ljcdn.com/110000-inspection/pc1_YKVg2ngFs_1.jpg.296x216.jpg
20201223,长宁,北新泾,链家好房，全明户型，格局好，居住体验好房主自荐,450万,3室1厅 | 78.9平米 | 西南 | 简装 | 中楼层(共6层) | 1996年建 | 板楼,http://image1.ljcdn.com/110000-inspection/pc1_Df2NJFcnx_1.jpg.296x216.jpg
20201223,长宁,北新泾,急售！！采光好，近2号线北新泾/淞虹路地铁口,340万,2室1厅 | 63.79平米 | 南 | 精装 | 高楼层(共6层) | 1994年建 | 板楼,http://image1.ljcdn.com/110000-inspection/pc1_RvlT1sYYR_1.jpg.296x216.jpg
20201223,长宁,北新泾,绿园十村 2室1厅 南 北,420万,2室1厅 | 75平米 | 南 北 | 精装 | 高楼层(共6层) | 1995年建 | 板楼,http://image1.ljcdn.com/110000-inspection/pc1_03yUD2aAX_1.jpg.296x216.jpg
20201223,长宁,北新泾,双南全明两房，视野好，采光充足，业主诚意出售房主自荐,330万,2室1厅 | 66.27平米 | 南 | 简装 | 高楼层(共6层) | 1996年建 | 板楼,http://image1.ljcdn.com/110000-inspection/pc1_bQkK1pxSE_1.jpg.296x216.jpg
20201223,长宁,北新泾,南北通透，全明户型两房，视野采光好,460万,2室1厅 | 83.23平米 | 南 北 | 简装 | 高楼层(共6层) | 1998年建 | 板楼,http://image1.ljcdn.com/110000-inspection/pc1_X9YOAmO1s_1.jpg.296x216.jpg
20201223,长宁,北新泾,精装修双南两房一厅，看房方便，诚意出售！房主自荐,408万,2室1厅 | 63.79平米 | 南 | 精装 | 中楼层(共6层) | 1994年建 | 板楼,http://image1.ljcdn.com/110000-inspection/pc1_gfshONRVL_1.jpg.296x216.jpg
20201223,长宁,北新泾,店长推荐，一梯两户，满五唯一，双南两室一厅，位置好房主自荐,398万,2室1厅 | 71.43平米 | 南 | 简装 | 高楼层(共6层) | 1995年建 | 板楼,http://image1.ljcdn.com/110000-inspection/pc1_02GItp6vj_1.jpg.296x216.jpg
20201223,长宁,北新泾,东南朝向，小区环境好，2号线，三房一厅,500万,3室1厅 | 83.87平米 | 南 北 | 简装 | 高楼层(共6层) | 1990年建 | 板楼,http://image1.ljcdn.com/110000-inspection/pc1_cBPfoGO7o_1.jpg.296x216.jpg
20201223,长宁,北新泾,新泾一村 2室1厅 南,365万,2室1厅 | 62.2平米 | 南 | 精装 | 高楼层(共6层) | 1995年建 | 板楼,http://image1.ljcdn.com/110000-inspection/pc1_bB8blMiFP_1.jpg.296x216.jpg
20201223,长宁,北新泾,品质小区  房型是南北通两房，视野好，税费少。,550万,2室1厅 | 84.81平米 | 南 | 简装 | 高楼层(共6层) | 1999年建 | 板楼,http://image1.ljcdn.com/110000-inspection/pc1_nRDU17Vxc_1.jpg.296x216.jpg
20201223,长宁,北新泾,楼层好，视野开阔，双南两房，生活配套成熟房主自荐,352万,2室1厅 | 68.69平米 | 南 | 简装 | 高楼层(共6层) | 1995年建 | 板楼,http://image1.ljcdn.com/110000-inspection/pc1_H8JSfFIYB_1.jpg.296x216.jpg
20201223,长宁,北新泾,自如装修，户型方正，看房方便，诚意出售,608万,3室1厅 | 108.57平米 | 南 | 简装 | 高楼层(共6层) | 1996年建 | 板楼,http://image1.ljcdn.com/110000-inspection/pc1_0lItvE6Tq_1.jpg.296x216.jpg
20201223,长宁,北新泾,小区安静，车位够用，满五不唯一，一梯两户，房型正气,395万,3室0厅 | 72.71平米 | 南 | 精装 | 高楼层(共6层) | 1998年建 | 板楼,http://image1.ljcdn.com/110000-inspection/pc1_yKTPfZnBO_1.jpg.296x216.jpg
20201223,长宁,北新泾,视野开阔，采光好，精装修一房改两房，直接拎包入住房主自荐,317万,2室1厅 | 56.71平米 | 南 | 精装 | 中楼层(共6层) | 1995年建 | 板楼,http://image1.ljcdn.com/110000-inspection/pc1_P94cq1puQ_1.jpg.296x216.jpg
20201223,长宁,北新泾,绿园一村 1室1厅 南新上,270万,1室1厅 | 55.29平米 | 南 | 简装 | 高楼层(共6层) | 1997年建 | 板楼,http://image1.ljcdn.com/110000-inspection/pc1_jKlOBZigL_1.jpg.296x216.jpg
20201223,长宁,北新泾,新泾三村 1室1厅 南新上,218万,1室1厅 | 37.65平米 | 南 | 简装 | 高楼层(共6层) | 1986年建 | 板楼,http://image1.ljcdn.com/110000-inspection/pc1_YG8FVRIZm_1.jpg.296x216.jpg
20201223,长宁,北新泾,售后公房，一梯两户，大三房一厅，采光好，位置好。房主自荐,530万,3室1厅 | 88.14平米 | 南 | 精装 | 高楼层(共6层) | 1994年建 | 板楼,http://image1.ljcdn.com/110000-inspection/pc1_y6hJZIlPO_1.jpg.296x216.jpg
20201223,长宁,北新泾,精装修！拎包入住，满五唯一,业主诚意出售！房主自荐,215万,1室1厅 | 35.48平米 | 南 | 精装 | 高楼层(共6层) | 1986年建 | 板楼,http://image1.ljcdn.com/110000-inspection/pc1_YWT53NAI2_1.jpg.296x216.jpg
20201223,长宁,北新泾,98年小区，一梯2户，小区环境好，2号线淞虹路地铁站房主自荐,290万,1室1厅 | 47.93平米 | 南 | 简装 | 高楼层(共6层) | 1998年建 | 板楼,http://image1.ljcdn.com/110000-inspection/pc1_FqtOKpPQ7_1.jpg.296x216.jpg
20201223,长宁,北新泾,出行便利，一梯三户，房屋朝南，精装修，拎包入住房主自荐,279万,2室1厅 | 45.1平米 | 南 | 精装 | 低楼层(共6层) | 1992年建 | 板楼,http://image1.ljcdn.com/110000-inspection/pc1_J3Igh4ch0_1.jpg.296x216.jpg
20201223,长宁,北新泾,满五唯一，舒适二层，生活便利。房主自荐,315万,2室1厅 | 48.52平米 | 南 | 简装 | 低楼层(共6层) | 1991年建 | 板楼,http://image1.ljcdn.com/110000-inspection/pc1_cu8eSYTUX_1.jpg.296x216.jpg
20201223,长宁,北新泾,边套全明，小区中间位置，无遮挡。房主自荐,315万,2室1厅 | 53.29平米 | 南 北 | 精装 | 高楼层(共6层) | 1994年建 | 板楼,http://image1.ljcdn.com/110000-inspection/pc1_vbdEMWc8v_1.jpg.296x216.jpg
20201223,长宁,北新泾,非顶楼，南北通，精装修，采光好房主自荐,330万,2室1厅 | 51.81平米 | 南 北 | 精装 | 高楼层(共6层) | 1994年建 | 板楼,http://image1.ljcdn.com/110000-inspection/pc1_RQxXXNRT4_1.jpg.296x216.jpg
20201223,长宁,北新泾,售后公房！满五唯一!精品两房！业主诚意出售！房主自荐,295万,2室1厅 | 49.76平米 | 南 北 | 精装 | 高楼层(共6层) | 1996年建 | 板楼,http://image1.ljcdn.com/110000-inspection/pc1_zbqtZ5RDn_1.jpg.296x216.jpg
20201223,长宁,北新泾,满五+楼层好+南北格局+采光充足,244万,1室1厅 | 45.36平米 | 南 | 简装 | 中楼层(共6层) | 1997年建 | 板楼,http://image1.ljcdn.com/110000-inspection/pc1_1QjpGV3GZ_1.jpg.296x216.jpg
20201223,长宁,北新泾,一梯两户得房率高，正规一房小区中间位置易居住房主自荐,221万,1室1厅 | 45.73平米 | 南 | 简装 | 高楼层(共6层) | 1996年建 | 板楼,http://image1.ljcdn.com/110000-inspection/pc1_mLQfhvhlw_1.jpg.296x216.jpg
20201223,长宁,北新泾,满五唯一，一楼带天井，适合老人居住,299万,1室1厅 | 50.15平米 | 南 北 | 精装 | 低楼层(共6层) | 1998年建 | 板楼,http://image1.ljcdn.com/110000-inspection/pc1_6RWDyh4Vn_1.jpg.296x216.jpg
20201223,长宁,北新泾,正气南北通，动静分离，满五唯一，采光好，诚意卖,850万,3室2厅 | 126.89平米 | 南 北 | 简装 | 低楼层(共13层) | 2005年建 | 板楼,http://image1.ljcdn.com/310000-inspection/prod-b75ae367-971b-4176-a68b-2bbab719b627.jpg.296x216.jpg
20201223,长宁,北新泾,仙霞西路715弄 两房一厅 业主诚意出售房主自荐,325万,2室1厅 | 62.37平米 | 东 东南 | 精装 | 中楼层(共4层) | 1996年建 | 板楼,http://image1.ljcdn.com/110000-inspection/pc1_Trb4ZhCAZ_1.jpg.296x216.jpg
20201223,长宁,北新泾,品质小区，二手买进满五，南北通透，精装修新上,625万,2室1厅 | 85.04平米 | 南 | 精装 | 低楼层(共5层) | 1999年建 | 板楼,http://image1.ljcdn.com/110000-inspection/pc1_npjVMWlWj_1.jpg.296x216.jpg
20201223,长宁,北新泾,少有复式带露台，满五年，大面积低总价，位置好诚意卖,810万,5室2厅 | 154.85平米 | 南 | 其他 | 高楼层(共6层) | 1998年建 | 板楼,http://image1.ljcdn.com/310000-inspection/prod-31bcbae2-ffe9-4d06-b922-869aac955e7d.jpg.296x216.jpg
20201223,长宁,北新泾,2003年商品房，复式带阁楼有露台，预计加电梯,740万,3室2厅 | 131.87平米 | 南 北 | 简装 | 高楼层(共6层) | 2003年建 | 板楼,http://image1.ljcdn.com/310000-inspection/pc1_lvuMY5O2q_1.jpg.296x216.jpg
20201223,长宁,北新泾,超大阁楼，有露台，一梯两户，近淞虹路站，M五房主自荐,880万,3室2厅 | 135.77平米 | 南 | 简装 | 高楼层(共6层) | 2000年建 | 板楼,http://image1.ljcdn.com/110000-inspection/pc1_Nv5TSlppH_1.jpg.296x216.jpg
20201223,长宁,北新泾,北新泾地铁口   钥匙房 随时可看,850万,3室1厅 | 125.56平米 | 南 | 简装 | 低楼层(共14层) | 2008年建 | 板楼,http://image1.ljcdn.com/110000-inspection/pc1_MbhcuTsuB_1.jpg.296x216.jpg
20201223,长宁,北新泾,一梯一户全明户型，中间楼层淞虹路站口房主自荐,858万,4室1厅 | 146.21平米 | 南 | 简装 | 中楼层(共6层) | 2000年建 | 板楼,http://image1.ljcdn.com/110000-inspection/pc1_ssqnL3XsF_1.jpg.296x216.jpg
20201223,长宁,北新泾,精装一房，通风采光俱价，小区改造过环境好房主自荐,295万,1室1厅 | 48.81平米 | 南 | 精装 | 中楼层(共6层) | 1993年建 | 板楼,http://image1.ljcdn.com/110000-inspection/pc1_DobswCGH7_1.jpg.296x216.jpg
20201223,长宁,北新泾,全明一房，视野开阔，采光充足，交通便利，诚意出售。,275万,1室1厅 | 56.84平米 | 南 | 简装 | 高楼层(共6层) | 1997年建 | 板楼,http://image1.ljcdn.com/110000-inspection/pc1_DWfq1K2ng_1.jpg.296x216.jpg
20201223,长宁,北新泾,邻百联西郊，户型正气，中间楼层，采光佳，诚意出售房主自荐,328万,1室1厅 | 51.62平米 | 南 | 精装 | 中楼层(共6层) | 2001年建 | 板楼,http://image1.ljcdn.com/110000-inspection/pc1_Y9XY75i72_1.jpg.296x216.jpg
20201223,长宁,北新泾,近地铁，大一房，采光通风好，视野佳，业主诚意出售房主自荐,250万,1室1厅 | 48.18平米 | 南 | 简装 | 高楼层(共6层) | 1997年建 | 板楼,http://image1.ljcdn.com/110000-inspection/pc1_wrciZlUb2_1.jpg.296x216.jpg
20201223,长宁,北新泾,急售！2号线淞虹路地铁口460米，光大安石商场在建！房主自荐,280万,1室1厅 | 47.48平米 | 南 | 精装 | 高楼层(共7层) | 1997年建 | 板楼,http://image1.ljcdn.com/110000-inspection/pc1_EVNJf4dC9_1.jpg.296x216.jpg
20201223,长宁,北新泾,精装修电梯房，一房一厅。近地铁，近公园，小区好房主自荐,345万,1室1厅 | 59.16平米 | 南 | 精装 | 中楼层(共13层) | 1995年建 | 塔楼,http://image1.ljcdn.com/110000-inspection/pc1_Od62QxLqK_1.jpg.296x216.jpg
20201223,长宁,北新泾,新上双南笋盘满五年唯一精装修视野好,380万,2室1厅 | 66.77平米 | 南 | 精装 | 高楼层(共6层) | 1997年建 | 板楼,http://image1.ljcdn.com/110000-inspection/pc1_Vlv6IDIxn_1.jpg.296x216.jpg
20201223,长宁,北新泾,中间楼层，边套全明户型，采光通风好，位置佳,335万,1室1厅 | 54.62平米 | 南 | 简装 | 中楼层(共6层) | 2001年建 | 板楼,http://image1.ljcdn.com/110000-inspection/pc1_Emfp0uKbg_1.jpg.296x216.jpg
20201223,长宁,北新泾,近地铁 一梯两户  中间楼层  视野好 采光足,318万,1室1厅 | 53.43平米 | 南 | 其他 | 中楼层(共6层) | 1999年建 | 板楼,http://image1.ljcdn.com/110000-inspection/pc1_nv4esBMWu_1.jpg.296x216.jpg
20201223,长宁,北新泾,紫竹很好的户型，满二唯一，客厅带阳台，全明户型房主自荐,282万,1室1厅 | 48.6平米 | 南 | 简装 | 高楼层(共6层) | 1994年建 | 板楼,http://image1.ljcdn.com/110000-inspection/pc1_qGTE8rNrU_1.jpg.296x216.jpg
20201223,长宁,北新泾,一梯两户的一房户型，精装修，采光好,242万,1室1厅 | 45.51平米 | 南 | 精装 | 高楼层(共6层) | 1996年建 | 板楼,http://image1.ljcdn.com/110000-inspection/pc1_OlmcU0tXI_1.jpg.296x216.jpg
20201223,长宁,北新泾,淞虹路站口，配套齐全，精品小区中间位置不靠马路,300万,1室1厅 | 50.04平米 | 南 | 简装 | 低楼层(共6层) | 1994年建 | 板楼,http://image1.ljcdn.com/110000-inspection/pc1_rw4e1ZomQ_1.jpg.296x216.jpg
20201223,长宁,北新泾,电梯房，小区中间位置，售后公房，满五年，产权清晰房主自荐,335万,1室1厅 | 63.45平米 | 南 | 简装 | 低楼层(共13层) | 1995年建 | 塔楼,http://image1.ljcdn.com/110000-inspection/pc1_1ugFUTSW7_1.jpg.296x216.jpg
20201223,长宁,北新泾,电梯房，全明户型方正，税费少，得房率高，,350万,1室1厅 | 54.31平米 | 南 | 简装 | 低楼层(共12层) | 2005年建 | 板楼,http://image1.ljcdn.com/110000-inspection/pc1_00gRiY7Ta_1.jpg.296x216.jpg
20201223,长宁,北新泾,此房满五唯一，税费少，高楼层，采光好，产权清晰,255万,2室0厅 | 46.79平米 | 南 | 简装 | 高楼层(共6层) | 1993年建 | 板楼,http://image1.ljcdn.com/110000-inspection/pc1_HBuM8t9hS_1.jpg.296x216.jpg
20201223,长宁,北新泾,北新泾地铁300米，一梯两户全明客厅大阳台房主自荐,279万,1室1厅 | 50.09平米 | 南 西 | 简装 | 高楼层(共6层) | 1995年建 | 板楼,http://image1.ljcdn.com/110000-inspection/pc1_gATJuIgRu_1.jpg.296x216.jpg
20201223,长宁,北新泾,小户型，价格划算，精装修，可拎包入住，业主诚售房主自荐,213万,1室1厅 | 36.17平米 | 南 | 精装 | 高楼层(共6层) | 1995年建 | 板楼,http://image1.ljcdn.com/110000-inspection/pc1_BleMvdNyR_1.jpg.296x216.jpg
20201223,长宁,北新泾,满五唯一，税费少，楼层好，视野开阔，配套设施齐全房主自荐,278万,2室0厅 | 46.79平米 | 南 | 精装 | 中楼层(共6层) | 1993年建 | 板楼,http://image1.ljcdn.com/110000-inspection/pc1_tzHlS3OeB_1.jpg.296x216.jpg
20201223,长宁,北新泾,15年全新装修，边套全明，南北通，满五唯一，近地铁房主自荐,300万,2室1厅 | 52.3平米 | 南 | 精装 | 中楼层(共5层) | 1986年建 | 板楼,http://image1.ljcdn.com/110000-inspection/pc1_7JPntb6pY_1.jpg.296x216.jpg
20201223,长宁,北新泾,动迁房不唯一，税费少，不靠马路，全明户型，一梯两户,260万,1室1厅 | 50.55平米 | 南 | 简装 | 高楼层(共6层) | 1997年建 | 板楼,http://image1.ljcdn.com/110000-inspection/pc1_r23GEEMEN_1.jpg.296x216.jpg
20201223,长宁,北新泾,业主急售，优质一房，小区中间位置,230万,1室1厅 | 45.94平米 | 南 | 简装 | 高楼层(共6层) | 1998年建 | 板楼,http://image1.ljcdn.com/110000-inspection/pc1_1KNLTY4vK_1.jpg.296x216.jpg
20201223,长宁,北新泾,邻百联西郊，户型正气，高区采光好，诚意出售,330万,1室1厅 | 51.39平米 | 南 | 简装 | 高楼层(共6层) | 2001年建 | 板楼,http://image1.ljcdn.com/110000-inspection/pc1_M0JJcj2CT_1.jpg.296x216.jpg
20201223,长宁,北新泾,必看房源，低楼层，无遮拦，边套全明，带露台房主自荐,239万,1室1厅 | 38.48平米 | 南 | 简装 | 中楼层(共5层) | 1984年建 | 板楼,http://image1.ljcdn.com/110000-inspection/pc1_2kd1nhgTh_1.jpg.296x216.jpg
20201223,长宁,北新泾,2001年房龄，南北通户型，精装修，诚意出售。房主自荐,325万,1室1厅 | 51.22平米 | 南 | 精装 | 高楼层(共6层) | 2001年建 | 板楼,http://image1.ljcdn.com/110000-inspection/pc1_uPef3jLV9_1.jpg.296x216.jpg
20201223,长宁,北新泾,诚心急售，全明通风，小区中间，无遮挡，税少房主自荐,243.9万,1室1厅 | 49.53平米 | 南 | 简装 | 高楼层(共6层) | 1996年建 | 板楼,http://image1.ljcdn.com/110000-inspection/pc1_axZpg2Xof_1.jpg.296x216.jpg
20201223,长宁,北新泾,店长推荐 优选房源 全新精装修 边套明亮房型,249万,2室1厅 | 48.74平米 | 南 | 精装 | 高楼层(共7层) | 1995年建 | 板楼,http://image1.ljcdn.com/110000-inspection/pc1_e2RTGu0tK_1.jpg.296x216.jpg
20201223,长宁,北新泾,本房满五唯一，非顶楼，总价低，通风好，精品小区。,290万,1室1厅 | 59.16平米 | 南 | 简装 | 低楼层(共13层) | 1995年建 | 塔楼,http://image1.ljcdn.com/110000-inspection/pc1_L5ItZJMmQ_1.jpg.296x216.jpg
20201223,长宁,北新泾,链家推荐 精装南北两房 边套全明 前后无遮挡房主自荐,358万,2室1厅 | 59.79平米 | 南 | 简装 | 高楼层(共6层) | 1995年建 | 板楼,http://image1.ljcdn.com/110000-inspection/pc1_CkLigHkJd_1.jpg.296x216.jpg
20201223,长宁,北新泾,此房满五唯一  全明两房     南北比较通透   看房方便,458万,2室1厅 | 83.12平米 | 南 | 简装 | 高楼层(共6层) | 1998年建 | 板楼,http://image1.ljcdn.com/110000-inspection/pc1_b4Fuq6P77_1.jpg.296x216.jpg
20201223,长宁,北新泾,一梯两户视野开阔 房子南面是一条活水河道,335万,2室1厅 | 60.76平米 | 南 | 精装 | 高楼层(共6层) | 1995年建 | 板楼,http://image1.ljcdn.com/110000-inspection/pc1_Jcey35EpB_1.jpg.296x216.jpg
20201223,长宁,北新泾,近地铁，楼层好，95年房龄，满五唯一，总价低新上,205万,1室0厅 | 33.96平米 | 南 | 简装 | 中楼层(共5层) | 1995年建 | 板楼,http://image1.ljcdn.com/110000-inspection/pc1_8W7W8SQWk_1.jpg.296x216.jpg
20201223,长宁,北新泾,近地铁，全明户型，装修好，采光好，急售！,235万,1室1厅 | 44.23平米 | 南 北 | 精装 | 高楼层(共6层) | 1990年建 | 板楼,http://image1.ljcdn.com/110000-inspection/pc1_TPqDSC0Yj_1.jpg.296x216.jpg
20201223,长宁,北新泾,双南两房带阳台，一梯三户，楼层好，近地铁，诚意卖房主自荐,394万,2室2厅 | 79.04平米 | 南 | 简装 | 低楼层(共6层) | 1997年建 | 板楼,http://image1.ljcdn.com/310000-inspection/prod-040d0077-dfbe-4fd0-8320-3f0f083b9090.jpg.296x216.jpg
20201223,长宁,北新泾,满五唯一，双卧朝南，采光好，业主诚意，看房方便。房主自荐,305万,2室1厅 | 57.53平米 | 南 | 精装 | 高楼层(共5层) | 1984年建 | 板楼,http://image1.ljcdn.com/110000-inspection/pc1_P9yXFw6Ar_1.jpg.296x216.jpg
20201223,长宁,北新泾,楼层高。房型正气。采光好。通风好。看房方便房主自荐,228万,1室1厅 | 48.74平米 | 南 | 简装 | 高楼层(共7层) | 1995年建 | 板楼,http://image1.ljcdn.com/110000-inspection/pc1_B7Nwnm21A_1.jpg.296x216.jpg
20201223,长宁,北新泾,三楼楼层好； 税费少；生活配套好,295万,1室1厅 | 55.1平米 | 南 | 简装 | 中楼层(共6层) | 1998年建 | 板楼,http://image1.ljcdn.com/110000-inspection/pc1_h2apO17aL_1.jpg.296x216.jpg
20201223,长宁,北新泾,2011年房龄次新房，业主自住装修两年半，看房随时,715万,3室1厅 | 121.6平米 | 南 | 精装 | 低楼层(共13层) | 2011年建 | 板楼,http://image1.ljcdn.com/310000-inspection/prod-fa942b7d-4405-4c52-bc6d-092ab0e29367.png.296x216.jpg
20201223,长宁,北新泾,门口地铁， 中间楼层，业主诚意出售,266万,2室0厅 | 45.63平米 | 南 | 精装 | 中楼层(共6层) | 1992年建 | 板楼,http://image1.ljcdn.com/310000-inspection/prod-786b241d-6eb2-4280-ba51-cec966c790a6.jpg.296x216.jpg
20201223,长宁,北新泾,全明户型，高楼层带电梯景观房，小区环境好,530万,3室1厅 | 90.81平米 | 南 | 简装 | 高楼层(共14层) | 1997年建 | 塔楼,http://image1.ljcdn.com/110000-inspection/pc1_VqfTViMPJ_1.jpg.296x216.jpg
20201223,长宁,北新泾,满五唯一,税费少,边套且带天井,318万,2室1厅 | 49.9平米 | 南 北 | 精装 | 低楼层(共6层) | 1994年建 | 板楼,http://image1.ljcdn.com/110000-inspection/pc1_Z1oLDG7Co_1.jpg.296x216.jpg
20201223,长宁,北新泾,05年新小区，一梯两户，品质小区房主自荐,439万,2室1厅 | 59.51平米 | 南 | 简装 | 高楼层(共6层) | 2007年建 | 板楼,http://image1.ljcdn.com/110000-inspection/pc1_0BghFRSZe_1.jpg.296x216.jpg
20201223,长宁,北新泾,看房方便有钥匙，业主诚意出售 。,350万,2室1厅 | 72.3平米 | 南 | 简装 | 高楼层(共6层) | 1996年建 | 板楼,http://image1.ljcdn.com/110000-inspection/pc1_uXaavRqqs_1.jpg.296x216.jpg
20201223,长宁,北新泾,金虹苑，一梯两户，双南卧室，精装修，采光好,420万,2室1厅 | 72.12平米 | 南 | 精装 | 高楼层(共6层) | 1997年建 | 板楼,http://image1.ljcdn.com/110000-inspection/pc1_hlRQPbLiF_1.jpg.296x216.jpg
20201223,长宁,北新泾,两房朝南带双阳台，百年适存，近地铁房主自荐,420万,2室1厅 | 73.06平米 | 南 | 简装 | 高楼层(共6层) | 1994年建 | 板楼,http://image1.ljcdn.com/110000-inspection/pc1_U5c19o9zF_1.jpg.296x216.jpg
20201223,长宁,北新泾,虹康家园，商品房小区，户型方正，业主诚售,530万,2室1厅 | 85.68平米 | 南 | 精装 | 高楼层(共6层) | 2001年建 | 板楼,http://image1.ljcdn.com/110000-inspection/pc1_4Qp3YXNYF_1.jpg.296x216.jpg
20201223,长宁,北新泾,淞虹路站，中间位置，文明楼栋，楼层合适,430万,2室1厅 | 72平米 | 南 | 简装 | 中楼层(共5层) | 1995年建 | 板楼,http://image1.ljcdn.com/110000-inspection/pc1_txtdXfkjl_1.jpg.296x216.jpg
20201223,长宁,北新泾,满五唯一，边套全明，交通方便。,330万,2室1厅 | 52.1平米 | 南 | 简装 | 高楼层(共6层) | 1991年建 | 板楼,http://image1.ljcdn.com/110000-inspection/pc1_d2Hr8JsNA_1.jpg.296x216.jpg
20201223,长宁,北新泾,北新泾地铁站   高区  视野景观优,560万,1室1厅 | 75平米 | 南 | 精装 | 高楼层(共13层) | 2007年建 | 板楼,http://image1.ljcdn.com/110000-inspection/pc1_ohJw9y9cZ_1.jpg.296x216.jpg
20201223,长宁,北新泾,装修干净，产权清晰，交通生活方便房主自荐,350万,2室1厅 | 60.81平米 | 南 北 | 精装 | 高楼层(共7层) | 1995年建 | 板楼,http://image1.ljcdn.com/110000-inspection/pc1_YUJLMS0ia_1.jpg.296x216.jpg
20201223,长宁,北新泾,近北新泾地铁，交通线路四通八达。,290万,2室0厅 | 45.79平米 | 南 北 | 简装 | 低楼层(共6层) | 1993年建 | 板楼,http://image1.ljcdn.com/110000-inspection/pc1_4bzEYqqGR_1.jpg.296x216.jpg
20201223,长宁,北新泾,1997年的房子，楼层好临河，近西郊百联，生活便利房主自荐,240万,1室1厅 | 42.55平米 | 南 | 精装 | 中楼层(共6层) | 1997年建 | 板楼,http://image1.ljcdn.com/110000-inspection/pc1_Ab0jyzN53_1.jpg.296x216.jpg
20201223,长宁,北新泾,户型正气 边套全明 采光充足 低总价 诚售,245万,1室1厅 | 50.01平米 | 南 | 毛坯 | 高楼层(共6层) | 1996年建 | 板楼,http://image1.ljcdn.com/110000-inspection/pc1_fSubASTMG_1.jpg.296x216.jpg
20201223,长宁,北新泾,双南户型 采光充足 满五唯一 配套齐全,390万,2室1厅 | 74.89平米 | 南 | 精装 | 高楼层(共7层) | 1998年建 | 板楼,http://image1.ljcdn.com/310000-inspection/prod-b8831e25-dfc7-4286-8c02-f17b8d63e43b.jpg.296x216.jpg
20201223,长宁,北新泾,电梯房，精品小区，看房方便，新泾公园、淞虹路地铁口房主自荐,305万,1室1厅 | 50.26平米 | 南 | 简装 | 高楼层(共6层) | 1994年建 | 板楼,http://image1.ljcdn.com/310000-inspection/pc1_FUdjyYJ5V_1.jpg.296x216.jpg
20201223,长宁,北新泾,采光好，一梯两户，离地铁近，业主诚意出售！,408万,2室1厅 | 66.23平米 | 南 | 简装 | 高楼层(共6层) | 1995年建 | 板楼,http://image1.ljcdn.com/110000-inspection/pc1_hU1OJqgZJ_1.jpg.296x216.jpg
20201223,长宁,北新泾,馨兰小区，动迁房，无户口，无抵押,320万,2室1厅 | 58.74平米 | 南 北 | 简装 | 高楼层(共6层) | 1997年建 | 板楼,http://image1.ljcdn.com/110000-inspection/pc1_AMa7MWS0E_1.jpg.296x216.jpg
20201223,长宁,北新泾,二楼 满五年唯一 简装一室户 看房方便,235万,1室1厅 | 40.26平米 | 南 | 简装 | 低楼层(共6层) | 1995年建 | 板楼,http://image1.ljcdn.com/310000-inspection/prod-86258914-9b06-43c3-a035-c2996a48fa70.jpg.296x216.jpg
20201223,长宁,北新泾,店长推荐：优质房源，小户型好楼层，交通便捷配套全房主自荐,220万,1室1厅 | 34.35平米 | 南 北 | 精装 | 中楼层(共6层) | 1995年建 | 板楼,http://image1.ljcdn.com/110000-inspection/pc1_IQ4UcqovR_1.jpg.296x216.jpg
20201223,长宁,北新泾,自如精装修，小户型总价低，95年房龄，看房方便,190万,1室0厅 | 30.49平米 | 南 | 精装 | 高楼层(共6层) | 1995年建 | 板楼,http://image1.ljcdn.com/110000-inspection/pc1_6h4Ne5Eat_1.jpg.296x216.jpg
20201223,长宁,北新泾,近地铁，精装修，房东诚意出售，配套齐全房主自荐,205万,1室0厅 | 35.23平米 | 南 | 精装 | 高楼层(共5层) | 1986年建 | 板楼,http://image1.ljcdn.com/110000-inspection/pc1_dEtNI6ORY_1.jpg.296x216.jpg
20201223,长宁,北新泾,满五唯一近地铁，业主诚意出售，采光好通风效果好房主自荐,188万,1室0厅 | 29.4平米 | 南 | 简装 | 高楼层(共6层) | 1995年建 | 板楼,http://image1.ljcdn.com/110000-inspection/pc1_0EImmX4aq_1.jpg.296x216.jpg
20201223,长宁,北新泾,满五唯一，精装修拎包入住，卧室无遮挡，采光视野好。房主自荐,195万,1室0厅 | 34.92平米 | 南 | 精装 | 高楼层(共6层) | 1995年建 | 板楼,http://image1.ljcdn.com/110000-inspection/pc1_ifVM5vqJt_1.jpg.296x216.jpg
20201223,长宁,北新泾,满五唯一，总价低，带天井，得房率高房主自荐,203万,1室0厅 | 32.21平米 | 南 | 简装 | 低楼层(共6层) | 1993年建 | 板楼,http://image1.ljcdn.com/110000-inspection/pc1_fRLYxA5Fn_1.jpg.296x216.jpg
20201223,长宁,北新泾,满五唯一，业主诚意出售，配套设施齐全,195万,1室0厅 | 34.39平米 | 南 | 简装 | 低楼层(共6层) | 1993年建 | 板楼,http://image1.ljcdn.com/110000-inspection/pc1_TOaq1vBfC_1.jpg.296x216.jpg
20201223,长宁,北新泾,2001年的商品房 一梯两户南北房间客厅朝南・带阁楼房主自荐,658万,2室2厅 | 86.68平米 | 南 北 | 简装 | 高楼层(共6层) | 2000年建 | 板楼,http://image1.ljcdn.com/110000-inspection/pc1_pgDuld0Fp_1.jpg.296x216.jpg
20201223,长宁,北新泾,近地铁，税费低，精装修一室一厅,500万,1室1厅 | 70.68平米 | 南 | 精装 | 低楼层(共13层) | 2007年建 | 板楼,http://image1.ljcdn.com/110000-inspection/pc1_tyV0VVfY4_1.jpg.296x216.jpg
20201223,长宁,北新泾,北新泾地铁站600米 一梯两户全明精装修 价格诚意房主自荐,309万,1室1厅 | 56.33平米 | 南 北 | 精装 | 高楼层(共6层) | 1996年建 | 板楼,http://image1.ljcdn.com/110000-inspection/pc1_K7mENOeUl_1.jpg.296x216.jpg
20201223,长宁,北新泾,店长推荐，采光好，视野开阔，诚意出售房源房主自荐,235万,1室1厅 | 40.07平米 | 南 | 简装 | 高楼层(共6层) | 1994年建 | 板楼,http://image1.ljcdn.com/110000-inspection/pc1_C5TuFZACH_1.jpg.296x216.jpg
20201223,长宁,北新泾,精装修，一梯2户，精品小区在改造中,285万,1室1厅 | 52.14平米 | 南 | 精装 | 低楼层(共6层) | 1997年建 | 板楼,http://image1.ljcdn.com/110000-inspection/pc1_FKqpO0YAl_1.jpg.296x216.jpg
20201223,长宁,北新泾,户型好，全明户型且双开间朝南，一梯两户，配套齐全,510万,3室1厅 | 92.89平米 | 南 | 简装 | 高楼层(共6层) | 1994年建 | 板楼,http://image1.ljcdn.com/110000-inspection/pc1_QTvvAGytT_1.jpg.296x216.jpg
20201223,长宁,北新泾,满五唯一，南北两房，精装修，诚意出售,392万,2室1厅 | 74.34平米 | 南 北 | 精装 | 中楼层(共6层) | 1997年建 | 板楼,http://image1.ljcdn.com/310000-inspection/pc1_CqVSGJLxs_1.jpg.296x216.jpg
20201223,长宁,北新泾,带双天井，东边套全明户型。。。,690万,3室1厅 | 108平米 | 南 | 精装 | 低楼层(共6层) | 2001年建 | 板楼,http://image1.ljcdn.com/310000-inspection/acfbd6c2-adf5-4ad5-96af-3929b23c4637_1000.jpg.296x216.jpg
20201223,长宁,北新泾,满五唯一+边套全明+南北通+交通便利+拎包入住,320万,2室1厅 | 65平米 | 南 北 | 简装 | 高楼层(共7层) | 1995年建 | 板楼,http://image1.ljcdn.com/110000-inspection/pc1_yyxw9a0gy_1.jpg.296x216.jpg
20201223,长宁,北新泾,楼层适中，满五不唯一，看房方便。房主自荐,480万,3室2厅 | 78.96平米 | 南 | 简装 | 低楼层(共6层) | 1995年建 | 板楼,http://image1.ljcdn.com/110000-inspection/pc1_8Wd45O16R_1.jpg.296x216.jpg
20201223,长宁,北新泾,绿园之光，养老一楼，满五不唯一，天井大阳光房,320万,2室1厅 | 61.78平米 | 南 | 简装 | 低楼层(共6层) | 1997年建 | 板楼,http://image1.ljcdn.com/110000-inspection/pc1_0z8DCGVUQ_1.jpg.296x216.jpg
20201223,长宁,北新泾,4楼，南北大两房，售后公房，小区中间位置，急售！！,325万,2室1厅 | 58.74平米 | 南 | 简装 | 中楼层(共6层) | 1997年建 | 板楼,http://image1.ljcdn.com/110000-inspection/pc1_9vPx57Xxv_1.jpg.296x216.jpg
20201223,长宁,北新泾,户型格局少有，适合小夫妻带小孩入住，诚意卖,365万,2室1厅 | 67.64平米 | 南 | 精装 | 高楼层(共6层) | 1996年建 | 板楼,http://image1.ljcdn.com/110000-inspection/pc1_mZagr6aHs_1.jpg.296x216.jpg
20201223,长宁,北新泾,地铁口商品房，不靠高架，三期电梯房南北俩房。房主自荐,840万,2室2厅 | 104.5平米 | 南 | 精装 | 中楼层(共8层) | 2002年建 | 板楼,http://image1.ljcdn.com/110000-inspection/pc1_LaLEP4qmT_1.jpg.296x216.jpg
20201223,长宁,北新泾,不靠高架，地铁口商品房，飞机户型，电梯房房主自荐,920万,3室2厅 | 116.24平米 | 南 北 | 简装 | 低楼层(共8层) | 2004年建 | 板楼,http://image1.ljcdn.com/110000-inspection/pc1_OTuGlpcTT_1.jpg.296x216.jpg
20201223,长宁,北新泾,精装修，配套设施齐全，近地铁。,280万,2室1厅 | 42.38平米 | 南 | 精装 | 低楼层(共6层) | 1992年建 | 板楼,http://image1.ljcdn.com/110000-inspection/pc1_GbdGcpx82_1.jpg.296x216.jpg
20201223,长宁,北新泾,东边套全明户型，视野开阔，采光很棒,309万,2室1厅 | 52.13平米 | 南 | 简装 | 高楼层(共6层) | 1994年建 | 板楼,http://image1.ljcdn.com/110000-inspection/pc1_MmZKEANlp_1.jpg.296x216.jpg
20201223,长宁,北新泾,05年高档小区 电梯有产权车位 五年唯一 采光好不遮挡,610万,2室1厅 | 92.45平米 | 南 | 简装 | 低楼层(共13层) | 2005年建 | 板楼,http://image1.ljcdn.com/110000-inspection/pc1_HcD9zkotU_1.jpg.296x216.jpg
20201223,长宁,北新泾,售后公房  满五唯一  近地铁  双南双阳台房主自荐,405万,2室1厅 | 79.04平米 | 南 | 简装 | 低楼层(共6层) | 1997年建 | 板楼,http://image1.ljcdn.com/110000-inspection/pc1_oaTD1tr9B_1.jpg.296x216.jpg
20201223,长宁,北新泾,双南两房，满五唯一，交通便利，业主诚意出售！,318万,2室0厅 | 56.12平米 | 南 | 简装 | 高楼层(共6层) | 1986年建 | 板楼,http://image1.ljcdn.com/110000-inspection/pc1_q4yocUVGC_1.jpg.296x216.jpg
20201223,长宁,北新泾,楼层佳。采光好。通风好。装修好。可以拎包入住房主自荐,248万,1室2厅 | 49.02平米 | 南 | 精装 | 中楼层(共7层) | 1995年建 | 板楼,http://image1.ljcdn.com/110000-inspection/pc1_DP8bvGL6n_1.jpg.296x216.jpg
20201223,长宁,北新泾,一梯两户 顶楼复式 近西郊百联 沿河景观房主自荐,568万,2室2厅 | 89.63平米 | 南 | 精装 | 高楼层(共6层) | 1998年建 | 板楼,http://image1.ljcdn.com/110000-inspection/pc1_JdCvZHxLo_1.jpg.296x216.jpg
20201223,长宁,北新泾,虹园八村 2室1厅 南房主自荐,364万,2室1厅 | 63.9平米 | 南 | 简装 | 高楼层(共6层) | 1993年建 | 板楼,http://image1.ljcdn.com/110000-inspection/pc1_UKcg0lPcD_1.jpg.296x216.jpg
20201223,长宁,北新泾,一梯两户 中间楼层 近西郊百联 动迁房税费少房主自荐,435万,2室1厅 | 74平米 | 南 | 简装 | 中楼层(共7层) | 1998年建 | 板楼,http://image1.ljcdn.com/110000-inspection/pc1_pfy6JGstd_1.jpg.296x216.jpg
20201223,长宁,北新泾,店长推荐 三楼好房  采光好 诚意出售 价格可以谈,355万,2室1厅 | 59.82平米 | 南 北 | 简装 | 中楼层(共6层) | 1995年建 | 板楼,http://image1.ljcdn.com/110000-inspection/pc1_F59pxlttw_1.jpg.296x216.jpg
20201223,长宁,北新泾,近地铁，双卧朝南，视野开阔，采光通风好，配套齐全房主自荐,365万,2室1厅 | 60.66平米 | 南 | 简装 | 高楼层(共6层) | 1995年建 | 板楼,http://image1.ljcdn.com/110000-inspection/pc1_qLxWTVPqv_1.jpg.296x216.jpg
20201223,长宁,北新泾,2003年商品房，房子采光视野好，全明户型，停车方便。房主自荐,509万,2室1厅 | 83.35平米 | 南 北 | 简装 | 高楼层(共6层) | 2003年建 | 板楼,http://image1.ljcdn.com/110000-inspection/pc1_aEfLcppeq_1.jpg.296x216.jpg
20201223,长宁,北新泾,近西郊百联  品质小区  总价低两房,330万,2室1厅 | 61.7平米 | 南 | 精装 | 高楼层(共6层) | 1997年建 | 板楼,http://image1.ljcdn.com/110000-inspection/pc1_ex6utQGo9_1.jpg.296x216.jpg
20201223,长宁,北新泾,一梯两户，中间楼层，精装修，售后公房不唯一税费少房主自荐,350万,2室1厅 | 60.47平米 | 南 | 简装 | 中楼层(共6层) | 1994年建 | 板楼,http://image1.ljcdn.com/110000-inspection/pc1_Z7bWT84ql_1.jpg.296x216.jpg
20201223,长宁,北新泾,装修好，视野开阔，采光充足，房东诚意出售,315万,2室1厅 | 61.85平米 | 南 | 精装 | 高楼层(共6层) | 1996年建 | 板楼,http://image1.ljcdn.com/110000-inspection/pc1_z3eWo4feG_1.jpg.296x216.jpg
20201223,长宁,北新泾,满二+1楼出入方便+珍贵东西朝向+看房随时+价格可谈,400万,2室1厅 | 79.89平米 | 东 西 | 简装 | 低楼层(共6层) | 1998年建 | 板楼,http://image1.ljcdn.com/110000-inspection/pc1_fQ9azvnQd_1.jpg.296x216.jpg
20201223,长宁,北新泾,近西郊百联，精装修3年，2房1厅，厨卫全明，拎包入住,305万,2室1厅 | 53.9平米 | 南 | 精装 | 高楼层(共6层) | 1995年建 | 板楼,http://image1.ljcdn.com/110000-inspection/pc1_dpQGtRmPG_1.jpg.296x216.jpg
20201223,长宁,北新泾,满五唯一，户型双南，一梯两户，近地铁，配套齐全,410万,2室1厅 | 67.37平米 | 南 | 精装 | 高楼层(共6层) | 1995年建 | 板楼,http://image1.ljcdn.com/110000-inspection/pc1_2PtNZLodD_1.jpg.296x216.jpg
20201223,长宁,北新泾,近地铁 一梯两户  电梯房  满五唯一,810万,2室2厅 | 97平米 | 南 北 | 简装 | 中楼层(共12层) | 2003年建 | 板楼,http://image1.ljcdn.com/110000-inspection/pc1_Ube8x1LWl_1.jpg.296x216.jpg
20201223,长宁,北新泾,贝壳优选 小三房 近地铁南北通 绿苑 商品房,460万,3室1厅 | 83.8平米 | 南 | 精装 | 高楼层(共6层) | 1997年建 | 板楼,http://image1.ljcdn.com/110000-inspection/pc1_44JirQ58u_1.jpg.296x216.jpg
20201223,长宁,北新泾,售后公房，税费少，边套全明户型，采光很棒房主自荐,370万,2室1厅 | 59.71平米 | 南 | 简装 | 中楼层(共6层) | 1994年建 | 板楼,http://image1.ljcdn.com/110000-inspection/pc1_PaS1kuOjd_1.jpg.296x216.jpg
20201223,长宁,北新泾,房龄新！双南户型，小区中间位置，采光好！无遮挡！,340万,2室1厅 | 58.75平米 | 南 | 精装 | 高楼层(共6层) | 1994年建 | 板楼,http://image1.ljcdn.com/110000-inspection/pc1_5OdhnmFMU_1.jpg.296x216.jpg
20201223,长宁,北新泾,西边套全明   精装修  拎包入住  采光无遮挡,380万,2室1厅 | 59.86平米 | 南 | 精装 | 低楼层(共6层) | 1995年建 | 板楼,http://image1.ljcdn.com/110000-inspection/pc1_RgGyySJva_1.jpg.296x216.jpg
20201223,长宁,北新泾,双南双天井，近二号线北新泾站，正气两房，价格好谈,375万,2室1厅 | 69.2平米 | 南 | 简装 | 低楼层(共14层) | 1995年建 | 塔楼,http://image1.ljcdn.com/110000-inspection/pc1_V5MF2UvmH_1.jpg.296x216.jpg
20201223,长宁,北新泾,满五唯一，精装修，一梯两户，双南卧室，户型方正,350万,2室1厅 | 68.01平米 | 南 北 | 精装 | 高楼层(共6层) | 1996年建 | 板楼,http://image1.ljcdn.com/110000-inspection/pc1_bMFiKIkby_1.jpg.296x216.jpg
20201223,长宁,北新泾,97年，一梯两户，婚房装修。业主诚售，双南户型正气。,340万,2室1厅 | 68.41平米 | 南 | 精装 | 高楼层(共6层) | 1997年建 | 板楼,http://image1.ljcdn.com/110000-inspection/pc1_SeXkNCbIV_1.jpg.296x216.jpg
20201223,长宁,北新泾,配套齐全+房型正+满五唯一+交通便利,365万,2室1厅 | 70.39平米 | 南 | 简装 | 高楼层(共6层) | 1996年建 | 板楼,http://image1.ljcdn.com/110000-inspection/pc1_J93q1nO9B_1.jpg.296x216.jpg
20201223,长宁,北新泾,高楼层 采光通风无忧 无增值税 业主诚售,265万,2室1厅 | 50.47平米 | 南 北 | 简装 | 高楼层(共6层) | 1995年建 | 板楼,http://image1.ljcdn.com/110000-inspection/pc1_5JltdDEZy_1.jpg.296x216.jpg
20201223,长宁,北新泾,满五唯一，高楼层视野好，采光足，诚意出售,380万,2室1厅 | 69平米 | 南 | 简装 | 高楼层(共6层) | 1995年建 | 板楼,http://image1.ljcdn.com/110000-inspection/pc1_E9V6XCXsZ_1.jpg.296x216.jpg
20201223,长宁,北新泾,低层两房，南北通格局，采光通风好，诚意出售,570万,2室1厅 | 85.31平米 | 南 北 | 简装 | 低楼层(共6层) | 1999年建 | 板楼,http://image1.ljcdn.com/110000-inspection/pc1_ZoUzf6xSw_1.jpg.296x216.jpg
20201223,长宁,北新泾,樱源晶舍，电梯高区，采光棒，通风好,710万,2室1厅 | 101.68平米 | 南 | 精装 | 高楼层(共13层) | 2005年建 | 板楼,http://image1.ljcdn.com/110000-inspection/pc1_lzXQX95FD_1.jpg.296x216.jpg
20201223,长宁,北新泾,满五唯一少税，非顶楼，新品小区，边套全明。房主自荐,310万,2室1厅 | 52.11平米 | 南 北 | 精装 | 高楼层(共6层) | 1992年建 | 板楼,http://image1.ljcdn.com/110000-inspection/pc1_KG6xtKyWE_1.jpg.296x216.jpg
20201223,长宁,北新泾,淞虹路站，中间位置，文明楼栋，楼层合适房主自荐,307万,2室0厅 | 52.61平米 | 南 | 简装 | 低楼层(共6层) | 1995年建 | 板楼,http://image1.ljcdn.com/110000-inspection/pc1_ltwFB1qry_1.jpg.296x216.jpg
20201223,长宁,北新泾,新泾七村，不靠马路，拎包入住，出行方便。房主自荐,265万,2室0厅 | 44.01平米 | 南 | 简装 | 低楼层(共6层) | 1990年建 | 板楼,http://image1.ljcdn.com/110000-inspection/pc1_X25BoVWKM_1.jpg.296x216.jpg
20201223,长宁,北新泾,98年商品房，户型方正，质量高。适合一家人居住,499万,3室2厅 | 101.85平米 | 南 北 | 简装 | 高楼层(共6层) | 1998年建 | 板楼,http://image1.ljcdn.com/310000-inspection/pc1_I9cOzb2gq_1.jpg.296x216.jpg
20201223,长宁,北新泾,急售，楼层好，近地铁，业主诚意出售，房主自荐,239万,1室1厅 | 40.51平米 | 南 | 精装 | 中楼层(共6层) | 1990年建 | 板楼,http://image1.ljcdn.com/310000-inspection/prod-7e7acad6-9fd8-4cf3-a5f4-549818aa2441.jpg.296x216.jpg
20201223,长宁,北新泾,户型好，单价低，精装修，楼层低，近地铁,845万,3室2厅 | 128.96平米 | 南 | 精装 | 低楼层(共6层) | 2000年建 | 板楼,http://image1.ljcdn.com/110000-inspection/pc1_qnrQxk3ah_1.jpg.296x216.jpg
20201223,长宁,北新泾,1梯2户全明有窗，前无遮挡后靠花园，采光通透视野佳。房主自荐,285万,1室1厅 | 48.06平米 | 南 | 精装 | 高楼层(共6层) | 1998年建 | 板楼,http://image1.ljcdn.com/110000-inspection/pc1_2UzcBtmiW_1.jpg.296x216.jpg
20201223,长宁,北新泾,此房满五不唯一，高楼层，光线充足视野宽阔，税费少,259万,1室1厅 | 54.29平米 | 南 | 简装 | 高楼层(共6层) | 1996年建 | 板楼,http://image1.ljcdn.com/110000-inspection/pc1_Ju5C0p5nZ_1.jpg.296x216.jpg
20201223,长宁,北新泾,光明绿地，独享两卫+固定车位，舒适居住两居室房主自荐,630万,2室1厅 | 90.51平米 | 南 北 | 简装 | 低楼层(共6层) | 2001年建 | 板楼,http://image1.ljcdn.com/110000-inspection/pc1_KOJU9vi0i_1.jpg.296x216.jpg
20201223,长宁,北新泾,必看“红梅小区”边套全明，近地铁，诚意出售房主自荐,259万,1室1厅 | 46.95平米 | 南 | 简装 | 高楼层(共6层) | 1997年建 | 板楼,http://image1.ljcdn.com/110000-inspection/pc1_udiubQyo4_1.jpg.296x216.jpg
20201223,长宁,北新泾,淞虹路地铁口150m，高区采光好视野佳，拎包入住,270万,2室1厅 | 45.63平米 | 南 | 精装 | 高楼层(共6层) | 1992年建 | 板楼,http://image1.ljcdn.com/110000-inspection/pc1_uhUIHlQCo_1.jpg.296x216.jpg
20201223,长宁,北新泾,本房源一梯两户，房型正气，满五唯一，业主诚售房主自荐,270万,1室1厅 | 45.51平米 | 南 | 精装 | 中楼层(共6层) | 1996年建 | 板楼,http://image1.ljcdn.com/110000-inspection/pc1_RWj038Ei7_1.jpg.296x216.jpg
20201223,长宁,北新泾,楼层好，满五唯一税费少，看中价格可谈,225万,1室0厅 | 37平米 | 南 | 简装 | 低楼层(共6层) | 1984年建 | 板楼,http://image1.ljcdn.com/110000-inspection/pc1_wDCtF160s_1.jpg.296x216.jpg
20201223,长宁,北新泾,淞虹路站，中间位置，文明楼栋，楼层合适,295万,1室1厅 | 54.68平米 | 南 | 简装 | 低楼层(共6层) | 1995年建 | 板楼,http://image1.ljcdn.com/110000-inspection/pc1_paAKj7ddn_1.jpg.296x216.jpg
20201223,长宁,北新泾,满五唯一  绿苑  采光充足 视野开阔,248万,1室1厅 | 53.22平米 | 南 | 简装 | 高楼层(共6层) | 1995年建 | 板楼,http://image1.ljcdn.com/110000-inspection/pc1_92HT5LJNh_1.jpg.296x216.jpg
20201223,长宁,北新泾,近北新泾地铁，交通线路四通八达。,265万,2室0厅 | 43.8平米 | 南 | 简装 | 低楼层(共6层) | 1993年建 | 板楼,http://image1.ljcdn.com/110000-inspection/pc1_RWwA1lLEi_1.jpg.296x216.jpg
20201223,长宁,北新泾,南北两房，边套全明，采光充足，配套设施齐全,298万,2室0厅 | 50平米 | 南 | 精装 | 高楼层(共6层) | 1990年建 | 板楼,http://image1.ljcdn.com/110000-inspection/pc1_YSXxrYS2F_1.jpg.296x216.jpg
20201223,长宁,北新泾,满五年唯一，装修干净，近地铁站,205万,1室1厅 | 33.78平米 | 南 | 精装 | 高楼层(共6层) | 1986年建 | 板楼,http://image1.ljcdn.com/110000-inspection/pc1_So3UZtAno_1.jpg.296x216.jpg
20201223,长宁,北新泾,满五唯一，税费少，楼层好，精装修房主自荐,285万,2室0厅 | 49.43平米 | 南 | 精装 | 低楼层(共6层) | 1993年建 | 板楼,http://image1.ljcdn.com/110000-inspection/pc1_zwbbSxIaH_1.jpg.296x216.jpg
20201223,长宁,北新泾,精装修，电梯两房，近地铁，看房方便 ，配套齐全,439万,2室1厅 | 78.03平米 | 南 | 精装 | 中楼层(共15层) | 1999年建 | 塔楼,http://image1.ljcdn.com/310000-inspection/test-e40fe05a-f468-4bf3-8cc2-2936e48d968c.png.296x216.jpg
20201223,长宁,北新泾,房东诚意出售 看房方便 商品房,920万,3室2厅 | 134.23平米 | 南 北 | 精装 | 高楼层(共6层) | 2000年建 | 板楼,http://image1.ljcdn.com/110000-inspection/pc1_MtcHedf7p_1.jpg.296x216.jpg
20201223,长宁,北新泾,翠春小区 2室1厅 南 北新上,315万,2室1厅 | 57.6平米 | 南 北 | 精装 | 低楼层(共6层) | 1996年建 | 板楼,http://image1.ljcdn.com/110000-inspection/pc1_OQRxRG0VA_1.jpg.296x216.jpg
20201223,长宁,北新泾,高楼层电梯房，全明户型，小区环境好，近地铁,550万,2室1厅 | 93.2平米 | 南 | 简装 | 高楼层(共12层) | 2000年建 | 塔楼,http://image1.ljcdn.com/110000-inspection/pc1_suSmo4cBL_1.jpg.296x216.jpg
20201223,长宁,北新泾,精装修，南北两房，业主诚意售房房主自荐,260万,2室0厅 | 46.79平米 | 南 北 | 精装 | 高楼层(共6层) | 1993年建 | 板楼,http://image1.ljcdn.com/310000-inspection/pc1_K4lXgQ2tP_1.jpg.296x216.jpg
20201223,长宁,北新泾,满五税少 ，双南两房，宜居社区，近地铁，出行方便房主自荐,410万,2室1厅 | 66.78平米 | 南 | 精装 | 高楼层(共6层) | 1994年建 | 板楼,http://image1.ljcdn.com/310000-inspection/717bd08e-cfa4-410f-a200-5607ea7e6554_1000.jpg.296x216.jpg
20201223,长宁,北新泾,近百联，1梯2户，全明户型，满五唯一，诚意出售！,255万,1室1厅 | 51.26平米 | 南 | 简装 | 高楼层(共6层) | 1996年建 | 板楼,http://image1.ljcdn.com/110000-inspection/pc1_wjkoTx5gR_1.jpg.296x216.jpg
20201223,长宁,北新泾,满五唯一+全明+南北通+视野好+交通便利+总价低,259万,1室1厅 | 55.29平米 | 南 | 简装 | 高楼层(共6层) | 1997年建 | 板楼,http://image1.ljcdn.com/110000-inspection/pc1_8NDwDKeKy_1.jpg.296x216.jpg
20201223,长宁,北新泾,精致一房  户型方正 对口适存 近西郊百联房主自荐,217万,1室1厅 | 41.66平米 | 南 | 简装 | 高楼层(共6层) | 1996年建 | 板楼,http://image1.ljcdn.com/110000-inspection/pc1_HLmrlxlAJ_1.jpg.296x216.jpg
20201223,长宁,北新泾,小区中间位置采光好，满五年。业主诚意出售,245万,1室1厅 | 40.2平米 | 南 | 精装 | 中楼层(共6层) | 1985年建 | 板楼,http://image1.ljcdn.com/110000-inspection/pc1_yRIbHBinP_1.jpg.296x216.jpg
20201223,长宁,北新泾,业主诚意出售，税费少，采光良好,212万,1室1厅 | 44.31平米 | 南 | 简装 | 高楼层(共6层) | 1996年建 | 板楼,http://image1.ljcdn.com/110000-inspection/pc1_rqmnff2OR_1.jpg.296x216.jpg
20201223,长宁,北新泾,13年次新房，低单价，业主诚意出售,409万,1室1厅 | 56.14平米 | 南 | 简装 | 低楼层(共14层) | 2013年建 | 板楼,http://image1.ljcdn.com/110000-inspection/pc1_wJmmgfyLW_1.jpg.296x216.jpg
20201223,长宁,北新泾,满五唯一，精品小区，中间优质楼层,260万,1室1厅 | 41.95平米 | 南 北 | 简装 | 中楼层(共6层) | 1996年建 | 板楼,http://image1.ljcdn.com/110000-inspection/pc1_xsHqWf5PU_1.jpg.296x216.jpg
20201223,长宁,北新泾,此房满五年，天井搭了一个客厅，得房率高房主自荐,273万,2室1厅 | 44.71平米 | 南 | 精装 | 低楼层(共6层) | 1993年建 | 板楼,http://image1.ljcdn.com/110000-inspection/pc1_8eMh7tKcR_1.jpg.296x216.jpg
20201223,长宁,北新泾,此房满五不唯一，无增值税，高楼层，采光好，产权清晰,259万,2室1厅 | 51.52平米 | 南 | 简装 | 高楼层(共6层) | 1993年建 | 板楼,http://image1.ljcdn.com/110000-inspection/pc1_0Zi4eg3UC_1.jpg.296x216.jpg
20201223,长宁,北新泾,原始三房一厅户型，双阳台，小区位置好，可上适存房主自荐,445万,2室1厅 | 73.06平米 | 南 | 简装 | 中楼层(共6层) | 1994年建 | 板楼,http://image1.ljcdn.com/110000-inspection/pc1_02nCj8gW5_1.jpg.296x216.jpg
20201223,长宁,北新泾,店长大力推荐  优选房源 中间楼层  少有双南一房一厅房主自荐,278万,1室1厅 | 48.07平米 | 南 | 简装 | 中楼层(共6层) | 1997年建 | 板楼,http://image1.ljcdn.com/110000-inspection/pc1_eTkeqAo5x_1.jpg.296x216.jpg
20201223,长宁,北新泾,近地铁，中间楼层，不靠马路，精装修采光好。,340万,1室1厅 | 50.9平米 | 南 | 精装 | 中楼层(共6层) | 1995年建 | 板楼,http://image1.ljcdn.com/110000-inspection/pc1_9gNGkwyko_1.jpg.296x216.jpg
20201223,长宁,北新泾,次新小区  动迁房  环境好  看房方便 价格可以谈,374万,1室1厅 | 55.74平米 | 南 | 简装 | 低楼层(共13层) | 2014年建 | 板楼,http://image1.ljcdn.com/110000-inspection/pc1_q4pcVe5TD_1.jpg.296x216.jpg
20201223,长宁,北新泾,楼层好，近地铁，原始动迁，税少,280万,1室1厅 | 55.29平米 | 南 | 精装 | 中楼层(共6层) | 1997年建 | 板楼,http://image1.ljcdn.com/110000-inspection/pc1_xniEazHFX_1.jpg.296x216.jpg
20201223,长宁,北新泾,近地铁，客厅采光好，业主诚意出售房主自荐,310万,2室1厅 | 49.74平米 | 南 | 简装 | 低楼层(共6层) | 1994年建 | 板楼,http://image1.ljcdn.com/110000-inspection/pc1_D0Xk4kUNl_1.jpg.296x216.jpg
20201223,长宁,北新泾,绿园十村  一楼带花园  业主诚意售房,278万,1室1厅 | 48.16平米 | 南 | 精装 | 低楼层(共6层) | 1995年建 | 板楼,http://image1.ljcdn.com/110000-inspection/pc1_8dasigK6G_1.jpg.296x216.jpg
20201223,长宁,北新泾,楼层佳，采光好，拎包入住，产权清晰房主自荐,290万,2室0厅 | 51.51平米 | 南 | 精装 | 低楼层(共6层) | 1993年建 | 板楼,http://image1.ljcdn.com/110000-inspection/pc1_aHJRH2jCu_1.jpg.296x216.jpg
20201223,长宁,北新泾,满五唯一，产权清晰，看房方便，业主诚意出售房主自荐,188万,1室1厅 | 34.15平米 | 南 | 精装 | 高楼层(共6层) | 1987年建 | 板楼,http://image1.ljcdn.com/310000-inspection/pc1_KCab7tV8E_1.jpg.296x216.jpg
20201223,长宁,北新泾,精装修，近地铁，税费少，交通便捷。房主自荐,240万,1室0厅 | 40.87平米 | 南 | 精装 | 高楼层(共6层) | 1994年建 | 板楼,http://image1.ljcdn.com/110000-inspection/pc1_ljUEc01Xc_1.jpg.296x216.jpg
20201223,长宁,北新泾,满五唯一，精装修，小区中间位置。房主自荐,220万,1室1厅 | 40.26平米 | 南 北 | 精装 | 高楼层(共6层) | 1995年建 | 板楼,http://image1.ljcdn.com/110000-inspection/pc1_ttn3CH178_1.jpg.296x216.jpg
20201223,长宁,北新泾,好房推荐！一梯两户，中间楼层，精装修，无遮挡采光好房主自荐,290万,1室1厅 | 46.89平米 | 南 | 精装 | 中楼层(共6层) | 1994年建 | 板楼,http://image1.ljcdn.com/110000-inspection/pc1_3IvABsYCM_1.jpg.296x216.jpg
20201223,长宁,北新泾,顶楼复式有露台，精装修，不靠马路，拎包入住,710万,4室2厅 | 141.5平米 | 南 | 精装 | 高楼层(共6层) | 1998年建 | 板楼,http://image1.ljcdn.com/110000-inspection/pc1_md8lMskWL_1.jpg.296x216.jpg
20201223,长宁,北新泾,2号线 商品房 交通方便 品质小区房主自荐,439万,2室1厅 | 81.15平米 | 南 | 简装 | 高楼层(共6层) | 1999年建 | 板楼,http://image1.ljcdn.com/110000-inspection/pc1_T2TBeGyaW_1.jpg.296x216.jpg
20201223,长宁,北新泾,满五唯一，户型正气，看房提前约，交通便捷，,232万,1室1厅 | 49.02平米 | 南 | 简装 | 中楼层(共7层) | 1995年建 | 板楼,http://image1.ljcdn.com/310000-inspection/prod-c08a44c8-2596-4a72-9936-887146445306.jpg.296x216.jpg
20201223,长宁,北新泾,楼层好，单价低，近地铁，业主诚心出售。,835万,3室1厅 | 121.44平米 | 南 | 精装 | 低楼层(共6层) | 2000年建 | 板楼,http://image1.ljcdn.com/110000-inspection/pc1_eiHgV92HO_1.jpg.296x216.jpg
20201223,长宁,北新泾,近地铁，厨卫朝北，南北通两房,满五唯一，售后公房房主自荐,315万,2室1厅 | 61.6平米 | 南 北 | 简装 | 高楼层(共6层) | 1997年建 | 板楼,http://image1.ljcdn.com/310000-inspection/pc1_Uvuo3vqtQ_1.jpg.296x216.jpg
20201223,长宁,北新泾,非顶楼  户型方正  一梯两户 满五唯一 看房方便,279万,1室1厅 | 57.1平米 | 南 | 简装 | 高楼层(共6层) | 1995年建 | 板楼,http://image1.ljcdn.com/310000-inspection/test-2af63407-0dc0-4212-9c23-c4a9265de9ef.png.296x216.jpg
20201223,长宁,北新泾,店长推荐！南北边套全明 采光好 满五唯一 近地铁房主自荐,405万,2室1厅 | 75.9平米 | 南 | 精装 | 高楼层(共6层) | 1994年建 | 板楼,http://image1.ljcdn.com/110000-inspection/pc1_GZAIhFPAx_1.jpg.296x216.jpg
20201223,长宁,北新泾,不靠马路，单价低，业主诚心出售。,216万,1室1厅 | 38.2平米 | 南 | 简装 | 高楼层(共6层) | 1985年建 | 板楼,http://image1.ljcdn.com/110000-inspection/pc1_lmeQoI9x4_1.jpg.296x216.jpg
20201223,长宁,北新泾,房龄97年，简装，高楼层，采光好，东门离地铁近,215万,1室0厅 | 37.75平米 | 南 | 简装 | 高楼层(共6层) | 1997年建 | 板楼,http://image1.ljcdn.com/110000-inspection/pc1_kD3fokwjk_1.jpg.296x216.jpg
20201223,长宁,北新泾,一房改两房，配套设施齐全，近地铁房主自荐,260万,2室0厅 | 41.78平米 | 南 | 精装 | 低楼层(共6层) | 1992年建 | 板楼,http://image1.ljcdn.com/110000-inspection/pc1_eBLyNWDHb_1.jpg.296x216.jpg
20201223,长宁,北新泾,满五唯一！业主诚意出售，可以看房,238万,1室1厅 | 39.05平米 | 南 | 毛坯 | 低楼层(共6层) | 1986年建 | 板楼,http://image1.ljcdn.com/110000-inspection/pc1_0VExjeRAV_1.jpg.296x216.jpg
20201223,长宁,北新泾,一室半，户型正气，采光好，配套齐全房主自荐,202万,1室1厅 | 36.04平米 | 南 | 简装 | 高楼层(共6层) | 1994年建 | 板楼,http://image1.ljcdn.com/110000-inspection/pc1_eE0wfhnfT_1.jpg.296x216.jpg
20201223,长宁,北新泾,满五唯一 总价低，楼层佳，采光无遮挡,200万,1室1厅 | 34.39平米 | 南 | 简装 | 低楼层(共6层) | 1993年建 | 板楼,http://image1.ljcdn.com/110000-inspection/pc1_oKIclCs8x_1.jpg.296x216.jpg
20201223,长宁,北新泾,2000年次新小区 小区自住率高 ，环境优美，业主诚售,870万,3室2厅 | 124.95平米 | 南 | 精装 | 高楼层(共6层) | 2000年建 | 板楼,http://image1.ljcdn.com/310000-inspection/pc1_7Uppdqvv8_1.jpg.296x216.jpg
20201223,长宁,北新泾,大一房 户型佳 交通便利 配套设施齐全,270万,1室1厅 | 53.9平米 | 南 | 简装 | 高楼层(共6层) | 1997年建 | 板楼,http://image1.ljcdn.com/310000-inspection/pc1_miKUwGP9M_1.jpg.296x216.jpg
20201223,长宁,北新泾,新泾一村，位于北新泾地铁站，出行方便，满五。,229万,1室0厅 | 37.92平米 | 南 北 | 精装 | 低楼层(共5层) | 1983年建 | 板楼,http://image1.ljcdn.com/310000-inspection/pc1_GDG2LWLvq_1.jpg.296x216.jpg
20201223,长宁,北新泾,低楼层大两房，又垫高不潮湿  品质小区,618万,2室2厅 | 96.36平米 | 南 | 简装 | 低楼层(共11层) | 1999年建 | 板楼,http://image1.ljcdn.com/310000-inspection/pc1_0OGhdXSuL_1.jpg.296x216.jpg
20201223,长宁,北新泾,全明正气2房，一梯两户，双南户型，诚售,320万,2室1厅 | 60.4平米 | 南 | 简装 | 高楼层(共6层) | 1996年建 | 板楼,http://image1.ljcdn.com/110000-inspection/pc1_mEvhYHMPg_1.jpg.296x216.jpg
20201223,长宁,北新泾,链家精选，两室户 总价低 看房方便 百年适存,315万,2室0厅 | 49.93平米 | 南 | 简装 | 低楼层(共6层) | 1995年建 | 板楼,http://image1.ljcdn.com/110000-inspection/pc1_I2V0t08S0_1.jpg.296x216.jpg
20201223,长宁,北新泾,小区环境好，低楼层，业主诚意出售房主自荐,227万,1室0厅 | 34.35平米 | 南 | 简装 | 低楼层(共6层) | 1996年建 | 板楼,http://image1.ljcdn.com/110000-inspection/pc1_HuR4JxGLq_1.jpg.296x216.jpg
20201223,长宁,北新泾,2000年商品房小区，正气三房，全明户型，冬暖夏凉。,635万,3室2厅 | 101.27平米 | 南 | 简装 | 中楼层(共6层) | 1999年建 | 板楼,http://image1.ljcdn.com/110000-inspection/pc1_HpikjtleE_1.jpg.296x216.jpg
20201223,长宁,北新泾,总价低，小区环境好，售后公房，满五唯一税费少房主自荐,187万,1室0厅 | 34.76平米 | 南 | 简装 | 高楼层(共6层) | 1992年建 | 板楼,http://image1.ljcdn.com/110000-inspection/pc1_kq2YwaTVX_1.jpg.296x216.jpg
20201223,长宁,北新泾,全明户型，一梯两户 ，随时可看,266万,1室1厅 | 52平米 | 南 | 简装 | 高楼层(共6层) | 1997年建 | 板楼,http://image1.ljcdn.com/110000-inspection/pc1_yPWKlgvHS_1.jpg.296x216.jpg
20201223,长宁,北新泾,满五唯一，小区改造环境优雅，户型方正采光通风效果好房主自荐,255万,1室1厅 | 42.91平米 | 南 | 简装 | 低楼层(共6层) | 1995年建 | 板楼,http://image1.ljcdn.com/310000-inspection/prod-7cd08734-ea01-4695-b16d-3dd5a73897c6.jpg.296x216.jpg
20201223,长宁,北新泾,94年房龄，位置安静，税费少，精品推荐房主自荐,305万,2室1厅 | 52.1平米 | 南 | 简装 | 高楼层(共6层) | 1994年建 | 板楼,http://image1.ljcdn.com/110000-inspection/pc1_2ofoDOhQl_1.jpg.296x216.jpg
20201223,长宁,北新泾,采光充足，视野宽阔，满五年，业主急售房主自荐,268万,1室1厅 | 55.29平米 | 南 | 简装 | 中楼层(共6层) | 1997年建 | 板楼,http://image1.ljcdn.com/110000-inspection/pc1_STg9hJeN1_1.jpg.296x216.jpg
20201223,长宁,北新泾,产权满五年，小区花园位置，采光视野好，小区位置好,1300万,4室2厅 | 167.55平米 | 南 北 | 精装 | 低楼层(共11层) | 2000年建 | 板楼,http://image1.ljcdn.com/310000-inspection/prod-ddd776a5-05ab-4fe9-8f8f-4bb351aa9c6d.jpg.296x216.jpg
20201223,长宁,北新泾,边套全明，近地铁，满五年，采光好看房方便，带大露台,875万,3室1厅 | 121.71平米 | 南 | 精装 | 低楼层(共13层) | 2007年建 | 板楼,http://image1.ljcdn.com/110000-inspection/pc1_oh0b96JKF_1.jpg.296x216.jpg
20201223,长宁,北新泾,高楼层全明户型。采光好通风好。装修好。可以拎包入住,235万,1室1厅 | 48.74平米 | 南 | 简装 | 高楼层(共7层) | 1995年建 | 板楼,http://image1.ljcdn.com/310000-inspection/test-a091c2af-9700-4e3d-bd07-d79267c8cc8e.png.296x216.jpg
20201223,长宁,北新泾,小户型！低总价！采光好！配套齐全！新上,230万,1室1厅 | 40.13平米 | 南 | 简装 | 高楼层(共6层) | 1985年建 | 板楼,http://image1.ljcdn.com/110000-inspection/pc1_39hVmbR1R_1.jpg.296x216.jpg
20201223,长宁,北新泾,满五唯一+楼梯房+顶楼复式+带阁楼+带露台！,978万,4室2厅 | 160.07平米 | 南 | 精装 | 高楼层(共5层) | 1999年建 | 板楼,http://image1.ljcdn.com/110000-inspection/4753cdadc92cf4cf114b98feb9e9e8b5-034.jpg.296x216.jpg
20201223,长宁,北新泾,一梯两户南北通，全明，品质好，业主诚意出售新上,600万,2室1厅 | 84.68平米 | 南 | 精装 | 中楼层(共6层) | 1998年建 | 板楼,
20201223,长宁,北新泾,独栋全明，楼层好，小区中间位置新上,380万,2室1厅 | 61.69平米 | 南 | 简装 | 低楼层(共6层) | 1995年建 | 板楼,http://image1.ljcdn.com/x-se/hdic-frame/2cd6a8c8-5d78-4e9c-ab55-21c1dff0f1d9.png.296x216.jpg
20201223,长宁,北新泾,世纪之春花园 3室2厅 南新上,1140万,3室2厅 | 134.49平米 | 南 | 其他 | 高楼层(共13层) | 2003年建 | 板楼,
20201223,长宁,北新泾,南北户型， 东边套全明，高区采光好，不靠马路,465万,2室2厅 | 75.63平米 | 南 北 | 简装 | 高楼层(共6层) | 2001年建 | 板楼,http://image1.ljcdn.com/310000-inspection/7e01ca60-49b5-4cf0-ba0f-800a55f04fd4.jpg.296x216.jpg
20201223,长宁,北新泾,小户型，精装修，总价低，看房随时。房主自荐,175万,2室1厅 | 25.6平米 | 北 | 简装 | 中楼层(共5层) | 1999年建 | 板楼,http://image1.ljcdn.com/x-se/hdic-frame/0b1233da-71a0-466f-ac2b-8cf8359edd1e.png.296x216.jpg
20201223,长宁,北新泾,一梯两户南北通，全明，品质好，业主诚意出售,580万,3室1厅 | 94.34平米 | 南 北 | 简装 | 高楼层(共6层) | 1999年建 | 板楼,http://image1.ljcdn.com/x-se/310000-frame/96a58fec-85e7-4751-b491-b2b0894fc348.jpg.296x216.jpg
20201223,长宁,北新泾,剑河家苑 1室1厅 南新上,400万,1室1厅 | 55.39平米 | 南 | 其他 | 低楼层(共14层) | 2013年建 | 板楼,
20201223,长宁,北新泾,仙霞西路715弄 1室1厅 南新上,238万,1室1厅 | 45.58平米 | 南 | 简装 | 高楼层(共6层) | 1995年建 | 板楼,http://image1.ljcdn.com/x-se/310000-frame/518ffe65-0f4e-4264-819c-1492cb8515ea.png.296x216.jpg
20201223,长宁,北新泾,通协小区 1室1厅 南新上,400万,1室1厅 | 54.56平米 | 南 | 简装 | 中楼层(共11层) | 2005年建 | 板楼,http://image1.ljcdn.com/x-se/hdic-frame/07206489-1755-4c2a-a152-29b456d32355.png.296x216.jpg
20201223,长宁,北新泾,北新泾精品小区，边套全明。售后公房。房主自荐,255万,1室1厅 | 41.95平米 | 南 | 简装 | 高楼层(共6层) | 1996年建 | 板楼,http://image1.ljcdn.com/x-se/hdic-frame/test-6da80b49-c815-4363-813a-1fe6718862f8.png.296x216.jpg
20201223,长宁,北新泾,户型正气  楼层好  视野开阔  近地铁,810万,2室2厅 | 99.6平米 | 南 | 简装 | 高楼层(共13层) | 2003年建 | 板楼,http://image1.ljcdn.com/x-se/hdic-frame/4c22f834-a3c5-436e-94c8-b94bf48adc54.png.296x216.jpg
20201223,长宁,北新泾,新上房源店长推荐好房+房型正气+税费少,510万,3室1厅 | 75.99平米 | 南 | 毛坯 | 高楼层(共6层) | 2005年建 | 板楼,http://image1.ljcdn.com/x-se/hdic-frame/prod-540bece5-bc89-4991-a345-2f1495ad6691.png.296x216.jpg
20201223,长宁,北新泾,北新泾电梯房 楼层好视野佳 小区绿化好 得房率高,680万,2室2厅 | 103.32平米 | 南 | 毛坯 | 中楼层(共12层) | 2005年建 | 板楼,http://image1.ljcdn.com/x-se/hdic-frame/161ef838-a253-4c49-8b35-2b315efa8b25.png.296x216.jpg
20201223,长宁,北新泾,精装修，满五唯一，近地铁，配套齐全房主自荐,280万,1室1厅 | 41.5平米 | 南 | 精装 | 低楼层(共6层) | 1985年建 | 板楼,http://image1.ljcdn.com/x-se/hdic-frame/104c1b2f-1f39-4a6b-b135-1fde99056a5d.png.296x216.jpg
20201223,长宁,北新泾,近地铁，原始动迁，高楼层电梯房,450万,1室1厅 | 60平米 | 南 | 简装 | 高楼层(共13层) | 2011年建 | 板楼,http://image1.ljcdn.com/x-se/hdic-frame/81555d73-b234-4f77-a20a-e760d6098043.png.296x216.jpg
20201223,长宁,北新泾,小户型，低楼层，满五唯一，诚意出售,216万,1室1厅 | 36.04平米 | 南 | 毛坯 | 低楼层(共6层) | 1995年建 | 板楼,
20201223,长宁,北新泾,南北两房，中间楼层，精装修，小区中间位置,515万,2室2厅 | 83.62平米 | 南 | 精装 | 中楼层(共6层) | 1995年建 | 板楼,http://image1.ljcdn.com/x-se/hdic-frame/facc0dd9-f83a-475a-8940-7662718f8ec3.png.296x216.jpg
20201223,长宁,北新泾,总价低，品质好，满五年，全明户型，房东诚意卖,370万,2室2厅 | 78.38平米 | 东 西 | 简装 | 高楼层(共6层) | 1998年建 | 板楼,
20201223,长宁,北新泾,可乐公馆 1室1厅 南,230万,1室1厅 | 37.1平米 | 南 | 其他 | 中楼层(共5层) | 1999年建 | 板楼,
20201223,长宁,北新泾,可乐公馆 2室1厅 东,232万,2室1厅 | 35.4平米 | 东 | 其他 | 中楼层(共5层) | 1999年建 | 板楼,
20201223,长宁,北新泾,可乐公馆 1室1厅 南,228万,1室1厅 | 36.13平米 | 南 | 其他 | 高楼层(共5层) | 1999年建 | 板楼,
20201223,长宁,北新泾,可乐公馆 2室1厅 北,190万,2室1厅 | 25.94平米 | 北 | 精装 | 高楼层(共5层) | 1999年建 | 板楼,http://image1.ljcdn.com/x-se/hdic-frame/02f0f2bb-20ef-40af-9298-1edb05ad3806.png.296x216.jpg
20201223,长宁,北新泾,一楼带大天井，北新泾地铁口，商品房房龄新，环境好,590万,3室2厅 | 95.06平米 | 南 | 精装 | 低楼层(共7层) | 1997年建 | 板楼,http://image1.ljcdn.com/x-se/hdic-frame/standard_5c17d28d-63d5-494e-a39e-e7a58da10625.png.296x216.jpg
20201223,长宁,北新泾,花园洋房，双南双天井，满五唯一，低于市场价急售房主自荐,558万,3室1厅 | 91.61平米 | 南 | 简装 | 低楼层(共6层) | 2001年建 | 板楼,
20201223,长宁,北新泾,可乐公馆 1室1厅 南 北,182万,1室1厅 | 28.88平米 | 南 北 | 精装 | 中楼层(共5层) | 1999年建 | 板楼,
20201223,长宁,北新泾,税费低，精装修，采光好，小区中间位置好,253万,1室1厅 | 35.4平米 | 南 | 精装 | 中楼层(共5层) | 1999年建 | 板楼,http://image1.ljcdn.com/x-se/hdic-frame/prod-fef9061b-5139-44e9-9906-d2944021f6bb.png.296x216.jpg
20201223,长宁,北新泾,外地户口可买  精装修  地段成熟,183万,2室1厅 | 25.6平米 | 北 | 精装 | 中楼层(共5层) | 1999年建 | 板楼,http://image1.ljcdn.com/x-se/hdic-frame/prod-9c3ea609-baed-472f-a0fe-355371380086.png.296x216.jpg
20201223,长宁,北新泾,三房朝南，全明户型，总价低的电梯三房，看房方便,720万,3室1厅 | 121.02平米 | 南 | 简装 | 低楼层(共12层) | 2000年建 | 塔楼,http://image1.ljcdn.com/x-se/hdic-frame/test-a19e0203-5441-4119-90f6-34e9acc7b4c3.png.296x216.jpg
20201223,长宁,北新泾,层高4.5，复式大虹桥，外地无社保可买,235万,2室1厅 | 34平米 | 南 | 精装 | 中楼层(共5层) | 1999年建 | 板楼,http://image1.ljcdn.com/x-se/hdic-frame/prod-237aaacf-0b5d-48df-9c40-6cc59fb4a707.png.296x216.jpg
20201223,长宁,北新泾,可乐公馆 2室2厅 东,325万,2室2厅 | 50.41平米 | 东 | 精装 | 中楼层(共5层) | 1999年建 | 板楼,http://image1.ljcdn.com/x-se/hdic-frame/prod-b4be7057-90db-4d1f-befb-efbb5afdda7b.png.296x216.jpg
20201223,长宁,北新泾,外地户口可买，长宁区中环位置，小面积,243万,2室1厅 | 35.7平米 | 南 | 精装 | 中楼层(共5层) | 1999年建 | 板楼,http://image1.ljcdn.com/x-se/hdic-frame/prod-fa56c23f-c0cb-4a5d-a058-e42258d72a48.png.296x216.jpg
20201223,长宁,北新泾,满五年唯一，居家装修，保养比较好，户型佳，采光足,185万,1室0厅 | 33.7平米 | 南 北 | 简装 | 高楼层(共6层) | 1990年建 | 板楼,
20201223,长宁,北新泾,VR房，楼层适中，超强采光，经典复式,330万,3室2厅 | 64平米 | 东 | 精装 | 中楼层(共5层) | 1999年建 | 板楼,http://image1.ljcdn.com/x-se/hdic-frame/prod-6f2093f3-a22c-4207-9d21-ab878d6a0d0f.png.296x216.jpg
20201223,长宁,北新泾,05年动迁房，一梯两户全明户型，三开间朝南,750万,2室2厅 | 96.65平米 | 南 | 精装 | 低楼层(共6层) | 2005年建 | 板楼,http://image1.ljcdn.com/x-se/310000-frame/590ad9ed-97a0-4df4-9a9b-7114af5436d1.jpg.296x216.jpg
20201223,长宁,北新泾,近地铁，满五唯一，厨卫全明，配套齐全,255万,1室1厅 | 41.5平米 | 南 | 简装 | 低楼层(共6层) | 1985年建 | 板楼,http://image1.ljcdn.com/x-se/hdic-frame/2b1851d6-d5a1-45d9-97eb-c95f938db01b.png.296x216.jpg
20201223,长宁,北新泾,商品房，电梯房，近地铁，三房两卫，卧室两南一北,1100万,3室2厅 | 137.64平米 | 南 | 精装 | 低楼层(共13层) | 2003年建 | 板楼,
20201223,长宁,北新泾,北新泾地铁站    小区高区  视野景观佳,500万,2室1厅 | 70.68平米 | 南 | 简装 | 中楼层(共13层) | 2007年建 | 板楼,
20201223,长宁,北新泾,福泉路450弄 2室0厅 南新上,270万,2室0厅 | 52.98平米 | 南 | 精装 | 高楼层(共6层) | 1997年建 | 板楼,http://image1.ljcdn.com/110000-inspection/pc1_kKWYEctro_1.jpg.296x216.jpg
20201223,长宁,北新泾,品质小区+复式+大阁楼+阳光房,1050万,4室2厅 | 159.02平米 | 南 | 简装 | 高楼层(共5层) | 1999年建 | 板楼,http://image1.ljcdn.com/110000-inspection/pc1_ipKxV7YJW_1.jpg.296x216.jpg
20201223,长宁,北新泾,次顶楼双南好户型，满五唯一，小区中间,475万,2室1厅 | 79.38平米 | 南 | 精装 | 高楼层(共6层) | 1995年建 | 板楼,http://image1.ljcdn.com/110000-inspection/pc1_d0TTDvvel_1.jpg.296x216.jpg
20201223,长宁,北新泾,虹康花苑二期 2000年商品房 大阁楼 西郊百联 适存,880万,3室2厅 | 124.96平米 | 南 | 精装 | 高楼层(共6层) | 2000年建 | 板楼,http://image1.ljcdn.com/110000-inspection/pc1_tN6siMPGD_1.jpg.296x216.jpg
20201223,长宁,北新泾,贝壳优选，双天井，满五唯一，双南两房房主自荐,370万,2室1厅 | 61.5平米 | 南 | 简装 | 低楼层(共6层) | 1994年建 | 板楼,http://image1.ljcdn.com/110000-inspection/pc1_zXSeLUPva_1.jpg.296x216.jpg
20201223,长宁,北新泾,绿园五村，满五唯一，售后公房，一梯两户，采光充足,365万,2室1厅 | 64.57平米 | 南 | 简装 | 中楼层(共6层) | 1996年建 | 板楼,http://image1.ljcdn.com/110000-inspection/pc1_0bGYN9ZDL_1.jpg.296x216.jpg
20201223,长宁,北新泾,拎包入住 配套设施齐全 楼层佳 采光好房主自荐,280万,2室1厅 | 46.79平米 | 南 | 精装 | 高楼层(共6层) | 1995年建 | 板楼,http://image1.ljcdn.com/110000-inspection/pc1_ZYtdT1QLI_1.jpg.296x216.jpg
20201223,长宁,北新泾,近地铁，小户型总价低 业主诚意卖 6楼采好,188万,1室1厅 | 35.56平米 | 南 | 简装 | 高楼层(共6层) | 1986年建 | 板楼,http://image1.ljcdn.com/310000-inspection/prod-c2611e40-c795-46e2-a7c9-58d8b181cc5e.jpg.296x216.jpg
20201223,长宁,北新泾,精装修两房，交通便利，拎包入住，房主自荐,374万,2室1厅 | 59.4平米 | 西 | 精装 | 高楼层(共6层) | 1992年建 | 板楼,http://image1.ljcdn.com/110000-inspection/pc1_ZpsOLod6s_1.jpg.296x216.jpg
20201223,长宁,北新泾,边套全明户型，满五唯一，精装修，采光通风效果很好。房主自荐,428万,2室1厅 | 59.3平米 | 南 | 精装 | 中楼层(共6层) | 1993年建 | 板楼,http://image1.ljcdn.com/110000-inspection/pc1_x6a0xI5EZ_1.jpg.296x216.jpg
20201223,长宁,北新泾,虹园六村 2室1厅 南房主自荐,375万,2室1厅 | 52.86平米 | 南 | 精装 | 高楼层(共6层) | 1996年建 | 板楼,http://image1.ljcdn.com/110000-inspection/pc1_4fdMECtMr_1.jpg.296x216.jpg
20201223,长宁,北新泾,铭晖西郊复式大四房，全朝南，露台20平，业主诚意出售房主自荐,995万,4室2厅 | 152.75平米 | 南 | 精装 | 高楼层(共6层) | 2000年建 | 板楼,http://image1.ljcdn.com/110000-inspection/pc1_aQDLO8w9G_1.jpg.296x216.jpg
20201223,长宁,北新泾,小区安静，固定车位，满五唯一，诚意出售，户型好,760万,3室1厅 | 134平米 | 南 | 简装 | 高楼层(共6层) | 1995年建 | 板楼,http://image1.ljcdn.com/110000-inspection/pc1_prIfaYxbo_1.jpg.296x216.jpg
20201223,长宁,北新泾,淞虹路站，中间位置，文明楼栋，采光佳，随时看房,248万,1室1厅 | 43.17平米 | 南 | 精装 | 高楼层(共6层) | 1995年建 | 板楼,http://image1.ljcdn.com/110000-inspection/pc1_naFixHWyt_1.jpg.296x216.jpg
20201223,长宁,北新泾,户型合理，小巧精致，商圈配套齐全，业主诚售。房主自荐,210万,1室1厅 | 37.1平米 | 南 | 精装 | 高楼层(共6层) | 1991年建 | 板楼,http://image1.ljcdn.com/110000-inspection/pc1_ANlT517dH_1.jpg.296x216.jpg
20201223,长宁,北新泾,，精装修，地铁近，一梯两户飞机户型,1020万,3室2厅 | 131.14平米 | 南 | 精装 | 中楼层(共14层) | 2008年建 | 板楼,http://image1.ljcdn.com/110000-inspection/pc1_C249v5wjM_1.jpg.296x216.jpg
20201223,长宁,北新泾,瑞冬小区全明户型，近地铁，采光好,425万,2室1厅 | 71.43平米 | 南 | 精装 | 高楼层(共6层) | 1994年建 | 板楼,http://image1.ljcdn.com/310000-inspection/prod-b23f486f-14bf-42d6-8960-bacd861b0dec.jpg.296x216.jpg
20201223,长宁,北新泾,绿园十二村 1室1厅 南,235万,1室1厅 | 45.73平米 | 南 | 其他 | 高楼层(共6层) | 1996年建 | 板楼,http://image1.ljcdn.com/110000-inspection/pc1_ZSEYgK1b5_1.jpg.296x216.jpg
20201223,长宁,北新泾,房龄新，税费少，楼层好，户型全明，采光充足,420万,2室2厅 | 75.86平米 | 南 | 简装 | 高楼层(共6层) | 2012年建 | 板楼,http://image1.ljcdn.com/110000-inspection/pc1_6emfAHikM_1.jpg.296x216.jpg
20201223,长宁,北新泾,满五唯一，原始动迁，中间楼层。,350万,2室1厅 | 61.95平米 | 南 | 简装 | 中楼层(共6层) | 1996年建 | 板楼,http://image1.ljcdn.com/110000-inspection/pc1_LJL7RBiks_1.jpg.296x216.jpg
20201223,长宁,北新泾,1梯2户近西郊百联商品房格局好全明户型,630万,2室2厅 | 89.91平米 | 南 | 毛坯 | 低楼层(共7层) | 2000年建 | 板楼,http://image1.ljcdn.com/110000-inspection/pc1_HvUYRaqYb_1.jpg.296x216.jpg
20201223,长宁,北新泾,新泾二村 1室1厅 南,225万,1室1厅 | 35.9平米 | 南 | 精装 | 高楼层(共6层) | 1985年建 | 板楼,http://image1.ljcdn.com/110000-inspection/pc1_U0JUX3Jhr_1.jpg.296x216.jpg
20201223,长宁,北新泾,近北新泾地铁，交通线路四通八达。,333万,2室1厅 | 56.5平米 | 南 | 毛坯 | 低楼层(共6层) | 1992年建 | 板楼,http://image1.ljcdn.com/110000-inspection/pc1_43b4MJoGr_1.jpg.296x216.jpg
20201223,长宁,北新泾,不靠马路，新装修，采光好，视野佳。,255万,2室0厅 | 45.6平米 | 南 | 精装 | 高楼层(共6层) | 1990年建 | 板楼,http://image1.ljcdn.com/310000-inspection/60684c99-f9fa-4ae2-ada5-3496ce2c5ebf_1000.jpg.296x216.jpg
20201223,长宁,北新泾,交通便利，售后公房，满五唯一，值得你拥有！房主自荐,358万,2室1厅 | 63.47平米 | 南 | 精装 | 高楼层(共6层) | 1997年建 | 板楼,http://image1.ljcdn.com/310000-inspection/prod-2da53bf1-133c-4b57-bcaf-4c068fb71b94.jpg.296x216.jpg
20201223,长宁,北新泾,精装房，满五税少，通风好，采光好。,530万,2室2厅 | 89.69平米 | 南 | 精装 | 高楼层(共6层) | 1998年建 | 板楼,http://image1.ljcdn.com/310000-inspection/prod-d887b546-d8d1-4bd8-b3ab-927ebbb4d7a4.jpg.296x216.jpg
20201223,长宁,北新泾,精装修双南两房  可以拎包入住  满五唯一  价格可以谈,390万,2室1厅 | 79.04平米 | 南 | 精装 | 高楼层(共6层) | 1997年建 | 板楼,http://image1.ljcdn.com/110000-inspection/pc1_EXYHZ6dzK_1.jpg.296x216.jpg
20201223,长宁,北新泾,平和公寓 2室1厅 南,310万,2室1厅 | 58.93平米 | 南 | 其他 | 高楼层(共6层) | 1997年建 | 板楼,http://image1.ljcdn.com/110000-inspection/pc1_rB1uEmxfV_1.jpg.296x216.jpg
20201223,长宁,北新泾,满五唯一  双南户型  钥匙房 业主诚意,425万,2室1厅 | 71.74平米 | 南 | 简装 | 低楼层(共14层) | 1995年建 | 塔楼,http://image1.ljcdn.com/110000-inspection/pc1_099VueVNE_1.jpg.296x216.jpg
20201223,长宁,北新泾,格局好，通风好，楼层高，通风采光足,330万,2室1厅 | 65.16平米 | 南 | 简装 | 高楼层(共6层) | 1997年建 | 板楼,http://image1.ljcdn.com/110000-inspection/pc1_d20YBbb7L_1.jpg.296x216.jpg
20201223,长宁,北新泾,12年的房龄的动迁房 一梯二户 外环外 户型正气,420万,2室1厅 | 75.86平米 | 南 | 简装 | 高楼层(共6层) | 2012年建 | 板楼,http://image1.ljcdn.com/110000-inspection/pc1_qGw9nzFT1_1.jpg.296x216.jpg
20201223,长宁,北新泾,边套全明小三房，近二号线淞虹路站,中间楼层。,600万,3室2厅 | 88.02平米 | 南 | 精装 | 低楼层(共6层) | 1996年建 | 板楼,http://image1.ljcdn.com/110000-inspection/pc1_E5fF9avCE_1.jpg.296x216.jpg
20201223,长宁,北新泾,业主置换，诚意出售，看房方便，满五唯一，近地铁,440万,3室1厅 | 84.4平米 | 东 西 | 简装 | 高楼层(共14层) | 1995年建 | 塔楼,http://image1.ljcdn.com/110000-inspection/pc1_hApvJmjnd_1.jpg.296x216.jpg
20201223,长宁,北新泾,近新泾公园，出门淞虹路站，交通便利，购物方便,380万,2室1厅 | 74.16平米 | 南 | 简装 | 低楼层(共13层) | 1995年建 | 塔楼,http://image1.ljcdn.com/310000-inspection/prod-8677ee39-0d42-4eb1-b0e0-935cb00b6a29.jpg.296x216.jpg
20201223,长宁,北新泾,此房视野宽阔，生活配套齐全，近地铁。房主自荐,255万,1室1厅 | 39.55平米 | 南 | 简装 | 高楼层(共6层) | 1986年建 | 板楼,http://image1.ljcdn.com/310000-inspection/prod-baca788c-91a2-4258-aa68-812d11599771.jpg.296x216.jpg
20201223,长宁,北新泾,精装修一室户，中间楼层，采光充足，配套设施齐全房主自荐,300万,1室1厅 | 49.45平米 | 北 南 | 精装 | 中楼层(共6层) | 1994年建 | 板楼,http://image1.ljcdn.com/110000-inspection/pc1_F0MbhxBsB_1.jpg.296x216.jpg
20201223,长宁,北新泾,一梯两户，房型正气，满五唯一，采光好，业主诚售,220万,1室1厅 | 45.73平米 | 南 | 简装 | 高楼层(共6层) | 1996年建 | 板楼,http://image1.ljcdn.com/110000-inspection/pc1_bzmIf33fu_1.jpg.296x216.jpg
20201223,长宁,北新泾,边套全明 小区中间位置 中间楼层 业主诚意出售,260万,1室1厅 | 39.5平米 | 南 | 简装 | 中楼层(共6层) | 1995年建 | 板楼,http://image1.ljcdn.com/110000-inspection/pc1_tebKrdh80_1.jpg.296x216.jpg
20201223,长宁,北新泾,全明户型，精装修，诚意出售，采光通风好房主自荐,270万,1室0厅 | 39.5平米 | 南 | 精装 | 高楼层(共6层) | 1995年建 | 板楼,http://image1.ljcdn.com/110000-inspection/pc1_Usv4B6Y8n_1.jpg.296x216.jpg
20201223,长宁,北新泾,近地铁，精装修，房东诚意出售，配套齐全房主自荐,450万,2室2厅 | 84.33平米 | 西南 | 精装 | 低楼层(共14层) | 1995年建 | 塔楼,http://image1.ljcdn.com/310000-inspection/test-0596318d-1684-4dbb-a2c2-a18c36f229bb.png.296x216.jpg
20201223,长宁,北新泾,平和公寓 1室1厅 南,235万,1室1厅 | 45.05平米 | 南 | 其他 | 高楼层(共6层) | 1997年建 | 板楼,http://image1.ljcdn.com/310000-inspection/prod-152f0613-363b-405d-b0e0-92fb53372797.jpg.296x216.jpg
20201223,长宁,北新泾,房东诚意出售 满五唯一  产权清晰 无抵押无贷款,279万,2室0厅 | 51.51平米 | 南 | 简装 | 高楼层(共6层) | 1993年建 | 板楼,http://image1.ljcdn.com/310000-inspection/pc1_D8gltA4y7_1.jpg.296x216.jpg
20201223,长宁,北新泾,此房满五唯一，地铁口，小区中间位置，采光好,268万,1室1厅 | 48.18平米 | 南 | 简装 | 高楼层(共6层) | 1997年建 | 板楼,http://image1.ljcdn.com/110000-inspection/pc1_X0tjGWOfw_1.jpg.296x216.jpg
20201223,长宁,北新泾,此房正对小区花园，环境好，有兴趣可以过来看房再聊,290万,1室1厅 | 46.89平米 | 南 | 精装 | 中楼层(共6层) | 1994年建 | 板楼,http://image1.ljcdn.com/110000-inspection/pc1_NXX0HltcU_1.jpg.296x216.jpg
20201223,长宁,北新泾,满五年唯一，二楼楼层好，诚意出售,265万,1室1厅 | 44.67平米 | 南 | 简装 | 低楼层(共6层) | 1995年建 | 板楼,http://image1.ljcdn.com/110000-inspection/pc1_5ZjEFK8b9_1.jpg.296x216.jpg
20201223,长宁,北新泾,高楼层视野好，采光足，业主诚意出售,260万,1室1厅 | 52.33平米 | 南 | 简装 | 高楼层(共6层) | 1997年建 | 板楼,http://image1.ljcdn.com/110000-inspection/pc1_y2rTIVnDn_1.jpg.296x216.jpg
20201223,长宁,北新泾,三楼，标准大一房，小区比较安静,303万,1室1厅 | 53.22平米 | 南 | 简装 | 中楼层(共6层) | 1995年建 | 板楼,http://image1.ljcdn.com/110000-inspection/pc1_E3INb7YE9_1.jpg.296x216.jpg
20201223,长宁,北新泾,满五唯一，税费少。楼层好，配套设施齐全,280万,2室1厅 | 44.71平米 | 南 | 简装 | 低楼层(共6层) | 1993年建 | 板楼,http://image1.ljcdn.com/110000-inspection/pc1_6cSInl8Ud_1.jpg.296x216.jpg
20201223,长宁,北新泾,小户型总价低，税费少，交通便利！,250万,1室1厅 | 41.07平米 | 南 | 简装 | 中楼层(共6层) | 1994年建 | 板楼,http://image1.ljcdn.com/110000-inspection/pc1_udc4NCcXt_1.jpg.296x216.jpg
20201223,长宁,北新泾,满五年，户型方正 ，楼层好，业主诚意,275万,1室0厅 | 41.07平米 | 南 | 简装 | 中楼层(共6层) | 1994年建 | 板楼,http://image1.ljcdn.com/110000-inspection/pc1_cnztZ6rZt_1.jpg.296x216.jpg
20201223,长宁,北新泾,必看推荐！满五唯一 边套全明 一梯一户 双南两房房主自荐,415万,2室1厅 | 63.29平米 | 南 | 精装 | 高楼层(共6层) | 1996年建 | 板楼,http://image1.ljcdn.com/310000-inspection/pc1_ksuq2rSZH_1.jpg.296x216.jpg
20201223,长宁,北新泾,近地铁 新上房源  采光好  客厅大 易改造房主自荐,300万,2室1厅 | 52.3平米 | 南 | 简装 | 高楼层(共5层) | 1986年建 | 板楼,http://image1.ljcdn.com/110000-inspection/pc1_BLjah8hJE_1.jpg.296x216.jpg
20201223,长宁,北新泾,精装修一房一厅，全明户型，格局合理，诚意出售房主自荐,275万,1室1厅 | 55.17平米 | 南 | 精装 | 高楼层(共6层) | 1996年建 | 板楼,http://image1.ljcdn.com/110000-inspection/pc1_GfLr8Frav_1.jpg.296x216.jpg
20201223,长宁,北新泾,新泾三村 1室0厅 南,240万,1室0厅 | 40.4平米 | 南 | 毛坯 | 低楼层(共6层) | 1986年建 | 板楼,http://image1.ljcdn.com/110000-inspection/pc1_HrYqTBfLc_1.jpg.296x216.jpg
20201223,长宁,北新泾,婚房装修4年一室户，北新泾地铁站500米,210万,1室0厅 | 29.7平米 | 南 | 精装 | 高楼层(共6层) | 1995年建 | 板楼,http://image1.ljcdn.com/110000-inspection/pc1_SxIJ0qYGB_1.jpg.296x216.jpg
20201223,长宁,北新泾,近地铁，户型正气，配套齐全，业主诚售,249万,1室1厅 | 39.59平米 | 南 | 简装 | 高楼层(共6层) | 1993年建 | 板楼,http://image1.ljcdn.com/110000-inspection/pc1_jzNqlJqHN_1.jpg.296x216.jpg
20201223,长宁,北新泾,96年房龄，满五唯一，一梯两户，双南全明。,424万,2室1厅 | 75平米 | 南 | 简装 | 高楼层(共6层) | 1997年建 | 板楼,http://image1.ljcdn.com/110000-inspection/pc1_rQEeJ4Uq3_1.jpg.296x216.jpg
20201223,长宁,北新泾,一梯两户，得房率高，精装修，采光好,218万,1室1厅 | 45.51平米 | 南 | 精装 | 高楼层(共6层) | 1996年建 | 板楼,http://image1.ljcdn.com/110000-inspection/pc1_BaQg9GvKX_1.jpg.296x216.jpg
20201223,长宁,北新泾,卧室朝南，一手动迁，简单装修，业主自住，业主诚售,340万,1室1厅 | 53.68平米 | 南 | 毛坯 | 高楼层(共6层) | 2001年建 | 板楼,http://image1.ljcdn.com/shfdfs-image/20170914/df51923c-a3f0-4b26-b885-70ddea8d7826.jpg.296x216.jpg
20201223,长宁,北新泾,绿园十二村，您无悔的选择。...,340万,2室1厅 | 67.89平米 | 南 | 简装 | 高楼层(共6层) | 1996年建 | 板楼,http://image1.ljcdn.com/310000-inspection/rsp_pic_uploadb48a26c3-c4bb-4171-a2ae-608f908f5344.jpg.296x216.jpg
20201223,长宁,北新泾,仙霞大郡 复式房型 三房朝南 户型好 采光好 诚意出售房主自荐,720万,3室2厅 | 149.99平米 | 南 | 简装 | 高楼层(共6层) | 1999年建 | 板楼,http://image1.ljcdn.com/shfdfs-image/20170402/b359e9d5-ed94-4c93-b74e-7c73b2890e6e.jpg.296x216.jpg
20201223,长宁,北新泾,平和公寓 1室1厅 南 北,220万,1室1厅 | 45.05平米 | 南 北 | 毛坯 | 中楼层(共6层)  | 板楼,http://image1.ljcdn.com/310000-inspection/0f227122-5596-4671-94fc-23c432f87b36.jpg.296x216.jpg
20201223,长宁,北新泾,金钟小区 1室1厅 南新上,265万,1室1厅 | 48.35平米 | 南 | 简装 | 高楼层(共6层) | 1995年建 | 板楼,http://image1.ljcdn.com/x-se/shfdfs-image/20170820/59dc03b5-de15-49b8-b6f2-cd09df99907c.jpg.296x216.jpg
20201223,长宁,北新泾,精装三房,高得房率，楼层较好，少有的大三房,810万,3室2厅 | 118.89平米 | 南 | 精装 | 中楼层(共7层) | 2001年建 | 板楼,http://image1.ljcdn.com/310000-inspection/4241b4f6-8d60-47b7-9abc-d65b88e367b7.jpg.296x216.jpg
20201223,长宁,北新泾,3房2卫，房型正气，楼栋位置好，精装修,825万,3室2厅 | 139.39平米 | 南 北 | 精装 | 高楼层(共5层) | 2000年建 | 板楼,http://image1.ljcdn.com/310000-inspection/rsp_pic_upload7546cac4-c071-428f-8d5c-983b3a3b79c4.jpg.296x216.jpg
20201223,长宁,北新泾,房子满五年，一梯两户，双南两房，小区安静，新上,400万,2室1厅 | 72.96平米 | 南 | 简装 | 高楼层(共6层) | 1998年建 | 板楼,http://image1.ljcdn.com/x-se/hdic-frame/4d61b771-8c73-4ccc-8f83-32667ccaea58.png.296x216.jpg
20201223,长宁,北新泾,金虹苑小区 2室1厅 南新上,375万,2室1厅 | 61.66平米 | 南 | 精装 | 中楼层(共6层) | 1995年建 | 板楼,
20201223,长宁,北新泾,精装房，时尚青年的选择！你值得拥有！,175万,1室1厅 | 25.51平米 | 西 | 精装 | 中楼层(共5层) | 1999年建 | 板楼,
20201223,长宁,北新泾,精装修 双南两房 绿苑 低楼层 位置好 诚售新上,400万,2室1厅 | 68.27平米 | 南 | 精装 | 低楼层(共6层) | 1997年建 | 板楼,
20201223,长宁,北新泾,北新泾电梯房 中间楼层 一梯两户 正气三房,668万,3室1厅 | 108.56平米 | 南 | 精装 | 高楼层(共6层) | 2005年建 | 板楼,http://image1.ljcdn.com/x-se/hdic-frame/161ef838-a253-4c49-8b35-2b315efa8b25.png.296x216.jpg
20201223,长宁,北新泾,电梯房，明年一月份满五唯一，税费少,400万,1室1厅 | 71.28平米 | 西南 | 精装 | 低楼层(共14层) | 1995年建 | 塔楼,http://image1.ljcdn.com/310000-inspection/prod-1ff53693-3de9-41cc-bd03-19ac3cc1cd1e.jpg.296x216.jpg
20201223,长宁,北新泾,全明户型，南北两房，楼层好，诚意出售房主自荐,330万,2室1厅 | 64.92平米 | 南 | 简装 | 低楼层(共6层) | 1994年建 | 板楼,
20201223,长宁,北新泾,新泾二村 2室1厅 南,328万,2室1厅 | 50.14平米 | 南 | 其他 | 高楼层(共6层) | 1984年建 | 板楼,http://image1.ljcdn.com/x-se/310000-frame/c5b4e42b-5ee8-4b37-afe8-0af9a91eb3c4.jpg.296x216.jpg
20201223,长宁,北新泾,小区环境好，户型好，通风采光俱佳，景观楼层,360万,2室1厅 | 60.81平米 | 南 | 简装 | 高楼层(共6层) | 1995年建 | 板楼,http://image1.ljcdn.com/x-se/hdic-frame/fd186579-aad2-4c4d-81c9-eab61f4f50c2.png.296x216.jpg
20201223,长宁,北新泾,可乐公馆 2室1厅 东,238万,2室1厅 | 35.7平米 | 东 | 其他 | 中楼层(共5层) | 1999年建 | 板楼,
20201223,长宁,北新泾,商品房 少有顶楼复式   位置好 品质小区,850万,5室2厅 | 163.41平米 | 南 | 精装 | 高楼层(共6层) | 1998年建 | 板楼,
20201223,长宁,北新泾,新泾一村 1室1厅 南,270万,1室1厅 | 46.36平米 | 南 | 简装 | 中楼层(共6层) | 1986年建 | 板楼,http://image1.ljcdn.com/x-se/310000-frame/726d65eb-7c1c-412a-ae16-7a80977e814e.jpg.296x216.jpg
20201223,长宁,北新泾,房型方正，中间楼层，双南双阳台，动迁房税费少诚意卖,440万,2室1厅 | 69.61平米 | 南 | 简装 | 中楼层(共6层) | 1995年建 | 板楼,http://image1.ljcdn.com/x-se/hdic-frame/35f966a2-89b4-465a-b90a-11da88ff1d15.png.296x216.jpg
20201223,长宁,北新泾,满五唯一，户型方正，楼层好，视野开阔，,255万,1室1厅 | 49.96平米 | 南 | 简装 | 高楼层(共6层) | 1996年建 | 板楼,http://image1.ljcdn.com/x-se/hdic-frame/8d038954-dfb0-47a7-a8a1-3439bd6856a9.png.296x216.jpg
20201223,长宁,北新泾,电梯房，楼层好，采光好，2号线,635万,4室1厅 | 115.96平米 | 东南 | 简装 | 高楼层(共15层) | 1999年建 | 塔楼,http://image1.ljcdn.com/110000-inspection/pc1_f7adr9stX_1.jpg.296x216.jpg
20201223,长宁,北新泾,天申大楼 2室2厅 南,638万,2室2厅 | 115.96平米 | 南 | 其他 | 中楼层(共15层) | 1999年建 | 塔楼,
20201223,长宁,北新泾,近地铁二号线，满五不唯一，南北通户型,970万,3室2厅 | 129.38平米 | 南 | 简装 | 高楼层(共14层) | 2008年建 | 板楼,
20201223,长宁,北新泾,近地铁 总价低 交通便利 楼层好,275万,2室1厅 | 45.62平米 | 南 | 简装 | 低楼层(共6层) | 1990年建 | 板楼,http://image1.ljcdn.com/x-se/hdic-frame/f18a79ea-ed24-46ef-b81d-63fae3c6bc5c.png.296x216.jpg
20201223,长宁,北新泾,低价+中间楼层+精装修+户型方正+配套齐全房主自荐,280万,1室0厅 | 54.68平米 | 南 | 精装 | 中楼层(共7层) | 1995年建 | 板楼,http://image1.ljcdn.com/x-se/hdic-frame/075519bf-9395-4593-bdc4-07ca3216fc81.png.296x216.jpg
20201223,长宁,北新泾,诚意出售，看房方便，税费少，近地铁。,295万,2室0厅 | 47.35平米 | 南 | 其他 | 高楼层(共6层) | 1995年建 | 板楼,http://image1.ljcdn.com/x-se/hdic-frame/3fd2c539-eb30-4358-a015-08b26b91c244.png.296x216.jpg
20201223,长宁,北新泾,近地铁，得房率高，房龄新，业主诚意出售,888万,3室2厅 | 134.23平米 | 南 | 简装 | 中楼层(共8层) | 2000年建 | 板楼,http://image1.ljcdn.com/x-se/310000-frame/3b282fea-7bc2-4d76-bc5d-dd9e21ada1fd.jpg.296x216.jpg
20201223,长宁,北新泾,新泾二村 1室0厅 南,202万,1室0厅 | 32.53平米 | 南 | 简装 | 高楼层(共6层) | 1984年建 | 板楼,http://image1.ljcdn.com/x-se/hdic-frame/abd2ef0e-be0e-4d0a-8b73-d4b4643297be.png.296x216.jpg
20201223,长宁,北新泾,大三房，不靠马路，中间楼层，诚意出售,780万,3室1厅 | 126.06平米 | 南 | 简装 | 低楼层(共6层) | 2001年建 | 板楼,http://image1.ljcdn.com/x-se/hdic-frame/e91a7d0f-2e1f-4e11-a80b-a97a6e69274d.png.296x216.jpg
20201223,长宁,北新泾,一梯两户，采光好，户型方正，诚意出售,600万,2室1厅 | 100.03平米 | 南 | 简装 | 高楼层(共7层) | 1997年建 | 板楼,http://image1.ljcdn.com/x-se/hdic-frame/e95b2f05-6902-4bfc-966b-63856dc0a101.png.296x216.jpg
20201223,长宁,北新泾,满五唯一，北新泾地铁口小面积住宅，产权清晰,240万,1室1厅 | 40.18平米 | 南 | 简装 | 高楼层(共6层) | 1985年建 | 板楼,http://image1.ljcdn.com/x-se/hdic-frame/29716456-954a-4a98-b5b4-1675f261d3f4.png.296x216.jpg
20201223,长宁,北新泾,双南两房，产权清晰，无抵押，业主诚意,330万,2室1厅 | 66.27平米 | 南 | 精装 | 低楼层(共6层) | 1996年建 | 板楼,http://image1.ljcdn.com/x-se/hdic-frame/bb38b545-e3d2-433d-9dc2-f33f7af465f8.png.296x216.jpg
20201223,长宁,北新泾,淞虹路地铁站大三房，带大阁楼，2005年小区，品质小区,727万,3室2厅 | 125.42平米 | 南 | 精装 | 高楼层(共6层) | 2005年建 | 板楼,
20201223,长宁,北新泾,可乐公馆 2室1厅 南,300万,2室1厅 | 56.74平米 | 南 | 其他 | 中楼层(共5层) | 1999年建 | 板楼,http://image1.ljcdn.com/x-se/hdic-frame/acd6bb69-236c-4226-9992-a88fc7b581a7.png.296x216.jpg
20201223,长宁,北新泾,近地铁双南两房，自如装修，可拎包入住。,350万,2室1厅 | 67.67平米 | 南 | 精装 | 高楼层(共6层) | 1994年建 | 板楼,http://image1.ljcdn.com/x-se/hdic-frame/ce74111a-8042-49d8-bce9-cb4fc0da9511.png.296x216.jpg
20201223,长宁,北新泾,虹园一村 2室1厅 南,380万,2室1厅 | 48.64平米 | 南 | 其他 | 低楼层(共6层) | 1995年建 | 板楼,
20201223,长宁,北新泾,精美装修  一梯两户 采光开阔  满五,320万,2室1厅 | 63.7平米 | 南 | 精装 | 高楼层(共6层) | 1997年建 | 板楼,http://image1.ljcdn.com/x-se/hdic-frame/be994951-e3c9-4b6a-900e-7f8faad00bf7.png.296x216.jpg
20201223,长宁,北新泾,户型方正，楼层好，适宜居住，配套设施齐全,285万,1室1厅 | 46.48平米 | 南 | 简装 | 中楼层(共6层) | 1994年建 | 板楼,
