20201223,长宁,虹桥,售后公房，满二唯一，方正两房，看房方便，户型好！必看好房,426万,2室1厅 | 69.71平米 | 西南 | 简装 | 低楼层(共32层) | 1996年建 | 塔楼,http://image1.ljcdn.com/110000-inspection/pc1_eAHyEbRpS_1.jpg.296x216.jpg
20201223,长宁,虹桥,小区闹中取静，环境优美，自带庭院小花园。必看好房,1616万,4室2厅 | 239.41平米 | 南 | 精装 | 低楼层(共8层) | 2007年建 | 板楼,http://image1.ljcdn.com/110000-inspection/pc1_ULo0hfQTc_1.jpg.296x216.jpg
20201223,长宁,虹桥,南北户型，边套全明，税费少，业主诚意出售必看好房,315万,2室1厅 | 49.52平米 | 南 | 简装 | 高楼层(共5层) | 1976年建 | 板楼,http://image1.ljcdn.com/110000-inspection/pc1_CcTfDNwZb_1.jpg.296x216.jpg
20201223,长宁,虹桥,邮航小区 2室1厅 南必看好房,335万,2室1厅 | 48.88平米 | 南 | 精装 | 低楼层(共5层) | 1982年建 | 板楼,http://image1.ljcdn.com/110000-inspection/pc1_000HXEtTz_1.jpg.296x216.jpg
20201223,长宁,虹桥,边套一室户，近地铁，拎包入住，采光棒，满五唯一必看好房,235万,1室1厅 | 34.01平米 | 南 | 简装 | 高楼层(共6层) | 1982年建 | 板楼,http://image1.ljcdn.com/110000-inspection/pc1_SY3BBWk39_1.jpg.296x216.jpg
20201223,长宁,虹桥,满五唯一 交通便利  南北全明边套两房一厅户型必看好房,357万,2室1厅 | 58.02平米 | 南 | 简装 | 高楼层(共6层) | 1984年建 | 板楼,http://image1.ljcdn.com/110000-inspection/pc1_IzRvK4tsZ_1.jpg.296x216.jpg
20201223,长宁,虹桥,高区全明户型，配套齐全、2/3/4/10号地铁交通。必看好房,759万,2室2厅 | 128.3平米 | 南 | 精装 | 29层 | 1999年建 | 板楼,http://image1.ljcdn.com/110000-inspection/pc1_oyzQggDLV_1.jpg.296x216.jpg
20201223,长宁,虹桥,满五唯一，中间楼层！安静位置，业主诚意出售必看好房,270万,1室1厅 | 39.4平米 | 南 | 简装 | 中楼层(共6层) | 1986年建 | 板楼,http://image1.ljcdn.com/110000-inspection/pc1_BYHpr3NAw_1.jpg.296x216.jpg
20201223,长宁,虹桥,十佳文明小区，精装修+带地暖+带天井必看好房,355万,2室0厅 | 51.34平米 | 南 北 | 精装 | 低楼层(共6层) | 1987年建 | 板楼,http://image1.ljcdn.com/110000-inspection/pc1_6txfu4ZxT_1.jpg.296x216.jpg
20201223,长宁,虹桥,标准两房一厅，带阳台，配套设施齐全，交通便利必看好房,430万,2室1厅 | 69.45平米 | 南 | 简装 | 中楼层(共29层) | 1996年建 | 塔楼,http://image1.ljcdn.com/110000-inspection/pc1_yiQfUsvqx_1.jpg.296x216.jpg
20201223,长宁,虹桥,外销房！地铁口！楼前小区花园无遮无挡！东边套两户新上,670万,3室2厅 | 87.89平米 | 南 | 其他 | 低楼层(共6层) | 1994年建 | 板楼,http://image1.ljcdn.com/110000-inspection/pc1_pGK3ZkI6s_1.jpg.296x216.jpg
20201223,长宁,虹桥,售后公房不唯一，有钥匙，诚意出售，边套全明，小区好新上,630万,2室1厅 | 83.36平米 | 南 | 简装 | 高楼层(共6层) | 1993年建 | 板楼,http://image1.ljcdn.com/110000-inspection/pc1_A2kHKtV9u_1.jpg.296x216.jpg
20201223,长宁,虹桥,您买房子买的是地段，不是钢筋混凝土，中内环配套齐全,368万,2室1厅 | 54.25平米 | 南 | 精装 | 中楼层(共6层) | 1987年建 | 板楼,http://image1.ljcdn.com/110000-inspection/pc1_UPyCNigQA_1.jpg.296x216.jpg
20201223,长宁,虹桥,小区花园景观，小高层，采光好，户型方正，三开间朝南房主自荐,1368万,3室2厅 | 165.27平米 | 南 | 精装 | 高楼层(共7层) | 2001年建 | 板楼,http://image1.ljcdn.com/310000-inspection/pc1_OS2ptBg5V_1.jpg.296x216.jpg
20201223,长宁,虹桥,新上好房，上墅别墅，自住精装修，带阁楼，看房方便,1818万,4室2厅 | 185.21平米 | 南 北 | 精装 | 上叠(共2层) | 1998年建 | 板楼 | 叠拼别墅,http://image1.ljcdn.com/110000-inspection/pc1_8einw0asg_1.jpg.296x216.jpg
20201223,长宁,虹桥,新鲜笋盘，复式全南两房，采光视野无遮挡，满五唯一！,1400万,2室2厅 | 142.41平米 | 南 | 精装 | 低楼层(共37层) | 2006年建 | 板楼,http://image1.ljcdn.com/110000-inspection/pc1_QVW0H3eIk_1.jpg.296x216.jpg
20201223,长宁,虹桥,满五唯一 南北 带厅 全明户型 靠内环 近地铁新上,430万,2室2厅 | 59.75平米 | 南 | 精装 | 低楼层(共6层) | 1980年建 | 板楼,http://image1.ljcdn.com/110000-inspection/pc1_T7xb8Viyi_1.jpg.296x216.jpg
20201223,长宁,虹桥,全明大户型，通风采光好，适合家庭人口多的客户。房主自荐,1070万,4室2厅 | 168.51平米 | 南 | 简装 | 低楼层(共8层) | 1998年建 | 板楼,http://image1.ljcdn.com/310000-inspection/prod-810ebcd0-dd95-4445-8fe5-b5e69a1cefa7.jpg.296x216.jpg
20201223,长宁,虹桥,三房朝南采光好地铁360米（此数据来自百度地图测距）,1050万,3室2厅 | 120.48平米 | 南 | 简装 | 中楼层(共24层) | 2005年建 | 板楼,http://image1.ljcdn.com/110000-inspection/pc1_MLFnr1NEH_1.jpg.296x216.jpg
20201223,长宁,虹桥,218平米大三房 坐拥虹桥成熟配套 享受优质的物业服务,1050万,3室2厅 | 218.63平米 | 南 | 毛坯 | 29层 | 1995年建 | 塔楼,http://image1.ljcdn.com/110000-inspection/pc1_M7c2F4Zgs_1.jpg.296x216.jpg
20201223,长宁,虹桥,全明户型，精装修，楼层好，采光没有遮挡新上,232万,1室1厅 | 32.86平米 | 南 | 精装 | 低楼层(共6层) | 1978年建 | 板楼,http://image1.ljcdn.com/110000-inspection/pc1_BkVtmn9Sn_1.jpg.296x216.jpg
20201223,长宁,虹桥,【店长推荐】满五年，一梯一户，南北通，采光好,1180万,5室2厅 | 169.54平米 | 南 | 精装 | 低楼层(共3层) | 1995年建 | 板楼,http://image1.ljcdn.com/110000-inspection/pc1_kcMzGMOIp_1.jpg.296x216.jpg
20201223,长宁,虹桥,小区中间位置，一梯2户，边套全明，采光好,640万,3室2厅 | 87.89平米 | 南 北 | 精装 | 低楼层(共6层) | 1993年建 | 板楼,http://image1.ljcdn.com/110000-inspection/pc1_8iZ6so5C5_1.jpg.296x216.jpg
20201223,长宁,虹桥,一梯两户电梯房，中间楼层定制家具精装修的优质房源,1250万,3室2厅 | 159.53平米 | 东 南 | 精装 | 中楼层(共7层) | 1998年建 | 板楼,http://image1.ljcdn.com/110000-inspection/pc1_MSRIYx4hz_1.jpg.296x216.jpg
20201223,长宁,虹桥,诚意出售，光照充足，奢华装修，边套全明新上,378万,2室1厅 | 56.9平米 | 南 | 精装 | 高楼层(共5层) | 1987年建 | 板楼,http://image1.ljcdn.com/110000-inspection/pc1_mwxSMJ0zj_1.jpg.296x216.jpg
20201223,长宁,虹桥,3开间朝南，精装修，品质物业日式管理。,880万,2室2厅 | 136.87平米 | 南 | 精装 | 29层 | 1995年建 | 塔楼,http://image1.ljcdn.com/110000-inspection/pc1_NeBQDoeJR_1.jpg.296x216.jpg
20201223,长宁,虹桥,中间楼层+看房方便+地铁200米新上,263万,1室0厅 | 38.6平米 | 南 | 精装 | 中楼层(共6层) | 1986年建 | 板楼,http://image1.ljcdn.com/110000-inspection/pc1_3bvugbrVp_1.jpg.296x216.jpg
20201223,长宁,虹桥,小区仲心位置，正气房型，景观采光好，业主诚意出售,1665万,3室2厅 | 164.39平米 | 南 | 精装 | 高楼层(共37层) | 2006年建 | 板楼,http://image1.ljcdn.com/110000-inspection/pc1_PaHnhDvob_1.jpg.296x216.jpg
20201223,长宁,虹桥,三房朝南采光好地铁360米（此数据来自百度地图测距）房主自荐,1050万,3室2厅 | 120.48平米 | 南 | 精装 | 高楼层(共24层) | 2005年建 | 板楼,http://image1.ljcdn.com/110000-inspection/pc1_0HL5ohRAc_1.jpg.296x216.jpg
20201223,长宁,虹桥,特殊户型，后排安静位置，南北大阳台，诚意出售！,1410万,3室2厅 | 178.62平米 | 南 | 精装 | 低楼层(共37层) | 2006年建 | 板楼,http://image1.ljcdn.com/110000-inspection/pc1_iAp3bQVce_1.jpg.296x216.jpg
20201223,长宁,虹桥,皇家花园 3室2厅 东南 南 西南房主自荐,1699万,3室2厅 | 178.03平米 | 东南 南 西南 | 精装 | 低楼层(共37层) | 2007年建 | 板楼,http://image1.ljcdn.com/110000-inspection/pc1_W6sJAKy4A_1.jpg.296x216.jpg
20201223,长宁,虹桥,后排新出，安静位置，精致装修，满五年，业主诚意！房主自荐,1780万,3室2厅 | 169.61平米 | 南 | 精装 | 低楼层(共37层) | 2006年建 | 板楼,http://image1.ljcdn.com/110000-inspection/pc1_7Z3Vw2jtG_1.jpg.296x216.jpg
20201223,长宁,虹桥,花园景观，采光好，美式简约装修，可做婚房，拎包入住房主自荐,1300万,2室2厅 | 141.85平米 | 南 北 | 精装 | 中楼层(共6层) | 2001年建 | 板楼,http://image1.ljcdn.com/110000-inspection/pc1_r7QiEFpBs_1.jpg.296x216.jpg
20201223,长宁,虹桥,诚售且满五唯一，近地铁，精装修拎包入住，看方方便。,298万,2室1厅 | 43.98平米 | 南 | 精装 | 高楼层(共6层) | 1979年建 | 板楼,http://image1.ljcdn.com/110000-inspection/pc1_NzdjX5gDj_1.jpg.296x216.jpg
20201223,长宁,虹桥,此房视野好，采光好，总价低，地铁口，配套齐全,207万,1室0厅 | 34.78平米 | 南 北 | 精装 | 高楼层(共6层) | 1987年建 | 板楼,http://image1.ljcdn.com/310000-inspection/pc1_hPzyDSDcP_1.jpg.296x216.jpg
20201223,长宁,虹桥,满五唯一，中间楼层全明，采光好，保养不错，拎包入住,199.5万,1室0厅 | 29.04平米 | 南 | 精装 | 低楼层(共6层) | 1978年建 | 板楼,http://image1.ljcdn.com/110000-inspection/pc1_9CoupcYpX_1.jpg.296x216.jpg
20201223,长宁,虹桥,满五年2/3唯一，三开间朝南，东边套全明，高层采光好,920万,3室2厅 | 140.03平米 | 南 | 简装 | 中楼层(共19层) | 2000年建 | 塔楼,http://image1.ljcdn.com/110000-inspection/pc1_Gp7uNGiOt_1.jpg.296x216.jpg
20201223,长宁,虹桥,售后公房+全明户型+十号线÷带天井+品质绿化小区,270万,1室1厅 | 37.87平米 | 南 | 精装 | 低楼层(共6层) | 1985年建 | 板楼,http://image1.ljcdn.com/110000-inspection/pc1_pSGOGIibX_1.jpg.296x216.jpg
20201223,长宁,虹桥,中间楼层+看房方便+近地铁+环境优美,208万,1室0厅 | 33.53平米 | 南 | 简装 | 中楼层(共6层) | 1990年建 | 板楼,http://image1.ljcdn.com/110000-inspection/pc1_0mVtD6CUI_1.jpg.296x216.jpg
20201223,长宁,虹桥,此房满五唯一房东诚意出售双南卧室带阳台，房型方正,380万,2室1厅 | 54.58平米 | 南 | 简装 | 高楼层(共6层) | 1984年建 | 板楼,http://image1.ljcdn.com/110000-inspection/pc1_7PI2iI0Mp_1.jpg.296x216.jpg
20201223,长宁,虹桥,精装修有钥匙随时看房 中楼层满五唯一房主自荐,328万,2室0厅 | 49.96平米 | 东 | 精装 | 中楼层(共6层) | 1981年建 | 板楼,http://image1.ljcdn.com/110000-inspection/pc1_0aFUisX7Y_1.jpg.296x216.jpg
20201223,长宁,虹桥,宋园路地铁10线 低价电梯房  诚意出售  随时看房房主自荐,406万,2室1厅 | 69.3平米 | 东南 | 精装 | 低楼层(共24层) | 1991年建 | 塔楼,http://image1.ljcdn.com/310000-inspection/prod-347a169d-a036-4e45-a993-148002651355.jpg.296x216.jpg
20201223,长宁,虹桥,此套房子房东诚意出售，置换卖房，房子满五年，税少房主自荐,250万,1室0厅 | 31.99平米 | 南 | 简装 | 高楼层(共5层) | 1975年建 | 板楼,http://image1.ljcdn.com/110000-inspection/pc1_F1AimeybA_1.jpg.296x216.jpg
20201223,长宁,虹桥,虹旭小区距离水城路地铁800米，配套齐全，看房方便。,208万,1室0厅 | 36.73平米 | 南 | 精装 | 高楼层(共6层) | 1990年建 | 板楼,http://image1.ljcdn.com/110000-inspection/pc1_xBQVMboV0_1.jpg.296x216.jpg
20201223,长宁,虹桥,中间楼层+精装修+出行方便+钥匙房随时可看房主自荐,262万,1室1厅 | 38.6平米 | 南 | 精装 | 中楼层(共6层) | 1986年建 | 板楼,http://image1.ljcdn.com/110000-inspection/pc1_wbOAdyK4d_1.jpg.296x216.jpg
20201223,长宁,虹桥,近地铁十号线+总价低+满五唯一+天井已搭好+不靠马路,199万,1室1厅 | 31.46平米 | 南 北 | 精装 | 低楼层(共6层) | 1987年建 | 板楼,http://image1.ljcdn.com/110000-inspection/pc1_9DoOp3wwh_1.jpg.296x216.jpg
20201223,长宁,虹桥,专业设计师精心装修，租金5300，业主诚意出售,235万,1室1厅 | 33.39平米 | 南 | 精装 | 高楼层(共6层)  | 板楼,http://image1.ljcdn.com/110000-inspection/pc1_ooYkBc46I_1.jpg.296x216.jpg
20201223,长宁,虹桥,烫金地段05年小区，户型方正，南北双阳台，动静分离。房主自荐,1200万,2室2厅 | 116.52平米 | 南 | 精装 | 高楼层(共24层) | 2005年建 | 板楼,http://image1.ljcdn.com/310000-inspection/pc1_tylvHianm_1.jpg.296x216.jpg
20201223,长宁,虹桥,内环边  双南房 户型正  采光好  近地铁  配套齐全,420万,2室1厅 | 68.56平米 | 南 | 简装 | 高楼层(共5层) | 1966年建 | 板楼,http://image1.ljcdn.com/110000-inspection/pc1_jUVACGyr4_1.jpg.296x216.jpg
20201223,长宁,虹桥,近10号线+边套全明+采光无遮挡+看房方便,318万,2室1厅 | 52.63平米 | 南 北 | 简装 | 高楼层(共6层) | 1990年建 | 板楼,http://image1.ljcdn.com/110000-inspection/pc1_ia8aShyp0_1.jpg.296x216.jpg
20201223,长宁,虹桥,标准朝南两房，带阳台，配套设施齐全，满五唯一,403万,2室0厅 | 64.86平米 | 南 | 精装 | 低楼层(共32层) | 1996年建 | 塔楼,http://image1.ljcdn.com/110000-inspection/pc1_V4yOZDr01_1.jpg.296x216.jpg
20201223,长宁,虹桥,近地铁200米+全明户型+房龄新+诚意出售房主自荐,412万,2室1厅 | 67.15平米 | 南 | 简装 | 高楼层(共6层) | 1998年建 | 板楼,http://image1.ljcdn.com/110000-inspection/pc1_dmpVn1WPM_1.jpg.296x216.jpg
20201223,长宁,虹桥,联建新村(长宁) 3室1厅 东南 南,560万,3室1厅 | 69.68平米 | 东南 南 | 简装 | 高楼层(共6层) | 1967年建 | 板楼,http://image1.ljcdn.com/110000-inspection/pc1_x4DJ85g72_1.jpg.296x216.jpg
20201223,长宁,虹桥,户型方正，户型可塑性高，高区无遮挡，税费相当低房主自荐,750万,2室2厅 | 157.08平米 | 东北 | 精装 | 高楼层(共28层)  | 板塔结合,http://image1.ljcdn.com/110000-inspection/pc1_gBkK1IqpI_1.jpg.296x216.jpg
20201223,长宁,虹桥,虹桥开发区，老牌CBD，三轨交通,386万,2室0厅 | 52.44平米 | 南 东 | 简装 | 高楼层(共6层) | 1979年建 | 板楼,http://image1.ljcdn.com/110000-inspection/pc1_AhnEfgte9_1.jpg.296x216.jpg
20201223,长宁,虹桥,中科小区(长宁) 3室1厅 南新上,720万,3室1厅 | 87.11平米 | 南 | 其他 | 低楼层(共6层) | 1982年建 | 板楼,http://image1.ljcdn.com/110000-inspection/pc1_E7yLK2wH0_1.jpg.296x216.jpg
20201223,长宁,虹桥,万科物业管理，高绿化小区，户型方正房主自荐,1255万,3室2厅 | 140.06平米 | 西 北 | 精装 | 低楼层(共20层) | 2007年建 | 板楼,http://image1.ljcdn.com/110000-inspection/pc1_M340Cu2z5_1.jpg.296x216.jpg
20201223,长宁,虹桥,单价仅只有七万，比旁边老公房单价还要便宜！有钥匙房主自荐,2160万,5室2厅 | 298.05平米 | 南 北 | 毛坯 | 低楼层(共37层) | 2007年建 | 板楼,http://image1.ljcdn.com/310000-inspection/prod-4d4ace3b-e6c7-485f-8a01-de5bcf549ada.jpg.296x216.jpg
20201223,长宁,虹桥,中华别墅+两房朝南+户型方正+一梯两户房主自荐,535万,2室1厅 | 76平米 | 南 | 精装 | 高楼层(共4层) | 1985年建 | 板楼,http://image1.ljcdn.com/110000-inspection/pc1_gI4O7jcrj_1.jpg.296x216.jpg
20201223,长宁,虹桥,70年产权住宅，朝南，复式，楼梯可封。房主自荐,955万,3室2厅 | 215.53平米 | 南 | 简装 | 29层  | 塔楼,http://image1.ljcdn.com/110000-inspection/pc1_sSvsaihmD_1.jpg.296x216.jpg
20201223,长宁,虹桥,虹东小区 2室1厅 东南 西北,456万,2室1厅 | 69.3平米 | 东南 西北 | 其他 | 低楼层(共24层) | 1991年建 | 塔楼,http://image1.ljcdn.com/110000-inspection/pc1_GMG3D1gn3_1.jpg.296x216.jpg
20201223,长宁,虹桥,满五唯一，双南高楼层视野宽阔，采光充足交通便利房主自荐,490万,2室0厅 | 72.1平米 | 南 | 精装 | 高楼层(共10层) | 1992年建 | 板楼,http://image1.ljcdn.com/310000-inspection/pc1_ukJaIiCvo_1.jpg.296x216.jpg
20201223,长宁,虹桥,爱建小区 2室0厅 西,425万,2室0厅 | 52平米 | 西 | 精装 | 高楼层(共6层) | 1983年建 | 板楼,http://image1.ljcdn.com/110000-inspection/pc1_Wi1y4Cz9A_1.jpg.296x216.jpg
20201223,长宁,虹桥,近地铁、小区闹中取静、停车方便,203万,1室1厅 | 32.77平米 | 南 | 简装 | 低楼层(共6层) | 1990年建 | 板楼,http://image1.ljcdn.com/110000-inspection/pc1_E2gyvCJQB_1.jpg.296x216.jpg
20201223,长宁,虹桥,奢华大平层，户型方正，拎包入住。,2530万,4室2厅 | 298.05平米 | 南 | 精装 | 低楼层(共37层) | 2007年建 | 板楼,http://image1.ljcdn.com/310000-inspection/test-dfb86642-f9b8-466d-b8cb-252c36521205.png.296x216.jpg
20201223,长宁,虹桥,付意向客户随时安排，随意看房，月安排一次，非诚忽扰房主自荐,1158万,2室2厅 | 132.62平米 | 南 | 精装 | 高楼层(共24层) | 2001年建 | 板楼,http://image1.ljcdn.com/310000-inspection/test-b5bce670-4cb0-49da-bcdc-f000cbb07cd7.png.296x216.jpg
20201223,长宁,虹桥,安顺公寓 精装修 双南 高层采光无遮挡 景观好房主自荐,860万,2室2厅 | 112.81平米 | 南 | 精装 | 高楼层(共19层) | 2000年建 | 塔楼,http://image1.ljcdn.com/310000-inspection/test-afab6564-95b8-4da1-9de4-0f2ed02c213e.png.296x216.jpg
20201223,长宁,虹桥,标准朝南两房，带阳台，配套设施齐全，交通便利,510万,2室1厅 | 84.24平米 | 南 | 精装 | 低楼层(共29层) | 1996年建 | 塔楼,http://image1.ljcdn.com/110000-inspection/pc1_3ghSQ9fLd_1.jpg.296x216.jpg
20201223,长宁,虹桥,安顺路367号 1室0厅 南,196万,1室0厅 | 31.12平米 | 南 | 简装 | 中楼层(共7层) | 1993年建 | 板楼,http://image1.ljcdn.com/110000-inspection/pc1_jCUY6a5DV_1.jpg.296x216.jpg
20201223,长宁,虹桥,中间楼层  诚意出售  采光无遮挡 看房方便房主自荐,255万,1室1厅 | 40.54平米 | 西南 南 | 毛坯 | 中楼层(共7层) | 1993年建 | 板楼,http://image1.ljcdn.com/310000-inspection/pc1_h3kcYPgrM_1.jpg.296x216.jpg
20201223,长宁,虹桥,古北商圈叠加别墅+有花园15平米+诚意出售房主自荐,1400万,4室2厅 | 162.97平米 | 南 北 | 精装 | 低楼层(共2层) | 1998年建 | 板楼,http://image1.ljcdn.com/110000-inspection/pc1_206YTlEWJ_1.jpg.296x216.jpg
20201223,长宁,虹桥,烫金地段之闹中取静，超大露台，带两个可转让协议车位房主自荐,948万,2室2厅 | 103.58平米 | 南 | 精装 | 低楼层(共15层) | 2005年建 | 板楼,http://image1.ljcdn.com/110000-inspection/pc1_UWJvRGuC5_1.jpg.296x216.jpg
20201223,长宁,虹桥,全屋带地暖，中，央空调，精心居家设计，业主诚意出售,1300万,4室2厅 | 170.53平米 | 南 | 精装 | 中楼层(共8层) | 1998年建 | 板楼,http://image1.ljcdn.com/110000-inspection/pc1_qxbxWUfR1_1.jpg.296x216.jpg
20201223,长宁,虹桥,豪苑中间位置大平层，景观270°朝向，主卧双阳台,2000万,4室2厅 | 222平米 | 东南 南 | 精装 | 低楼层(共13层) | 2006年建 | 板楼,http://image1.ljcdn.com/110000-inspection/pc1_wLTixpzNj_1.jpg.296x216.jpg
20201223,长宁,虹桥,户型方正采光好+少见三房两卫+地铁300米+得房率高,680万,3室2厅 | 117.63平米 | 南 | 简装 | 高楼层(共6层) | 1994年建 | 板楼,http://image1.ljcdn.com/110000-inspection/pc1_qpMvSAQEJ_1.jpg.296x216.jpg
20201223,长宁,虹桥,烫金地段、05年长宁地铁口房，次顶楼，全明户型双阳台房主自荐,990万,2室2厅 | 116.52平米 | 南 | 简装 | 高楼层(共24层) | 2005年建 | 板楼,http://image1.ljcdn.com/110000-inspection/pc1_hEcgn5gQt_1.jpg.296x216.jpg
20201223,长宁,虹桥,全明南北通大两房，高层采光好，诚意出售，拎包入住！房主自荐,280万,2室0厅 | 50.35平米 | 南 | 精装 | 高楼层(共6层) | 1979年建 | 板楼,http://image1.ljcdn.com/310000-inspection/prod-f88b9b52-0fbc-42ca-9abd-0e3bcebe02b8.jpg.296x216.jpg
20201223,长宁,虹桥,2/3/4/10多条地铁，两开间朝南，采光没有遮挡房主自荐,330万,2室1厅 | 50.83平米 | 南 北 | 简装 | 低楼层(共6层) | 1979年建 | 板楼,http://image1.ljcdn.com/310000-inspection/pc1_ZfwzXsKz0_1.jpg.296x216.jpg
20201223,长宁,虹桥,长宁中楼层两房，南北通，边套全明,365万,2室1厅 | 50.35平米 | 南 | 精装 | 中楼层(共6层) | 1979年建 | 板楼,http://image1.ljcdn.com/110000-inspection/pc1_B2bty6Pk0_1.jpg.296x216.jpg
20201223,长宁,虹桥,朝南一房小户型，电梯房，96年房龄房主自荐,340万,1室1厅 | 50.56平米 | 南 | 简装 | 中楼层(共29层) | 1996年建 | 塔楼,http://image1.ljcdn.com/110000-inspection/pc1_1F1AWLiqd_1.jpg.296x216.jpg
20201223,长宁,虹桥,南北户型，厨卫都不小，采光和阳光都很 好，交通方便,343万,2室1厅 | 59平米 | 南 | 简装 | 高楼层(共5层) | 1982年建 | 板楼,http://image1.ljcdn.com/310000-inspection/pc1_ENNiVwH8e_1.jpg.296x216.jpg
20201223,长宁,虹桥,厨卫很大，大的一房一厅很旷阔，适合一家人居住,396万,1室1厅 | 61平米 | 东南 | 精装 | 高楼层(共6层) | 1997年建 | 板楼,http://image1.ljcdn.com/110000-inspection/pc1_n0p1UB87z_1.jpg.296x216.jpg
20201223,长宁,虹桥,虹储小区 2室1厅 南,460万,2室1厅 | 60.78平米 | 南 | 精装 | 高楼层(共6层) | 1984年建 | 板楼,http://image1.ljcdn.com/110000-inspection/pc1_dsRkfO14j_1.jpg.296x216.jpg
20201223,长宁,虹桥,虹一小区 2室1厅 南,330万,2室1厅 | 50.35平米 | 南 | 简装 | 高楼层(共6层) | 1979年建 | 板楼,http://image1.ljcdn.com/110000-inspection/pc1_6WY3Xm8IR_1.jpg.296x216.jpg
20201223,长宁,虹桥,满五唯一+税费少+南向+把边户型+居家装修+诚意出售,258万,1室1厅 | 38.41平米 | 南 | 精装 | 低楼层(共5层) | 1987年建 | 板楼,http://image1.ljcdn.com/110000-inspection/pc1_YVtIwhIFA_1.jpg.296x216.jpg
20201223,长宁,虹桥,地铁口，双南二房，阳光好，业主诚意,495万,2室1厅 | 78.57平米 | 南 | 简装 | 低楼层(共25层) | 1991年建 | 塔楼,http://image1.ljcdn.com/110000-inspection/pc1_kJDlCCHCe_1.jpg.296x216.jpg
20201223,长宁,虹桥,楼层适中/环境宜人/满五唯一/房龄新房主自荐,212万,1室0厅 | 33.98平米 | 南 | 简装 | 中楼层(共5层) | 1994年建 | 板楼,http://image1.ljcdn.com/110000-inspection/pc1_HIlQc6i8r_1.jpg.296x216.jpg
20201223,长宁,虹桥,采光好，总价低，地铁口出行方便，两个人住不要太舒服,210万,1室1厅 | 30.12平米 | 南 北 | 简装 | 高楼层(共6层) | 1985年建 | 板楼,http://image1.ljcdn.com/110000-inspection/pc1_k7xmYsrys_1.jpg.296x216.jpg
20201223,长宁,虹桥,锦苑小区(长宁) 1室1厅 南 北,245万,1室1厅 | 41.49平米 | 南 北 | 其他 | 高楼层(共6层) | 1990年建 | 板楼,http://image1.ljcdn.com/110000-inspection/pc1_H3czwPPzo_1.jpg.296x216.jpg
20201223,长宁,虹桥,此房满五唯一，采光充足，可拎包入住,450万,2室1厅 | 68.61平米 | 南 | 简装 | 低楼层(共24层) | 1991年建 | 塔楼,http://image1.ljcdn.com/110000-inspection/pc1_j1TaLao1V_1.jpg.296x216.jpg
20201223,长宁,虹桥,锦苑小区(长宁) 2室0厅 南房主自荐,317万,2室0厅 | 52.05平米 | 南 | 精装 | 高楼层(共6层) | 1992年建 | 板楼,http://image1.ljcdn.com/110000-inspection/pc1_07m035hx7_1.jpg.296x216.jpg
20201223,长宁,虹桥,西边套全明户型，北卧竟然有两个窗户，近地铁，视野佳,320万,2室1厅 | 51.61平米 | 南 北 | 简装 | 高楼层(共6层) | 1985年建 | 板楼,http://image1.ljcdn.com/110000-inspection/pc1_WeJrIUk8c_1.jpg.296x216.jpg
20201223,长宁,虹桥,虹旭小区 精装一房 采光好 视野开阔 交通便利房主自荐,185万,1室0厅 | 34.8平米 | 南 | 精装 | 高楼层(共6层) | 1990年建 | 板楼,http://image1.ljcdn.com/310000-inspection/prod-667aaa8b-3c81-4e65-8cdf-0091115658ab.jpg.296x216.jpg
20201223,长宁,虹桥,总价低小面积一室户视野宽阔采光充足配套齐全交通方便,210万,1室1厅 | 33.11平米 | 南 | 精装 | 高楼层(共6层) | 1984年建 | 板楼,http://image1.ljcdn.com/110000-inspection/pc1_xSaGEdMNB_1.jpg.296x216.jpg
20201223,长宁,虹桥,伊犁小区 1室1厅 南新上,265万,1室1厅 | 41.71平米 | 南 | 精装 | 中楼层(共5层) | 1997年建 | 板楼,http://image1.ljcdn.com/110000-inspection/pc1_14GXaOLJu_1.jpg.296x216.jpg
20201223,长宁,虹桥,此房源税少，精装修带地暖，一梯两户，西边套，采光好,618万,2室2厅 | 89平米 | 南 | 精装 | 高楼层(共6层) | 1993年建 | 板楼,http://image1.ljcdn.com/110000-inspection/pc1_V4fY3dRkN_1.jpg.296x216.jpg
20201223,长宁,虹桥,中国科学院配套房源！边套三房，全明户型房主自荐,600万,3室1厅 | 87.11平米 | 南 | 简装 | 高楼层(共6层) | 1982年建 | 板楼,http://image1.ljcdn.com/110000-inspection/pc1_ogTsUv2mx_1.jpg.296x216.jpg
20201223,长宁,虹桥,近10号线水城站，小区中间位置，安静静谧，交通便利,320万,2室1厅 | 47.49平米 | 南 | 简装 | 低楼层(共6层) | 1987年建 | 板楼,http://image1.ljcdn.com/110000-inspection/pc1_8698ZjNJq_1.jpg.296x216.jpg
20201223,长宁,虹桥,售后公房，东边套南北通户型，北卧两个窗户，视野佳,339万,2室1厅 | 53.53平米 | 南 | 毛坯 | 高楼层(共6层) | 1987年建 | 板楼,http://image1.ljcdn.com/110000-inspection/pc1_Jqehrl2h2_1.jpg.296x216.jpg
20201223,长宁,虹桥,满五唯一，2房朝南，高楼层视野宽阔，采光充足交,525万,2室1厅 | 75.52平米 | 南 | 精装 | 中楼层(共25层) | 1991年建 | 塔楼,http://image1.ljcdn.com/110000-inspection/pc1_WiO6U8lhS_1.jpg.296x216.jpg
20201223,长宁,虹桥,近地铁，满五唯一，边套全明，精装修 拎包入住房主自荐,450万,3室1厅 | 66.14平米 | 南 | 简装 | 高楼层(共6层) | 1986年建 | 板楼,http://image1.ljcdn.com/110000-inspection/pc1_A5xjgGfZu_1.jpg.296x216.jpg
20201223,长宁,虹桥,中间楼层近地铁十号线的真没这么便宜的了房主自荐,323万,2室1厅 | 53.65平米 | 南 北 | 简装 | 中楼层(共6层) | 1987年建 | 板楼,http://image1.ljcdn.com/310000-inspection/pc1_VkmcponZF_1.jpg.296x216.jpg
20201223,长宁,虹桥,联建新村一室，一楼带院子，租约稳定,260万,1室0厅 | 35.35平米 | 南 | 毛坯 | 低楼层(共6层) | 1980年建 | 板楼,http://image1.ljcdn.com/110000-inspection/pc1_VNGMX0HE5_1.jpg.296x216.jpg
20201223,长宁,虹桥,售后公房，南北俩房，楼层好，采光好，生活配套齐全！,285万,2室0厅 | 48.62平米 | 南 | 简装 | 中楼层(共6层) | 1990年建 | 板楼,http://image1.ljcdn.com/110000-inspection/pc1_N7HuHbOor_1.jpg.296x216.jpg
20201223,长宁,虹桥,精装中区一房，位置安静，全明户型，业主诚售,335万,1室1厅 | 54.44平米 | 南 | 精装 | 低楼层(共24层) | 1991年建 | 塔楼,http://image1.ljcdn.com/110000-inspection/pc1_wW6SxTHwS_1.jpg.296x216.jpg
20201223,长宁,虹桥,满五年唯一，业主国外置业，诚意出售！,355万,2室1厅 | 53.82平米 | 南 | 精装 | 高楼层(共6层) | 1984年建 | 板楼,http://image1.ljcdn.com/310000-inspection/prod-af7d1112-51d5-424a-99dd-f7b2751ab4a3.jpg.296x216.jpg
20201223,长宁,虹桥,高层无遮挡，视野宽阔，边套全明，采光充足交通便利,437万,2室1厅 | 75.04平米 | 东 | 简装 | 中楼层(共10层) | 1992年建 | 板楼,http://image1.ljcdn.com/110000-inspection/pc1_t6RK4FvVE_1.jpg.296x216.jpg
20201223,长宁,虹桥,售后公房税费少，业主诚意出售，标准一室户,285万,1室1厅 | 44.99平米 | 南 | 简装 | 中楼层(共4层) | 1990年建 | 板楼,http://image1.ljcdn.com/110000-inspection/pc1_AHGNeVXsv_1.jpg.296x216.jpg
20201223,长宁,虹桥,双南两房品质小区 十号线地铁口,365万,2室0厅 | 56.3平米 | 南 | 简装 | 高楼层(共6层) | 1984年建 | 板楼,http://image1.ljcdn.com/110000-inspection/pc1_A3NX8TDHC_1.jpg.296x216.jpg
20201223,长宁,虹桥,满5年唯一，户型好，2房，全明，1996年电梯房,420万,2室1厅 | 69.45平米 | 南 | 简装 | 低楼层(共29层) | 1996年建 | 塔楼,http://image1.ljcdn.com/310000-inspection/pc1_5jer6ncop_1.jpg.296x216.jpg
20201223,长宁,虹桥,虹东小区 1室2厅 南房主自荐,359万,1室2厅 | 54.44平米 | 南 | 精装 | 低楼层(共25层) | 1991年建 | 塔楼,http://image1.ljcdn.com/110000-inspection/pc1_CSbzKbz9p_1.jpg.296x216.jpg
20201223,长宁,虹桥,地铁口，带露台的复式，业主诚意出售，看房子随时,600万,2室2厅 | 61.3平米 | 东南 | 精装 | 高楼层(共6层) | 1997年建 | 板楼,http://image1.ljcdn.com/110000-inspection/pc1_M2FbkZuox_1.jpg.296x216.jpg
20201223,长宁,虹桥,近10号线水城站+一梯两户+精装修+中间楼层,395万,2室1厅 | 59.85平米 | 南 | 精装 | 低楼层(共6层) | 1986年建 | 板楼,http://image1.ljcdn.com/110000-inspection/pc1_44wZPEnwr_1.jpg.296x216.jpg
20201223,长宁,虹桥,虹日小区，全明户型，双南双天井,458万,2室1厅 | 62.06平米 | 南 | 精装 | 低楼层(共6层) | 1998年建 | 板楼,http://image1.ljcdn.com/110000-inspection/pc1_ChOkgxYfo_1.jpg.296x216.jpg
20201223,长宁,虹桥,南北通户型带天井，天井封起来做房间，多一个卫生间！,315万,2室1厅 | 49.9平米 | 南 | 精装 | 低楼层(共6层) | 1987年建 | 板楼,http://image1.ljcdn.com/110000-inspection/pc1_EY63e21Ny_1.jpg.296x216.jpg
20201223,长宁,虹桥,精装+双南两房+税少+视野棒，放眼望去全是树房主自荐,580万,2室2厅 | 68.89平米 | 南 | 精装 | 高楼层(共6层) | 1993年建 | 板楼,http://image1.ljcdn.com/110000-inspection/pc1_nJe8BCh67_1.jpg.296x216.jpg
20201223,长宁,虹桥,景苑小区 两房一厅 配套齐全 交通便利 视野开阔房主自荐,405万,2室1厅 | 61.71平米 | 南 | 简装 | 高楼层(共6层) | 1985年建 | 板楼,http://image1.ljcdn.com/110000-inspection/pc1_lQpbozuUm_1.jpg.296x216.jpg
20201223,长宁,虹桥,中间楼层+品质绿化小区+房东诚意置换+近地铁,270万,1室1厅 | 40.18平米 | 南 | 精装 | 中楼层(共6层) | 1988年建 | 板楼,http://image1.ljcdn.com/110000-inspection/pc1_6105X58NX_1.jpg.296x216.jpg
20201223,长宁,虹桥,近水城路，两房朝南，中间楼层好房子。,360万,2室1厅 | 55.51平米 | 南 | 简装 | 中楼层(共6层) | 1987年建 | 板楼,http://image1.ljcdn.com/110000-inspection/pc1_YlkMnEHPW_1.jpg.296x216.jpg
20201223,长宁,虹桥,板式户型 一梯两户 满五唯一 带产权车位 房龄新,1518万,3室2厅 | 149.33平米 | 南 | 精装 | 中楼层(共8层) | 2007年建 | 板楼,http://image1.ljcdn.com/110000-inspection/pc1_3XmBmZD9y_1.jpg.296x216.jpg
20201223,长宁,虹桥,内环边上，满二唯一，低总价，交通便利，看房方便。,175万,1室1厅 | 28平米 | 南 | 毛坯 | 低楼层(共6层) | 1979年建 | 板楼,http://image1.ljcdn.com/310000-inspection/pc1_h1BRf1jC6_1.jpg.296x216.jpg
20201223,长宁,虹桥,大平层单价5.5万，全明户型，配套齐全、地铁便利,1350万,4室2厅 | 242.5平米 | 南 | 简装 | 29层 | 1999年建 | 板楼,http://image1.ljcdn.com/110000-inspection/pc1_mHhv9fBzd_1.jpg.296x216.jpg
20201223,长宁,虹桥,装修好，可拎包住，户型方正，采光好,330万,1室1厅 | 41.62平米 | 南 | 精装 | 高楼层(共5层) | 1975年建 | 板楼,http://image1.ljcdn.com/110000-inspection/pc1_BnmqCdZJi_1.jpg.296x216.jpg
20201223,长宁,虹桥,这个价位买这个地段地铁口全明户型的两房，选择不多了,310万,2室1厅 | 52.12平米 | 南 | 简装 | 高楼层(共6层) | 1987年建 | 板楼,http://image1.ljcdn.com/110000-inspection/pc1_jQ4qZIPOI_1.jpg.296x216.jpg
20201223,长宁,虹桥,园林小区 位置安静 配套成熟方便新上,1480万,3室2厅 | 168.65平米 | 南 | 简装 | 中楼层(共20层) | 2001年建 | 板楼,http://image1.ljcdn.com/110000-inspection/pc1_8LPLZBNM7_1.jpg.296x216.jpg
20201223,长宁,虹桥,近地铁全明户型格局绿化程度较高。,330万,1室1厅 | 44.89平米 | 南 | 简装 | 中楼层(共6层) | 1985年建 | 板楼,http://image1.ljcdn.com/110000-inspection/pc1_0uzYTwIag_1.jpg.296x216.jpg
20201223,长宁,虹桥,售后公房，满五唯一，中间楼层，文明小区，环境优美,358万,2室2厅 | 51.69平米 | 南 | 简装 | 中楼层(共6层) | 1992年建 | 板楼,http://image1.ljcdn.com/110000-inspection/pc1_yE9bNIqXQ_1.jpg.296x216.jpg
20201223,长宁,虹桥,满五唯一 罕有三房 精品小区 闹中取静 近十号线地铁,535万,3室2厅 | 74.73平米 | 南 | 简装 | 低楼层(共6层) | 1984年建 | 板楼,http://image1.ljcdn.com/110000-inspection/pc1_J4oNJiHQt_1.jpg.296x216.jpg
20201223,长宁,虹桥,内环边上小三房，地铁方便，采光充足，健身楼层,390万,3室1厅 | 61.33平米 | 南 | 精装 | 高楼层(共6层) | 1978年建 | 板楼,http://image1.ljcdn.com/110000-inspection/pc1_FRgOtjGUS_1.jpg.296x216.jpg
20201223,长宁,虹桥,水城路地铁站，中间楼层，商圈配套齐全，清爽装修,215万,1室1厅 | 29.8平米 | 南 北 | 简装 | 中楼层(共6层) | 1987年建 | 板楼,http://image1.ljcdn.com/110000-inspection/pc1_yTZNvWV5t_1.jpg.296x216.jpg
20201223,长宁,虹桥,背靠虹桥迎宾馆！品质小区！视野佳采光久，还满五唯一,295万,1室1厅 | 44.89平米 | 南 | 精装 | 高楼层(共6层) | 1985年建 | 板楼,http://image1.ljcdn.com/110000-inspection/pc1_6svyEJ0lN_1.jpg.296x216.jpg
20201223,长宁,虹桥,虹储小区 1室1厅 南,260万,1室1厅 | 39.3平米 | 南 | 简装 | 高楼层(共6层) | 1987年建 | 板楼,http://image1.ljcdn.com/110000-inspection/pc1_yvDB5mD4M_1.jpg.296x216.jpg
20201223,长宁,虹桥,内环内普通住宅，满五唯一，总价成本低的两房房主自荐,260万,2室0厅 | 41.42平米 | 南 | 简装 | 高楼层(共6层) | 1984年建 | 板楼,http://image1.ljcdn.com/310000-inspection/prod-456cfee7-464f-4493-b6ee-ee0b2474af89.jpg.296x216.jpg
20201223,长宁,虹桥,售后公房  满五年唯一诚意出售，产权清晰小区环境好房主自荐,286万,2室1厅 | 53.95平米 | 南 | 毛坯 | 高楼层(共6层) | 1990年建 | 板楼,http://image1.ljcdn.com/110000-inspection/pc1_cauZzft3F_1.jpg.296x216.jpg
20201223,长宁,虹桥,满五唯一+近地铁口+精装修+总价低房主自荐,252万,1室1厅 | 38.6平米 | 南 | 精装 | 高楼层(共6层) | 1986年建 | 板楼,http://image1.ljcdn.com/110000-inspection/pc1_CeqyHlh7L_1.jpg.296x216.jpg
20201223,长宁,虹桥,中间楼层，精装拎包入住，10号线宋园路地铁，文明小区,375万,2室1厅 | 53.34平米 | 南 | 精装 | 中楼层(共6层) | 1986年建 | 板楼,http://image1.ljcdn.com/110000-inspection/pc1_d1jImGGbd_1.jpg.296x216.jpg
20201223,长宁,虹桥,天悦小区 1室1厅 南,312万,1室1厅 | 36.42平米 | 南 | 简装 | 高楼层(共6层) | 1978年建 | 板楼,http://image1.ljcdn.com/110000-inspection/pc1_FgwMj0V0Z_1.jpg.296x216.jpg
20201223,长宁,虹桥,满五唯一，出门地铁10号线，非顶楼，阳光充足,265万,1室1厅 | 39.3平米 | 南 | 简装 | 高楼层(共6层) | 1986年建 | 板楼,http://image1.ljcdn.com/110000-inspection/pc1_7tB8oWWI4_1.jpg.296x216.jpg
20201223,长宁,虹桥,总价较低，带阳台，装修好可拎包入住,240万,1室1厅 | 35.73平米 | 南 | 简装 | 中楼层(共4层) | 1993年建 | 板楼,http://image1.ljcdn.com/110000-inspection/pc1_QyWP0LhCK_1.jpg.296x216.jpg
20201223,长宁,虹桥,房龄较新1994，文明社区，一梯两户，中低楼层,315万,2室1厅 | 50.2平米 | 南 | 精装 | 中楼层(共5层) | 1994年建 | 板楼,http://image1.ljcdn.com/110000-inspection/pc1_e8nqpbJqp_1.jpg.296x216.jpg
20201223,长宁,虹桥,95年房龄，出门就是公园，业主诚意出售！,388万,2室1厅 | 72.75平米 | 东 | 精装 | 中楼层(共6层) | 1997年建 | 板楼,http://image1.ljcdn.com/310000-inspection/pc1_fWHzBTY2h_1.jpg.296x216.jpg
20201223,长宁,虹桥,中间楼层，没有增值税附加税，出门就是公园，近地铁站,223万,1室0厅 | 32.68平米 | 南 | 简装 | 中楼层(共4层) | 1997年建 | 板楼,http://image1.ljcdn.com/110000-inspection/pc1_uNbJTLoUV_1.jpg.296x216.jpg
20201223,长宁,虹桥,小区中间位置，闹中取静，停车位充足，出行方便。房主自荐,318万,2室1厅 | 52.05平米 | 南 | 简装 | 高楼层(共6层) | 1990年建 | 板楼,http://image1.ljcdn.com/310000-inspection/prod-1c142177-8dd8-48a7-83fc-87fa24a554ef.jpg.296x216.jpg
20201223,长宁,虹桥,内环内 满五唯一  一梯3户 采光好 后面是东华房主自荐,425万,3室0厅 | 68.3平米 | 南 | 精装 | 高楼层(共6层) | 1984年建 | 板楼,http://image1.ljcdn.com/310000-inspection/3741e304-2b58-418a-b446-6163e7cc9da7_1000.jpg.296x216.jpg
20201223,长宁,虹桥,一梯一户，近地铁，小区绿化好，房东诚意出售,1180万,4室2厅 | 169.54平米 | 南 | 精装 | 低楼层(共3层) | 1995年建 | 板楼,http://image1.ljcdn.com/310000-inspection/prod-2409c9df-e50b-4d87-bd4d-d45672438c21.jpg.296x216.jpg
20201223,长宁,虹桥,公园旁，总价低，出行方便，配套完善,202万,1室1厅 | 32.5平米 | 南 | 简装 | 高楼层(共6层) | 1984年建 | 板楼,http://image1.ljcdn.com/310000-inspection/pc1_owKEShMCA_1.jpg.296x216.jpg
20201223,长宁,虹桥,伊犁小区 1室0厅 北,208万,1室0厅 | 34.13平米 | 北 | 精装 | 中楼层(共5层) | 1997年建 | 板楼,http://image1.ljcdn.com/110000-inspection/pc1_O1P4Vl5qo_1.jpg.296x216.jpg
20201223,长宁,虹桥,地铁口，公园边，新出1997年，一房。看公园景观,201万,1室0厅 | 33.02平米 | 西南 | 简装 | 中楼层(共6层) | 1997年建 | 板楼,http://image1.ljcdn.com/110000-inspection/pc1_WtHfkQDkr_1.jpg.296x216.jpg
20201223,长宁,虹桥,小户型，97年的房子，总价低，成熟小区,218万,1室0厅 | 34.06平米 | 东 | 简装 | 低楼层(共6层) | 1997年建 | 板楼,http://image1.ljcdn.com/110000-inspection/pc1_4KNBtXI3H_1.jpg.296x216.jpg
20201223,长宁,虹桥,到价签字！同户型可看，先定房，后看原房，采光无遮挡,1100万,2室2厅 | 138.11平米 | 东南 | 简装 | 低楼层(共24层) | 2001年建 | 板楼,http://image1.ljcdn.com/310000-inspection/prod-0281ffff-af93-4d3b-b31a-3cb62ce23def.jpg.296x216.jpg
20201223,长宁,虹桥,两房一厅 双南户型+独有小区景观位置+近地铁10号线,296万,2室1厅 | 48.48平米 | 南 | 简装 | 高楼层(共6层) | 1987年建 | 板楼,http://image1.ljcdn.com/310000-inspection/pc1_ybhsrEzAG_1.jpg.296x216.jpg
20201223,长宁,虹桥,紫虹大厦，单价低大平层，配套齐全、交通便利房主自荐,858万,3室2厅 | 136.56平米 | 南 | 简装 | 29层 | 1999年建 | 板楼,http://image1.ljcdn.com/310000-inspection/prod-3b5ab0ed-4e9a-4641-bb64-38fd71d66ba5.jpg.296x216.jpg
20201223,长宁,虹桥,近地铁十号线+不靠马路+边套有窗+满五唯一+拎包入住房主自荐,320万,2室1厅 | 53.54平米 | 南 北 | 精装 | 高楼层(共6层) | 1987年建 | 板楼,http://image1.ljcdn.com/310000-inspection/prod-25f30441-76e2-4ecb-a58f-04c677c25b5c.jpg.296x216.jpg
20201223,长宁,虹桥,2/3/4/10号线 配套成熟 近公园 生活方便房主自荐,260万,1室1厅 | 34.2平米 | 南 | 精装 | 低楼层(共6层) | 1981年建 | 板楼,http://image1.ljcdn.com/110000-inspection/pc1_BOeznGBHj_1.jpg.296x216.jpg
20201223,长宁,虹桥,高区视野开阔，采光充足，近地铁优质两房,490万,2室1厅 | 71.03平米 | 南 东 | 简装 | 高楼层(共24层) | 1991年建 | 塔楼,http://image1.ljcdn.com/110000-inspection/pc1_pRwigF8pl_1.jpg.296x216.jpg
20201223,长宁,虹桥,不靠马路位置安静 三面采光装修好,1280万,3室2厅 | 154.45平米 | 南 北 | 精装 | 低楼层(共24层) | 2001年建 | 板楼,http://image1.ljcdn.com/110000-inspection/pc1_UuGL5q7Bj_1.jpg.296x216.jpg
20201223,长宁,虹桥,虹东小区 1室0厅 南,340万,1室0厅 | 54.44平米 | 南 | 精装 | 高楼层(共25层) | 1991年建 | 塔楼,http://image1.ljcdn.com/310000-inspection/pc1_nLELXvPO8_1.jpg.296x216.jpg
20201223,长宁,虹桥,虹日小区 2室1厅 南 北新上,350万,2室1厅 | 49.16平米 | 南 北 | 精装 | 低楼层(共6层) | 1987年建 | 板楼,http://image1.ljcdn.com/110000-inspection/pc1_QCFAC15ta_1.jpg.296x216.jpg
20201223,长宁,虹桥,此房房型正气！双南户型  楼层可以  楼栋位置棒！,505万,2室1厅 | 69.85平米 | 南 | 精装 | 高楼层(共6层) | 1993年建 | 板楼,http://image1.ljcdn.com/shfdfs-image/20161117/d1ea05ae-7d82-42d7-9e42-f81887414170.jpg.296x216.jpg
20201223,长宁,虹桥,1997年小区+近地铁+靠公园,530万,1室2厅 | 83.38平米 | 东 | 简装 | 中楼层(共6层) | 1997年建 | 板楼,http://image1.ljcdn.com/310000-inspection/93d36480-998b-4c4e-acbe-83fad522ce3c.jpg.296x216.jpg
20201223,长宁,虹桥,南北通四房，中间楼层，采光好，精装修房主自荐,955万,4室2厅 | 168.31平米 | 南 | 精装 | 中楼层(共19层) | 1995年建 | 板楼,
20201223,长宁,虹桥,皇家花园 3室2厅 南新上,1350万,3室2厅 | 132.48平米 | 南 | 精装 | 低楼层(共36层) | 2007年建 | 板楼,
20201223,长宁,虹桥,中间楼层+近水城路地铁站+精装修+不靠马路,333万,2室1厅 | 52平米 | 南 | 简装 | 低楼层(共6层) | 1987年建 | 板楼,http://image1.ljcdn.com/x-se/hdic-frame/7f8d7b15-544f-4d82-a9f7-4fc9cb58f9d9.png.296x216.jpg
20201223,长宁,虹桥,总价低，精装修，好出租，地理位置优越，配套成熟,499万,2室0厅 | 119.24平米 | 南 | 简装 | 高楼层(共29层) | 1994年建 | 塔楼,http://image1.ljcdn.com/x-se/hdic-frame/prod-3499a546-4c51-4c1f-b1f2-11935d52b07e.png.296x216.jpg
20201223,长宁,虹桥,安顺路365号 2室1厅 南,385万,2室1厅 | 55.2平米 | 南 | 精装 | 中楼层(共7层) | 1993年建 | 板楼,http://image1.ljcdn.com/x-se/hdic-frame/21ed9b95-0233-4c02-8554-c36b85f0968d.png.296x216.jpg
20201223,长宁,虹桥,虹桥小区 1室1厅 南,295万,1室1厅 | 41.38平米 | 南 | 简装 | 中楼层(共5层) | 1983年建 | 板楼,
20201223,长宁,虹桥,采光好，事业佳，满五唯一，交通便利，诚意出售！,998万,2室2厅 | 116.52平米 | 南 | 精装 | 高楼层(共24层) | 2005年建 | 板楼,http://image1.ljcdn.com/x-se/hdic-frame/fd541475-cd63-4466-ae34-8d2774d2d3d9.png.296x216.jpg
20201223,长宁,虹桥,虹储小区 2室1厅 南,370万,2室1厅 | 53.34平米 | 南 | 精装 | 高楼层(共6层) | 1989年建 | 板楼,http://image1.ljcdn.com/x-se/hdic-frame/8beaf957-7287-4c6e-9f8e-360462e57ef4.png.296x216.jpg
20201223,长宁,虹桥,两房朝南、精装修、配套齐全、采光充足,310万,2室0厅 | 44.64平米 | 南 | 其他 | 中楼层(共6层) | 1979年建 | 板楼,http://image1.ljcdn.com/110000-inspection/c4a40620-ca50-4cce-ac51-50573f59b1db.jpeg.296x216.jpg
20201223,长宁,虹桥,没照片但是精装修，中间楼层近地铁真没这样的单价了,315万,2室1厅 | 53.56平米 | 东南 | 精装 | 中楼层(共6层) | 1987年建 | 板楼,
20201223,长宁,虹桥,伊犁路地铁站公园盘，双南中间楼层两室，诚意出售,388万,2室0厅 | 56.4平米 | 南 | 简装 | 中楼层(共5层) | 1978年建 | 板楼,
20201223,长宁,虹桥,虹纺小区 2室1厅 南,335万,2室1厅 | 46.42平米 | 南 | 精装 | 低楼层(共6层) | 1987年建 | 板楼,
20201223,长宁,虹桥,一楼带地下室带院子，房型正气，近地铁，房东诚意出售房主自荐,1350万,4室3厅 | 218平米 | 南 | 简装 | 低楼层(共24层) | 2005年建 | 板楼,http://image1.ljcdn.com/110000-inspection/pc1_acVjJlzwl_1.jpg.296x216.jpg
20201223,长宁,虹桥,两房朝南，近地铁，一梯两户，满五唯一新上,688万,3室2厅 | 88.2平米 | 南 | 其他 | 中楼层(共6层) | 1993年建 | 板楼,http://image1.ljcdn.com/110000-inspection/pc1_riJYM05Vp_1.jpg.296x216.jpg
20201223,长宁,虹桥,此房满五唯一，中间楼层，采光充足，通风好，交通便利,229万,1室1厅 | 36.14平米 | 南 | 毛坯 | 中楼层(共6层) | 1990年建 | 板楼,http://image1.ljcdn.com/110000-inspection/pc1_aLZB1pmCQ_1.jpg.296x216.jpg
20201223,长宁,虹桥,刚需好房，配套设施好，交通便利，可拎包入户,350万,1室1厅 | 52.76平米 | 南 | 精装 | 低楼层(共29层) | 1996年建 | 塔楼,http://image1.ljcdn.com/310000-inspection/pc1_aQ8ViHiDn_1.jpg.296x216.jpg
20201223,长宁,虹桥,虹桥小区 1室0厅 南,220万,1室0厅 | 31.22平米 | 南 | 精装 | 高楼层(共6层) | 1986年建 | 板楼,http://image1.ljcdn.com/310000-inspection/prod-03149ec0-9723-4d9d-b150-1f4c91a56a44.jpg.296x216.jpg
20201223,长宁,虹桥,安顺路285号 1室0厅 南,235万,1室0厅 | 34.35平米 | 南 | 精装 | 高楼层(共6层) | 1982年建 | 板楼,http://image1.ljcdn.com/110000-inspection/pc1_vjd8BxQpf_1.jpg.296x216.jpg
20201223,长宁,虹桥,售后公房，精装高区一房，位置安静，全明,365万,1室1厅 | 54.44平米 | 南 | 简装 | 中楼层(共25层) | 1991年建 | 塔楼,http://image1.ljcdn.com/110000-inspection/pc1_jkMAUd7W7_1.jpg.296x216.jpg
20201223,长宁,虹桥,虹日小区 2室0厅 南新上,425万,2室0厅 | 58.01平米 | 南 | 精装 | 低楼层(共6层) | 1987年建 | 板楼,http://image1.ljcdn.com/110000-inspection/pc1_GPvUtkB3t_1.jpg.296x216.jpg
20201223,长宁,虹桥,虹旭二小区 2室0厅 南,330万,2室0厅 | 50.2平米 | 南 | 其他 | 中楼层(共5层) | 1994年建 | 板楼,
20201223,长宁,虹桥,高区景观房，精心设计装修，全屋地暖，空调，诚意出售,1520万,4室2厅 | 242.58平米 | 南 | 精装 | 29层 | 1999年建 | 板楼,http://image1.ljcdn.com/x-se/hdic-frame/e9fe8f14-789d-412d-8bd3-9a0663e98dd6.png.296x216.jpg
20201223,长宁,虹桥,虹纺小区 1室0厅 南,221万,1室0厅 | 29.76平米 | 南 | 简装 | 中楼层(共6层) | 1987年建 | 板楼,
20201223,长宁,虹桥,紫虹大厦大平层，满五唯一，外销房，大平层全明户型,1330万,4室2厅 | 242.58平米 | 南 东 | 简装 | 29层 | 1999年建 | 板楼,http://image1.ljcdn.com/x-se/hdic-frame/e9fe8f14-789d-412d-8bd3-9a0663e98dd6.png.296x216.jpg
20201223,长宁,虹桥,精装两房带天井，带租约出售，地铁口的房子,330万,2室1厅 | 48.24平米 | 南 | 精装 | 低楼层(共6层) | 1981年建 | 板楼,http://image1.ljcdn.com/x-se/hdic-frame/e3a95112-0ca1-4a15-bf6e-6065c9ca7ab2.png.296x216.jpg
