20201223,嘉定,嘉定新城,只在链家出售 南北通透 房型正气 诚意出售 不跳价必看好房,425万,2室2厅 | 98.09平米 | 南 北 | 简装 | 低楼层(共37层) | 2015年建 | 板塔结合,http://image1.ljcdn.com/110000-inspection/pc1_yFKRfk8Cq_1.jpg.296x216.jpg
20201223,嘉定,嘉定新城,满五唯一，龙湖联排别墅，带双车位，前有花园后有凉亭必看好房,1668万,4室2厅 | 339.49平米 | 南 北 | 精装 | 3层 | 2010年建 | 板楼 | 联排别墅,http://image1.ljcdn.com/110000-inspection/pc1_4RChrjnA4_1.jpg.296x216.jpg
20201223,嘉定,嘉定新城,新城远香湖商务区，双南两房，中间楼层，配套齐全！必看好房,360万,2室2厅 | 88.31平米 | 南 | 精装 | 低楼层(共29层) | 2013年建 | 板楼,http://image1.ljcdn.com/110000-inspection/pc1_31PAlpgEJ_1.jpg.296x216.jpg
20201223,嘉定,嘉定新城,满五唯一，大平层，正气格局好，荷花景观房。必看好房,597万,4室2厅 | 201.46平米 | 南 | 毛坯 | 中楼层(共12层) | 2011年建 | 板楼,http://image1.ljcdn.com/110000-inspection/pc1_eNI0U7f38_1.jpg.296x216.jpg
20201223,嘉定,嘉定新城,满五唯一  带车位   精装自住  保养好必看好房,475万,3室2厅 | 93.61平米 | 南 | 精装 | 中楼层(共7层) | 2013年建 | 板楼,http://image1.ljcdn.com/110000-inspection/pc1_jMBLopIC9_1.jpg.296x216.jpg
20201223,嘉定,嘉定新城,满五唯一  新上房源 诚心置换 带车位必看好房,312万,2室2厅 | 69.76平米 | 南 | 精装 | 26层 | 2012年建 | 板楼,http://image1.ljcdn.com/110000-inspection/pc1_vBpXAhnRV_1.jpg.296x216.jpg
20201223,嘉定,嘉定新城,婚房装修+带车位+全明户型+高楼层+低总价必看好房,365万,2室2厅 | 90.77平米 | 南 | 精装 | 高楼层(共32层) | 2014年建 | 板楼,http://image1.ljcdn.com/110000-inspection/pc1_s3zcOZvLN_1.jpg.296x216.jpg
20201223,嘉定,嘉定新城,万达广场 中间楼层全南两房 户型方正地铁口必看好房,420万,2室2厅 | 92.15平米 | 南 | 精装 | 中楼层(共37层) | 2015年建 | 板塔结合,http://image1.ljcdn.com/110000-inspection/pc1_2PReD8Czy_1.jpg.296x216.jpg
20201223,嘉定,嘉定新城,全新精装复式两房，从未入住，新城地铁口，低总价好房必看好房,289万,2室1厅 | 77.07平米 | 南 | 精装 | 高楼层(共31层) | 2013年建 | 塔楼,http://image1.ljcdn.com/110000-inspection/pc1_zBi4iV3T2_1.jpg.296x216.jpg
20201223,嘉定,嘉定新城,南北通好房，初次动迁 户口未用 ，有钥匙看房方便必看好房,320万,2室2厅 | 93.75平米 | 南 北 | 简装 | 高楼层(共18层) | 2010年建 | 板楼,http://image1.ljcdn.com/110000-inspection/pc1_rXBVHrYwH_1.jpg.296x216.jpg
20201223,嘉定,嘉定新城,包括地下产权车位 得房率86% 前面树已砍 前排多层无挡必看好房,357万,2室2厅 | 88.47平米 | 南 北 | 精装 | 低楼层(共14层) | 2012年建 | 板楼,http://image1.ljcdn.com/110000-inspection/pc1_mO8MbQTnh_1.jpg.296x216.jpg
20201223,嘉定,嘉定新城,精装修两房，次新房，税费少，看房方便必看好房,305万,2室2厅 | 78.88平米 | 南 | 简装 | 中楼层(共20层)  | 板楼,http://image1.ljcdn.com/110000-inspection/pc1_l5lq3upcZ_1.jpg.296x216.jpg
20201223,嘉定,嘉定新城,户型方正，满二税少 近嘉定新城地铁站，万达边必看好房,280万,1室2厅 | 57平米 | 南 | 精装 | 低楼层(共18层) | 2013年建 | 板楼,http://image1.ljcdn.com/110000-inspection/pc1_2bU61uxwU_1.jpg.296x216.jpg
20201223,嘉定,嘉定新城,宽敞明亮，有给的面积，近大融城商圈，品质小区必看好房,535万,4室2厅 | 115.58平米 | 南 北 | 简装 | 26层 | 2012年建 | 板楼,http://image1.ljcdn.com/110000-inspection/pc1_0RHrh4HUZ_1.jpg.296x216.jpg
20201223,嘉定,嘉定新城,保利天鹅语标准方正两房户型 空调精致装修 保养完好必看好房,300万,2室1厅 | 90.45平米 | 南 | 精装 | 低楼层(共32层) | 2014年建 | 板楼,http://image1.ljcdn.com/110000-inspection/pc1_M3sq08VVM_1.jpg.296x216.jpg
20201223,嘉定,嘉定新城,带产权车位 高层精装拎包入住 诚心卖房必看好房,330万,2室2厅 | 78.87平米 | 南 | 精装 | 高楼层(共11层) | 2011年建 | 板楼,http://image1.ljcdn.com/110000-inspection/pc1_qWmMP764O_1.jpg.296x216.jpg
20201223,嘉定,嘉定新城,南北通透大三房，中高楼层，高品质小区，近地铁带装修必看好房,650万,3室2厅 | 134.62平米 | 南 北 | 精装 | 中楼层(共18层) | 2013年建 | 板楼,http://image1.ljcdn.com/110000-inspection/pc1_2ioDCxNWa_1.jpg.296x216.jpg
20201223,嘉定,嘉定新城,人才引进房 南北通户型 洋房社区 不靠高速近公园必看好房,380万,2室2厅 | 90.39平米 | 南 北 | 精装 | 低楼层(共18层) | 2010年建 | 板楼,http://image1.ljcdn.com/110000-inspection/pc1_LWgRkdQC3_1.jpg.296x216.jpg
20201223,嘉定,嘉定新城,满二，精装，带车位，空调带地暖外加新风系统必看好房,373万,2室2厅 | 88.01平米 | 南 | 精装 | 29层  | 板楼,http://image1.ljcdn.com/110000-inspection/pc1_mgf9ob5ms_1.jpg.296x216.jpg
20201223,嘉定,嘉定新城,南北通透，近地铁近万达，紧挨湿地公园，精装拎包入住必看好房,440万,2室2厅 | 98.08平米 | 南 北 | 精装 | 低楼层(共37层) | 2014年建 | 板塔结合,http://image1.ljcdn.com/110000-inspection/pc1_ShSZm6Ivi_1.jpg.296x216.jpg
20201223,嘉定,嘉定新城,近地铁，次新房， 精装带地暖，环境优美，配套完善必看好房,398万,2室2厅 | 87.89平米 | 南 北 | 精装 | 低楼层(共17层) | 2017年建 | 板楼,http://image1.ljcdn.com/110000-inspection/pc1_4Ubl638y6_1.jpg.296x216.jpg
20201223,嘉定,嘉定新城,南北通透两房 满五唯一无个税  人车分流 高品质小区必看好房,420万,2室2厅 | 92.49平米 | 南 北 | 精装 | 27层 | 2012年建 | 板楼,http://image1.ljcdn.com/110000-inspection/pc1_A2HLShblE_1.jpg.296x216.jpg
20201223,嘉定,嘉定新城,开发商装修，采光好楼层好。保养好，拎包入住。户型正必看好房,420万,3室2厅 | 89.95平米 | 南 北 | 精装 | 高楼层(共18层)  | 板楼,http://image1.ljcdn.com/110000-inspection/pc1_qA9pFyt0U_1.jpg.296x216.jpg
20201223,嘉定,嘉定新城,嘉宝品质小区，满五唯一，楼层好，采光充足，随时可看必看好房,300万,1室2厅 | 69.91平米 | 南 | 精装 | 26层 | 2012年建 | 板楼,http://image1.ljcdn.com/110000-inspection/pc1_qqkaRL4D3_1.jpg.296x216.jpg
20201223,嘉定,嘉定新城,花园里次新房双南户型中间楼层视野开阔必看好房,355万,2室2厅 | 85.31平米 | 南 | 简装 | 中楼层(共28层) | 2016年建 | 板楼,http://image1.ljcdn.com/110000-inspection/pc1_xjgw7aBKq_1.jpg.296x216.jpg
20201223,嘉定,嘉定新城,一手买进从未住过人，保利家园高层南北通两房诚售必看好房,315万,2室2厅 | 83.78平米 | 南 北 | 毛坯 | 中楼层(共26层) | 2009年建 | 板楼,http://image1.ljcdn.com/110000-inspection/pc1_3b7kAzu3r_1.jpg.296x216.jpg
20201223,嘉定,嘉定新城,近地铁 次新房 精装带地暖 采光好必看好房,500万,3室2厅 | 118平米 | 南 | 精装 | 低楼层(共23层)  | 板楼,http://image1.ljcdn.com/110000-inspection/pc1_RbGUv67RV_1.jpg.296x216.jpg
20201223,嘉定,嘉定新城,11号线地铁口三房，南北通，近万达，瑞金，格局正气必看好房,435万,3室2厅 | 89.11平米 | 南 北 东 | 毛坯 | 低楼层(共14层) | 2013年建 | 板楼,http://image1.ljcdn.com/110000-inspection/pc1_zM2h3xhor_1.jpg.296x216.jpg
20201223,嘉定,嘉定新城,地铁口 精装2房 诚意出售 装修较好必看好房,325万,2室2厅 | 74.94平米 | 南 | 精装 | 中楼层(共18层) | 2013年建 | 板楼,http://image1.ljcdn.com/110000-inspection/pc1_87F8FKRBi_1.jpg.296x216.jpg
20201223,嘉定,嘉定新城,次新房，精装修，看房方便，拎包入住，业主诚心出售必看好房,405万,3室2厅 | 90.01平米 | 南 | 精装 | 高楼层(共18层) | 2015年建 | 板楼,http://image1.ljcdn.com/110000-inspection/pc1_4ZzIQUnrB_1.jpg.296x216.jpg
20201223,嘉定,嘉定新城,房本满两年，次新小区人车分流，产权车位，精装保养好必看好房,316万,2室2厅 | 80.72平米 | 南 北 | 精装 | 低楼层(共27层) | 2015年建 | 板楼,http://image1.ljcdn.com/110000-inspection/pc1_UDWCK2bez_1.jpg.296x216.jpg
20201223,嘉定,嘉定新城,保利精装修两房 采光好 保养好 拎包入住必看好房,305万,2室2厅 | 83平米 | 南 北 | 精装 | 低楼层(共24层) | 2009年建 | 板楼,http://image1.ljcdn.com/110000-inspection/pc1_d85M71qnX_1.jpg.296x216.jpg
20201223,嘉定,嘉定新城,品质小区，11号线地铁口次新房，采光视野好，包含车位新上,355万,2室2厅 | 80.21平米 | 南 | 精装 | 低楼层(共18层) | 2017年建 | 板楼,http://image1.ljcdn.com/110000-inspection/pc1_X04dqyigt_1.jpg.296x216.jpg
20201223,嘉定,嘉定新城,骏丰玲珑坊户型方正两房业主诚意出售新上,370万,2室2厅 | 83.05平米 | 南 北 东 | 毛坯 | 低楼层(共26层)  | 塔楼,http://image1.ljcdn.com/110000-inspection/pc1_FAEunVWda_1.jpg.296x216.jpg
20201223,嘉定,嘉定新城,地上4/2/2，地下2/2/1下沉式花园80平，满五唯一带车位房主自荐,850万,4室2厅 | 248.87平米 | 南 | 精装 | 低楼层(共12层) | 2012年建 | 板楼,http://image1.ljcdn.com/110000-inspection/pc1_q7yaXIbZ2_1.jpg.296x216.jpg
20201223,嘉定,嘉定新城,嘉宝洋房 有地下室 精装修 大三房 看房约,800万,3室2厅 | 171.41平米 | 南 | 精装 | 中楼层(共5层) | 2010年建 | 板楼,http://image1.ljcdn.com/110000-inspection/pc1_Z5wyW6TUl_1.jpg.296x216.jpg
20201223,嘉定,嘉定新城,满五唯一，婚房装修，楼层适中，总价低，业主诚意,315万,3室2厅 | 110.6平米 | 南 北 | 精装 | 中楼层(共6层) | 1997年建 | 板楼,http://image1.ljcdn.com/110000-inspection/pc1_x3HAt6GF7.jpg.296x216.jpg
20201223,嘉定,嘉定新城,近地铁、万达广场、瑞金医院、湿地公园新上,420万,2室2厅 | 90.53平米 | 南 北 | 简装 | 高楼层(共36层) | 2011年建 | 板塔结合,http://image1.ljcdn.com/110000-inspection/pc1_DX2R3vMHn_1.jpg.296x216.jpg
20201223,嘉定,嘉定新城,满五唯一+精装修+视野好+采光好+安静新上,372万,2室2厅 | 82.66平米 | 南 | 精装 | 高楼层(共18层) | 2011年建 | 板楼,http://image1.ljcdn.com/110000-inspection/pc1_oo2E5w4KT_1.jpg.296x216.jpg
20201223,嘉定,嘉定新城,满五唯一，精装修，自带一个露台，视野广房主自荐,780万,4室2厅 | 178.96平米 | 南 北 | 精装 | 低楼层(共23层) | 2012年建 | 板楼,http://image1.ljcdn.com/110000-inspection/pc1_EjDPBTGF2_1.jpg.296x216.jpg
20201223,嘉定,嘉定新城,南正对荷花池 晚上开窗听不到高速声音 空置有钥匙房主自荐,498万,4室2厅 | 160.69平米 | 南 北 | 精装 | 低楼层(共12层) | 2011年建 | 板楼,http://image1.ljcdn.com/110000-inspection/pc1_TVRsAEQbG_1.jpg.296x216.jpg
20201223,嘉定,嘉定新城,单价4万，买嘉定新城大三室，只有这套，近期必卖房主自荐,470万,3室2厅 | 115平米 | 南 北 | 简装 | 低楼层(共20层)  | 板楼,http://image1.ljcdn.com/110000-inspection/pc1_5sHlOkTTy_1.jpg.296x216.jpg
20201223,嘉定,嘉定新城,嘉宝别墅  毛坯房小区中间位置 安静  有地下室房主自荐,1250万,5室2厅 | 209.5平米 | 南 | 毛坯 | 1层 | 2010年建 | 板楼 | 联排别墅,http://image1.ljcdn.com/110000-inspection/pc1_DfJQDmZe8_1.jpg.296x216.jpg
20201223,嘉定,嘉定新城,环境优美，，跃层式住宅，现代风格，繁华地段,1000万,3室2厅 | 242平米 | 南 北 | 毛坯 | 低楼层(共23层)  | 板楼,http://image1.ljcdn.com/110000-inspection/pc1_1u5brY5vb_1.jpg.296x216.jpg
20201223,嘉定,嘉定新城,满五唯一 带产权车位 精装修 附带露台 业主诚意出售房主自荐,358万,2室2厅 | 84.04平米 | 南 | 精装 | 低楼层(共17层) | 2013年建 | 板楼,http://image1.ljcdn.com/110000-inspection/pc1_wt4Jf4H1B_1.jpg.296x216.jpg
20201223,嘉定,嘉定新城,11号线地铁口，精装两房，南北通透，拎包入住房主自荐,380万,2室2厅 | 83.05平米 | 南 北 | 精装 | 低楼层(共26层)  | 塔楼,http://image1.ljcdn.com/110000-inspection/pc1_7kGqkklML_1.jpg.296x216.jpg
20201223,嘉定,嘉定新城,花园式小区，宝龙广场，嘉定新城重要品质小区,688万,4室2厅 | 139.5平米 | 南 北 | 精装 | 中楼层(共29层) | 2013年建 | 板楼,http://image1.ljcdn.com/110000-inspection/pc1_LHDy8HSRh_1.jpg.296x216.jpg
20201223,嘉定,嘉定新城,此房满五唯一，南北通透格局，楼层好，采光视野不错房主自荐,355万,2室2厅 | 91.23平米 | 南 北 | 精装 | 中楼层(共31层) | 2013年建 | 塔楼,http://image1.ljcdn.com/110000-inspection/pc1_mmFCmtFpB_1.jpg.296x216.jpg
20201223,嘉定,嘉定新城,满五唯一 带院子40平 采光没有遮挡 一楼有太高防潮,320万,3室2厅 | 106.29平米 | 南 | 精装 | 低楼层(共6层) | 1998年建 | 板楼,http://image1.ljcdn.com/110000-inspection/pc1_qRtNanIJX_1.jpg.296x216.jpg
20201223,嘉定,嘉定新城,近11号线地铁 高区南北通三房 精装修保养好 房龄新房主自荐,430万,3室2厅 | 90平米 | 南 | 精装 | 高楼层(共27层) | 2016年建 | 板楼,http://image1.ljcdn.com/110000-inspection/pc1_hQrT4ga1V_1.jpg.296x216.jpg
20201223,嘉定,嘉定新城,边套两房 精装修 三面采光 无遮挡新上,315万,2室2厅 | 83.02平米 | 南 | 精装 | 低楼层(共24层) | 2009年建 | 板楼,http://image1.ljcdn.com/110000-inspection/pc1_8VwB2PAX7_1.jpg.296x216.jpg
20201223,嘉定,嘉定新城,生活方便 ，配套设施齐全，交通便利，看房方便新上,285万,2室2厅 | 92.85平米 | 南 | 简装 | 低楼层(共6层) | 1996年建 | 板楼,http://image1.ljcdn.com/110000-inspection/pc1_gmE8GEjZD_1.jpg.296x216.jpg
20201223,嘉定,嘉定新城,精装三室+一梯两户+刷卡入户+非后排+小高层房主自荐,435万,3室1厅 | 90.55平米 | 南 | 精装 | 中楼层(共12层) | 2015年建 | 板楼,http://image1.ljcdn.com/110000-inspection/pc1_BB60qpgxH_1.jpg.296x216.jpg
20201223,嘉定,嘉定新城,近地铁11号线 恒大精装带地暖两房 满二买进价高税少,410万,2室2厅 | 88.58平米 | 南 北 | 精装 | 中楼层(共26层)  | 板楼,http://image1.ljcdn.com/110000-inspection/pc1_uUXRlTK55_1.jpg.296x216.jpg
20201223,嘉定,嘉定新城,两套房子一起出售，南北通，自住精装修，看房提前约房主自荐,285万,1室2厅 | 78.89平米 | 南 | 精装 | 低楼层(共18层) | 2009年建 | 板楼,http://image1.ljcdn.com/110000-inspection/pc1_mlb1n6ASL_1.jpg.296x216.jpg
20201223,嘉定,嘉定新城,满五唯一 精装修 保养好 中间楼层 业主诚心出售,370万,2室2厅 | 87.78平米 | 南 | 精装 | 低楼层(共18层) | 2012年建 | 板楼,http://image1.ljcdn.com/110000-inspection/pc1_Pmoph5F2T_1.jpg.296x216.jpg
20201223,嘉定,嘉定新城,高品质小区，业主急售！诚意度高，随时可签房主自荐,329万,2室1厅 | 77平米 | 南 | 简装 | 高楼层(共20层)  | 板楼,http://image1.ljcdn.com/110000-inspection/pc1_b0b7wPyzQ_1.jpg.296x216.jpg
20201223,嘉定,嘉定新城,花园小区 一楼带地下室 得房率高 看房方便 安静无噪音房主自荐,310万,2室2厅 | 148平米 | 南 北 | 毛坯 | 低楼层(共12层) | 2011年建 | 板楼,http://image1.ljcdn.com/110000-inspection/pc1_9nG4sC47y_1.jpg.296x216.jpg
20201223,嘉定,嘉定新城,远香湖精装叠加别墅，三复四复五带六楼露台，带地下室房主自荐,820万,4室2厅 | 122平米 | 南 | 精装 | 4层 | 2016年建 | 板楼,http://image1.ljcdn.com/110000-inspection/pc1_MyM71rwYx_1.jpg.296x216.jpg
20201223,嘉定,嘉定新城,远香湖精装修叠加别墅，一复二带两层地下室带花园,960万,5室2厅 | 198平米 | 南 北 | 精装 | 4层 | 2016年建 | 板楼,http://image1.ljcdn.com/110000-inspection/pc1_Cf4LvGxzo_1.jpg.296x216.jpg
20201223,嘉定,嘉定新城,龙湖品质，毛坯四房，业主诚心出售，边套户型独门独户房主自荐,768万,4室2厅 | 299.66平米 | 南 北 | 毛坯 | 21层 | 2013年建 | 板楼,http://image1.ljcdn.com/110000-inspection/pc1_cFgtrum0M_1.jpg.296x216.jpg
20201223,嘉定,嘉定新城,顶楼复式，不靠高速，带露台，带车位,715万,4室2厅 | 139.48平米 | 南 北 | 精装 | 高楼层(共12层) | 2015年建 | 板楼,http://image1.ljcdn.com/110000-inspection/pc1_hB9g5mZ6E_1.jpg.296x216.jpg
20201223,嘉定,嘉定新城,南北通大三房，总价低， 精装修,450万,3室2厅 | 141.64平米 | 南 北 | 精装 | 低楼层(共12层) | 2009年建 | 板楼,http://image1.ljcdn.com/110000-inspection/pc1_NfVZUAZh7_1.jpg.296x216.jpg
20201223,嘉定,嘉定新城,近11号线 2房毛坯，看房方便，高楼层视野好 近万达,333万,2室2厅 | 78平米 | 南 | 毛坯 | 中楼层(共20层) | 2016年建 | 板楼,http://image1.ljcdn.com/110000-inspection/pc1_0d0xrznid_1.jpg.296x216.jpg
20201223,嘉定,嘉定新城,标准方正两房户型 带车位 精致装修 保养完好 诚意出售房主自荐,339万,2室2厅 | 89.81平米 | 南 | 简装 | 中楼层(共32层) | 2014年建 | 板楼,http://image1.ljcdn.com/110000-inspection/pc1_Y0TUEuCsx_1.jpg.296x216.jpg
20201223,嘉定,嘉定新城,南北通两房，满五唯一，前排位置，全天采光，看房方便,287万,2室2厅 | 77.8平米 | 南 | 毛坯 | 低楼层(共24层) | 2009年建 | 板楼,http://image1.ljcdn.com/110000-inspection/pc1_17Fddti28_1.jpg.296x216.jpg
20201223,嘉定,嘉定新城,新城站  出小区就是11号线    万达   南北户型房主自荐,380万,2室2厅 | 89.62平米 | 南 北 | 毛坯 | 中楼层(共36层) | 2011年建 | 板塔结合,http://image1.ljcdn.com/110000-inspection/pc1_Y3IAytuR9_1.jpg.296x216.jpg
20201223,嘉定,嘉定新城,地铁口精装3房，价格低，诚意卖，采光优房主自荐,430万,3室2厅 | 121.12平米 | 南 北 | 精装 | 低楼层(共31层) | 2013年建 | 塔楼,http://image1.ljcdn.com/110000-inspection/pc1_JuH6YVk4x_1.jpg.296x216.jpg
20201223,嘉定,嘉定新城,地铁口花园景观两居室 全南无遮挡 生活出行便利,385万,2室1厅 | 90.33平米 | 南 | 简装 | 低楼层(共32层) | 2011年建 | 板塔结合,http://image1.ljcdn.com/110000-inspection/pc1_AjeplcnXv_1.jpg.296x216.jpg
20201223,嘉定,嘉定新城,红砖洋房+南北露台+满五唯一带车位+户型方正+视野开阔房主自荐,538万,3室2厅 | 93.7平米 | 南 北 | 毛坯 | 中楼层(共5层) | 2011年建 | 板楼,http://image1.ljcdn.com/110000-inspection/pc1_U6YbgY0Rh_1.jpg.296x216.jpg
20201223,嘉定,嘉定新城,3+1户型 南北直通采光好 视野无遮挡 买入价高 税费少,480万,3室2厅 | 113.98平米 | 南 | 精装 | 中楼层(共20层)  | 板楼,http://image1.ljcdn.com/110000-inspection/pc1_EUFc0FS7i_1.jpg.296x216.jpg
20201223,嘉定,嘉定新城,满五，随时看，小3房，楼层好，诚心出售,344万,3室2厅 | 88.33平米 | 南 | 简装 | 低楼层(共27层) | 2010年建 | 板楼,http://image1.ljcdn.com/110000-inspection/pc1_WZoHMUexi_1.jpg.296x216.jpg
20201223,嘉定,嘉定新城,保利品质，标准双南户型，楼层高，视野采光好房主自荐,360万,2室2厅 | 90.77平米 | 南 | 精装 | 低楼层(共32层) | 2014年建 | 板楼,http://image1.ljcdn.com/110000-inspection/pc1_vGIrFuNTw_1.jpg.296x216.jpg
20201223,嘉定,嘉定新城,惠民家园 2室2厅 南,305万,2室2厅 | 73.05平米 | 南 | 毛坯 | 高楼层(共18层) | 2012年建 | 板楼,http://image1.ljcdn.com/110000-inspection/pc1_8TQIpXeC7_1.jpg.296x216.jpg
20201223,嘉定,嘉定新城,地铁小户型，精装修，总价低，次新房，家具家电都留下房主自荐,252万,1室1厅 | 54.3平米 | 南 | 精装 | 低楼层(共26层)  | 板楼,http://image1.ljcdn.com/310000-inspection/pc1_FO92u4PVd_1.jpg.296x216.jpg
20201223,嘉定,嘉定新城,品质小区，11号线地铁口南北小三房，采光视野好新上,420万,3室2厅 | 89平米 | 南 北 | 精装 | 高楼层(共27层) | 2017年建 | 板楼,http://image1.ljcdn.com/110000-inspection/pc1_AuxjjtnCm_1.jpg.296x216.jpg
20201223,嘉定,嘉定新城,远香湖边南北通大四房，三开间朝南户型好，诚意出售新上,680万,4室2厅 | 178.62平米 | 南 北 | 毛坯 | 低楼层(共24层) | 2009年建 | 板楼,http://image1.ljcdn.com/110000-inspection/pc1_ilVRCWRhG_1.jpg.296x216.jpg
20201223,嘉定,嘉定新城,户型正气，，带车位，满五唯一 看房方便房主自荐,570万,3室2厅 | 137.68平米 | 南 | 精装 | 低楼层(共11层) | 2011年建 | 板楼,http://image1.ljcdn.com/110000-inspection/pc1_ZaEyzoKB3_1.jpg.296x216.jpg
20201223,嘉定,嘉定新城,楼层高 视野开阔 采光好 配套齐全 总价低,272万,2室2厅 | 89.1平米 | 南 北 | 精装 | 高楼层(共6层) | 1997年建 | 板楼,http://image1.ljcdn.com/110000-inspection/pc1_t1Y3gzFIx_1.jpg.296x216.jpg
20201223,嘉定,嘉定新城,高楼层视野好，全南户型诚意出售,255万,1室1厅 | 68.05平米 | 南 | 精装 | 高楼层(共24层) | 2015年建 | 板楼,http://image1.ljcdn.com/110000-inspection/pc1_JanRNlTud_1.jpg.296x216.jpg
20201223,嘉定,嘉定新城,新出笋盘,税费少,近地铁,看房方便,业主急售,南北通透,408万,3室2厅 | 97.99平米 | 南 北 | 毛坯 | 高楼层(共18层) | 2012年建 | 板楼,http://image1.ljcdn.com/110000-inspection/pc1_xalMAX9pW_1.jpg.296x216.jpg
20201223,嘉定,嘉定新城,户型正气，南北通透，毛坯诚意出售,490万,3室2厅 | 147.76平米 | 南 北 | 毛坯 | 低楼层(共12层) | 2011年建 | 板楼,http://image1.ljcdn.com/310000-inspection/pc1_Ulg7lmX7F_1.jpg.296x216.jpg
20201223,嘉定,嘉定新城,嘉宝品质，大融城旁，满五唯一，诚意出售，看房方便房主自荐,285万,1室1厅 | 70.11平米 | 南 | 毛坯 | 26层 | 2012年建 | 板楼,http://image1.ljcdn.com/110000-inspection/pc1_yRmjfYCv7_1.jpg.296x216.jpg
20201223,嘉定,嘉定新城,精装双南户型 业主自住 保养的很好 全新装修房主自荐,335万,2室2厅 | 76.18平米 | 南 | 精装 | 低楼层(共11层) | 2015年建 | 板楼,http://image1.ljcdn.com/110000-inspection/pc1_d1egX8Ky0_1.jpg.296x216.jpg
20201223,嘉定,嘉定新城,精装双南两房，高楼层采光视野好，带车位房主自荐,363万,2室2厅 | 91.8平米 | 南 | 精装 | 30层 | 2015年建 | 板楼,http://image1.ljcdn.com/110000-inspection/f24813c6-f3d0-43de-8158-58bef055d12b_1000.jpg.296x216.jpg
20201223,嘉定,嘉定新城,满五年唯一 税费少 保养好拎包入住 诚意出售房主自荐,495万,3室2厅 | 127平米 | 东南 | 精装 | 18层 | 2012年建 | 板楼,http://image1.ljcdn.com/110000-inspection/pc1_yemIQ5HM7_1.jpg.296x216.jpg
20201223,嘉定,嘉定新城,店长推荐 白银路地铁 低总价  中层 满五唯一 精装2房房主自荐,330万,2室2厅 | 74.94平米 | 南 北 | 精装 | 低楼层(共18层) | 2013年建 | 板楼,http://image1.ljcdn.com/110000-inspection/507e459e-537f-4c6e-8fa4-e064ea3a871c_1000.jpg.296x216.jpg
20201223,嘉定,嘉定新城,前排采光充足，税费很低，基本新房，小区人车分流房主自荐,435万,3室2厅 | 101.42平米 | 南 北 | 精装 | 低楼层(共20层)  | 板楼,http://image1.ljcdn.com/110000-inspection/pc1_WnYt22Xje_1.jpg.296x216.jpg
20201223,嘉定,嘉定新城,近地铁近万达，平层小洋房得房率高，嘉宝品质小区房主自荐,423万,3室2厅 | 97.44平米 | 南 北 | 简装 | 中楼层(共7层) | 2017年建 | 板楼,http://image1.ljcdn.com/110000-inspection/pc1_zpGdwcHE4_1.jpg.296x216.jpg
20201223,嘉定,嘉定新城,二手买进税费低 南北通透舒适性高 业主诚意出售,350万,2室2厅 | 88.07平米 | 南 北 | 其他 | 中楼层(共11层) | 2011年建 | 板楼,http://image1.ljcdn.com/110000-inspection/pc1_FgR4R9tm3_1.jpg.296x216.jpg
20201223,嘉定,嘉定新城,满五唯一精装修 带车位 户型方正南北通 安静不吵房主自荐,510万,3室2厅 | 147.86平米 | 南 北 | 精装 | 低楼层(共12层) | 2011年建 | 板楼,http://image1.ljcdn.com/110000-inspection/pc1_OoVJEp7Cf_1.jpg.296x216.jpg
20201223,嘉定,嘉定新城,近地铁近万达，嘉宝高品质小区洋房得房率高看房方便房主自荐,415万,3室2厅 | 97平米 | 南 | 简装 | 中楼层(共7层)  | 板楼,http://image1.ljcdn.com/110000-inspection/pc1_RdKh9VHkC_1.jpg.296x216.jpg
20201223,嘉定,嘉定新城,满五唯一，精装修，龙湖品质小区房主自荐,283万,2室2厅 | 72平米 | 南 | 精装 | 高楼层(共31层) | 2013年建 | 塔楼,http://image1.ljcdn.com/110000-inspection/pc1_w3VY0LKjV_1.jpg.296x216.jpg
20201223,嘉定,嘉定新城,满五唯一，地下室130平，一楼带花园，空调地暖有车位,835万,3室2厅 | 277.33平米 | 南 | 精装 | 低楼层(共7层) | 2012年建 | 板楼,http://image1.ljcdn.com/110000-inspection/pc1_H1H5XxUaV_1.jpg.296x216.jpg
20201223,嘉定,嘉定新城,满五唯一  精装修四房 楼层好看房方便房主自荐,585万,4室2厅 | 129.5平米 | 南 北 | 精装 | 26层 | 2012年建 | 板楼,http://image1.ljcdn.com/110000-inspection/pc1_VXAL0tL31_1.jpg.296x216.jpg
20201223,嘉定,嘉定新城,hot！满五唯一，龙湖品质，带大露台，近紫气东来,560万,2室2厅 | 128.94平米 | 南 | 精装 | 低楼层(共30层) | 2013年建 | 板楼,http://image1.ljcdn.com/110000-inspection/pc1_lSIwuEPkA_1.jpg.296x216.jpg
20201223,嘉定,嘉定新城,嘉定新城精装修3房，嘉定图书馆，远香湖，宝龙广场房主自荐,390万,3室2厅 | 93.06平米 | 南 | 精装 | 低楼层(共14层) | 2015年建 | 板楼,http://image1.ljcdn.com/110000-inspection/pc1_KSZh7QIWL_1.jpg.296x216.jpg
20201223,嘉定,嘉定新城,独特户型 适合刚需客 满五年唯一 税点低,246万,2室2厅 | 88.15平米 | 东 西 | 毛坯 | 高楼层(共6层) | 1997年建 | 板楼,http://image1.ljcdn.com/110000-inspection/pc1_jntry1x28_1.jpg.296x216.jpg
20201223,嘉定,嘉定新城,满五唯一  随时可看   中式装修   +车位房主自荐,500万,3室2厅 | 127平米 | 南 西 北 | 精装 | 18层 | 2012年建 | 板楼,http://image1.ljcdn.com/110000-inspection/pc1_kczZnmXMx_1.jpg.296x216.jpg
20201223,嘉定,嘉定新城,大户型双南两房，高楼层视野开阔，配套齐全，出行方便房主自荐,354万,2室2厅 | 90.8平米 | 南 | 简装 | 高楼层(共26层) | 2014年建 | 板楼,http://image1.ljcdn.com/110000-inspection/pc1_hkANNxiri_1.jpg.296x216.jpg
20201223,嘉定,嘉定新城,南北通 带地暖 自住保养好  正规三房 洋房社区绿化高房主自荐,428万,3室2厅 | 91.18平米 | 南 北 | 精装 | 低楼层(共7层) | 2013年建 | 板楼,http://image1.ljcdn.com/110000-inspection/pc1_IDyBJPMMI_1.jpg.296x216.jpg
20201223,嘉定,嘉定新城,嘉定新城 带车位  精装 南北通两房 带车位出售房主自荐,380万,2室1厅 | 88平米 | 南 | 精装 | 低楼层(共18层) | 2016年建 | 板楼,http://image1.ljcdn.com/110000-inspection/pc1_0nhDMkZ2F_1.jpg.296x216.jpg
20201223,嘉定,嘉定新城,精装未住南北通两房，诚心出售，户型方正，采光视野好,410万,2室2厅 | 87.24平米 | 南 北 | 精装 | 高楼层(共30层) | 2013年建 | 板楼,http://image1.ljcdn.com/110000-inspection/pc1_J7PAjtQah_1.jpg.296x216.jpg
20201223,嘉定,嘉定新城,满五唯一，自住装修，车位另算，南北边套 三面采光,365万,2室2厅 | 88.68平米 | 南 北 | 精装 | 中楼层(共26层) | 2009年建 | 板楼,http://image1.ljcdn.com/110000-inspection/pc1_pKjD1bFgL_1.jpg.296x216.jpg
20201223,嘉定,嘉定新城,精装三房，次新房，房东买进价高，税少,380万,3室2厅 | 91.66平米 | 南 | 精装 | 中楼层(共8层)  | 板楼,http://image1.ljcdn.com/110000-inspection/pc1_BNczgEYhw_1.jpg.296x216.jpg
20201223,嘉定,嘉定新城,精装25万 11号线旁 2房朝南  满两年税少 邻万达广场,428万,2室2厅 | 95.15平米 | 南 | 精装 | 低楼层(共37层) | 2015年建 | 板塔结合,http://image1.ljcdn.com/110000-inspection/pc1_QUb2uCPQZ_1.jpg.296x216.jpg
20201223,嘉定,嘉定新城,嘉定新城地铁口南北通三房，毛坯，满五唯一，诚售！,435万,3室2厅 | 90平米 | 南 北 东 | 毛坯 | 27层 | 2012年建 | 板塔结合,http://image1.ljcdn.com/110000-inspection/pc1_WXPDYGSZI_1.jpg.296x216.jpg
20201223,嘉定,嘉定新城,保利品质，南北通两房户型 精致装修  诚意出售,385万,2室2厅 | 89.59平米 | 南 北 | 精装 | 中楼层(共18层) | 2013年建 | 板楼,http://image1.ljcdn.com/110000-inspection/pc1_XtOTE1Yzc_1.jpg.296x216.jpg
20201223,嘉定,嘉定新城,南北通大两房 近万达 近瑞金医院房主自荐,420万,2室2厅 | 98.09平米 | 南 北 | 简装 | 低楼层(共37层) | 2015年建 | 板塔结合,http://image1.ljcdn.com/110000-inspection/pc1_Ek2x4LCAU_1.jpg.296x216.jpg
20201223,嘉定,嘉定新城,精装自住 次新房税费少  诚心出售  带车位房主自荐,330万,2室2厅 | 76.45平米 | 南 | 精装 | 中楼层(共8层)  | 板楼,http://image1.ljcdn.com/110000-inspection/pc1_jQ3RjX4X0.jpg.296x216.jpg
20201223,嘉定,嘉定新城,11号线嘉定新城站，税少南北通，采光全明，近万达房主自荐,365万,2室2厅 | 89.86平米 | 南 北 | 毛坯 | 高楼层(共36层) | 2011年建 | 板塔结合,http://image1.ljcdn.com/110000-inspection/pc1_c8nRZFjKe_1.jpg.296x216.jpg
20201223,嘉定,嘉定新城,满五年唯+公园景观房+精装拎包入住+地铁11号线白银路,470万,2室2厅 | 89.19平米 | 南 北 | 精装 | 低楼层(共18层) | 2013年建 | 板楼,http://image1.ljcdn.com/110000-inspection/pc1_iuMBzHM94_1.jpg.296x216.jpg
20201223,嘉定,嘉定新城,深夜挂牌诚心出售精装修品质小区三房到价签字,515万,3室2厅 | 109.7平米 | 南 北 | 精装 | 中楼层(共15层) | 2014年建 | 板楼,http://image1.ljcdn.com/110000-inspection/pc1_yfVFk9YIk_1.jpg.296x216.jpg
20201223,嘉定,嘉定新城,全明三房 经典户型 闹中取静 人车分流,440万,3室2厅 | 90平米 | 东 南 北 | 简装 | 中楼层(共27层) | 2012年建 | 板塔结合,http://image1.ljcdn.com/110000-inspection/pc1_A5hjfvUZg_1.jpg.296x216.jpg
20201223,嘉定,嘉定新城,普通住宅  总价低  免增值税附加税  税点低,230万,2室1厅 | 70.89平米 | 南 | 简装 | 中楼层(共6层) | 1997年建 | 板楼,http://image1.ljcdn.com/110000-inspection/pc1_3xOITzTpP_1.jpg.296x216.jpg
20201223,嘉定,嘉定新城,枫树林景苑 1室1厅 南,255万,1室1厅 | 67.39平米 | 南 | 毛坯 | 低楼层(共24层) | 2015年建 | 板楼,http://image1.ljcdn.com/110000-inspection/pc1_T1IpPPaSq_1.jpg.296x216.jpg
20201223,嘉定,嘉定新城,远香湖畔 保利三期高品质小区 南北通两房 交通便利,375万,2室1厅 | 87.39平米 | 南 北 | 简装 | 中楼层(共11层) | 2010年建 | 板楼,http://image1.ljcdn.com/110000-inspection/pc1_ektRO0Y5W_1.jpg.296x216.jpg
20201223,嘉定,嘉定新城,两房满五唯一+税费少+带车位+精装修拎包入住+采光好房主自荐,365万,2室1厅 | 89.81平米 | 南 | 精装 | 低楼层(共32层) | 2014年建 | 板楼,http://image1.ljcdn.com/110000-inspection/pc1_glQHEhtRC_1.jpg.296x216.jpg
20201223,嘉定,嘉定新城,阳光城新界 次新小区 自住装修人车分流 满二年,340万,2室2厅 | 80.82平米 | 南 北 | 精装 | 中楼层(共27层) | 2015年建 | 板楼,http://image1.ljcdn.com/110000-inspection/pc1_vsGNePT7h_1.jpg.296x216.jpg
20201223,嘉定,嘉定新城,精装两房，满两年，高楼层，视野开阔房主自荐,350万,2室1厅 | 70平米 | 南 | 精装 | 中楼层(共26层) | 2015年建 | 板楼,http://image1.ljcdn.com/110000-inspection/pc1_9SNmzJU6G_1.jpg.296x216.jpg
20201223,嘉定,嘉定新城,南北通户型，精装修，前后双阳台，可俯瞰远香湖。,450万,2室2厅 | 96.38平米 | 南 北 | 精装 | 低楼层(共29层)  | 板楼,http://image1.ljcdn.com/110000-inspection/pc1_2wBzErUwH_1.jpg.296x216.jpg
20201223,嘉定,嘉定新城,嘉定新城站，中间楼层采光好，户型好，配套齐全,395万,2室1厅 | 94.63平米 | 南 | 精装 | 中楼层(共30层) | 2014年建 | 板塔结合,http://image1.ljcdn.com/110000-inspection/pc1_CsiMj4YGg_1.jpg.296x216.jpg
20201223,嘉定,嘉定新城,龙湖品质小区，边套户型独门独户，大四房，诚意出售房主自荐,799万,4室2厅 | 299.66平米 | 南 北 | 精装 | 低楼层(共21层)  | 板楼,http://image1.ljcdn.com/310000-inspection/prod-d4784276-1382-4592-9e8e-e7ac3343d4e6.jpg.296x216.jpg
20201223,嘉定,嘉定新城,远香湖畔 精装大平层 空中复式别墅 跃层尊享,1300万,4室2厅 | 299.63平米 | 南 北 | 精装 | 低楼层(共23层)  | 板楼,http://image1.ljcdn.com/110000-inspection/pc1_X6c0LnTSe_1.jpg.296x216.jpg
20201223,嘉定,嘉定新城,业主深夜挂牌  精装修房龄新南北通房主自荐,835万,4室2厅 | 125平米 | 南 北 | 精装 | 中楼层(共12层)  | 板楼,http://image1.ljcdn.com/110000-inspection/pc1_RrRZRabfr_1.jpg.296x216.jpg
20201223,嘉定,嘉定新城,11号线马陆地铁口，满两年，精装修，采光视野很好,640万,4室2厅 | 148.09平米 | 南 北 | 精装 | 高楼层(共18层) | 2014年建 | 板楼,http://image1.ljcdn.com/110000-inspection/pc1_PwoIp6AyK_1.jpg.296x216.jpg
20201223,嘉定,嘉定新城,经典中式现代别墅，前排临河，买入价高，业主诚心出售,1600万,5室3厅 | 460.46平米 | 南 北 | 毛坯 | 低楼层(共1层) | 2014年建 | 板楼,http://image1.ljcdn.com/110000-inspection/pc1_CtTsXPHUO_1.jpg.296x216.jpg
20201223,嘉定,嘉定新城,电梯房 业主诚心 交通便利 精装修  保养好房主自荐,310万,1室2厅 | 69.76平米 | 南 | 精装 | 26层 | 2012年建 | 板楼,http://image1.ljcdn.com/110000-inspection/pc1_4ngiKjX9o_1.jpg.296x216.jpg
20201223,嘉定,嘉定新城,经典三房 中高楼层 采光视野好 业主诚意 看房随时,365万,3室2厅 | 89.05平米 | 南 | 毛坯 | 高楼层(共29层) | 2010年建 | 板楼,http://image1.ljcdn.com/110000-inspection/pc1_GlgypsTsf_1.jpg.296x216.jpg
20201223,嘉定,嘉定新城,深夜挂牌地铁口税少拎包入住嘉定新城三房,390万,3室2厅 | 97.99平米 | 南 北 | 精装 | 低楼层(共18层) | 2012年建 | 板楼,http://image1.ljcdn.com/110000-inspection/pc1_dPdvLHplE_1.jpg.296x216.jpg
20201223,嘉定,嘉定新城,位置好，楼层居中，装修保养好，拎包入住，看房有钥匙,412万,2室2厅 | 87.24平米 | 南 北 | 精装 | 中楼层(共30层) | 2013年建 | 板楼,http://image1.ljcdn.com/110000-inspection/pc1_C3ZBlk559_1.jpg.296x216.jpg
20201223,嘉定,嘉定新城,嘉定万达，户型正气，交通便利，位置好采光佳,325万,2室2厅 | 77平米 | 南 | 简装 | 低楼层(共20层)  | 板楼,http://image1.ljcdn.com/110000-inspection/pc1_ZsGwOtMPO_1.jpg.296x216.jpg
20201223,嘉定,嘉定新城,11号线马陆地铁 精装一房 几乎没住过房主自荐,240万,1室2厅 | 54.83平米 | 南 | 精装 | 高楼层(共23层)  | 暂无数据,http://image1.ljcdn.com/110000-inspection/pc1_5a4XB6wym_1.jpg.296x216.jpg
20201223,嘉定,嘉定新城,嘉定新城万达，南北通户型，税少，交通便利,395万,2室2厅 | 89.86平米 | 南 北 | 毛坯 | 高楼层(共36层) | 2011年建 | 板塔结合,http://image1.ljcdn.com/110000-inspection/pc1_968xE57tr_1.jpg.296x216.jpg
20201223,嘉定,嘉定新城,精装两房，双南户型，中间楼层，从未住过人房主自荐,348万,2室1厅 | 73.79平米 | 南 | 精装 | 中楼层(共26层)  | 板楼,http://image1.ljcdn.com/110000-inspection/pc1_08uzjt7D7_1.jpg.296x216.jpg
20201223,嘉定,嘉定新城,一手动迁 高区景观无遮挡 11号线步行可达到地铁新上,450万,3室2厅 | 107.28平米 | 南 北 | 其他 | 高楼层(共18层) | 2012年建 | 板楼,http://image1.ljcdn.com/110000-inspection/pc1_dsHWwSfff_1.jpg.296x216.jpg
20201223,嘉定,嘉定新城,绿地秋霞坊(公寓) 1室1厅 南,275万,1室1厅 | 52.44平米 | 南 | 精装 | 中楼层(共27层) | 2012年建 | 板塔结合,http://image1.ljcdn.com/110000-inspection/pc1_OSH325vx6_1.jpg.296x216.jpg
20201223,嘉定,嘉定新城,品质小区，11号线马陆站，带车位出售，,290万,1室1厅 | 67.45平米 | 南 | 精装 | 低楼层(共22层) | 2011年建 | 板楼,http://image1.ljcdn.com/110000-inspection/pc1_vBVPlpXha_1.jpg.296x216.jpg
20201223,嘉定,嘉定新城,马陆新城双地铁站 低单价 带地下室 大融城房主自荐,297万,2室2厅 | 120平米 | 南 | 简装 | 低楼层(共14层) | 2010年建 | 板楼,http://image1.ljcdn.com/110000-inspection/pc1_cdoRsZEVV_1.jpg.296x216.jpg
20201223,嘉定,嘉定新城,满五唯一，业主诚意，到价签字，位置好,410万,2室1厅 | 88.88平米 | 南 | 毛坯 | 低楼层(共25层) | 2011年建 | 板楼,http://image1.ljcdn.com/110000-inspection/pc1_0EHMVKkEh_1.jpg.296x216.jpg
20201223,嘉定,嘉定新城,户型正气 看房方便 花园小区 物业管理好房主自荐,590万,4室2厅 | 147平米 | 南 北 | 简装 | 26层 | 2012年建 | 板楼,http://image1.ljcdn.com/110000-inspection/pc1_BVqDRE7M5_1.jpg.296x216.jpg
20201223,嘉定,嘉定新城,中高区，3开间朝南，采光好，可俯瞰远香湖。,360万,2室2厅 | 88.36平米 | 南 | 简装 | 高楼层(共29层) | 2016年建 | 板楼,http://image1.ljcdn.com/110000-inspection/pc1_QGD8fSnBB_1.jpg.296x216.jpg
20201223,嘉定,嘉定新城,品质龙湖 自住装修 满五唯一 邻地铁 近学 万达旁房主自荐,415万,2室2厅 | 95.56平米 | 南 | 精装 | 低楼层(共31层) | 2011年建 | 板楼,http://image1.ljcdn.com/110000-inspection/pc1_c9yiUGjWj_1.jpg.296x216.jpg
20201223,嘉定,嘉定新城,南北通高楼层，靠地铁，满五唯一税费少，可拎包入住,370万,2室2厅 | 91.55平米 | 南 北 | 精装 | 中楼层(共31层) | 2013年建 | 塔楼,http://image1.ljcdn.com/110000-inspection/pc1_RfyM6MfFI_1.jpg.296x216.jpg
20201223,嘉定,嘉定新城,荷花池旁，精品大三房，田园生活，你的婚房,480万,3室2厅 | 141.64平米 | 南 北 | 精装 | 中楼层(共12层) | 2009年建 | 板楼,http://image1.ljcdn.com/110000-inspection/pc1_xKaiUzFvK_1.jpg.296x216.jpg
20201223,嘉定,嘉定新城,深夜挂牌诚心出售双南户型采光优秀,395万,2室2厅 | 88.77平米 | 南 | 精装 | 低楼层(共22层) | 2013年建 | 板楼,http://image1.ljcdn.com/110000-inspection/pc1_yLHO8zmnw_1.jpg.296x216.jpg
20201223,嘉定,嘉定新城,次新小区 ，交通便利，公交，地铁，自驾出行方便,425万,2室2厅 | 95.11平米 | 南 北 | 毛坯 | 低楼层(共37层) | 2015年建 | 板塔结合,http://image1.ljcdn.com/110000-inspection/pc1_4Ppit2VPM_1.jpg.296x216.jpg
20201223,嘉定,嘉定新城,近地铁，次新房，边套南北通，精装带地暖，环境优美,539万,3室2厅 | 127.71平米 | 南 北 | 精装 | 低楼层(共26层)  | 板楼,http://image1.ljcdn.com/110000-inspection/pc1_O2clCE1Pi_1.jpg.296x216.jpg
20201223,嘉定,嘉定新城,保利高区双南户型高楼层，视野无遮挡诚心出售随时看房,300万,1室2厅 | 80.87平米 | 南 | 精装 | 高楼层(共24层) | 2009年建 | 板楼,http://image1.ljcdn.com/110000-inspection/pc1_rUsrRaTj7_1.jpg.296x216.jpg
20201223,嘉定,嘉定新城,精装小三房，自带大花园，近地铁，近公园，带车位房主自荐,420万,3室2厅 | 88.3平米 | 南 | 精装 | 低楼层(共29层) | 2010年建 | 板楼,http://image1.ljcdn.com/110000-inspection/pc1_fNi4iVWbE_1.jpg.296x216.jpg
20201223,嘉定,嘉定新城,上实海上公元 3室2厅 南 北,490万,3室2厅 | 116平米 | 南 北 | 精装 | 低楼层(共18层)  | 板楼,http://image1.ljcdn.com/110000-inspection/pc1_qS7AbscJo_1.jpg.296x216.jpg
20201223,嘉定,嘉定新城,大花园+紫气东来公园 南北通户型 满五唯一 诚意售房主自荐,390万,2室1厅 | 84.67平米 | 南 北 | 精装 | 低楼层(共27层) | 2010年建 | 板楼,http://image1.ljcdn.com/110000-inspection/pc1_vARPZhMU9_1.jpg.296x216.jpg
20201223,嘉定,嘉定新城,新城地铁口全南两房 前排好楼层 视野无遮挡 位置佳,385万,2室2厅 | 82.19平米 | 南 | 精装 | 27层 | 2012年建 | 板塔结合,http://image1.ljcdn.com/110000-inspection/pc1_zsVpHB5gd_1.jpg.296x216.jpg
20201223,嘉定,嘉定新城,新城地铁站 万达旁品质小区 全屋空调带地暖 诚意出售,480万,3室2厅 | 90平米 | 南 | 精装 | 低楼层(共18层)  | 板楼,http://image1.ljcdn.com/110000-inspection/pc1_un4nzAHfc_1.jpg.296x216.jpg
20201223,嘉定,嘉定新城,户型方正，婚房装修，保养好，交通便捷,415万,3室2厅 | 89.88平米 | 南 | 精装 | 低楼层(共12层) | 2016年建 | 板楼,http://image1.ljcdn.com/110000-inspection/pc1_zJXGhjvTK_1.jpg.296x216.jpg
20201223,嘉定,嘉定新城,南北通透，满五唯一，商场，医院，拎包入住，看房随时房主自荐,429万,2室2厅 | 97.53平米 | 南 北 | 精装 | 低楼层(共30层) | 2014年建 | 板塔结合,http://image1.ljcdn.com/110000-inspection/pc1_aorzWrGOL_1.jpg.296x216.jpg
20201223,嘉定,嘉定新城,双南两房两卫，近地铁和公园，业主置换，诚意出售,370万,2室2厅 | 89.9平米 | 南 | 毛坯 | 中楼层(共27层) | 2010年建 | 板楼,http://image1.ljcdn.com/110000-inspection/pc1_VUCG3UhBh_1.jpg.296x216.jpg
20201223,嘉定,嘉定新城,新城地铁口精装三房，品质高通透，万达旁，近瑞金医院房主自荐,488万,3室2厅 | 90.39平米 | 南 北 | 精装 | 低楼层(共18层) | 2018年建 | 板楼,http://image1.ljcdn.com/110000-inspection/pc1_Dc369AAj5_1.jpg.296x216.jpg
20201223,嘉定,嘉定新城,地铁口花园洋房，带北露台10平方，南露台14.6平,498万,3室2厅 | 93.56平米 | 南 北 | 毛坯 | 中楼层(共5层) | 2010年建 | 板楼,http://image1.ljcdn.com/110000-inspection/pc1_07kzFUF87_1.jpg.296x216.jpg
20201223,嘉定,嘉定新城,法式南北通三房，全屋新风+地暖，近万达，高品质社区,548万,3室2厅 | 90.31平米 | 南 西 北 | 精装 | 高楼层(共18层) | 2018年建 | 板楼,http://image1.ljcdn.com/110000-inspection/pc1_ZFpuSkbP9_1.jpg.296x216.jpg
20201223,嘉定,嘉定新城,精装修带车位+小高层+三室+次新小区+直接居住,427万,3室2厅 | 91平米 | 南 | 精装 | 中楼层(共18层) | 2015年建 | 板楼,http://image1.ljcdn.com/110000-inspection/pc1_Uj32CU3J8_1.jpg.296x216.jpg
20201223,嘉定,嘉定新城,位置成熟 生活交通便利龙湖品质小区精装修 诚心出售房主自荐,360万,2室2厅 | 91.23平米 | 南 北 | 精装 | 高楼层(共31层) | 2013年建 | 塔楼,http://image1.ljcdn.com/110000-inspection/pc1_lPOQabZKG_1.jpg.296x216.jpg
20201223,嘉定,嘉定新城,精装复式两房，从未入住，新城地铁口，低总价好房,292万,2室2厅 | 72.08平米 | 南 | 精装 | 高楼层(共31层) | 2013年建 | 塔楼,http://image1.ljcdn.com/110000-inspection/pc1_ENswIeEAq_1.jpg.296x216.jpg
20201223,嘉定,嘉定新城,满五唯一，三期精装修大3房，南北通透，近地铁，房主自荐,496万,3室2厅 | 124.38平米 | 南 北 | 精装 | 低楼层(共18层) | 2013年建 | 板楼,http://image1.ljcdn.com/310000-inspection/pc1_FyQG6Is4D_1.jpg.296x216.jpg
20201223,嘉定,嘉定新城,精装大四房，户型好，配套齐全，业主诚意出售房主自荐,660万,4室2厅 | 178.62平米 | 南 | 精装 | 低楼层(共24层) | 2009年建 | 板楼,http://image1.ljcdn.com/310000-inspection/pc1_CinQq1TpM_1.jpg.296x216.jpg
20201223,嘉定,嘉定新城,温馨的家居  体验闹市中的安静，领包入住，上学近房主自荐,309万,3室2厅 | 108平米 | 南 | 精装 | 高楼层(共6层) | 1998年建 | 板楼,http://image1.ljcdn.com/310000-inspection/pc1_rlMP1NN31_1.jpg.296x216.jpg
20201223,嘉定,嘉定新城,嘉定新城地铁口精装修3房 三面采光 诚意售卖,440万,3室2厅 | 90.86平米 | 南 西 北 | 精装 | 高楼层(共27层) | 2012年建 | 板塔结合,http://image1.ljcdn.com/110000-inspection/pc1_M94zJiJx0_1.jpg.296x216.jpg
20201223,嘉定,嘉定新城,精装大两房  保养好  二手买进差额税少  入住舒适房主自荐,280万,2室2厅 | 91.61平米 | 南 北 | 精装 | 高楼层(共6层) | 1998年建 | 板楼,http://image1.ljcdn.com/110000-inspection/pc1_oPcZ9Vin8_1.jpg.296x216.jpg
20201223,嘉定,嘉定新城,满二年 装修保养好 嘉宝国企品质,330万,2室1厅 | 80.06平米 | 南 北 | 精装 | 低楼层(共18层)  | 板楼,http://image1.ljcdn.com/310000-inspection/pc1_gWVX1Sw9R_1.jpg.296x216.jpg
20201223,嘉定,嘉定新城,11号线地铁口，满两年，精装修。房主自荐,252万,1室2厅 | 54.3平米 | 南 | 精装 | 高楼层(共26层) | 2015年建 | 塔楼,http://image1.ljcdn.com/110000-inspection/pc1_Lv7qqt5Xc_1.jpg.296x216.jpg
20201223,嘉定,嘉定新城,视野好，南北通大四房，业主诚意卖房主自荐,800万,4室2厅 | 179.9平米 | 南 | 毛坯 | 高楼层(共23层) | 2012年建 | 板楼,http://image1.ljcdn.com/310000-inspection/pc1_KOuPndmGm_1.jpg.296x216.jpg
20201223,嘉定,嘉定新城,嘉定新城核 保利星海屿 品质小区 南北通两房,415万,2室2厅 | 89平米 | 南 北 | 精装 | 低楼层(共16层) | 2015年建 | 板楼,http://image1.ljcdn.com/310000-inspection/pc1_YqWwSTC7V_1.jpg.296x216.jpg
20201223,嘉定,嘉定新城,精装带地暖，近地铁11号线，恒大品质小区，楼层好房主自荐,410万,2室2厅 | 88.58平米 | 南 | 精装 | 中楼层(共26层)  | 板楼,http://image1.ljcdn.com/310000-inspection/prod-843c9a65-2d86-4357-a546-c6468efd6984.jpg.296x216.jpg
20201223,嘉定,嘉定新城,远香湖畔 满五唯一精装修 税费少,285万,1室1厅 | 68.5平米 | 南 | 精装 | 低楼层(共18层) | 2010年建 | 板楼,http://image1.ljcdn.com/110000-inspection/pc1_75RIdsu5u_1.jpg.296x216.jpg
20201223,嘉定,嘉定新城,金元大厦 1室1厅 南,235万,1室1厅 | 111.98平米 | 南 | 简装 | 中楼层(共14层)  | 塔楼,http://image1.ljcdn.com/110000-inspection/pc1_hvvIn1FOv_1.jpg.296x216.jpg
20201223,嘉定,嘉定新城,嘉宝紫提湾(公寓) 1室2厅 南,300万,1室2厅 | 70.11平米 | 南 | 精装 | 26层 | 2012年建 | 板楼,http://image1.ljcdn.com/110000-inspection/pc1_gruY1biPR_1.jpg.296x216.jpg
20201223,嘉定,嘉定新城,两套房子打通一起对外出售，南北通，精装修，看房预约房主自荐,285万,2室2厅 | 80.17平米 | 南 | 精装 | 低楼层(共18层) | 2009年建 | 板楼,http://image1.ljcdn.com/110000-inspection/pc1_x4k7XuNg9_1.jpg.296x216.jpg
20201223,嘉定,嘉定新城,税费少，高楼层，诚心出售新城少有的小户型,255万,1室1厅 | 67.22平米 | 南 | 简装 | 高楼层(共24层) | 2015年建 | 板楼,http://image1.ljcdn.com/110000-inspection/pc1_u7PWmnL7K_1.jpg.296x216.jpg
20201223,嘉定,嘉定新城,11号线，嘉定新城白银路地铁口 龙湖品质 精装高层边套,350万,2室1厅 | 91.23平米 | 南 北 | 精装 | 高楼层(共31层) | 2013年建 | 塔楼,http://image1.ljcdn.com/110000-inspection/pc1_hxL9eZzSx_1.jpg.296x216.jpg
20201223,嘉定,嘉定新城,对口德富路学^，小面积一室户，高层中装修，总价低房主自荐,240万,1室2厅 | 62.3平米 | 南 | 精装 | 高楼层(共18层) | 2010年建 | 板楼,http://image1.ljcdn.com/310000-inspection/prod-d2db729f-d05f-4902-8d40-4749d6d62d23.jpg.296x216.jpg
20201223,嘉定,嘉定新城,品质小区，马陆地铁站，装修两房保养好，270度采光房主自荐,365万,2室2厅 | 84.96平米 | 南 北 | 精装 | 低楼层(共22层) | 2011年建 | 板楼,http://image1.ljcdn.com/110000-inspection/pc1_WZt5TZIrA_1.jpg.296x216.jpg
20201223,嘉定,嘉定新城,楼层好，视野宽阔，采光充足，配套设施齐全交通便利,288万,2室1厅 | 69.86平米 | 南 | 简装 | 高楼层(共37层) | 2012年建 | 板楼,http://image1.ljcdn.com/310000-inspection/pc1_zSeWGSHNR_1.jpg.296x216.jpg
20201223,嘉定,嘉定新城,保利星海屿筑 2室1厅 南新上,415万,2室1厅 | 92.69平米 | 南 | 精装 | 中楼层(共15层) | 2014年建 | 板楼,http://image1.ljcdn.com/110000-inspection/pc1_YMvu4X2hJ_1.jpg.296x216.jpg
20201223,嘉定,嘉定新城,保利家园别墅，前后大花园，可安装电梯，附双车位,1230万,4室2厅 | 255.4平米 | 南 北 | 毛坯 | 低楼层(共3层) | 2011年建 | 板楼,http://image1.ljcdn.com/110000-inspection/d1a85d3f64019c442dcc4b708b6d872b-082.jpg.296x216.jpg
20201223,嘉定,嘉定新城,叠加别墅 品质豪园  大融城商圈 低密度环境优美房主自荐,900万,4室2厅 | 229.67平米 | 南 北 | 精装 | 上叠(共4层) | 2010年建 | 板楼 | 叠拼别墅,http://image1.ljcdn.com/110000-inspection/c8133375eee861dcde91a144aa499e37-029.jpg.296x216.jpg
20201223,嘉定,嘉定新城,嘉宝紫提湾联排别墅 中间户 大融城隔壁 四室三卫毛坯房主自荐,1220万,4室2厅 | 209.33平米 | 南 北 | 毛坯 | 1层 | 2010年建 | 板楼 | 联排别墅,http://image1.ljcdn.com/110000-inspection/9e540aa375a54971080df328ca16d60c-037.jpg.296x216.jpg
20201223,嘉定,嘉定新城,嘉定新城站， 精装修，采光好，配套齐全，交通便利。,85万,1室1厅 | 45平米 | 北 | 精装 | 高楼层(共9层) | 2014年建 | 板楼,
20201223,嘉定,嘉定新城,新城板块难得的自住精装边套大别墅房主自荐,1650万,4室3厅 | 486平米 | 南 | 精装 | 3层 | 2013年建 | 板楼 | 联排别墅,http://image1.ljcdn.com/110000-inspection/1741908ae84a50ee08cc464ac920b1dc-042.jpg.296x216.jpg
20201223,嘉定,嘉定新城,高楼层采光好 电梯房 业主诚意出售 配套成熟新上,310万,2室2厅 | 84.22平米 | 南 北 | 简装 | 高楼层(共26层) | 2009年建 | 板楼,http://image1.ljcdn.com/x-se/hdic-frame/219192f8-f19f-4382-8e26-0072e4bef240.png.296x216.jpg
20201223,嘉定,嘉定新城,满五唯一，中间楼层，视野采光无遮挡，刚需两房新上,279万,2室2厅 | 92.85平米 | 南 北 | 简装 | 中楼层(共6层) | 1997年建 | 板楼,http://image1.ljcdn.com/x-se/shfdfs-image/20170518/ad9f315b-c1f0-41fd-ad13-3d4f1fb3a9aa.jpg.296x216.jpg
20201223,嘉定,嘉定新城,满五年唯一，户型方正，价位合理，楼层好视野好，新上,316万,2室1厅 | 83.78平米 | 南 | 精装 | 高楼层(共26层) | 2009年建 | 板楼,http://image1.ljcdn.com/x-se/hdic-frame/2358d362-e492-407e-8e6f-cb169a3b0730.png.296x216.jpg
20201223,嘉定,嘉定新城,瑞金北院+万达广场+蒙特梭利+嘉定新城地铁,125万,1室1厅 | 55.5平米 | 南 北 | 精装 | 高楼层(共9层) | 2014年建 | 板楼,http://image1.ljcdn.com/x-se/hdic-frame/a73f738a-b498-4aee-b27f-5c35856ce119.png.296x216.jpg
20201223,嘉定,嘉定新城,此房精装修，朝向朝南，楼层位置好，诚意出售看房方便,153万,2室2厅 | 52.66平米 | 南 | 精装 | 中楼层(共16层)  | 塔楼,
20201223,嘉定,嘉定新城,嘉定新城 龙湖品质 开发商精装修 外地人可买,90万,1室1厅 | 56.06平米 | 东 | 精装 | 31层 | 2013年建 | 塔楼,http://image1.ljcdn.com/x-se/hdic-frame/f53dac3a-7180-4973-91d1-cfff492423ad.png.296x216.jpg
20201223,嘉定,嘉定新城,从未住过  精装交付  有电梯   沿河别墅,1420万,4室2厅 | 268.23平米 | 南 北 | 精装 | 3层 | 2010年建 | 板楼 | 联排别墅,http://image1.ljcdn.com/shfdfs-image/20161215/eed71122-6810-4f09-829a-cf6017a58b2e.jpg.296x216.jpg
20201223,嘉定,嘉定新城,精装修 低总价 楼层好 平层公寓,82万,1室1厅 | 60.93平米 | 南 | 其他 | 31层 | 2013年建 | 塔楼,http://image1.ljcdn.com/x-se/hdic-frame/2717c28c-894d-46e2-88a8-b8a54166093e.png.296x216.jpg
20201223,嘉定,嘉定新城,满五唯一 楼层好  精装修  拎包入住 低单价,630万,4室2厅 | 187.92平米 | 南 | 精装 | 高楼层(共14层) | 2010年建 | 板楼,http://image1.ljcdn.com/x-se/hdic-frame/e4d0df6f-bbb6-4c7d-a0e8-1d39c19d3ecf.png.296x216.jpg
20201223,嘉定,嘉定新城,位置安静大花园，前排沿河别墅，满两年税费少，近万达房主自荐,1700万,4室3厅 | 366.7平米 | 南 北 | 毛坯 | 3层 | 2013年建 | 板楼 | 双拼别墅,http://image1.ljcdn.com/310000-inspection/86447927-03b6-41eb-b870-27b6d38f79d7.jpg.296x216.jpg
20201223,嘉定,嘉定新城,精装修 有钥匙 看房方便 业主诚意出售房主自荐,95万,2室1厅 | 47.53平米 | 北 | 精装 | 中楼层(共20层)  | 塔楼,
20201223,嘉定,嘉定新城,只在链家挂牌，精装修，中信只有这一套75平的,340万,2室2厅 | 75.14平米 | 南 | 精装 | 中楼层(共36层) | 2011年建 | 板塔结合,http://image1.ljcdn.com/x-se/hdic-frame/9b430683-da5b-408c-a73d-f3892d559d59.png.296x216.jpg
20201223,嘉定,嘉定新城,常发豪庭国际 4室2厅 南 北房主自荐,935万,4室2厅 | 239.78平米 | 南 北 | 毛坯 | 高楼层(共25层) | 2013年建 | 板楼,
20201223,嘉定,嘉定新城,小户型2房，满五唯一，低总价，税费低，诚心出售,293万,2室1厅 | 68.82平米 | 南 | 简装 | 高楼层(共29层) | 2010年建 | 板楼,http://image1.ljcdn.com/x-se/hdic-frame/bb437bbe-1b4d-408e-8791-de4d6297c71b.png.296x216.jpg
20201223,嘉定,嘉定新城,小户型交通便捷，税费少，平层公寓房！诚意出售,58万,1室0厅 | 28平米 | 东 | 毛坯 | 中楼层(共10层) | 2013年建 | 板楼,
20201223,嘉定,嘉定新城,地铁上下，两房，全实木地板，看房方便，高楼层,108万,2室1厅 | 60.04平米 | 东 | 精装 | 中楼层(共11层)  | 板楼,http://image1.ljcdn.com/x-se/hdic-frame/ad10040e-4825-41bb-91a9-b6c50bf42097.png.296x216.jpg
20201223,嘉定,嘉定新城,高区+精装复式 +万达+ 地铁+90万可谈+业主诚意！,90万,2室1厅 | 40.54平米 | 东 | 精装 | 中楼层(共22层)  | 板楼,http://image1.ljcdn.com/x-se/hdic-frame/e49c0b86-1ae4-4514-8a17-b84a41ac51cb.png.296x216.jpg
20201223,嘉定,嘉定新城,万达+地铁+瑞金北院+中间楼层精装修+落地窗+户型方正,80万,1室1厅 | 36.59平米 | 北 | 精装 | 中楼层(共9层) | 2014年建 | 板楼,
20201223,嘉定,嘉定新城,房源近地铁，出行便利，高楼层采光好,130万,1室1厅 | 49.97平米 | 西 | 简装 | 高楼层(共18层) | 2015年建 | 塔楼,
20201223,嘉定,嘉定新城,户型方正，封闭式小区，环境优美，隐私性好,145万,2室1厅 | 72.46平米 | 暂无数据 | 简装 | 低楼层(共9层) | 2014年建 | 板楼,
20201223,嘉定,嘉定新城,近地铁 精装修 保养好 特殊户型,220万,3室2厅 | 121平米 | 东北 | 精装 | 高楼层(共22层)  | 板楼,
20201223,嘉定,嘉定新城,小户型，精装修，税费少，看房方便,95万,1室1厅 | 49.86平米 | 南 | 简装 | 高楼层(共9层) | 2014年建 | 板楼,http://image1.ljcdn.com/x-se/hdic-frame/22f647d9-6461-4782-8bac-986feb828a60.png.296x216.jpg
20201223,嘉定,嘉定新城,合景理想家 1室1厅 南房主自荐,78万,1室1厅 | 42.93平米 | 南 | 精装 | 低楼层(共9层) | 2014年建 | 板楼,
20201223,嘉定,嘉定新城,嘉定新城地铁站和万达广场旁边，位置好,86万,1室1厅 | 40.91平米 | 东 | 精装 | 29层 | 2012年建 | 塔楼,
20201223,嘉定,嘉定新城,朝南 买一层带一层 精装 近地铁 楼层视野好,95万,1室1厅 | 39.76平米 | 南 | 精装 | 中楼层(共17层) | 2013年建 | 板楼,
20201223,嘉定,嘉定新城,合景理想家 1室1厅 南,85万,1室1厅 | 45平米 | 南 | 精装 | 高楼层(共9层) | 2014年建 | 板楼,
20201223,嘉定,嘉定新城,精装修 看房方便 业主诚意出售,95万,2室1厅 | 43平米 | 南 | 精装 | 中楼层(共19层) | 2015年建 | 塔楼,
20201223,嘉定,嘉定新城,新城地铁站，万达旁边，精装修，,88万,1室1厅 | 40.91平米 | 东 | 精装 | 29层 | 2012年建 | 塔楼,
20201223,嘉定,嘉定新城,好世商业广场 1室1厅 东,140万,1室1厅 | 49.96平米 | 东 | 精装 | 高楼层(共18层) | 2015年建 | 塔楼,
20201223,嘉定,嘉定新城,近地铁 北欧装修  保养良好 业主诚心出售房主自荐,90万,1室1厅 | 45.93平米 | 南 | 简装 | 低楼层(共9层) | 2014年建 | 板楼,
20201223,嘉定,嘉定新城,光明D9空间 2室1厅 南,125万,2室1厅 | 46.26平米 | 南 | 其他 | 中楼层(共13层)  | 板楼,
20201223,嘉定,嘉定新城,随时可看，精装修，大融城商圈，休闲娱乐都方便,95万,2室1厅 | 39.23平米 | 北 | 其他 | 高楼层(共8层)  | 板楼,
20201223,嘉定,嘉定新城,11号线地铁465米，复式空间大，精装修加软装.房主自荐,101万,2室2厅 | 57.87平米 | 南 | 精装 | 低楼层(共17层) | 2013年建 | 板楼,
20201223,嘉定,嘉定新城,合景峰汇(嘉定) 2室1厅 北,110万,2室1厅 | 47.54平米 | 北 | 其他 | 中楼层(共20层)  | 塔楼,
20201223,嘉定,嘉定新城,尚品 1室1厅 东,120万,1室1厅 | 43.36平米 | 东 | 其他 | 中楼层(共19层)  | 板楼,
20201223,嘉定,嘉定新城,满五唯一，品质小区，联排别墅，近11号地铁，万达广场房主自荐,1580万,4室3厅 | 444平米 | 南 | 毛坯 | 低楼层(共3层) | 2013年建 | 板楼,
20201223,嘉定,嘉定新城,崇文路1851弄 2室1厅 东,85万,2室1厅 | 40.53平米 | 东 | 精装 | 高楼层(共22层)  | 板楼,
20201223,嘉定,嘉定新城,地铁口  总价低  装修好  诚心出售  你出价我来谈,92万,2室1厅 | 39.76平米 | 南 | 精装 | 低楼层(共17层) | 2013年建 | 板楼,
20201223,嘉定,嘉定新城,好世商业广场 2室1厅 西,134万,2室1厅 | 49.96平米 | 西 | 精装 | 低楼层(共18层) | 2015年建 | 塔楼,
20201223,嘉定,嘉定新城,小3房，凸出户型，采光十足，税费少，诚心出售,340万,3室2厅 | 88.33平米 | 南 | 毛坯 | 低楼层(共27层) | 2010年建 | 板楼,http://image1.ljcdn.com/x-se/hdic-frame/b59e0be6-5b53-4f26-ba2b-58220d8edc10.png.296x216.jpg
20201223,嘉定,嘉定新城,新城金郡 2室2厅 南,398万,2室2厅 | 91.63平米 | 南 | 精装 | 低楼层(共17层) | 2013年建 | 板楼,http://image1.ljcdn.com/x-se/hdic-frame/edd338ba-4bc6-41d9-b22d-7071e1839562.png.296x216.jpg
20201223,嘉定,嘉定新城,理想家边套11号线 嘉定新城万达广场地铁口 外地人可买,145万,2室1厅 | 72.46平米 | 南 | 精装 | 高楼层(共9层) | 2014年建 | 板楼,
20201223,嘉定,嘉定新城,业主诚心出售，精装修，朝南中间楼层,74.5万,1室1厅 | 43.04平米 | 南 | 精装 | 高楼层(共9层) | 2014年建 | 板楼,
20201223,嘉定,嘉定新城,保利精装修大四房，采光无遮挡，诚心出售，看房提前,680万,4室2厅 | 178.62平米 | 南 北 | 精装 | 中楼层(共24层) | 2009年建 | 板楼,http://image1.ljcdn.com/x-se/hdic-frame/b18a3c0d-c353-4192-8c27-0e2433b7d347.png.296x216.jpg
20201223,嘉定,嘉定新城,佳兆业南北通顶复 带露台采光视野无遮挡三房和厅朝南,670万,4室2厅 | 167.11平米 | 南 北 | 简装 | 高楼层(共18层) | 2014年建 | 板楼,http://image1.ljcdn.com/x-se/hdic-frame/e3738e3f-a330-4495-9a1d-8f9073cfc882.png.296x216.jpg
20201223,嘉定,嘉定新城,通燃气 精装修 大露台 豪园品质 价格美丽,103万,1室1厅 | 38平米 | 北 | 精装 | 中楼层(共8层)  | 板楼,
20201223,嘉定,嘉定新城,地铁上下精装两房，品质公寓，看房方便随时可看。,110万,2室1厅 | 54.89平米 | 南 | 精装 | 高楼层(共22层)  | 板楼,
20201223,嘉定,嘉定新城,中高楼层视野开阔，地铁11号线2号口步行可以到,100万,2室2厅 | 55平米 | 北 | 精装 | 高楼层(共22层)  | 板楼,
20201223,嘉定,嘉定新城,近地铁，近万达，新城中.心区，小户型高实用性！,96万,2室1厅 | 43.94平米 | 南 | 精装 | 中楼层(共9层) | 2014年建 | 板楼,
20201223,嘉定,嘉定新城,崇文路1851弄 2室1厅 北,98万,2室1厅 | 55平米 | 北 | 精装 | 高楼层(共22层)  | 板楼,
20201223,嘉定,嘉定新城,明发嘉定中心 4室2厅 东,155万,4室2厅 | 77.04平米 | 东 | 其他 | 低楼层(共17层)  | 塔楼,
20201223,嘉定,嘉定新城,嘉定新城宝龙旁+层高4.5米+精装修+配套齐全+50年产权,95万,2室1厅 | 42.72平米 | 东 | 精装 | 低楼层(共16层) | 2015年建 | 塔楼,
20201223,嘉定,嘉定新城,宝龙城市广场(嘉定) 2室2厅,330万,2室2厅 | 157平米 | 暂无数据 | 毛坯 | 高楼层(共23层)  | 暂无数据,
20201223,嘉定,嘉定新城,好世商业广场 1室1厅 东,130万,1室1厅 | 54平米 | 东 | 简装 | 高楼层(共18层)  | 塔楼,http://image1.ljcdn.com/x-se/hdic-frame/prod-c7cf7766-2976-435c-b821-97bd772d250d.png.296x216.jpg
20201223,嘉定,嘉定新城,满五唯一，地铁口，精装修，低总价全南户型2房，可看房主自荐,285万,2室2厅 | 79.37平米 | 南 | 精装 | 低楼层(共11层) | 2011年建 | 板楼,http://image1.ljcdn.com/shfdfs-image/20171217/815b1cb3-650a-4ab2-aa13-ac72b02f61d0.jpg.296x216.jpg
20201223,嘉定,嘉定新城,龙湖品质小区 绿化好 合院精装修别墅 带双车位房主自荐,1600万,4室2厅 | 410平米 | 南 | 精装 | 低楼层(共3层) | 2010年建 | 板楼,http://image1.ljcdn.com/shfdfs-image/20170629/de94acc0-25d5-44e4-9061-b22736f7f1cc.jpg.296x216.jpg
20201223,嘉定,嘉定新城,电梯洋房1梯1户大平层 2室朝南格局方正人车分离安全房主自荐,665万,3室2厅 | 148.64平米 | 南 北 | 毛坯 | 低楼层(共10层) | 2013年建 | 板楼,http://image1.ljcdn.com/110000-inspection/ed1a91f7-6ec3-4a43-96bb-c931789c92bb.jpeg.296x216.jpg
20201223,嘉定,嘉定新城,崇文路1851弄 2室1厅 南,116万,2室1厅 | 54.28平米 | 南 | 精装 | 中楼层(共22层)  | 板楼,
20201223,嘉定,嘉定新城,近地铁，近万达，近医院，出行方便，配套齐全,90万,1室1厅 | 50.48平米 | 北 | 简装 | 中楼层(共9层) | 2014年建 | 板楼,
20201223,嘉定,嘉定新城,崇文路1851弄 1室1厅 北,120万,1室1厅 | 54.87平米 | 北 | 精装 | 中楼层(共22层)  | 板楼,
20201223,嘉定,嘉定新城,近白银路地铁 装修很好 方便看房,105万,1室1厅 | 45.06平米 | 西 | 精装 | 中楼层(共10层) | 2013年建 | 板楼,
20201223,嘉定,嘉定新城,高楼层，离万达和地铁800米，交通购物便利,105万,2室1厅 | 54.3平米 | 北 | 其他 | 中楼层(共22层)  | 板楼,
20201223,嘉定,嘉定新城,人车分离近地铁，近万达，三甲医院,150万,1室1厅 | 62.08平米 | 东 | 精装 | 29层 | 2012年建 | 塔楼,
20201223,嘉定,嘉定新城,HOT！近远香湖，精装修，改善刚需！,130万,2室2厅 | 51.91平米 | 西 | 精装 | 中楼层(共17层)  | 塔楼,
20201223,嘉定,嘉定新城,精装修，配套齐全，近地铁交通出行便利,170万,2室1厅 | 58.98平米 | 南 | 其他 | 高楼层(共4层)  | 板楼,
20201223,嘉定,嘉定新城,高楼层采光无遮挡，临华二，近紫气东来，白银路,350万,4室2厅 | 160.24平米 | 南 北 | 精装 | 高楼层(共19层)  | 板楼,
20201223,嘉定,嘉定新城,性价.比高，近地铁，近万达，三甲医院,85万,1室1厅 | 39.35平米 | 东 | 精装 | 29层 | 2012年建 | 塔楼,
20201223,嘉定,嘉定新城,小区环境好，品质高，南面为瑞金医院，北面为公园,84万,1室1厅 | 43.94平米 | 北 | 精装 | 高楼层(共9层) | 2014年建 | 板楼,
20201223,嘉定,嘉定新城,两房户型正气，精装修适合刚需过渡。,140万,2室2厅 | 48平米 | 南 | 精装 | 高楼层(共13层) | 2015年建 | 塔楼,
20201223,嘉定,嘉定新城,诚心出售   朝南大复式   精装修,180万,2室1厅 | 50.66平米 | 南 北 | 精装 | 高楼层(共5层)  | 暂无数据,
20201223,嘉定,嘉定新城,北欧风格开发商装修，满五唯一，双南户型，一梯三户,305万,2室1厅 | 78.32平米 | 南 | 精装 | 低楼层(共11层) | 2013年建 | 板楼,http://image1.ljcdn.com/x-se/hdic-frame/ee09c6e7-0226-4cdd-bb22-c43e876cfb1a.png.296x216.jpg
20201223,嘉定,嘉定新城,龙湖蔚蓝香醍2811房源评价。。。。。,150万,2室1厅 | 102.04平米 | 西 | 精装 | 31层 | 2013年建 | 塔楼,
20201223,嘉定,嘉定新城,低于市场价，税费少，精装修，宝龙广场旁边，配套齐全房主自荐,105万,2室1厅 | 51.22平米 | 北 | 精装 | 中楼层(共20层) | 2013年建 | 塔楼,
20201223,嘉定,嘉定新城,业主自己住的，精装修，交通便利，配套齐全,98万,1室2厅 | 37.81平米 | 北 | 精装 | 高楼层(共21层) | 2016年建 | 塔楼,
20201223,嘉定,嘉定新城,光明D9在售中间楼层低总价的毛坯房,110万,2室2厅 | 38.18平米 | 南 | 毛坯 | 中楼层(共19层) | 2016年建 | 平房,
20201223,嘉定,嘉定新城,远香湖公园旁，精装修，诚意出售，楼层好，视野开阔,170万,2室1厅 | 47.96平米 | 南 | 精装 | 中楼层(共13层)  | 塔楼,
20201223,嘉定,嘉定新城,合景理想家 3室2厅 西北,198万,3室2厅 | 116平米 | 西北 | 其他 | 高楼层(共9层) | 2014年建 | 板楼,
20201223,嘉定,嘉定新城,精装修，近地铁，近万达，小户型适合置业小夫妻。,100万,1室1厅 | 44.64平米 | 南 | 其他 | 中楼层(共9层) | 2014年建 | 板楼,
20201223,嘉定,嘉定新城,崇文路1851弄 3室1厅 南,250万,3室1厅 | 130.32平米 | 南 | 其他 | 高楼层(共22层)  | 板楼,
20201223,嘉定,嘉定新城,龙湖蔚澜香醍 2室2厅 西,175万,2室2厅 | 102.04平米 | 西 | 其他 | 31层 | 2013年建 | 塔楼,
20201223,嘉定,嘉定新城,看房方便！近宝龙！远香湖！交通便利！配套齐全！,125万,2室2厅 | 50.55平米 | 北 | 其他 | 中楼层(共17层)  | 塔楼,
20201223,嘉定,嘉定新城,左岸香堤(商业类) 1室0厅,755万,1室0厅 | 200平米 | 暂无数据 | 其他 | 低楼层(共12层) | 2011年建 | 板楼,
20201223,嘉定,嘉定新城,11号线马陆站+中yang空调+精装修+大户型单价低+税少,188万,2室1厅 | 71.4平米 | 南 北 | 精装 | 高楼层(共4层)  | 板楼,
20201223,嘉定,嘉定新城,合景理想家 1室1厅 南,105万,1室1厅 | 49.78平米 | 南 | 其他 | 中楼层(共9层) | 2014年建 | 板楼,
20201223,嘉定,嘉定新城,创融嘉天地(商业类) 4室2厅 南,320万,4室2厅 | 160.24平米 | 南 | 其他 | 中楼层(共19层)  | 板楼,
20201223,嘉定,嘉定新城,汇豪新天地 2室2厅 南,160万,2室2厅 | 62.03平米 | 南 | 其他 | 中楼层(共13层)  | 塔楼,
20201223,嘉定,嘉定新城,好世商业广场 2室1厅 南,134万,2室1厅 | 53.7平米 | 南 | 其他 | 中楼层(共18层)  | 塔楼,
20201223,嘉定,嘉定新城,合景理想家 1室1厅 北,85万,1室1厅 | 43.94平米 | 北 | 精装 | 中楼层(共9层) | 2014年建 | 板楼,
20201223,嘉定,嘉定新城,绿地卡米公社 3室2厅 南,220万,3室2厅 | 84.19平米 | 南 | 简装 | 高楼层(共16层)  | 塔楼,
20201223,嘉定,嘉定新城,小区低总价一套大3房  户型正气。税费少房主自荐,395万,3室2厅 | 134.86平米 | 南 | 简装 | 低楼层(共18层) | 2010年建 | 板楼,
20201223,嘉定,嘉定新城,嘉定新城中间区域，只此一栋，层高5.5米，有地暖,145万,2室2厅 | 50.55平米 | 北 | 精装 | 高楼层(共17层)  | 塔楼,
20201223,嘉定,嘉定新城,业主诚意出售，小区品质高，看房方便，,145万,1室1厅 | 63平米 | 北 东 | 其他 | 29层 | 2012年建 | 塔楼,
20201223,嘉定,嘉定新城,新城洋房 带地下室和露台 满五税少 地铁口好房推荐,635万,4室2厅 | 146平米 | 南 北 | 简装 | 中楼层(共5层) | 2010年建 | 板楼,
20201223,嘉定,嘉定新城,深城投十一街区 2室2厅 南,298万,2室2厅 | 104平米 | 南 | 其他 | 高楼层(共5层)  | 板楼,
20201223,嘉定,嘉定新城,配套齐全，近地铁出行便利，采光通风好,138万,1室1厅 | 53.68平米 | 南 | 简装 | 低楼层(共18层) | 2015年建 | 塔楼,
20201223,嘉定,嘉定新城,临河大别墅，前后双花园，全明户型，双车位。,1330万,4室2厅 | 271.36平米 | 南 北 | 简装 | 低楼层(共3层) | 2008年建 | 板楼,http://image1.ljcdn.com/x-se/310000-frame/0e97d50d-5632-4909-ac99-dfaa07683747.jpg.296x216.jpg
20201223,嘉定,嘉定新城,光明D9空间 2室1厅 南,129万,2室1厅 | 57平米 | 南 | 其他 | 低楼层(共19层) | 2016年建 | 塔楼,
20201223,嘉定,嘉定新城,深城投十一街区 3室2厅 北,320万,3室2厅 | 103.93平米 | 北 | 其他 | 中楼层(共17层)  | 板楼,
20201223,嘉定,嘉定新城,尚品 1室1厅 西,85万,1室1厅 | 31.24平米 | 西 | 其他 | 低楼层(共19层)  | 板楼,
20201223,嘉定,嘉定新城,好楼层   东边套   保养装修好,129万,1室1厅 | 55.65平米 | 北 东北 | 精装 | 中楼层(共9层) | 2014年建 | 板楼,
20201223,嘉定,嘉定新城,17年次新房 只需要缴纳契税 南北通大三室 诚信出售房主自荐,480万,3室2厅 | 115平米 | 南 北 | 简装 | 高楼层(共20层)  | 板楼,
20201223,嘉定,嘉定新城,龙湖品质 复式户型 动静分离 南北通透,458万,3室2厅 | 121.12平米 | 南 北 | 精装 | 高楼层(共31层) | 2013年建 | 塔楼,http://image1.ljcdn.com/x-se/hdic-frame/fc1f773a-bc81-42f8-95c0-b07b97b7fd9f.png.296x216.jpg
20201223,嘉定,嘉定新城,视野开阔 精装修  高品质 诚意足,139万,2室1厅 | 57.53平米 | 北 | 精装 | 高楼层(共19层)  | 板楼,
20201223,嘉定,嘉定新城,保利家园，远香湖环境好，南北通边套两房，容积.率低房主自荐,320万,2室1厅 | 89.05平米 | 南 北 | 简装 | 低楼层(共18层) | 2010年建 | 板楼,http://image1.ljcdn.com/x-se/hdic-frame/ec2cb77e-b85f-4094-bfea-80e2608945fe.png.296x216.jpg
20201223,嘉定,嘉定新城,惠民家园 3室2厅 南 北,380万,3室2厅 | 97.58平米 | 南 北 | 简装 | 中楼层(共18层) | 2012年建 | 板楼,
20201223,嘉定,嘉定新城,头次动迁大两房，有产证随时签字过户,345万,2室2厅 | 92.82平米 | 南 | 毛坯 | 中楼层(共18层) | 2015年建 | 板楼,http://image1.ljcdn.com/110000-inspection/pc1_B4cWNJoHv_1.jpg.296x216.jpg
20201223,嘉定,嘉定新城,大两房，总价低，近地铁，业主诚心出售,160万,2室2厅 | 102.04平米 | 西 | 精装 | 31层 | 2013年建 | 塔楼,http://image1.ljcdn.com/x-se/hdic-frame/7de73e88-6600-410c-b09a-cdd0622cf964.png.296x216.jpg
20201223,嘉定,嘉定新城,光明D9空间 2室1厅 南,123万,2室1厅 | 57.45平米 | 南 | 毛坯 | 中楼层(共19层) | 2016年建 | 平房,http://image1.ljcdn.com/x-se/hdic-frame/d5ab7228-69cc-4971-ba2d-80247bc7adee.png.296x216.jpg
20201223,嘉定,嘉定新城,合景峰汇(嘉定) 2室2厅 西新上,110万,2室2厅 | 43平米 | 西 | 其他 | 高楼层(共16层) | 2015年建 | 塔楼,
20201223,嘉定,嘉定新城,新城香溢澜庭 2室1厅 南,138万,2室1厅 | 45.86平米 | 南 | 精装 | 高楼层(共12层)  | 板楼,http://image1.ljcdn.com/x-se/hdic-frame/prod-8d213889-add2-4a82-af7a-5a7a5b4abde8.png.296x216.jpg
20201223,嘉定,嘉定新城,业主诚意出售房源，价格实惠，欢迎咨询,100万,3室1厅 | 47.81平米 | 南 | 精装 | 低楼层(共20层)  | 塔楼,
20201223,嘉定,嘉定新城,看，地铁口，品质物业，精装修一房，环境好，方便。,83万,1室1厅 | 60.92平米 | 南 | 精装 | 31层 | 2013年建 | 塔楼,http://image1.ljcdn.com/x-se/hdic-frame/ba53e195-580e-44a1-82a2-79c3f60d1099.png.296x216.jpg
20201223,嘉定,嘉定新城,新城金郡（商住） 2室2厅 南,105万,2室2厅 | 53.5平米 | 南 | 其他 | 高楼层(共21层)  | 塔楼,
20201223,嘉定,嘉定新城,光明D9空间 2室1厅 南 北,120万,2室1厅 | 48平米 | 南 北 | 简装 | 中楼层(共13层)  | 塔楼,
20201223,嘉定,嘉定新城,Hot！自己装修保养很好  采光无遮挡 近远香湖近宝龙,85万,2室1厅 | 49.14平米 | 西 | 简装 | 低楼层(共12层) | 2011年建 | 板楼,
20201223,嘉定,嘉定新城,嘉定新城 远香湖畔 4.5米挑高 可贷款,95万,2室1厅 | 44平米 | 东 | 精装 | 高楼层(共19层)  | 板楼,
20201223,嘉定,嘉定新城,中间楼层 视野好采光好 总价低 装修保养好,111万,1室1厅 | 39平米 | 南 | 精装 | 中楼层(共8层)  | 板楼,
20201223,嘉定,嘉定新城,新城金郡（商住） 2室2厅 南,126万,2室2厅 | 63平米 | 南 | 简装 | 高楼层(共17层) | 2013年建 | 板楼,
20201223,嘉定,嘉定新城,邻近宝龙广场，近远香湖，精装修，好楼层。采光好！,110万,2室2厅 | 47.8平米 | 北 | 精装 | 低楼层(共20层)  | 塔楼,
20201223,嘉定,嘉定新城,合景理想家 3室1厅 北,160万,3室1厅 | 82.05平米 | 北 | 精装 | 高楼层(共9层) | 2014年建 | 板楼,
20201223,嘉定,嘉定新城,装修保养好 产权清晰 价格可谈,85万,1室1厅 | 51.17平米 | 北 | 精装 | 高楼层(共9层) | 2014年建 | 板楼,
20201223,嘉定,嘉定新城,好世商业广场 2室1厅 东南,143万,2室1厅 | 53.68平米 | 东南 | 精装 | 中楼层(共18层) | 2015年建 | 塔楼,
20201223,嘉定,嘉定新城,合景峰汇(嘉定) 2室2厅 南,140万,2室2厅 | 55.57平米 | 南 | 其他 | 中楼层(共20层) | 2013年建 | 塔楼,
20201223,嘉定,嘉定新城,两层复式精装修，近地铁，临公园，中层朝南采光好,130万,2室1厅 | 56.07平米 | 南 | 精装 | 中楼层(共22层) | 2013年建 | 塔楼,
20201223,嘉定,嘉定新城,合景峰汇(嘉定) 2室2厅 南,125万,2室2厅 | 51.22平米 | 南 | 精装 | 中楼层(共20层) | 2013年建 | 塔楼,
20201223,嘉定,嘉定新城,楼下宝龙城市广场 复式4.5米 层高 50年产  低总价,82万,2室2厅 | 42.81平米 | 东 | 毛坯 | 低楼层(共16层) | 2015年建 | 塔楼,
20201223,嘉定,嘉定新城,两层复式精装，近地铁，临公园，采光好房主自荐,122万,3室2厅 | 62.71平米 | 南 北 | 精装 | 低楼层(共18层) | 2011年建 | 塔楼,
20201223,嘉定,嘉定新城,合景理想家 1室1厅 北,65万,1室1厅 | 33.89平米 | 北 | 精装 | 低楼层(共9层) | 2014年建 | 板楼,http://image1.ljcdn.com/x-se/hdic-frame/prod-c193ef88-f027-46c0-8ded-fcfeafef4b1f.png.296x216.jpg
20201223,嘉定,嘉定新城,光明D9空间 2室2厅 南,126万,2室2厅 | 57平米 | 南 | 其他 | 低楼层(共19层) | 2016年建 | 平房,
20201223,嘉定,嘉定新城,嘉定新城地铁精装公寓，朝南采光好,190万,3室2厅 | 113.66平米 | 西 | 其他 | 中楼层(共11层) | 2016年建 | 板楼,
20201223,嘉定,嘉定新城,层高4.5米通水电+精装修+近远香湖+配套齐全,133万,2室1厅 | 58平米 | 南 | 精装 | 中楼层(共19层)  | 板楼,
20201223,嘉定,嘉定新城,创融嘉天地(商业类) 2室1厅 北,108万,2室1厅 | 46.55平米 | 北 | 其他 | 高楼层(共17层)  | 塔楼,
20201223,嘉定,嘉定新城,非限购，精装次新房，诚心出售，看中可聊,145万,3室1厅 | 66平米 | 南 | 精装 | 低楼层(共17层) | 2011年建 | 塔楼,
20201223,嘉定,嘉定新城,旭辉华庭 1室1厅 西,58万,1室1厅 | 28.32平米 | 西 | 其他 | 高楼层(共10层) | 2013年建 | 板楼,
20201223,嘉定,嘉定新城,精装修，中间楼层。采光好，视野棒！,95万,2室1厅 | 47平米 | 北 | 其他 | 低楼层(共20层) | 2012年建 | 塔楼,
20201223,嘉定,嘉定新城,楼层好，视野宽阔，精装修，房东诚心出售,135万,2室1厅 | 62.71平米 | 南 | 简装 | 高楼层(共18层) | 2011年建 | 塔楼,
20201223,嘉定,嘉定新城,低税费，低单价，近地铁，易过渡,115万,2室1厅 | 56平米 | 南 | 简装 | 低楼层(共22层) | 2016年建 | 塔楼,
20201223,嘉定,嘉定新城,明发嘉定中心 3室1厅 南,120万,3室1厅 | 57平米 | 南 | 精装 | 高楼层(共17层)  | 塔楼,
20201223,嘉定,嘉定新城,此房朝南，业主诚心出售，维护保养好，看房方便。,95万,1室1厅 | 43.94平米 | 南 | 精装 | 中楼层(共9层) | 2014年建 | 板楼,
20201223,嘉定,嘉定新城,骏丰玲珑坊 2室2厅 南,180万,2室2厅 | 58.98平米 | 南 | 精装 | 中楼层(共4层)  | 板楼,
20201223,嘉定,嘉定新城,挑高5米 远香湖旁 舒适 配套齐全 二手买入税费少,105万,2室2厅 | 58平米 | 北 | 精装 | 高楼层(共19层)  | 板楼,
20201223,嘉定,嘉定新城,采光通风好，户型方正，诚意出售,115万,2室1厅 | 56.17平米 | 东 | 精装 | 高楼层(共17层)  | 塔楼,
20201223,嘉定,嘉定新城,新城金郡（商住） 2室2厅 西南,125万,2室2厅 | 63.1平米 | 西南 | 精装 | 中楼层(共17层) | 2013年建 | 板楼,
20201223,嘉定,嘉定新城,11号线嘉定新城地铁口，封闭式小区，低税费刚需公寓,95万,1室1厅 | 49平米 | 北 | 精装 | 高楼层(共9层) | 2014年建 | 板楼,
20201223,嘉定,嘉定新城,前排高层 精装交付 嘉定中间 近远香湖 保利大剧院,130万,2室1厅 | 58.1平米 | 南 | 精装 | 高楼层(共13层)  | 板楼,
20201223,嘉定,嘉定新城,崇文路1851弄 1室1厅 东南 西南,120万,1室1厅 | 55平米 | 东南 西南 | 精装 | 高楼层(共22层)  | 板楼,
20201223,嘉定,嘉定新城,朝南 近地铁  小户型两房 业主诚心出售房主自荐,92万,2室1厅 | 39.61平米 | 南 | 精装 | 中楼层(共17层) | 2013年建 | 塔楼,
20201223,嘉定,嘉定新城,11号线，房子精装修，保养好，采光充足房主自荐,120万,2室1厅 | 57.64平米 | 南 | 精装 | 低楼层(共17层) | 2013年建 | 塔楼,
20201223,嘉定,嘉定新城,精装房+总价低+交通方便+诚意出售,90万,1室1厅 | 37平米 | 北 | 精装 | 低楼层(共21层)  | 塔楼,
20201223,嘉定,嘉定新城,合景理想家 2室1厅 北,90万,2室1厅 | 43.94平米 | 北 | 精装 | 高楼层(共9层) | 2014年建 | 板楼,
20201223,嘉定,嘉定新城,朝南 采光好  楼层适中  价格合理 精装修,135万,3室1厅 | 63平米 | 南 | 简装 | 中楼层(共17层) | 2011年建 | 塔楼,
20201223,嘉定,嘉定新城,高楼层公寓+采光充足+视野开阔+精装修+户型方正,125万,2室1厅 | 50平米 | 南 北 | 精装 | 高楼层(共17层) | 2013年建 | 塔楼,
20201223,嘉定,嘉定新城,业主诚心出售，小区环境优美，物业管理好,97万,1室1厅 | 45.93平米 | 南 | 精装 | 中楼层(共9层) | 2014年建 | 板楼,
20201223,嘉定,嘉定新城,户型方正，得房率高，精装，业主要置换房屋，诚心出售,190万,2室2厅 | 102.04平米 | 西 | 精装 | 31层 | 2013年建 | 塔楼,
20201223,嘉定,嘉定新城,装修好 家电齐全 户型好 采光好,95万,2室1厅 | 43平米 | 东 | 精装 | 中楼层(共16层) | 2015年建 | 塔楼,
20201223,嘉定,嘉定新城,光明D9空间 1室1厅 南,119万,1室1厅 | 38平米 | 南 | 其他 | 中楼层(共18层) | 2016年建 | 塔楼,
20201223,嘉定,嘉定新城,HOT！白银路地铁口，刚需，小区环境干净整洁,113万,2室2厅 | 45.86平米 | 南 | 精装 | 中楼层(共12层)  | 板楼,
20201223,嘉定,嘉定新城,光明D9空间 1室1厅 南,105万,1室1厅 | 44.11平米 | 南 | 精装 | 高楼层(共19层)  | 塔楼,
20201223,嘉定,嘉定新城,房子精装修，大融城，采光好！通风好！出行方便！房主自荐,127万,2室1厅 | 50.38平米 | 南 | 精装 | 高楼层(共17层)  | 塔楼,
20201223,嘉定,嘉定新城,非限购，精装次新房，诚心出售，看中可聊,124万,2室2厅 | 62.71平米 | 南 | 精装 | 中楼层(共18层) | 2011年建 | 塔楼,
20201223,嘉定,嘉定新城,房源近地铁 配套齐全 精装修  诚意出售,110万,2室1厅 | 40.48平米 | 西南 | 精装 | 高楼层(共22层)  | 板楼,
20201223,嘉定,嘉定新城,30万装修 商圈齐全 远香湖 保利大剧院 图书馆 楼层好,135万,1室2厅 | 47.96平米 | 南 | 精装 | 高楼层(共13层)  | 塔楼,
20201223,嘉定,嘉定新城,临地铁，小区的位置好，出门菜场大型超市，配套齐,130万,2室1厅 | 56平米 | 南 | 精装 | 中楼层(共22层)  | 塔楼,
20201223,嘉定,嘉定新城,合景峰汇(嘉定) 2室1厅 北,102万,2室1厅 | 47平米 | 北 | 精装 | 高楼层(共20层) | 2012年建 | 塔楼,
20201223,嘉定,嘉定新城,高楼层采光好，视野开阔，出行交通便利。,120万,2室2厅 | 51.38平米 | 东北 | 精装 | 中楼层(共17层) | 2013年建 | 板楼,
20201223,嘉定,嘉定新城,合景峰汇(嘉定) 2室1厅 北,85万,2室1厅 | 43平米 | 北 | 简装 | 低楼层(共19层) | 2015年建 | 塔楼,
20201223,嘉定,嘉定新城,精装修，两房，中楼层，视野开阔，采光充足,130万,2室2厅 | 51.22平米 | 南 | 精装 | 中楼层(共20层) | 2013年建 | 塔楼,
20201223,嘉定,嘉定新城,合景峰汇(嘉定) 2室1厅 南,120万,2室1厅 | 42.69平米 | 南 | 精装 | 中楼层(共19层) | 2015年建 | 塔楼,
20201223,嘉定,嘉定新城,光明D9空间 2室1厅 南,130万,2室1厅 | 64平米 | 南 | 毛坯 | 低楼层(共19层) | 2016年建 | 塔楼,
20201223,嘉定,嘉定新城,新城金郡（商住） 3室2厅 东 北,170万,3室2厅 | 71.16平米 | 东 北 | 精装 | 高楼层(共17层) | 2013年建 | 塔楼,
20201223,嘉定,嘉定新城,光明D9空间 2室1厅 南,150万,2室1厅 | 56平米 | 南 | 精装 | 高楼层(共13层) | 2016年建 | 塔楼,
20201223,嘉定,嘉定新城,骏丰玲珑坊 2室2厅 南,150万,2室2厅 | 58.98平米 | 南 | 精装 | 高楼层(共4层) | 2015年建 | 板楼,
20201223,嘉定,嘉定新城,明发嘉定中心 3室1厅 东 西 南,120万,3室1厅 | 64.47平米 | 东 西 南 | 精装 | 低楼层(共17层)  | 塔楼,
20201223,嘉定,嘉定新城,好！远香湖旁，，近宝龙广场，精装保养好,110万,1室1厅 | 44平米 | 南 | 精装 | 中楼层(共19层) | 2016年建 | 塔楼,
20201223,嘉定,嘉定新城,合景理想家 1室1厅 北,80万,1室1厅 | 42.93平米 | 北 | 精装 | 中楼层(共9层) | 2014年建 | 板楼,
20201223,嘉定,嘉定新城,楼层超好， 房屋朝南，总价低，进地铁,98万,2室2厅 | 40平米 | 南 | 精装 | 高楼层(共17层) | 2013年建 | 板楼,
20201223,嘉定,嘉定新城,近远香湖，精装修，高楼层。采光好，视野棒！,105万,2室1厅 | 51.15平米 | 北 | 精装 | 高楼层(共20层) | 2013年建 | 塔楼,
20201223,嘉定,嘉定新城,楼层好 精装修 视野宽阔 采光好,95万,2室1厅 | 38.08平米 | 北 | 精装 | 高楼层(共21层) | 2013年建 | 塔楼,
20201223,嘉定,嘉定新城,业主诚售，随时可看，距地铁500米，配套齐全,120万,2室1厅 | 53平米 | 南 | 精装 | 低楼层(共21层)  | 塔楼,
20201223,嘉定,嘉定新城,东方豪园 1室2厅 南,140万,1室2厅 | 47.64平米 | 南 | 精装 | 中楼层(共8层)  | 板楼,
20201223,嘉定,嘉定新城,新城金郡（商住） 2室1厅 南,116万,2室1厅 | 54.35平米 | 南 | 精装 | 低楼层(共21层)  | 塔楼,
20201223,嘉定,嘉定新城,合景理想家 1室1厅 北,84万,1室1厅 | 46.06平米 | 北 | 精装 | 中楼层(共9层) | 2014年建 | 板楼,
20201223,嘉定,嘉定新城,合景理想家 1室1厅 北,100万,1室1厅 | 51.6平米 | 北 | 精装 | 中楼层(共9层) | 2014年建 | 板楼,
20201223,嘉定,嘉定新城,合景峰汇(嘉定) 2室2厅 东,105万,2室2厅 | 43平米 | 东 | 简装 | 低楼层(共19层) | 2015年建 | 塔楼,
20201223,嘉定,嘉定新城,此房源朝南，上下楼层，近地铁，商圈汇聚，楼下商场,148万,2室2厅 | 59.9平米 | 南 | 精装 | 中楼层(共22层) | 2012年建 | 塔楼,
20201223,嘉定,嘉定新城,合景峰汇(嘉定) 2室2厅 北,120万,2室2厅 | 61.37平米 | 北 | 毛坯 | 低楼层(共20层) | 2013年建 | 塔楼,
20201223,嘉定,嘉定新城,精装修，近地铁，临公园，朝南采光好房主自荐,95万,1室1厅 | 56.07平米 | 南 | 精装 | 高楼层(共22层) | 2016年建 | 塔楼,
20201223,嘉定,嘉定新城,龙湖蔚澜香醍 2室1厅 南 北,198万,2室1厅 | 103.87平米 | 南 北 | 精装 | 31层 | 2013年建 | 塔楼,
20201223,嘉定,嘉定新城,总价低  精装修   保养好  配套成熟,118万,2室1厅 | 57.53平米 | 北 | 精装 | 低楼层(共19层) | 2012年建 | 板楼,
20201223,嘉定,嘉定新城,光明D9空间 2室2厅 南,145万,2室2厅 | 56.86平米 | 南 | 精装 | 中楼层(共13层) | 2013年建 | 塔楼,
20201223,嘉定,嘉定新城,户型方正，得房率高，精装修，近地铁,108万,1室1厅 | 66.39平米 | 南 | 精装 | 31层 | 2013年建 | 塔楼,
20201223,嘉定,嘉定新城,新城金郡（商住） 3室2厅 南,123万,3室2厅 | 62.71平米 | 南 | 精装 | 低楼层(共18层) | 2011年建 | 塔楼,
20201223,嘉定,嘉定新城,新城金郡（商住） 2室1厅 南,129万,2室1厅 | 62.7平米 | 南 | 精装 | 低楼层(共18层) | 2011年建 | 塔楼,
20201223,嘉定,嘉定新城,骏丰玲珑坊 1室1厅 南,103万,1室1厅 | 36.74平米 | 南 | 精装 | 高楼层(共5层) | 2015年建 | 板楼,
20201223,嘉定,嘉定新城,好世商业广场 2室1厅 东,165万,2室1厅 | 53.68平米 | 东 | 精装 | 低楼层(共18层) | 2015年建 | 塔楼,
20201223,嘉定,嘉定新城,骏丰玲珑坊 2室1厅 南 北,98万,2室1厅 | 28.59平米 | 南 北 | 精装 | 中楼层(共5层) | 2015年建 | 板楼,
20201223,嘉定,嘉定新城,新城金郡（商住） 2室1厅 南,135万,2室1厅 | 62.5平米 | 南 | 精装 | 中楼层(共17层) | 2011年建 | 塔楼,
20201223,嘉定,嘉定新城,晶鼎大厦 2室2厅 南,160万,2室2厅 | 50.55平米 | 南 | 精装 | 中楼层(共17层)  | 塔楼,
20201223,嘉定,嘉定新城,平层通燃气，简单装修，有钥匙看房随时，高楼层,96万,1室1厅 | 44平米 | 南 | 精装 | 中楼层(共19层)  | 塔楼,http://image1.ljcdn.com/x-se/hdic-frame/632268cc-ebe7-41a8-8b49-6049708c19d9.png.296x216.jpg
20201223,嘉定,嘉定新城,精装修+层高4.5米+三个房间+采光视野好+近宝龙,175万,3室2厅 | 97.16平米 | 南 | 精装 | 高楼层(共20层) | 2013年建 | 塔楼,
20201223,嘉定,嘉定新城,合景理想家 1室0厅 西南,110万,1室0厅 | 49.93平米 | 西南 | 其他 | 低楼层(共9层) | 2014年建 | 板楼,
20201223,嘉定,嘉定新城,晶鼎大厦 2室1厅 北,150万,2室1厅 | 50.55平米 | 北 | 其他 | 中楼层(共17层)  | 塔楼,
20201223,嘉定,嘉定新城,嘉定新城 远香湖畔 4.5米层高 精装复式公寓房主自荐,98万,1室2厅 | 43.8平米 | 东 | 精装 | 高楼层(共19层)  | 板楼,http://image1.ljcdn.com/x-se/hdic-frame/1ba870e6-1887-41c4-ab47-f649a3c1c64e.png.296x216.jpg
20201223,嘉定,嘉定新城,合景峰汇(嘉定) 1室2厅 南,110万,1室2厅 | 51.22平米 | 南 | 精装 | 中楼层(共20层) | 2013年建 | 塔楼,
20201223,嘉定,嘉定新城,合景峰汇(嘉定) 3室2厅 南,170万,3室2厅 | 83平米 | 南 | 简装 | 高楼层(共20层) | 2013年建 | 塔楼,
20201223,嘉定,嘉定新城,低税费，精装修，复式房，近地铁，诚心出售,120万,2室1厅 | 53平米 | 南 | 精装 | 低楼层(共21层)  | 塔楼,
20201223,嘉定,嘉定新城,合景峰汇(嘉定) 2室2厅 南,125万,2室2厅 | 55.13平米 | 南 | 精装 | 高楼层(共20层) | 2013年建 | 塔楼,
20201223,嘉定,嘉定新城,新精装修 楼层高 采光好 视野开阔 布局合理,112万,1室1厅 | 39平米 | 南 | 精装 | 中楼层(共8层) | 2015年建 | 板楼,
20201223,嘉定,嘉定新城,合景峰汇(嘉定) 1室0厅,130万,1室0厅 | 37.12平米 | 暂无数据 | 简装 | 低楼层(共1层) | 2013年建 | 板楼,
20201223,嘉定,嘉定新城,尚品 2室1厅,126万,2室1厅 | 57平米 | 暂无数据 | 其他 | 低楼层(共19层)  | 板楼,
20201223,嘉定,嘉定新城,尚品 2室1厅 南,150万,2室1厅 | 57.15平米 | 南 | 其他 | 中楼层(共19层)  | 板楼,
20201223,嘉定,嘉定新城,晶鼎大厦 2室1厅 北,135万,2室1厅 | 50.55平米 | 北 | 精装 | 高楼层(共17层)  | 塔楼,
20201223,嘉定,嘉定新城,旭辉华庭 1室0厅 西北,165万,1室0厅 | 77.76平米 | 西北 | 其他 | 低楼层(共10层) | 2013年建 | 板楼,
20201223,嘉定,嘉定新城,汇豪新天地 2室2厅,150万,2室2厅 | 65.61平米 | 暂无数据 | 其他 | 中楼层(共13层)  | 塔楼,
20201223,嘉定,嘉定新城,Hot！采光充足，交通便利，近地铁，精装修，龙湖物业,85万,1室1厅 | 60.82平米 | 南 | 其他 | 31层 | 2013年建 | 塔楼,
20201223,嘉定,嘉定新城,晶鼎大厦 1室1厅 北,160万,1室1厅 | 50.55平米 | 北 | 其他 | 高楼层(共17层)  | 塔楼,
20201223,嘉定,嘉定新城,左岸香堤(商业类) 1室1厅,95万,1室1厅 | 52.28平米 | 暂无数据 | 其他 | 低楼层(共12层) | 2011年建 | 板楼,
20201223,嘉定,嘉定新城,崇文路1851弄 2室1厅 南,105万,2室1厅 | 43.66平米 | 南 | 其他 | 中楼层(共22层)  | 板楼,
20201223,嘉定,嘉定新城,精装房 近宝龙广场 在嘉定中间区域 配套好,110万,2室1厅 | 43平米 | 南 | 其他 | 低楼层(共19层) | 2015年建 | 塔楼,
20201223,嘉定,嘉定新城,房源近地铁 配套齐全 精装修 诚意出售,95万,2室1厅 | 55平米 | 北 | 其他 | 高楼层(共22层)  | 板楼,
20201223,嘉定,嘉定新城,近地铁800米，瑞金北院，300米万达广场，小区环境好。,88万,1室1厅 | 36.67平米 | 北 | 其他 | 中楼层(共9层) | 2014年建 | 板楼,
20201223,嘉定,嘉定新城,明发嘉定中心 1室1厅 西,128万,1室1厅 | 63平米 | 西 | 精装 | 低楼层(共17层)  | 塔楼,
20201223,嘉定,嘉定新城,尚品 2室2厅 北,120万,2室2厅 | 57平米 | 北 | 其他 | 低楼层(共19层)  | 板楼,
20201223,嘉定,嘉定新城,11号地铁线，物美，永辉，精装修，保养好，朝南总价低,103万,2室2厅 | 49平米 | 南 | 精装 | 低楼层(共17层) | 2013年建 | 板楼,
20201223,嘉定,嘉定新城,新城金郡（商住） 2室1厅 南,120万,2室1厅 | 51.2平米 | 南 | 精装 | 中楼层(共17层) | 2013年建 | 板楼,
20201223,嘉定,嘉定新城,新城香溢澜庭 1室1厅 南,126万,1室1厅 | 45.8平米 | 南 | 精装 | 低楼层(共12层) | 2015年建 | 板楼,
20201223,嘉定,嘉定新城,尚品 1室1厅 南,135万,1室1厅 | 57平米 | 南 | 其他 | 高楼层(共19层)  | 板楼,
20201223,嘉定,嘉定新城,合景理想家 1室1厅 北,105万,1室1厅 | 46.88平米 | 北 | 其他 | 高楼层(共9层) | 2014年建 | 板楼,
20201223,嘉定,嘉定新城,小区环境好，精装修，南面为瑞金医院，北面为公园,145万,2室1厅 | 72.46平米 | 北 | 精装 | 低楼层(共9层) | 2014年建 | 板楼,
20201223,嘉定,嘉定新城,高楼层，南北通，精装修，视野好,190万,4室2厅 | 82.64平米 | 南 北 | 其他 | 高楼层(共20层) | 2013年建 | 塔楼,
20201223,嘉定,嘉定新城,豪园品质 ，精装修，交通便利，配套齐全,110万,2室1厅 | 39.23平米 | 北 | 精装 | 高楼层(共8层) | 2015年建 | 板楼,
20201223,嘉定,嘉定新城,通气+台北风情街+远香湖+图书馆,138万,2室1厅 | 58.15平米 | 东 东南 | 精装 | 中楼层(共19层) | 2012年建 | 板楼,
20201223,嘉定,嘉定新城,紧离地铁 精装修  业主自住 税费少,165万,2室1厅 | 59.8平米 | 南 | 其他 | 中楼层(共4层) | 2015年建 | 板楼,
20201223,嘉定,嘉定新城,上影广场二期(商业类) 3室1厅 北,167万,3室1厅 | 84.5平米 | 北 | 精装 | 中楼层(共13层)  | 板楼,
20201223,嘉定,嘉定新城,龙湖蔚澜香醍 1室1厅 南,100万,1室1厅 | 60.92平米 | 南 | 其他 | 31层 | 2013年建 | 塔楼,
20201223,嘉定,嘉定新城,上影广场二期(商业类) 2室1厅 南,155万,2室1厅 | 58.13平米 | 南 | 精装 | 低楼层(共13层)  | 板楼,
20201223,嘉定,嘉定新城,合景理想家 1室1厅 南,105万,1室1厅 | 50平米 | 南 | 精装 | 低楼层(共9层) | 2014年建 | 板楼,
20201223,嘉定,嘉定新城,崇文路1851弄 2室1厅 西,85万,2室1厅 | 40.46平米 | 西 | 其他 | 高楼层(共22层)  | 板楼,
20201223,嘉定,嘉定新城,崇文路1855号 2室1厅 南,95万,2室1厅 | 45.03平米 | 南 | 其他 | 中楼层(共11层) | 2016年建 | 板楼,
20201223,嘉定,嘉定新城,左岸香堤(商业类) 1室1厅 南,145万,1室1厅 | 61平米 | 南 | 简装 | 低楼层(共12层) | 2011年建 | 板楼,
20201223,嘉定,嘉定新城,龙湖蔚澜香醍 2室1厅 北 西,155万,2室1厅 | 85.91平米 | 北 西 | 精装 | 31层 | 2013年建 | 塔楼,
20201223,嘉定,嘉定新城,新城金郡（商住） 2室2厅 南,135万,2室2厅 | 57.64平米 | 南 | 其他 | 高楼层(共17层) | 2013年建 | 塔楼,
20201223,嘉定,嘉定新城,骏丰玲珑坊 3室2厅 南,240万,3室2厅 | 96.57平米 | 南 | 精装 | 高楼层(共4层)  | 板楼,
20201223,嘉定,嘉定新城,精装修 保养好 *便利 诚心出售 *,195万,3室2厅 | 82.29平米 | 北 | 其他 | 中楼层(共13层)  | 暂无数据,
20201223,嘉定,嘉定新城,此房精装修，楼层位置好，视野开阔，房东诚意出售。,145万,2室1厅 | 53.3平米 | 北 | 其他 | 中楼层(共16层)  | 塔楼,
20201223,嘉定,嘉定新城,晶鼎大厦 2室1厅 西,125万,2室1厅 | 51.91平米 | 西 | 其他 | 中楼层(共17层) | 2015年建 | 塔楼,
20201223,嘉定,嘉定新城,新城金郡（商住） 2室1厅 南,120万,2室1厅 | 56平米 | 南 | 简装 | 高楼层(共22层)  | 塔楼,
20201223,嘉定,嘉定新城,合景峰汇(嘉定) 2室1厅 西,110万,2室1厅 | 43平米 | 西 | 其他 | 中楼层(共16层) | 2015年建 | 塔楼,
20201223,嘉定,嘉定新城,龙湖蔚澜香醍 1室0厅 东,86万,1室0厅 | 60.92平米 | 东 | 其他 | 31层 | 2013年建 | 塔楼,
20201223,嘉定,嘉定新城,骏丰玲珑坊 2室1厅 北,108万,2室1厅 | 36.64平米 | 北 | 精装 | 中楼层(共5层) | 2015年建 | 板楼,
20201223,嘉定,嘉定新城,新城金郡（商住） 3室2厅 南,165万,3室2厅 | 66.66平米 | 南 | 其他 | 中楼层(共18层) | 2011年建 | 塔楼,
20201223,嘉定,嘉定新城,晶鼎大厦 3室2厅 北,135万,3室2厅 | 50.55平米 | 北 | 精装 | 中楼层(共17层)  | 塔楼,
20201223,嘉定,嘉定新城,东方豪园 1室0厅 北,85万,1室0厅 | 39平米 | 北 | 精装 | 高楼层(共8层)  | 板楼,
20201223,嘉定,嘉定新城,上影广场 2室1厅 南,125万,2室1厅 | 58平米 | 南 | 其他 | 高楼层(共13层) | 2016年建 | 暂无数据,
20201223,嘉定,嘉定新城,上影广场二期(商业类) 3室1厅 南,190万,3室1厅 | 84.61平米 | 南 | 其他 | 高楼层(共13层)  | 板楼,http://image1.ljcdn.com/x-se/hdic-frame/263006a5-79df-45b2-8dfe-5121c8616176.png.296x216.jpg
20201223,嘉定,嘉定新城,好世商业广场 1室1厅 西南房主自荐,145万,1室1厅 | 53.68平米 | 西南 | 精装 | 中楼层(共18层) | 2015年建 | 塔楼,
20201223,嘉定,嘉定新城,光明D9空间 2室1厅 北房主自荐,128万,2室1厅 | 44.38平米 | 北 | 其他 | 中楼层(共13层)  | 塔楼,
20201223,嘉定,嘉定新城,崇文路1851弄 1室1厅 东,88万,1室1厅 | 40.54平米 | 东 | 其他 | 中楼层(共22层)  | 板楼,
20201223,嘉定,嘉定新城,毛坯空关，诚售，层高4.5米，看房方便，楼下宝龙,170万,4室2厅 | 81.99平米 | 南 | 其他 | 低楼层(共20层) | 2013年建 | 塔楼,
20201223,嘉定,嘉定新城,龙湖郦城 1室1厅 东,95万,1室1厅 | 39.98平米 | 东 | 其他 | 29层 | 2012年建 | 塔楼,
20201223,嘉定,嘉定新城,龙湖郦城 1室1厅 东,95万,1室1厅 | 39.98平米 | 东 | 其他 | 29层 | 2012年建 | 塔楼,
20201223,嘉定,嘉定新城,龙湖郦城 1室1厅 东,95万,1室1厅 | 39.35平米 | 东 | 其他 | 29层 | 2012年建 | 塔楼,
20201223,嘉定,嘉定新城,龙湖郦城 1室2厅 东,145万,1室2厅 | 62.08平米 | 东 | 其他 | 29层 | 2012年建 | 塔楼,
20201223,嘉定,嘉定新城,合景理想家 1室1厅 北,80万,1室1厅 | 50.14平米 | 北 | 其他 | 中楼层(共9层) | 2014年建 | 板楼,
20201223,嘉定,嘉定新城,层好，采光好，精装修好，配套齐全，业主诚心售,105万,2室1厅 | 54.27平米 | 北 | 其他 | 高楼层(共13层)  | 板楼,
20201223,嘉定,嘉定新城,崇文路1851弄 2室1厅 南,116万,2室1厅 | 54.92平米 | 南 | 其他 | 高楼层(共22层)  | 板楼,
20201223,嘉定,嘉定新城,合景理想家 1室1厅 南,100万,1室1厅 | 50平米 | 南 | 其他 | 中楼层(共9层) | 2014年建 | 板楼,
20201223,嘉定,嘉定新城,楼层好，精装修，配套齐全，总价低,85万,2室1厅 | 43.5平米 | 北 | 其他 | 中楼层(共19层) | 2015年建 | 塔楼,
20201223,嘉定,嘉定新城,光明D9空间 2室2厅 南 北,200万,2室2厅 | 88.88平米 | 南 北 | 精装 | 中楼层(共19层) | 2016年建 | 塔楼,
20201223,嘉定,嘉定新城,崇文路1855号 3室2厅 南,265万,3室2厅 | 90.43平米 | 南 | 精装 | 中楼层(共11层)  | 板楼,
20201223,嘉定,嘉定新城,诚意出售 高社区品质 总价低 追求高品质必看房主自荐,98万,1室1厅 | 42.2平米 | 西 | 精装 | 29层 | 2012年建 | 塔楼,
20201223,嘉定,嘉定新城,光明D9空间 2室1厅 南,125万,2室1厅 | 45平米 | 南 | 其他 | 高楼层(共13层) | 2017年建 | 板楼,
20201223,嘉定,嘉定新城,合景峰汇(嘉定) 2室2厅 北,105万,2室2厅 | 50.79平米 | 北 | 其他 | 中楼层(共20层) | 2013年建 | 塔楼,
20201223,嘉定,嘉定新城,两层复式精装，近地铁，临公园，采光好,135万,2室2厅 | 57.64平米 | 南 | 精装 | 中楼层(共17层) | 2013年建 | 塔楼,
20201223,嘉定,嘉定新城,上影广场二期(商业类) 2室1厅 南,127万,2室1厅 | 57.31平米 | 南 | 精装 | 高楼层(共13层)  | 板楼,
20201223,嘉定,嘉定新城,合景理想家 2室1厅 西,150万,2室1厅 | 71.4平米 | 西 | 其他 | 中楼层(共9层) | 2014年建 | 板楼,
20201223,嘉定,嘉定新城,上影广场二期(商业类) 2室1厅 南,135万,2室1厅 | 58平米 | 南 | 其他 | 中楼层(共13层)  | 板楼,
20201223,嘉定,嘉定新城,创融嘉天地(公寓) 2室1厅 北 南,128万,2室1厅 | 46.55平米 | 北 南 | 简装 | 高楼层(共19层)  | 板楼,
20201223,嘉定,嘉定新城,崇文路1851弄 3室2厅 西 北,260万,3室2厅 | 95平米 | 西 北 | 其他 | 高楼层(共22层)  | 板楼,
20201223,嘉定,嘉定新城,新城香溢澜庭 2室1厅 南,125万,2室1厅 | 46平米 | 南 | 其他 | 高楼层(共12层) | 2015年建 | 板楼,
20201223,嘉定,嘉定新城,光明D9空间 2室2厅 东,160万,2室2厅 | 59.12平米 | 东 | 其他 | 中楼层(共13层) | 2016年建 | 板楼,
20201223,嘉定,嘉定新城,天2！朝南！南北通复式！毛坯房！税费少！业主急售！,130万,2室2厅 | 58平米 | 南 | 毛坯 | 中楼层(共13层)  | 塔楼,
20201223,嘉定,嘉定新城,尚品 2室1厅 西北,112万,2室1厅 | 56.71平米 | 西北 | 其他 | 中楼层(共19层) | 2012年建 | 板楼,
20201223,嘉定,嘉定新城,崇文路1851弄 2室1厅 南,100万,2室1厅 | 42平米 | 南 | 其他 | 高楼层(共22层)  | 板楼,
20201223,嘉定,嘉定新城,旭辉华庭 1室0厅 东,82万,1室0厅 | 33.45平米 | 东 | 精装 | 中楼层(共10层) | 2013年建 | 板楼,http://image1.ljcdn.com/x-se/hdic-frame/prod-9a69582c-06a3-49a1-a6f0-dd063804d630.png.296x216.jpg
20201223,嘉定,嘉定新城,上影广场二期(商业类) 2室1厅 南,155万,2室1厅 | 63.47平米 | 南 | 精装 | 低楼层(共13层)  | 板楼,
20201223,嘉定,嘉定新城,上下层复式精装修，精品复式，业主急售！！！,99万,1室1厅 | 57.14平米 | 西 | 精装 | 低楼层(共9层) | 2014年建 | 板楼,
20201223,嘉定,嘉定新城,高楼层+视野采光好+配套齐全+近紫气东来公园+随时看房房主自荐,135万,2室1厅 | 63.5平米 | 南 | 简装 | 高楼层(共17层) | 2011年建 | 塔楼,
20201223,嘉定,嘉定新城,两层复式精装，近地铁，临公园，采光好,130万,2室1厅 | 62.5平米 | 南 | 精装 | 中楼层(共17层) | 2011年建 | 塔楼,
20201223,嘉定,嘉定新城,边套户型，紫气东来，采光通风优异，精装修,130万,2室1厅 | 63.1平米 | 东南 | 精装 | 高楼层(共17层)  | 板楼,
20201223,嘉定,嘉定新城,龙湖蔚澜香醍 1室1厅 东,80万,1室1厅 | 60.91平米 | 东 | 精装 | 31层 | 2013年建 | 塔楼,http://image1.ljcdn.com/x-se/hdic-frame/e0ade943-233c-401a-864b-c56e2990566c.png.296x216.jpg
20201223,嘉定,嘉定新城,左岸香堤(商业类) 1室1厅 南,110万,1室1厅 | 52.8平米 | 南 | 毛坯 | 低楼层(共12层) | 2011年建 | 板楼,
20201223,嘉定,嘉定新城,合景峰汇(嘉定) 2室2厅 北,105万,2室2厅 | 43平米 | 北 | 其他 | 中楼层(共19层) | 2015年建 | 塔楼,
20201223,嘉定,嘉定新城,合景峰汇(嘉定) 2室2厅 北,105万,2室2厅 | 43平米 | 北 | 其他 | 中楼层(共19层) | 2015年建 | 塔楼,
20201223,嘉定,嘉定新城,新城金郡（商住） 2室1厅 南,120万,2室1厅 | 50平米 | 南 | 其他 | 低楼层(共17层)  | 板楼,
20201223,嘉定,嘉定新城,光明D9空间 2室0厅 南,88万,2室0厅 | 37.88平米 | 南 | 其他 | 低楼层(共19层) | 2016年建 | 塔楼,
20201223,嘉定,嘉定新城,左岸香堤(商业类) 1室1厅 东,80万,1室1厅 | 30平米 | 东 | 其他 | 中楼层(共12层) | 2011年建 | 板楼,
20201223,嘉定,嘉定新城,买一层附带一层，外地户口，可以直接买，随时看房,199万,3室2厅 | 129.51平米 | 西南 | 精装 | 高楼层(共11层)  | 板楼,
20201223,嘉定,嘉定新城,新城金郡（商住） 1室1厅 南,97万,1室1厅 | 56.07平米 | 南 | 其他 | 高楼层(共22层) | 2013年建 | 塔楼,http://image1.ljcdn.com/x-se/hdic-frame/b5390e53-d061-497c-969f-e5b0e56086d9.png.296x216.jpg
20201223,嘉定,嘉定新城,合景峰汇(嘉定) 2室2厅 东,110万,2室2厅 | 42.89平米 | 东 | 其他 | 中楼层(共16层) | 2015年建 | 塔楼,
20201223,嘉定,嘉定新城,此房朝北，业主出售诚意。维护保养好,85万,1室1厅 | 43.94平米 | 北 | 精装 | 高楼层(共9层) | 2014年建 | 板楼,
20201223,嘉定,嘉定新城,东方豪园 1室1厅 南,115万,1室1厅 | 38.67平米 | 南 | 其他 | 高楼层(共8层)  | 板楼,
20201223,嘉定,嘉定新城,晶鼎大厦 2室2厅 北,130万,2室2厅 | 50平米 | 北 | 精装 | 中楼层(共17层)  | 板楼,
20201223,嘉定,嘉定新城,业主诚售，价格可谈，精装修，房屋保养好,125万,2室2厅 | 47.58平米 | 北 | 其他 | 低楼层(共20层) | 2013年建 | 塔楼,
20201223,嘉定,嘉定新城,深城投十一街区 5室2厅 南,275万,5室2厅 | 103.94平米 | 南 | 毛坯 | 中楼层(共17层) | 2018年建 | 板楼,http://image1.ljcdn.com/x-se/hdic-frame/prod-efb573c8-5b73-4793-99df-a02a2801d0f3.png.296x216.jpg
20201223,嘉定,嘉定新城,骏丰玲珑坊 1室1厅 北,119万,1室1厅 | 36.12平米 | 北 | 其他 | 高楼层(共5层) | 2014年建 | 暂无数据,
20201223,嘉定,嘉定新城,新城金郡（商住） 3室1厅 南,138万,3室1厅 | 62.71平米 | 南 | 精装 | 低楼层(共18层) | 2011年建 | 塔楼,
20201223,嘉定,嘉定新城,好世商业广场 1室1厅 东,128万,1室1厅 | 53.68平米 | 东 | 精装 | 高楼层(共18层) | 2015年建 | 塔楼,
20201223,嘉定,嘉定新城,龙湖郦城 1室1厅 东,150万,1室1厅 | 62.08平米 | 东 | 精装 | 29层 | 2012年建 | 塔楼,
20201223,嘉定,嘉定新城,新城金郡（商住） 3室2厅 南,135万,3室2厅 | 66平米 | 南 | 精装 | 低楼层(共17层) | 2011年建 | 塔楼,
20201223,嘉定,嘉定新城,顶楼平层，靠地铁，朝南，精装，视野开阔，楼下美食街,100万,1室1厅 | 56平米 | 南 | 精装 | 高楼层(共22层)  | 塔楼,
20201223,嘉定,嘉定新城,业主诚意 采光通风良好，中高楼层风景尽收眼底,125万,2室1厅 | 58平米 | 南 | 精装 | 中楼层(共21层) | 2012年建 | 塔楼,http://image1.ljcdn.com/x-se/hdic-frame/5a186bcf-a7e4-40e6-aeaa-371a24e1df54.png.296x216.jpg
20201223,嘉定,嘉定新城,崇文路1851弄 2室2厅 北,115万,2室2厅 | 54.8平米 | 北 | 精装 | 中楼层(共22层)  | 板楼,
20201223,嘉定,嘉定新城,两套打通，精装修，合适办公，两套一起出售210房主自荐,105万,2室2厅 | 51.22平米 | 南 | 精装 | 低楼层(共20层) | 2013年建 | 塔楼,
20201223,嘉定,嘉定新城,总价低+楼层好+视野开阔+采光充足+诚意出售+看房方便房主自荐,95万,2室2厅 | 43平米 | 西 | 精装 | 低楼层(共16层) | 2015年建 | 塔楼,
20201223,嘉定,嘉定新城,龙湖蔚澜香醍 1室1厅 东,110万,1室1厅 | 56.06平米 | 东 | 精装 | 31层 | 2013年建 | 塔楼,
20201223,嘉定,嘉定新城,汇豪新天地 2室1厅 北,115万,2室1厅 | 54.58平米 | 北 | 精装 | 中楼层(共13层)  | 塔楼,
20201223,嘉定,嘉定新城,晶鼎大厦 3房间1卫 170万,170万,2室1厅 | 50.55平米 | 南 | 精装 | 低楼层(共17层)  | 塔楼,
20201223,嘉定,嘉定新城,近医院，近地铁，出行方便，配套齐全，有沿街商铺,105万,1室1厅 | 49.86平米 | 南 | 简装 | 低楼层(共9层) | 2014年建 | 板楼,
20201223,嘉定,嘉定新城,嘉定新城宝龙旁+层高4.5米+精装修+配套齐全+50年产权,90万,2室1厅 | 42.5平米 | 西 | 精装 | 低楼层(共16层) | 2015年建 | 塔楼,
20201223,嘉定,嘉定新城,房合适办公，看房比较方便，房东诚意出售房主自荐,105万,2室2厅 | 51.22平米 | 南 | 精装 | 低楼层(共20层) | 2013年建 | 塔楼,
20201223,嘉定,嘉定新城,合景峰汇(嘉定) 2室1厅 东,100万,2室1厅 | 43平米 | 东 | 精装 | 中楼层(共16层) | 2015年建 | 塔楼,
20201223,嘉定,嘉定新城,必看好房    房主自荐     店长推荐。,172.8万,2室2厅 | 65平米 | 南 西 | 精装 | 中楼层(共8层)  | 板楼,
20201223,嘉定,嘉定新城,骏丰玲珑坊 2室1厅 南,165万,2室1厅 | 59平米 | 南 | 精装 | 中楼层(共4层) | 2016年建 | 板楼,
20201223,嘉定,嘉定新城,崇文路1851弄 2室2厅 南,125万,2室2厅 | 54.43平米 | 南 | 精装 | 高楼层(共22层)  | 板楼,
20201223,嘉定,嘉定新城,汇豪新天地 2室1厅 北,95万,2室1厅 | 54.58平米 | 北 | 简装 | 中楼层(共13层)  | 塔楼,
20201223,嘉定,嘉定新城,汇豪新天地 2室2厅 南,120万,2室2厅 | 56.58平米 | 南 | 毛坯 | 中楼层(共13层)  | 塔楼,
20201223,嘉定,嘉定新城,汇豪新天地 2室1厅 北,115万,2室1厅 | 54.58平米 | 北 | 精装 | 中楼层(共13层)  | 塔楼,
20201223,嘉定,嘉定新城,户型好 采光好 空加大 楼层适中,145万,2室1厅 | 56.58平米 | 南 | 精装 | 中楼层(共13层)  | 塔楼,
20201223,嘉定,嘉定新城,中间楼层 采光好 交通便利 装修好,125万,1室0厅 | 57.87平米 | 南 | 精装 | 中楼层(共17层) | 2013年建 | 板楼,
20201223,嘉定,嘉定新城,朝南，采光充足，装修好，配套齐全,125万,2室2厅 | 62.5平米 | 南 北 | 简装 | 低楼层(共17层) | 2011年建 | 塔楼,
20201223,嘉定,嘉定新城,户型好，装修好 ，诚心出售 见面可聊,94万,2室1厅 | 43平米 | 西 | 精装 | 低楼层(共16层) | 2015年建 | 塔楼,
20201223,嘉定,嘉定新城,带煤气临地铁，小区的位置好出门菜场大型超市，配套齐,120万,2室1厅 | 62.86平米 | 东南 | 简装 | 低楼层(共17层) | 2013年建 | 塔楼,
20201223,嘉定,嘉定新城,近地铁  配套齐全 出行方便 业主诚意出售 看中可签,120万,2室1厅 | 57.87平米 | 南 | 简装 | 高楼层(共17层) | 2013年建 | 板楼,
20201223,嘉定,嘉定新城,好世商业广场 1室1厅 西 东,150万,1室1厅 | 76.35平米 | 西 东 | 毛坯 | 低楼层(共18层) | 2015年建 | 塔楼,
20201223,嘉定,嘉定新城,精装修，朝南采光好，购物与出行方便，配套齐全房主自荐,120万,2室2厅 | 49.5平米 | 北 | 精装 | 中楼层(共17层)  | 塔楼,
20201223,嘉定,嘉定新城,汇豪新天地 2室2厅 东南,130万,2室2厅 | 56.87平米 | 东南 | 精装 | 中楼层(共13层)  | 塔楼,
20201223,嘉定,嘉定新城,海伦广场 单价低 中高楼层 采光好 配套齐全,120万,2室1厅 | 55平米 | 南 | 精装 | 中楼层(共22层)  | 板楼,
20201223,嘉定,嘉定新城,嘉定新城远香湖边，近宝龙广场。配套齐，环境优美。,155万,2室1厅 | 56.86平米 | 北 | 精装 | 高楼层(共13层) | 2016年建 | 塔楼,
20201223,嘉定,嘉定新城,地铁11号线300米左右，50年产权，外地人可买房主自荐,115万,2室2厅 | 51.38平米 | 北 东北 | 精装 | 高楼层(共17层) | 2012年建 | 板楼,
20201223,嘉定,嘉定新城,大平层，楼层好，采光好，近华二，紫气东来，,310万,4室2厅 | 160.88平米 | 南 北 | 毛坯 | 高楼层(共19层)  | 板楼,
20201223,嘉定,嘉定新城,崇文路1851弄 2室1厅 南,150万,2室1厅 | 69.79平米 | 南 | 精装 | 高楼层(共22层)  | 板楼,
20201223,嘉定,嘉定新城,装修20万！地铁口！高楼层！复式！业主很诚心！人在！,125万,2室2厅 | 49.19平米 | 南 | 精装 | 中楼层(共17层) | 2012年建 | 板楼,
20201223,嘉定,嘉定新城,新城香溢澜庭 1室2厅 北,108万,1室2厅 | 39.3平米 | 北 | 精装 | 高楼层(共12层)  | 板楼,
20201223,嘉定,嘉定新城,合景理想家 2室2厅 西北,160万,2室2厅 | 82.05平米 | 西北 | 精装 | 中楼层(共9层) | 2014年建 | 板楼,
20201223,嘉定,嘉定新城,光明D9空间 3室1厅 南,168万,3室1厅 | 56平米 | 南 | 精装 | 高楼层(共13层) | 2016年建 | 塔楼,
20201223,嘉定,嘉定新城,新城金郡（商住） 2室1厅 北,92万,2室1厅 | 44.29平米 | 北 | 精装 | 高楼层(共17层)  | 板楼,http://image1.ljcdn.com/x-se/hdic-frame/279b8494-055e-4cfe-ad1c-7a3a06691ac4.png.296x216.jpg
20201223,嘉定,嘉定新城,左岸香堤(商业类) 1室1厅 北,105万,1室1厅 | 53平米 | 北 | 精装 | 低楼层(共12层) | 2011年建 | 板楼,
20201223,嘉定,嘉定新城,中楼层两房带阳台！户型方正！诚意出售！,90万,2室1厅 | 43.86平米 | 北 | 简装 | 中楼层(共17层) | 2013年建 | 板楼,
20201223,嘉定,嘉定新城,楼层超好，精装修，交通方便，总价低,100万,2室2厅 | 41.8平米 | 北 | 精装 | 中楼层(共22层)  | 塔楼,
20201223,嘉定,嘉定新城,房间比同小区比较都大，房屋格局好，业主诚意出售,109万,2室1厅 | 57.64平米 | 南 | 简装 | 低楼层(共17层) | 2013年建 | 塔楼,
20201223,嘉定,嘉定新城,房格局好，通风性好，精装修，诚意出售,120万,2室1厅 | 57平米 | 南 北 | 精装 | 高楼层(共17层) | 2013年建 | 板楼,
20201223,嘉定,嘉定新城,新城金郡（商住） 2室2厅 西,118万,2室2厅 | 51.18平米 | 西 | 精装 | 低楼层(共17层) | 2013年建 | 塔楼,
20201223,嘉定,嘉定新城,上影广场二期(商业类) 2室1厅 北,140万,2室1厅 | 70.37平米 | 北 | 精装 | 中楼层(共13层)  | 板楼,
20201223,嘉定,嘉定新城,新城金郡（商住） 2室2厅 南,112万,2室2厅 | 49平米 | 南 | 精装 | 高楼层(共17层) | 2013年建 | 塔楼,
20201223,嘉定,嘉定新城,好世商业广场 2室2厅 东,136万,2室2厅 | 53.68平米 | 东 | 精装 | 中楼层(共18层)  | 塔楼,http://image1.ljcdn.com/x-se/hdic-frame/prod-586b97ee-1e7d-4142-b03c-d1fe80882994.png.296x216.jpg
20201223,嘉定,嘉定新城,业主诚售，距11号地铁500米，大面积复式两房。,130万,2室2厅 | 57.64平米 | 南 | 精装 | 高楼层(共17层) | 2013年建 | 塔楼,
20201223,嘉定,嘉定新城,崇文路1851弄 2室1厅 南,125万,2室1厅 | 56平米 | 南 | 精装 | 高楼层(共22层)  | 板楼,
20201223,嘉定,嘉定新城,房子带个车位，看房有钥匙，近白银路地铁站,95万,1室1厅 | 40平米 | 北 | 精装 | 低楼层(共12层)  | 板楼,
20201223,嘉定,嘉定新城,非限购，精装次新房，诚心出售，看中可聊,130万,2室2厅 | 58.7平米 | 南 | 简装 | 中楼层(共17层) | 2013年建 | 塔楼,
20201223,嘉定,嘉定新城,全明户型，边套三房，复式精装，价格可谈，带车位,130万,3室2厅 | 62.86平米 | 南 | 精装 | 高楼层(共17层) | 2013年建 | 塔楼,
20201223,嘉定,嘉定新城,合景峰汇(嘉定) 2室2厅 北,105万,2室2厅 | 43平米 | 北 | 简装 | 中楼层(共19层) | 2015年建 | 塔楼,
20201223,嘉定,嘉定新城,龙湖蔚澜香醍 2室2厅 西,168万,2室2厅 | 102.04平米 | 西 | 精装 | 31层 | 2013年建 | 塔楼,
20201223,嘉定,嘉定新城,骏丰玲珑坊 1室1厅 北,103万,1室1厅 | 36平米 | 北 | 精装 | 中楼层(共5层) | 2015年建 | 板楼,
20201223,嘉定,嘉定新城,新城金郡（商住） 1室1厅 北,85万,1室1厅 | 37.81平米 | 北 | 精装 | 低楼层(共21层)  | 塔楼,
20201223,嘉定,嘉定新城,光明D9空间 2室1厅 北,95万,2室1厅 | 38.44平米 | 北 | 精装 | 中楼层(共13层)  | 塔楼,
20201223,嘉定,嘉定新城,光明D9空间 2室1厅 南,135万,2室1厅 | 44.83平米 | 南 | 精装 | 中楼层(共13层) | 2016年建 | 塔楼,
20201223,嘉定,嘉定新城,深城投十一街区 4室2厅 南,300万,4室2厅 | 104平米 | 南 | 精装 | 中楼层(共17层)  | 板楼,
20201223,嘉定,嘉定新城,创融嘉天地(商业类) 3室2厅 南,330万,3室2厅 | 155.8平米 | 南 | 毛坯 | 中楼层(共19层)  | 板楼,
20201223,嘉定,嘉定新城,新城金郡（商住） 2室1厅 南,130万,2室1厅 | 57.3平米 | 南 | 精装 | 低楼层(共21层)  | 塔楼,
20201223,嘉定,嘉定新城,近地铁 配套齐全 精装修 看房方便,105万,3室2厅 | 55.27平米 | 北 | 精装 | 中楼层(共22层)  | 板楼,
20201223,嘉定,嘉定新城,新城金郡（商住） 1室1厅 南,105万,1室1厅 | 49.19平米 | 南 | 简装 | 低楼层(共17层) | 2013年建 | 板楼,
20201223,嘉定,嘉定新城,合景理想家 1室1厅 西南,94万,1室1厅 | 44平米 | 西南 | 其他 | 高楼层(共9层) | 2014年建 | 板楼,
20201223,嘉定,嘉定新城,合景峰汇(嘉定) 2室2厅 南,125万,2室2厅 | 55.13平米 | 南 | 其他 | 低楼层(共20层) | 2013年建 | 塔楼,
20201223,嘉定,嘉定新城,合景理想家 1室1厅 北,100万,1室1厅 | 50平米 | 北 | 其他 | 低楼层(共9层) | 2014年建 | 板楼,
20201223,嘉定,嘉定新城,晶鼎大厦 2室1厅 南,180万,2室1厅 | 50.5平米 | 南 | 其他 | 高楼层(共17层)  | 塔楼,http://image1.ljcdn.com/x-se/hdic-frame/d633aeab-c1c1-4fab-b48c-4b79ba263f07.png.296x216.jpg
20201223,嘉定,嘉定新城,合景理想家 2室2厅 南,100万,2室2厅 | 46.06平米 | 南 | 其他 | 高楼层(共9层) | 2014年建 | 板楼,
20201223,嘉定,嘉定新城,晶鼎大厦 3室2厅 北,138万,3室2厅 | 50.55平米 | 北 | 其他 | 高楼层(共17层)  | 塔楼,
20201223,嘉定,嘉定新城,合景峰汇(嘉定) 3室1厅 南,185万,3室1厅 | 82.64平米 | 南 | 精装 | 高楼层(共20层) | 2013年建 | 塔楼,
20201223,嘉定,嘉定新城,晶鼎大厦 1室1厅 北,140万,1室1厅 | 50.55平米 | 北 | 其他 | 中楼层(共17层) | 2015年建 | 塔楼,
20201223,嘉定,嘉定新城,合景峰汇(嘉定) 2室2厅 南,135万,2室2厅 | 55.57平米 | 南 | 其他 | 低楼层(共20层) | 2013年建 | 塔楼,
20201223,嘉定,嘉定新城,合景峰汇(嘉定) 1室1厅 北,115万,1室1厅 | 47.81平米 | 北 | 其他 | 高楼层(共20层)  | 塔楼,
20201223,嘉定,嘉定新城,合景峰汇(嘉定) 2室2厅 南,120万,2室2厅 | 55.13平米 | 南 | 其他 | 中楼层(共20层) | 2013年建 | 塔楼,
20201223,嘉定,嘉定新城,汇豪新天地 1室1厅,125万,1室1厅 | 54.58平米 | 暂无数据 | 其他 | 中楼层(共13层)  | 塔楼,
20201223,嘉定,嘉定新城,左岸香堤(商业类) 1室0厅,550万,1室0厅 | 163.76平米 | 暂无数据 | 其他 | 低楼层(共12层) | 2011年建 | 板楼,
20201223,嘉定,嘉定新城,左岸香堤(商业类) 1室1厅,375万,1室1厅 | 141.16平米 | 暂无数据 | 其他 | 低楼层(共12层) | 2011年建 | 板楼,
20201223,嘉定,嘉定新城,左岸香堤(商业类) 1室0厅,348万,1室0厅 | 131.11平米 | 暂无数据 | 其他 | 低楼层(共12层) | 2011年建 | 板楼,
20201223,嘉定,嘉定新城,左岸香堤(商业类) 1室0厅,480万,1室0厅 | 120.04平米 | 暂无数据 | 其他 | 低楼层(共12层) | 2011年建 | 板楼,
20201223,嘉定,嘉定新城,合景峰汇(嘉定) 1室0厅,250万,1室0厅 | 64.82平米 | 暂无数据 | 其他 | 低楼层(共1层) | 2013年建 | 板楼,
20201223,嘉定,嘉定新城,龙湖蔚澜香醍 1室0厅 东,110万,1室0厅 | 56.06平米 | 东 | 精装 | 31层 | 2013年建 | 塔楼,
20201223,嘉定,嘉定新城,上影广场二期(商业类) 2室1厅 南,140万,2室1厅 | 58平米 | 南 | 其他 | 高楼层(共13层)  | 板楼,
20201223,嘉定,嘉定新城,合景理想家 1室1厅 北,90万,1室1厅 | 44平米 | 北 | 其他 | 高楼层(共9层) | 2014年建 | 板楼,
20201223,嘉定,嘉定新城,创融嘉天地(商业类) 4室2厅,330万,4室2厅 | 155平米 | 暂无数据 | 其他 | 中楼层(共19层)  | 板楼,
20201223,嘉定,嘉定新城,合景峰汇(嘉定) 3室2厅 南 北,170万,3室2厅 | 81.99平米 | 南 北 | 其他 | 低楼层(共20层) | 2013年建 | 塔楼,
20201223,嘉定,嘉定新城,崇文路1855号 2室2厅 北,110万,2室2厅 | 61平米 | 北 | 其他 | 高楼层(共11层)  | 板楼,
20201223,嘉定,嘉定新城,近地铁，近医院，近公园，品质小区,100万,1室1厅 | 50平米 | 北 | 简装 | 中楼层(共9层) | 2014年建 | 板楼,
20201223,嘉定,嘉定新城,崇文路1851弄 2室1厅 北,110万,2室1厅 | 55平米 | 北 | 其他 | 中楼层(共22层)  | 板楼,
20201223,嘉定,嘉定新城,宝龙广场旁精装公寓房 带租约出售 看房方便 价格可谈,110万,2室1厅 | 55平米 | 南 | 其他 | 中楼层(共20层) | 2013年建 | 塔楼,
20201223,嘉定,嘉定新城,合景峰汇(嘉定) 2室1厅 南,110万,2室1厅 | 55平米 | 南 | 其他 | 低楼层(共20层) | 2013年建 | 塔楼,
20201223,嘉定,嘉定新城,新城香溢澜庭 2室1厅 北,110万,2室1厅 | 40平米 | 北 | 其他 | 高楼层(共12层) | 2015年建 | 板楼,
20201223,嘉定,嘉定新城,明发嘉定中心 1室1厅 东,138万,1室1厅 | 57平米 | 东 | 其他 | 高楼层(共17层)  | 塔楼,
20201223,嘉定,嘉定新城,崇文路1855号 3室2厅 西,255万,3室2厅 | 151平米 | 西 | 其他 | 中楼层(共11层)  | 板楼,
20201223,嘉定,嘉定新城,汇豪新天地 3房间1卫 105万,105万,2室1厅 | 54.58平米 | 北 | 其他 | 中楼层(共13层)  | 塔楼,
20201223,嘉定,嘉定新城,崇文路1851弄 4房间1卫 230万,230万,3室1厅 | 116平米 | 南 | 其他 | 中楼层(共22层)  | 板楼,
20201223,嘉定,嘉定新城,合景理想家 3室1厅 北,160万,3室1厅 | 82.05平米 | 北 | 其他 | 高楼层(共9层) | 2014年建 | 板楼,
20201223,嘉定,嘉定新城,合景峰汇(嘉定) 2室2厅 南,120万,2室2厅 | 51.22平米 | 南 | 其他 | 中楼层(共20层) | 2013年建 | 塔楼,
20201223,嘉定,嘉定新城,崇文路1851弄 2室2厅 东,109万,2室2厅 | 54.88平米 | 东 | 其他 | 高楼层(共22层)  | 板楼,
20201223,嘉定,嘉定新城,合景峰汇(嘉定) 4室2厅 南,185万,4室2厅 | 82.64平米 | 南 | 其他 | 中楼层(共20层) | 2013年建 | 塔楼,
20201223,嘉定,嘉定新城,必看好房     房主自荐       店长推荐,108万,2室1厅 | 39平米 | 北 | 精装 | 中楼层(共8层)  | 板楼,
20201223,嘉定,嘉定新城,近地铁800米，南面瑞金北院，,135万,2室1厅 | 57.14平米 | 南 西 | 其他 | 中楼层(共9层) | 2014年建 | 板楼,
20201223,嘉定,嘉定新城,明发嘉定中心 1室1厅 南,120万,1室1厅 | 57平米 | 南 | 其他 | 高楼层(共17层)  | 塔楼,
20201223,嘉定,嘉定新城,合景理想家 1室1厅 南 北,100万,1室1厅 | 49.93平米 | 南 北 | 其他 | 中楼层(共9层) | 2014年建 | 板楼,
20201223,嘉定,嘉定新城,汇豪新天地 2室1厅 北,108万,2室1厅 | 54.58平米 | 北 | 其他 | 中楼层(共13层)  | 塔楼,
20201223,嘉定,嘉定新城,创融嘉天地(商业类) 4室3厅 南 北,330万,4室3厅 | 160平米 | 南 北 | 其他 | 中楼层(共19层)  | 板楼,
20201223,嘉定,嘉定新城,合景峰汇(嘉定) 2室2厅 南,115万,2室2厅 | 48平米 | 南 | 其他 | 低楼层(共19层) | 2015年建 | 塔楼,
20201223,嘉定,嘉定新城,合景峰汇(嘉定) 2室2厅 南,110万,2室2厅 | 42.86平米 | 南 | 其他 | 低楼层(共19层) | 2015年建 | 塔楼,
20201223,嘉定,嘉定新城,合景峰汇(嘉定) 2室2厅 南,108万,2室2厅 | 47.81平米 | 南 | 其他 | 高楼层(共20层)  | 塔楼,
20201223,嘉定,嘉定新城,合景峰汇(嘉定) 2室2厅 南,108万,2室2厅 | 47.81平米 | 南 | 其他 | 高楼层(共20层)  | 塔楼,
20201223,嘉定,嘉定新城,新城金郡（商住） 2室1厅 西,110万,2室1厅 | 52.74平米 | 西 | 其他 | 高楼层(共17层) | 2013年建 | 塔楼,
20201223,嘉定,嘉定新城,龙湖郦城 1室1厅 东,99万,1室1厅 | 41平米 | 东 | 精装 | 29层 | 2012年建 | 塔楼,
20201223,嘉定,嘉定新城,近地铁、公园景观型小区式商办房,145万,1室1厅 | 50.14平米 | 南 | 其他 | 中楼层(共9层) | 2014年建 | 板楼,
20201223,嘉定,嘉定新城,新城金郡（商住） 2室2厅 南,115万,2室2厅 | 58.82平米 | 南 | 精装 | 低楼层(共22层)  | 塔楼,
20201223,嘉定,嘉定新城,龙湖蔚澜香醍 1室0厅 东,90万,1室0厅 | 60.93平米 | 东 | 其他 | 31层 | 2013年建 | 塔楼,
20201223,嘉定,嘉定新城,合景峰汇(嘉定) 3室1厅 南 北,198万,3室1厅 | 97.1平米 | 南 北 | 其他 | 高楼层(共20层) | 2013年建 | 塔楼,
20201223,嘉定,嘉定新城,近地铁近万达，采光没有遮挡，楼层佳,108万,2室2厅 | 55平米 | 南 | 其他 | 中楼层(共22层)  | 板楼,
20201223,嘉定,嘉定新城,必看好房 房东自荐 店长推荐  采光好 购物交通便利房主自荐,98万,2室1厅 | 53.85平米 | 东南 | 精装 | 中楼层(共22层)  | 板楼,
20201223,嘉定,嘉定新城,业主诚意出售，全款买进无抵押，精装修,188万,3室2厅 | 102.07平米 | 东 南 | 精装 | 高楼层(共22层)  | 板楼,
20201223,嘉定,嘉定新城,HOT!近地铁精装两房，young小伙伴手选！,118万,2室1厅 | 46平米 | 南 | 精装 | 高楼层(共12层) | 2014年建 | 塔楼,
20201223,嘉定,嘉定新城,晶鼎大厦 2室2厅 北,120万,2室2厅 | 54.92平米 | 北 | 精装 | 中楼层(共17层)  | 板楼,
20201223,嘉定,嘉定新城,嘉定新城中间区域，层高5.5米，有地暖，精装修,118万,2室2厅 | 51.91平米 | 西 | 其他 | 低楼层(共17层)  | 塔楼,
20201223,嘉定,嘉定新城,合景理想家 1室1厅 北,100万,1室1厅 | 45.88平米 | 北 | 其他 | 中楼层(共9层) | 2014年建 | 板楼,http://image1.ljcdn.com/x-se/hdic-frame/b64436dd-2e9e-4483-8442-c5d673aa1c34.png.296x216.jpg
20201223,嘉定,嘉定新城,合景峰汇(嘉定) 2室1厅 南,105万,2室1厅 | 43平米 | 南 | 简装 | 低楼层(共19层) | 2015年建 | 塔楼,
20201223,嘉定,嘉定新城,上影广场二期(商业类) 2室1厅 北,125万,2室1厅 | 55平米 | 北 | 其他 | 中楼层(共13层) | 2016年建 | 板楼,
20201223,嘉定,嘉定新城,汇豪新天地 2室1厅 南,170万,2室1厅 | 56平米 | 南 | 其他 | 中楼层(共13层)  | 塔楼,
20201223,嘉定,嘉定新城,汇豪新天地 2室1厅 南,170万,2室1厅 | 60.02平米 | 南 | 其他 | 中楼层(共13层)  | 塔楼,
20201223,嘉定,嘉定新城,合景峰汇(嘉定) 2室2厅 南,120万,2室2厅 | 42.86平米 | 南 | 其他 | 高楼层(共19层) | 2015年建 | 塔楼,
20201223,嘉定,嘉定新城,新城金郡（商住） 3室1厅 南,138万,3室1厅 | 62.5平米 | 南 | 精装 | 高楼层(共17层) | 2011年建 | 塔楼,
20201223,嘉定,嘉定新城,合景理想家 1室1厅 北,79万,1室1厅 | 45.88平米 | 北 | 其他 | 低楼层(共9层) | 2014年建 | 板楼,
20201223,嘉定,嘉定新城,尚品 2室1厅 北,140万,2室1厅 | 58平米 | 北 | 其他 | 高楼层(共19层)  | 板楼,
20201223,嘉定,嘉定新城,二手卖进税费低， 小户型，中间楼层，全屋精装修,110万,1室1厅 | 31.5平米 | 北 | 精装 | 高楼层(共13层)  | 板楼,
20201223,嘉定,嘉定新城,上影广场二期(商业类) 3室1厅 南,200万,3室1厅 | 75平米 | 南 | 精装 | 中楼层(共13层)  | 板楼,
20201223,嘉定,嘉定新城,上影广场二期(商业类) 2室1厅 北,115万,2室1厅 | 50平米 | 北 | 其他 | 低楼层(共13层) | 2016年建 | 板楼,
20201223,嘉定,嘉定新城,新城香溢澜庭 1室1厅 北,100万,1室1厅 | 39.33平米 | 北 | 其他 | 低楼层(共12层)  | 板楼,
20201223,嘉定,嘉定新城,合景理想家 1室1厅 南,100万,1室1厅 | 45.88平米 | 南 | 其他 | 中楼层(共9层) | 2014年建 | 板楼,
20201223,嘉定,嘉定新城,新城金郡（商住） 2室1厅 南,135万,2室1厅 | 57.13平米 | 南 | 精装 | 中楼层(共22层)  | 塔楼,
20201223,嘉定,嘉定新城,新城香溢澜庭 2室1厅 南,120万,2室1厅 | 45平米 | 南 | 其他 | 低楼层(共12层)  | 板楼,
20201223,嘉定,嘉定新城,高楼层，视野开阔，朝南，近地铁，配套齐全，交通便利,160万,2室1厅 | 53.34平米 | 南 | 精装 | 高楼层(共16层)  | 塔楼,
20201223,嘉定,嘉定新城,汇豪新天地 3房间1卫 130万,130万,2室1厅 | 54.58平米 | 北 | 其他 | 高楼层(共13层)  | 塔楼,
20201223,嘉定,嘉定新城,精装复式2房，去地铁站方便，有宝龙广场和远香湖,150万,2室2厅 | 56.8平米 | 南 | 其他 | 低楼层(共13层) | 2016年建 | 塔楼,
20201223,嘉定,嘉定新城,汇豪新天地 3房间1卫 120万,120万,2室1厅 | 54.58平米 | 北 | 其他 | 中楼层(共13层)  | 塔楼,
20201223,嘉定,嘉定新城,看房方便！近宝龙！远香湖！交通便利！配套齐全！,120万,2室1厅 | 43平米 | 南 | 精装 | 高楼层(共19层) | 2015年建 | 塔楼,
20201223,嘉定,嘉定新城,新城金郡（商住） 2室1厅 南,130万,2室1厅 | 56平米 | 南 | 其他 | 高楼层(共22层)  | 塔楼,
20201223,嘉定,嘉定新城,上影广场二期(商业类) 2室1厅 南,135万,2室1厅 | 58.13平米 | 南 | 其他 | 高楼层(共13层)  | 板楼,
20201223,嘉定,嘉定新城,光明D9空间 2室1厅 南,160万,2室1厅 | 47.9平米 | 南 | 其他 | 中楼层(共13层)  | 塔楼,
20201223,嘉定,嘉定新城,交通便利 配套成熟 满足日常需求 精装修,160万,1室1厅 | 70.4平米 | 东 | 其他 | 中楼层(共13层) | 2016年建 | 板楼,
20201223,嘉定,嘉定新城,光明D9空间 2室1厅 北,132万,2室1厅 | 46.62平米 | 北 | 毛坯 | 高楼层(共13层) | 2016年建 | 板楼,
20201223,嘉定,嘉定新城,龙湖蔚澜香醍 2室1厅 北,168万,2室1厅 | 85.91平米 | 北 | 其他 | 31层 | 2013年建 | 塔楼,
20201223,嘉定,嘉定新城,两层复式精装，近地铁，临公园，采光好,117万,2室1厅 | 57.87平米 | 南 | 精装 | 高楼层(共17层) | 2013年建 | 板楼,
20201223,嘉定,嘉定新城,合景理想家 2室2厅 东北,110万,2室2厅 | 50.78平米 | 东北 | 其他 | 高楼层(共9层) | 2014年建 | 板楼,
20201223,嘉定,嘉定新城,光明D9空间 2室2厅 南 北,130万,2室2厅 | 44平米 | 南 北 | 其他 | 中楼层(共13层)  | 塔楼,
20201223,嘉定,嘉定新城,崇文路1851弄 2室1厅 南,128万,2室1厅 | 53平米 | 南 | 其他 | 中楼层(共22层)  | 板楼,
20201223,嘉定,嘉定新城,朝南的大户型，有阳台，户型方正，近地铁和公园,105万,2室1厅 | 57.64平米 | 南 | 简装 | 低楼层(共17层) | 2013年建 | 塔楼,
20201223,嘉定,嘉定新城,好世商业广场 2室1厅 西,155万,2室1厅 | 65.24平米 | 西 | 精装 | 中楼层(共18层)  | 塔楼,
20201223,嘉定,嘉定新城,新城金郡（商住） 3室1厅 南,135万,3室1厅 | 65.28平米 | 南 | 其他 | 中楼层(共18层) | 2011年建 | 塔楼,
20201223,嘉定,嘉定新城,深城投十一街区 4室2厅 南,300万,4室2厅 | 104平米 | 南 | 简装 | 中楼层(共17层)  | 板楼,
20201223,嘉定,嘉定新城,明发嘉定中心 2室1厅 南 北,128万,2室1厅 | 53.35平米 | 南 北 | 其他 | 中楼层(共17层)  | 塔楼,
20201223,嘉定,嘉定新城,晶鼎大厦 2室2厅 南,200万,2室2厅 | 50.55平米 | 南 | 其他 | 高楼层(共17层)  | 塔楼,
20201223,嘉定,嘉定新城,博源商务楼 1房间1卫 120万,120万,1室0厅 | 54.21平米 | 南 | 其他 | 中楼层(共4层)  | 板楼,
20201223,嘉定,嘉定新城,崇文路1851弄 2室1厅 东 西,90万,2室1厅 | 43平米 | 东 西 | 其他 | 中楼层(共22层)  | 板楼,
20201223,嘉定,嘉定新城,光明D9空间 2室2厅 南,205万,2室2厅 | 87.86平米 | 南 | 精装 | 低楼层(共19层) | 2016年建 | 平房,
20201223,嘉定,嘉定新城,合景峰汇(嘉定) 2室1厅 北,98万,2室1厅 | 47.54平米 | 北 | 其他 | 中楼层(共20层)  | 塔楼,
20201223,嘉定,嘉定新城,新城金郡（商住） 2室1厅 南,130万,2室1厅 | 53.5平米 | 南 | 其他 | 中楼层(共21层)  | 塔楼,
20201223,嘉定,嘉定新城,合景理想家 2室1厅 南,140万,2室1厅 | 72.46平米 | 南 | 其他 | 低楼层(共9层) | 2014年建 | 板楼,
20201223,嘉定,嘉定新城,绿地卡米公社 2室1厅 南,140万,2室1厅 | 53.37平米 | 南 | 精装 | 中楼层(共16层)  | 塔楼,
20201223,嘉定,嘉定新城,小复式精装修小区坏境好配套齐全,95万,3室1厅 | 51.15平米 | 北 | 其他 | 低楼层(共20层) | 2013年建 | 塔楼,
20201223,嘉定,嘉定新城,精装修复式两房，业主诚意出售，地铁 公园，房主自荐,130万,2室1厅 | 58.82平米 | 南 | 精装 | 中楼层(共22层)  | 塔楼,
20201223,嘉定,嘉定新城,新城金郡（商住） 3室2厅 南 北,145万,3室2厅 | 62.71平米 | 南 北 | 其他 | 高楼层(共18层) | 2011年建 | 塔楼,
20201223,嘉定,嘉定新城,好楼层两房   东边套  保养装修好,186万,2室2厅 | 82.27平米 | 南 | 精装 | 中楼层(共9层) | 2014年建 | 板楼,
20201223,嘉定,嘉定新城,创融嘉天地(商业类) 3室2厅 南 北,380万,3室2厅 | 155.8平米 | 南 北 | 其他 | 高楼层(共19层)  | 板楼,
20201223,嘉定,嘉定新城,合景峰汇(嘉定) 2室1厅 南,112万,2室1厅 | 47.81平米 | 南 | 精装 | 中楼层(共20层) | 2015年建 | 塔楼,
20201223,嘉定,嘉定新城,合景理想家 1室1厅 北,90万,1室1厅 | 44平米 | 北 | 其他 | 低楼层(共9层) | 2014年建 | 板楼,http://image1.ljcdn.com/x-se/hdic-frame/1a9a6711-f113-496a-80bb-de598d333782.png.296x216.jpg
20201223,嘉定,嘉定新城,左岸香堤(商业类) 2室1厅 南,105万,2室1厅 | 47平米 | 南 | 精装 | 低楼层(共12层) | 2011年建 | 板楼,
20201223,嘉定,嘉定新城,配套齐全，楼层好，视野开阔，户型优质,135万,3室2厅 | 50.55平米 | 南 | 毛坯 | 中楼层(共17层)  | 塔楼,
20201223,嘉定,嘉定新城,合景峰汇(嘉定) 2室1厅 南,100万,2室1厅 | 47.2平米 | 南 | 其他 | 高楼层(共20层)  | 塔楼,
20201223,嘉定,嘉定新城,新城金郡（商住） 3室1厅 南 北,130万,3室1厅 | 65.07平米 | 南 北 | 其他 | 低楼层(共17层) | 2011年建 | 塔楼,
20201223,嘉定,嘉定新城,光明D9空间 2室2厅 南,165万,2室2厅 | 56.86平米 | 南 | 其他 | 高楼层(共13层) | 2016年建 | 塔楼,
20201223,嘉定,嘉定新城,尚品 2室1厅 北,115万,2室1厅 | 57平米 | 北 | 精装 | 高楼层(共19层)  | 板楼,
20201223,嘉定,嘉定新城,合景峰汇(嘉定) 1室1厅 南,120万,1室1厅 | 47.81平米 | 南 | 精装 | 低楼层(共20层)  | 塔楼,
20201223,嘉定,嘉定新城,上影广场二期(商业类) 2室1厅 南,138万,2室1厅 | 58.13平米 | 南 | 精装 | 中楼层(共13层)  | 板楼,
20201223,嘉定,嘉定新城,合景峰汇(嘉定) 2室1厅 西,102万,2室1厅 | 43平米 | 西 | 其他 | 低楼层(共16层) | 2015年建 | 塔楼,
20201223,嘉定,嘉定新城,好世商业广场 1室1厅 东,138万,1室1厅 | 53.68平米 | 东 | 其他 | 高楼层(共18层) | 2015年建 | 塔楼,
20201223,嘉定,嘉定新城,合景峰汇(嘉定) 4室2厅 南,167万,4室2厅 | 81.99平米 | 南 | 其他 | 高楼层(共20层) | 2013年建 | 塔楼,
20201223,嘉定,嘉定新城,合景理想家 1室1厅 北,98万,1室1厅 | 46.06平米 | 北 | 其他 | 低楼层(共9层) | 2014年建 | 板楼,
20201223,嘉定,嘉定新城,合景峰汇(嘉定) 2室1厅 东 西,98万,2室1厅 | 42.72平米 | 东 西 | 其他 | 低楼层(共16层) | 2015年建 | 塔楼,
20201223,嘉定,嘉定新城,好世商业广场 1室1厅 西,160万,1室1厅 | 65.24平米 | 西 | 其他 | 高楼层(共18层)  | 塔楼,
20201223,嘉定,嘉定新城,崇文路1851弄 2室1厅 北,100万,2室1厅 | 54.8平米 | 北 | 其他 | 高楼层(共22层)  | 板楼,
20201223,嘉定,嘉定新城,低总价，适合限购客户群体，购房难度小,120万,2室1厅 | 49平米 | 南 | 其他 | 中楼层(共17层) | 2013年建 | 塔楼,
20201223,嘉定,嘉定新城,合景峰汇(嘉定) 2室2厅 南,145万,2室2厅 | 51.22平米 | 南 | 其他 | 高楼层(共20层) | 2013年建 | 塔楼,
20201223,嘉定,嘉定新城,好世商业广场 1室1厅 西,123万,1室1厅 | 53.68平米 | 西 | 精装 | 中楼层(共18层) | 2015年建 | 塔楼,
20201223,嘉定,嘉定新城,合景理想家 1室1厅 南,100万,1室1厅 | 44.64平米 | 南 | 其他 | 中楼层(共9层) | 2014年建 | 板楼,
20201223,嘉定,嘉定新城,合景峰汇(嘉定) 3室2厅 南,185万,3室2厅 | 97平米 | 南 | 其他 | 低楼层(共20层) | 2013年建 | 塔楼,
20201223,嘉定,嘉定新城,尚品 2室2厅 南,130万,2室2厅 | 58.15平米 | 南 | 其他 | 低楼层(共19层) | 2012年建 | 板楼,
20201223,嘉定,嘉定新城,好世商业广场 2室1厅 西,135万,2室1厅 | 49.9平米 | 西 | 精装 | 中楼层(共18层) | 2015年建 | 塔楼,
20201223,嘉定,嘉定新城,新城金郡（商住） 2室1厅 北,98万,2室1厅 | 44.18平米 | 北 | 精装 | 中楼层(共22层)  | 塔楼,
20201223,嘉定,嘉定新城,新城金郡（商住） 2室1厅 南,125万,2室1厅 | 53.5平米 | 南 | 其他 | 中楼层(共21层)  | 塔楼,
20201223,嘉定,嘉定新城,龙湖郦城 1室1厅 东,90万,1室1厅 | 39.35平米 | 东 | 精装 | 29层 | 2012年建 | 塔楼,
20201223,嘉定,嘉定新城,新城金郡（商住） 2室2厅 南 西,128万,2室2厅 | 62.86平米 | 南 西 | 其他 | 中楼层(共17层) | 2013年建 | 塔楼,
20201223,嘉定,嘉定新城,光明D9空间 1室1厅 南新上,108万,1室1厅 | 41.75平米 | 南 | 其他 | 低楼层(共18层)  | 塔楼,
20201223,嘉定,嘉定新城,远香湖边叠加别墅，精致装修，带花园带两层地下室新上,1000万,4室3厅 | 216平米 | 南 北 | 其他 | 4层 | 2016年建 | 板楼,http://image1.ljcdn.com/x-se/310000-frame/d86a404c-3a00-465d-8509-02b1fb6f621c.png.296x216.jpg
