20201223,嘉定,江桥,近地铁万达出行购物方便 业主诚心出售看中价格可谈必看好房,365万,2室2厅 | 73.2平米 | 南 北 | 简装 | 中楼层(共6层) | 2005年建 | 板楼,http://image1.ljcdn.com/110000-inspection/c60a864a-bc80-4c0e-a118-9ea2b12f7d94_1000.jpg.296x216.jpg
20201223,嘉定,江桥,动迁无增值税满五唯一，好户型好位置好楼层，采光充足必看好房,323万,2室2厅 | 72.36平米 | 南 北 | 精装 | 中楼层(共6层) | 2008年建 | 板楼,http://image1.ljcdn.com/110000-inspection/838c6faa-c87d-4ea3-be21-012e87f2868e_1000.jpg.296x216.jpg
20201223,嘉定,江桥,13号线金运路站，动迁房无增值税，前排无遮挡随时看房必看好房,315万,2室2厅 | 74.36平米 | 南 北 | 简装 | 低楼层(共11层) | 2007年建 | 板楼,http://image1.ljcdn.com/110000-inspection/4d765649-c6eb-449d-8db1-53a55c7dc9d5_1000.jpg.296x216.jpg
20201223,嘉定,江桥,万达广场 13号线金运路地铁站 华泰 西郊商务区必看好房,480万,3室2厅 | 119.47平米 | 南 北 | 毛坯 | 低楼层(共13层) | 2007年建 | 板楼,http://image1.ljcdn.com/110000-inspection/dcdfb556-119a-418d-bc2e-e868788af327_1000.jpg.296x216.jpg
20201223,嘉定,江桥,北虹桥，地铁口，万达旁，纯商品房 总高7层电梯房必看好房,376万,2室2厅 | 73.44平米 | 南 | 精装 | 低楼层(共7层) | 2008年建 | 板楼,http://image1.ljcdn.com/110000-inspection/pc1_E1TyyZd2e_1.jpg.296x216.jpg
20201223,嘉定,江桥,小朋友你是否有很多问号，这套房子为什么这么好！必看好房,330万,2室2厅 | 77.24平米 | 南 北 | 精装 | 中楼层(共5层) | 2006年建 | 板楼,http://image1.ljcdn.com/110000-inspection/56a80b4f-a266-4637-951f-ec488c23d048_1000.jpg.296x216.jpg
20201223,嘉定,江桥,好楼层，南北通户型，看房方便，价格可谈哦必看好房,325万,2室1厅 | 79.22平米 | 南 北 | 毛坯 | 高楼层(共15层) | 2011年建 | 板楼,http://image1.ljcdn.com/110000-inspection/pc1_CwQnF2h7l_1.jpg.296x216.jpg
20201223,嘉定,江桥,业主诚心出售  采光好 不计面积的地方多 没有增值税必看好房,413万,2室2厅 | 83.57平米 | 南 | 简装 | 低楼层(共18层) | 2011年建 | 板楼,http://image1.ljcdn.com/110000-inspection/pc1_NGtX0FOsE_1.jpg.296x216.jpg
20201223,嘉定,江桥,双轨交汇+城意出售+近13号线金运路地铁+万达广场商圈必看好房,300万,2室2厅 | 77.33平米 | 南 北 | 毛坯 | 高楼层(共18层) | 2012年建 | 板楼,http://image1.ljcdn.com/110000-inspection/pc1_zpMvM2l3l_1.jpg.296x216.jpg
20201223,嘉定,江桥,动迁房，只有1%个税，万达商圈价格低必看好房,305万,2室2厅 | 79.37平米 | 南 | 简装 | 高楼层(共18层) | 2012年建 | 板楼,http://image1.ljcdn.com/110000-inspection/pc1_hIMTgjbbC_1.jpg.296x216.jpg
20201223,嘉定,江桥,缘圆宝邸 2室1厅 南 北必看好房,330万,2室1厅 | 73.41平米 | 南 北 | 简装 | 低楼层(共7层) | 2008年建 | 板楼,http://image1.ljcdn.com/110000-inspection/256867f7-a441-41e4-8f22-3987d5f72b48_1000.jpg.296x216.jpg
20201223,嘉定,江桥,商品房小区，满五唯一精装修，带车位。稀有户型必看好房,430万,2室2厅 | 90平米 | 南 | 精装 | 低楼层(共18层) | 2014年建 | 板楼,http://image1.ljcdn.com/110000-inspection/pc1_MkxZpTio3_1.jpg.296x216.jpg
20201223,嘉定,江桥,此房南北通风，精装修， 近地铁+万达广场 视野开阔必看好房,315万,3室0厅 | 71.29平米 | 南 北 | 简装 | 低楼层(共6层) | 2006年建 | 板楼,http://image1.ljcdn.com/110000-inspection/pc1_KQmQNki21_1.jpg.296x216.jpg
20201223,嘉定,江桥,朝南户型，一房，14号地铁线，中间楼层，采光通风好。必看好房,255万,1室1厅 | 60.07平米 | 南 | 毛坯 | 中楼层(共11层) | 2011年建 | 板楼,http://image1.ljcdn.com/110000-inspection/pc1_Mk3SiiXO3_1.jpg.296x216.jpg
20201223,嘉定,江桥,14年次新小区，南北通户型，动迁税少，视野无遮挡必看好房,435万,2室2厅 | 86.3平米 | 南 北 | 毛坯 | 低楼层(共11层) | 2014年建 | 板楼,http://image1.ljcdn.com/110000-inspection/pc1_HXpvtVPpX_1.jpg.296x216.jpg
20201223,嘉定,江桥,三房两厅两卫，毛坯房，一手动迁必看好房,438万,3室2厅 | 120.92平米 | 南 | 毛坯 | 高楼层(共6层) | 2013年建 | 板楼,http://image1.ljcdn.com/110000-inspection/pc1_Wj7KCWMlz_1.jpg.296x216.jpg
20201223,嘉定,江桥,中房公寓 满五唯一税费少 看房方便 诚意出售必看好房,310万,2室1厅 | 70.74平米 | 南 | 精装 | 高楼层(共11层) | 2007年建 | 板楼,http://image1.ljcdn.com/110000-inspection/afbae7f7-f700-4422-a0ed-de57e8a66b74_1000.jpg.296x216.jpg
20201223,嘉定,江桥,低密度楼梯房小区给您一个安静，舒适的家必看好房,319万,2室2厅 | 74.22平米 | 南 北 | 精装 | 中楼层(共5层) | 2006年建 | 板楼,http://image1.ljcdn.com/110000-inspection/edec846b-4786-4b6c-b74d-a6d1b8cd42ee_1000.jpg.296x216.jpg
20201223,嘉定,江桥,地铁口小区+电梯房+商品房+万达广场+北虹桥大板块必看好房,349万,2室2厅 | 72.63平米 | 南 北 | 简装 | 低楼层(共7层) | 2008年建 | 板楼,http://image1.ljcdn.com/110000-inspection/pc1_HoyNoGfab_1.jpg.296x216.jpg
20201223,嘉定,江桥,房改售房无增值税+两房朝南+采光无遮挡+户型正气！必看好房,269万,2室1厅 | 68.98平米 | 南 北 | 简装 | 高楼层(共6层) | 1994年建 | 板楼,http://image1.ljcdn.com/310000-inspection/pc1_QZuM08E1O_1.jpg.296x216.jpg
20201223,嘉定,江桥,近地铁13号线，动迁房满五唯一，税费少必看好房,408万,2室2厅 | 92.46平米 | 南 北 | 简装 | 低楼层(共13层) | 2007年建 | 板楼,http://image1.ljcdn.com/110000-inspection/43bdcee9-071a-4b47-b94e-9f2aa86ed2a6_1000.jpg.296x216.jpg
20201223,嘉定,江桥,电梯房中高楼层视野好+精装修三年拎包入住必看好房,260万,1室1厅 | 55.38平米 | 南 | 精装 | 中楼层(共15层) | 2011年建 | 板楼,http://image1.ljcdn.com/110000-inspection/dd1f5966-24eb-402c-b832-6bb5b5370e50_1000.jpg.296x216.jpg
20201223,嘉定,江桥,江桥 高品质小区 双轨交 免增值税 南北通透必看好房,409万,2室2厅 | 92.95平米 | 南 北 | 简装 | 高楼层(共6层) | 2006年建 | 板楼,http://image1.ljcdn.com/110000-inspection/pc1_HLFoGzHxw_1.jpg.296x216.jpg
20201223,嘉定,江桥,大虹桥板块 花园洋房   洋房复式房   满五唯一必看好房,665万,3室2厅 | 84.48平米 | 南 北 | 精装 | 高楼层(共5层) | 2010年建 | 板楼,http://image1.ljcdn.com/110000-inspection/pc1_9eHiQIUme_1.jpg.296x216.jpg
20201223,嘉定,江桥,原始动迁税费少，近地铁，南北通位置好，业主诚心出售必看好房,360万,2室2厅 | 79.17平米 | 南 北 | 精装 | 高楼层(共6层) | 2005年建 | 板楼,http://image1.ljcdn.com/110000-inspection/139e39a0-5f60-48d9-ba43-4022a4efdb7a_1000.jpg.296x216.jpg
20201223,嘉定,江桥,北虹桥，外环外，地铁口动迁三房必看好房,460万,3室2厅 | 115.16平米 | 南 | 毛坯 | 低楼层(共6层) | 2009年建 | 板楼,http://image1.ljcdn.com/110000-inspection/pc1_ywiucnUlf_1.jpg.296x216.jpg
20201223,嘉定,江桥,大虹桥  小两房   近地铁   低密度必看好房,245万,2室1厅 | 66.01平米 | 南 北 | 简装 | 低楼层(共6层) | 1995年建 | 板楼,http://image1.ljcdn.com/110000-inspection/pc1_vhQezqJdM_1.jpg.296x216.jpg
20201223,嘉定,江桥,大虹桥双规交+满五唯一+低总价诚心出售必看好房,222万,1室1厅 | 57.16平米 | 南 北 | 简装 | 高楼层(共6层) | 2005年建 | 板楼,http://image1.ljcdn.com/110000-inspection/pc1_AqAi2LM9e_1.jpg.296x216.jpg
20201223,嘉定,江桥,一梯两户+两房朝南南北通透+边套全明+满五唯一税少必看好房,205万,2室1厅 | 58.22平米 | 南 北 | 简装 | 高楼层(共6层) | 1997年建 | 板楼,http://image1.ljcdn.com/110000-inspection/pc1_3k79hTTN0_1.jpg.296x216.jpg
20201223,嘉定,江桥,北虹桥+三轨交+电梯房+动迁房+诚意出售必看好房,245万,1室2厅 | 63.09平米 | 南 东 | 毛坯 | 低楼层(共18层) | 2011年建 | 板楼,http://image1.ljcdn.com/110000-inspection/pc1_fnVWB6GrW_1.jpg.296x216.jpg
20201223,嘉定,江桥,低楼层，看房方便。诚意出售税费低必看好房,234万,1室2厅 | 56.1平米 | 南 | 简装 | 低楼层(共15层) | 2011年建 | 板楼,http://image1.ljcdn.com/110000-inspection/pc1_HFb74GvGf_1.jpg.296x216.jpg
20201223,嘉定,江桥,中间楼层，产权清晰，无抵押无贷款，诚心出售必看好房,345万,2室2厅 | 80.58平米 | 南 北 | 精装 | 中楼层(共6层) | 2009年建 | 板楼,http://image1.ljcdn.com/110000-inspection/pc1_bQZxorysk_1.jpg.296x216.jpg
20201223,嘉定,江桥,绿地 双南户型 精装修 中间楼层 交通便利 诚心出售必看好房,323万,2室1厅 | 75.93平米 | 南 | 精装 | 低楼层(共15层) | 2011年建 | 板楼,http://image1.ljcdn.com/110000-inspection/da20b5c2-165a-4a7e-88d6-8de9b8fdfe4f_1000.jpg.296x216.jpg
20201223,嘉定,江桥,精装南北三房  满五唯一 近地铁 近万达广场 大虹桥必看好房,388万,3室1厅 | 96.67平米 | 南 北 | 精装 | 低楼层(共11层) | 2008年建 | 板楼,http://image1.ljcdn.com/110000-inspection/a8ee6c0b-e711-4acf-a68b-29c0b615c8a0_1000.jpg.296x216.jpg
20201223,嘉定,江桥,大虹桥近地铁人车分流纯商品房小区，房子满两年必看好房,415万,2室2厅 | 84.5平米 | 南 | 精装 | 低楼层(共12层) | 2013年建 | 板楼,http://image1.ljcdn.com/310000-inspection/pc1_Ps5N2yma0_1.jpg.296x216.jpg
20201223,嘉定,江桥,14号线嘉怡路站700米+采光好+满五唯一+无增值税必看好房,252万,1室1厅 | 56.13平米 | 南 北 | 简装 | 低楼层(共17层) | 2009年建 | 板楼,http://image1.ljcdn.com/110000-inspection/pc1_3sXDT584v_1.jpg.296x216.jpg
20201223,嘉定,江桥,北虹桥品质小区，2010年次新小区，满五唯一必看好房,348万,1室2厅 | 67.34平米 | 南 | 精装 | 低楼层(共17层) | 2010年建 | 板楼,http://image1.ljcdn.com/110000-inspection/5d1830e1-73b8-4ccf-b201-b0763cbf8b90_1000.jpg.296x216.jpg
20201223,嘉定,江桥,绿地新江桥城 双南户型 动迁房 环境好 交通便利必看好房,315万,2室2厅 | 77.24平米 | 南 | 毛坯 | 低楼层(共15层) | 2011年建 | 板楼,http://image1.ljcdn.com/310000-inspection/prod-ede44449-629b-444b-9a42-a0ec4fe57da2.jpg.296x216.jpg
20201223,嘉定,江桥,满五年唯一，精装修，08年小区，环境好，诚意出售。。必看好房,308万,2室2厅 | 72.36平米 | 南 北 | 精装 | 高楼层(共6层) | 2008年建 | 板楼,http://image1.ljcdn.com/110000-inspection/062c6a1e-57ee-49ac-948e-c37a69ecc2f7_1000.jpg.296x216.jpg
20201223,嘉定,江桥,南北通透格局好，楼层号，视野佳，离14号地铁线600米必看好房,430万,2室2厅 | 83.95平米 | 北 南 | 精装 | 中楼层(共13层) | 2009年建 | 板楼,http://image1.ljcdn.com/110000-inspection/pc1_3VVWkiq6a_1.jpg.296x216.jpg
20201223,嘉定,江桥,万达广场，大虹桥+13号线14号线双轨交+婚房装修随时签必看好房,425万,2室2厅 | 91.47平米 | 南 | 精装 | 中楼层(共14层) | 2011年建 | 板楼,http://image1.ljcdn.com/110000-inspection/pc1_KCVO0kLbn_1.jpg.296x216.jpg
20201223,嘉定,江桥,小区位置好，小三房，2+1户型，南北通透采光佳。必看好房,465万,3室1厅 | 88.94平米 | 北 南 | 简装 | 高楼层(共17层) | 2010年建 | 板楼,http://image1.ljcdn.com/110000-inspection/2ab15baa-06de-402f-bdf7-38cce7286fb0_1000.jpg.296x216.jpg
20201223,嘉定,江桥,一手动迁满五，中高楼层，13号线金运路站万达商圈必看好房,226.9万,1室2厅 | 52.83平米 | 南 | 精装 | 中楼层(共11层) | 2008年建 | 板楼,http://image1.ljcdn.com/110000-inspection/85d812ae-1551-4821-a9e9-f0923ad85cb3_1000.jpg.296x216.jpg
20201223,嘉定,江桥,总价低 非顶楼 有钥匙 随时看 两房必看好房,205万,2室1厅 | 60.27平米 | 南 北 | 简装 | 高楼层(共6层) | 1997年建 | 板楼,http://image1.ljcdn.com/110000-inspection/pc1_HKBHgZwZ7_1.jpg.296x216.jpg
20201223,嘉定,江桥,江桥+13号线+14号线大虹桥商品房小区，配套交通齐全必看好房,315万,2室1厅 | 84.62平米 | 南 | 精装 | 高楼层(共6层) | 1998年建 | 板楼,http://image1.ljcdn.com/110000-inspection/pc1_brJRth5AF_1.jpg.296x216.jpg
20201223,嘉定,江桥,次新房 位置佳  三房全明户型  采光通风好必看好房,425万,3室2厅 | 90.85平米 | 南 北 | 简装 | 低楼层(共15层) | 2012年建 | 板楼,http://image1.ljcdn.com/110000-inspection/676edc9b-d17a-43a3-a527-8b79a344a803.JPG.296x216.jpg
20201223,嘉定,江桥,14号地铁口嘉怡路+满五唯一+双南户型新上,282万,2室1厅 | 70.56平米 | 南 | 简装 | 高楼层(共6层) | 1994年建 | 板楼,http://image1.ljcdn.com/110000-inspection/pc1_aZgyqcueg_1.jpg.296x216.jpg
20201223,嘉定,江桥,动迁房，看房方便，南北方正大三房,620万,3室2厅 | 132平米 | 南 北 | 毛坯 | 低楼层(共13层) | 2015年建 | 板楼,http://image1.ljcdn.com/110000-inspection/c21c657e-ee48-49d5-b4ad-4f437c0a8196_1000.jpg.296x216.jpg
20201223,嘉定,江桥,大虹桥板块 近地铁13号线金运路地铁站 万达广场,570万,3室2厅 | 121.06平米 | 南 | 精装 | 低楼层(共13层) | 2007年建 | 板楼,http://image1.ljcdn.com/110000-inspection/aa727238-3230-44c2-ab72-a470e588b953_1000.jpg.296x216.jpg
20201223,嘉定,江桥,双轨交，地铁300米，好楼层，精装三房，业主诚心出售新上,495万,3室2厅 | 127.18平米 | 南 | 精装 | 中楼层(共6层) | 1998年建 | 板楼,http://image1.ljcdn.com/110000-inspection/pc1_POfKoK14a_1.jpg.296x216.jpg
20201223,嘉定,江桥,北虹桥+三轨交+满五唯一+老装修+诚意出售新上,289万,2室2厅 | 72.61平米 | 南 北 | 精装 | 低楼层(共6层) | 2005年建 | 板楼,http://image1.ljcdn.com/110000-inspection/pc1_3FOn7hicU_1.jpg.296x216.jpg
20201223,嘉定,江桥,此房一手动迁满五年唯一，中高楼层，采光视野好。,305万,2室2厅 | 77.33平米 | 南 北 | 毛坯 | 中楼层(共18层) | 2012年建 | 板楼,http://image1.ljcdn.com/110000-inspection/pc1_H82F7Vgcm_1.jpg.296x216.jpg
20201223,嘉定,江桥,北虹桥+江桥+嘉城+M14号线600米+产权车位房主自荐,523万,3室2厅 | 120平米 | 南 北 | 简装 | 高楼层(共6层) | 2008年建 | 板楼,http://image1.ljcdn.com/110000-inspection/pc1_NpeR8TbHg_1.jpg.296x216.jpg
20201223,嘉定,江桥,北虹桥品质小区 正规四房，含车位 人车分流，近14号线房主自荐,550万,4室2厅 | 110.32平米 | 南 北 | 精装 | 低楼层(共12层) | 2013年建 | 板楼,http://image1.ljcdn.com/110000-inspection/pc1_9Okfz7mAY_1.jpg.296x216.jpg
20201223,嘉定,江桥,位置好+楼层好+地铁口小区+商品房带电梯+临万达广场房主自荐,383万,2室2厅 | 75.57平米 | 南 | 精装 | 中楼层(共7层) | 2008年建 | 板楼,http://image1.ljcdn.com/110000-inspection/3416eb26-b8a6-448c-ba02-fca71e3bc4a7_1000.jpg.296x216.jpg
20201223,嘉定,江桥,大虹桥+14号线+低总价+好楼层+诚心卖,280万,2室1厅 | 71.02平米 | 南 北 | 毛坯 | 低楼层(共6层) | 1995年建 | 板楼,http://image1.ljcdn.com/110000-inspection/pc1_Ep5xm7v4X_1.jpg.296x216.jpg
20201223,嘉定,江桥,大虹桥版块，13号线金运站，精装大两房，自带花园。,369万,2室2厅 | 84平米 | 南 北 | 精装 | 低楼层(共5层) | 2005年建 | 板楼,http://image1.ljcdn.com/110000-inspection/pc1_Gv5qXy2cI_1.jpg.296x216.jpg
20201223,嘉定,江桥,精装满五唯一 提前预约 看房方便,328万,2室2厅 | 73.79平米 | 南 北 | 精装 | 高楼层(共6层) | 2007年建 | 板楼,http://image1.ljcdn.com/110000-inspection/459eabf6-05f4-40d4-a142-a35123f64a9b_1000.jpg.296x216.jpg
20201223,嘉定,江桥,品质小区，近地铁，精装修带水暖，外带产权车位房主自荐,440万,2室2厅 | 85.08平米 | 南 | 精装 | 低楼层(共17层) | 2010年建 | 板楼,http://image1.ljcdn.com/110000-inspection/pc1_3CmH150et_1.jpg.296x216.jpg
20201223,嘉定,江桥,地铁300米， 02年少有大四房，中间楼层房主自荐,540万,4室2厅 | 144.33平米 | 南 | 毛坯 | 中楼层(共5层) | 1994年建 | 板楼,http://image1.ljcdn.com/110000-inspection/pc1_Ya8QdilGO_1.jpg.296x216.jpg
20201223,嘉定,江桥,少有3房，精装修，自住，小区位置好，看中再谈价钱房主自荐,660万,3室2厅 | 129.01平米 | 南 | 精装 | 低楼层(共17层) | 2010年建 | 板楼,http://image1.ljcdn.com/110000-inspection/pc1_wt7Se5Pez_1.jpg.296x216.jpg
20201223,嘉定,江桥,小区中间 近地铁13线 万达广场配套齐全 业主诚意出售房主自荐,390万,3室2厅 | 98.65平米 | 南 北 | 精装 | 低楼层(共6层) | 2007年建 | 板楼,http://image1.ljcdn.com/110000-inspection/4adc1782-01b1-4622-a9bc-3ef0712b6e5d_1000.jpg.296x216.jpg
20201223,嘉定,江桥,大虹桥+14号线+满五唯一+环境好+诚心出售,430万,2室2厅 | 94.92平米 | 南 | 精装 | 低楼层(共22层) | 2009年建 | 板楼,http://image1.ljcdn.com/110000-inspection/pc1_25xCxWaRh_1.jpg.296x216.jpg
20201223,嘉定,江桥,闹中取静，正对小区花园，低价好房。近地铁，居住适宜,430万,2室2厅 | 97.84平米 | 南 北 | 毛坯 | 低楼层(共14层) | 2011年建 | 板楼,http://image1.ljcdn.com/110000-inspection/pc1_ZJ9VeHN0U_1.jpg.296x216.jpg
20201223,嘉定,江桥,近13号线地铁，高层视野好，采光充足，大阳台。房主自荐,260万,1室1厅 | 53.36平米 | 南 | 精装 | 高楼层(共7层) | 2008年建 | 板楼,http://image1.ljcdn.com/110000-inspection/52f77e2d-3eae-40bb-84a3-d809eeb8ee1a_1000.jpg.296x216.jpg
20201223,嘉定,江桥,满五唯一，双南户型，双阳台，采光充足，配套完善,275万,2室2厅 | 73.48平米 | 南 | 精装 | 高楼层(共6层) | 1994年建 | 板楼,http://image1.ljcdn.com/110000-inspection/pc1_MDJIWdNL4_1.jpg.296x216.jpg
20201223,嘉定,江桥,精装修，南北两房，近地铁和万达广场，大虹桥板块房主自荐,310万,2室2厅 | 72.36平米 | 南 | 精装 | 低楼层(共6层) | 2008年建 | 板楼,http://image1.ljcdn.com/110000-inspection/6992a37c-6bce-4bbe-a57b-d8591bef2e6a_1000.jpg.296x216.jpg
20201223,嘉定,江桥,恒嘉花园 2室1厅 南,235万,2室1厅 | 61.36平米 | 南 | 精装 | 中楼层(共6层) | 1997年建 | 板楼,http://image1.ljcdn.com/110000-inspection/pc1_Ad4tu0Pku_1.jpg.296x216.jpg
20201223,嘉定,江桥,精装大三房，满五唯一，南北通，采光好，业主诚心卖,610万,3室2厅 | 112.29平米 | 南 | 精装 | 高楼层(共17层) | 2010年建 | 板楼,http://image1.ljcdn.com/110000-inspection/pc1_cqCA3XEaD_1.jpg.296x216.jpg
20201223,嘉定,江桥,一梯两户高层电梯房视野佳+南北通双飘窗房型好+满五年,365万,2室2厅 | 83.82平米 | 南 北 | 简装 | 高楼层(共11层) | 2006年建 | 板楼,http://image1.ljcdn.com/110000-inspection/f3e58634-e69b-4b71-a933-0e125a6ce325_1000.jpg.296x216.jpg
20201223,嘉定,江桥,此房近地铁、配套齐全、户型南北通透房主自荐,355万,2室1厅 | 73.64平米 | 南 北 | 简装 | 高楼层(共6层) | 2005年建 | 板楼,http://image1.ljcdn.com/110000-inspection/07e1f03e-f549-4c21-aefd-321637075032_1000.jpg.296x216.jpg
20201223,嘉定,江桥,精装修三房中。央空调，中间楼层，近地铁，位置佳,428万,3室2厅 | 91.53平米 | 北 南 | 精装 | 中楼层(共11层) | 2007年建 | 板楼,http://image1.ljcdn.com/110000-inspection/98d5a4e8-ee46-4d42-b264-470eb725333e_1000.jpg.296x216.jpg
20201223,嘉定,江桥,此房满五，总价低，小户型，小区位置佳,184万,1室0厅 | 36.01平米 | 南 | 简装 | 低楼层(共7层) | 2008年建 | 板楼,http://image1.ljcdn.com/110000-inspection/pc1_wqY5WKZBN_1.jpg.296x216.jpg
20201223,嘉定,江桥,大虹桥板块，14号线地铁口500米，一楼有花园，诚售新上,199万,1室1厅 | 49.35平米 | 南 | 简装 | 低楼层(共6层) | 1995年建 | 板楼,http://image1.ljcdn.com/310000-inspection/pc1_YZkhA0Iq2_1.jpg.296x216.jpg
20201223,嘉定,江桥,品质社区，有花园、有地下室、精心装修、满五唯一房主自荐,695万,4室2厅 | 197.21平米 | 南 北 | 精装 | 低楼层(共21层) | 2009年建 | 板楼,http://image1.ljcdn.com/110000-inspection/pc1_mbNqbitSm_1.jpg.296x216.jpg
20201223,嘉定,江桥,叠加别墅 绿化高 环境好 风光河景房主自荐,1250万,4室2厅 | 163.97平米 | 南 | 精装 | 低楼层(共3层) | 2010年建 | 板楼,http://image1.ljcdn.com/110000-inspection/pc1_3WDahOweW_1.jpg.296x216.jpg
20201223,嘉定,江桥,邻万达地铁，满五年唯一，婚房装修，电梯房，随时签字房主自荐,399万,2室2厅 | 74.03平米 | 南 北 | 精装 | 中楼层(共7层) | 2008年建 | 板楼,http://image1.ljcdn.com/110000-inspection/pc1_00qMb5Pb0_1.jpg.296x216.jpg
20201223,嘉定,江桥,大虹桥板块+三轨交接+总价低+视野开阔,195万,1室1厅 | 45.02平米 | 南 北 | 简装 | 高楼层(共6层) | 1997年建 | 板楼,http://image1.ljcdn.com/110000-inspection/pc1_eRa5UfISc_1.jpg.296x216.jpg
20201223,嘉定,江桥,看房方便，有钥匙，近地铁口和万达广场，满五唯一。房主自荐,350万,2室1厅 | 73.35平米 | 北 南 | 简装 | 中楼层(共6层) | 2008年建 | 板楼,http://image1.ljcdn.com/110000-inspection/4e75a720-48c6-4e45-8030-62e6857fdd05_1000.jpg.296x216.jpg
20201223,嘉定,江桥,全南户型 采光好  通风通透 毛坯房 好楼层 上学方便房主自荐,327万,2室2厅 | 80.62平米 | 南 | 毛坯 | 低楼层(共7层) | 2007年建 | 板楼,http://image1.ljcdn.com/110000-inspection/a389d032-4162-49ce-a644-f3e0180e5687_1000.jpg.296x216.jpg
20201223,嘉定,江桥,大虹桥+双轨交+大三房，业主诚心出售，家旺好宅房主自荐,475万,3室2厅 | 123平米 | 南 北 | 简装 | 高楼层(共6层) | 2011年建 | 板楼,http://image1.ljcdn.com/110000-inspection/dec8b415-b841-4663-a66a-bee4dd65edbc_1000.jpg.296x216.jpg
20201223,嘉定,江桥,江桥 沃尔玛 14号线 南北小两房 税费少房主自荐,270万,2室1厅 | 55.59平米 | 南 北 | 简装 | 中楼层(共6层) | 1994年建 | 板楼,http://image1.ljcdn.com/110000-inspection/pc1_8PQNTQiKM_1.jpg.296x216.jpg
20201223,嘉定,江桥,大虹桥板块，高品质小区，精装大三房新上,700万,3室2厅 | 117.86平米 | 南 北 | 精装 | 低楼层(共2层) | 2018年建 | 板楼,http://image1.ljcdn.com/110000-inspection/pc1_vC9tlvmzs_1.jpg.296x216.jpg
20201223,嘉定,江桥,13号线金运路地铁，万达广场，北虹桥商务区房主自荐,224万,1室1厅 | 51.32平米 | 南 | 简装 | 低楼层(共13层) | 2008年建 | 板楼,http://image1.ljcdn.com/110000-inspection/pc1_hcZhqFLNL_1.jpg.296x216.jpg
20201223,嘉定,江桥,近地铁和万达广场，精装修，户型方正新上,306万,2室2厅 | 73.58平米 | 南 北 | 精装 | 低楼层(共6层) | 2008年建 | 板楼,http://image1.ljcdn.com/110000-inspection/pc1_rVNLaxeq6_1.jpg.296x216.jpg
20201223,嘉定,江桥,动迁分配+满五唯一两房的价格买三房，嘉怡路地铁站房主自荐,348万,3室1厅 | 105.18平米 | 南 | 简装 | 高楼层(共7层) | 2001年建 | 板楼,http://image1.ljcdn.com/310000-inspection/pc1_ZOg9sCUmr_1.jpg.296x216.jpg
20201223,嘉定,江桥,和万达做邻居相邻13号线，中间楼层视觉体验房主自荐,325万,2室2厅 | 75.58平米 | 南 北 | 精装 | 中楼层(共13层) | 2008年建 | 板楼,http://image1.ljcdn.com/110000-inspection/pc1_31ZubEXVL_1.jpg.296x216.jpg
20201223,嘉定,江桥,近地铁，格局好，南北通户型，带阁楼房主自荐,330万,2室2厅 | 72.94平米 | 南 北 | 毛坯 | 高楼层(共6层) | 2006年建 | 板楼,http://image1.ljcdn.com/110000-inspection/pc1_DJUntBkuF_1.jpg.296x216.jpg
20201223,嘉定,江桥,此房一手动迁，满五唯一，南北通，一梯四户房主自荐,400万,3室2厅 | 96.1平米 | 南 | 简装 | 中楼层(共13层) | 2008年建 | 板楼,http://image1.ljcdn.com/110000-inspection/50598489-6da9-4a94-8da3-777fcb14ae94_1000.jpg.296x216.jpg
20201223,嘉定,江桥,拎包入住  小区环境好  采光好,335万,2室2厅 | 80.13平米 | 南 北 | 精装 | 中楼层(共11层) | 2008年建 | 板楼,http://image1.ljcdn.com/110000-inspection/pc1_BeE8IosKa_1.jpg.296x216.jpg
20201223,嘉定,江桥,精装南北两房带阁楼 地铁13号线 万达广场 高楼层,325万,2室2厅 | 72.29平米 | 南 北 | 精装 | 高楼层(共6层) | 2008年建 | 板楼,http://image1.ljcdn.com/110000-inspection/d72eb3d7-19f2-4d18-8a8f-77477614a378_1000.jpg.296x216.jpg
20201223,嘉定,江桥,一手动迁税少，高楼层南北户型，万达广场，地铁13号线房主自荐,380万,2室2厅 | 80.47平米 | 南 北 | 简装 | 高楼层(共13层) | 2007年建 | 板楼,http://image1.ljcdn.com/110000-inspection/1f093d05-5461-4256-929f-f8a64e558e1d_1000.jpg.296x216.jpg
20201223,嘉定,江桥,近地铁，户型南北通透，非顶楼采光好,350万,2室1厅 | 75.63平米 | 南 北 | 精装 | 高楼层(共6层) | 2008年建 | 板楼,http://image1.ljcdn.com/110000-inspection/e8eb85be-8753-4af7-9341-eabfc61a2a66_1000.jpg.296x216.jpg
20201223,嘉定,江桥,本房南北通 带装修 拎包住 进出方便 诚意出售房主自荐,308万,2室2厅 | 73.92平米 | 南 北 | 精装 | 低楼层(共6层) | 2007年建 | 板楼,http://image1.ljcdn.com/110000-inspection/pc1_V9gqLjkmr_1.jpg.296x216.jpg
20201223,嘉定,江桥,近地铁近万达 税费少，南北通房型好 业主诚意出售,320万,2室1厅 | 72.98平米 | 南 北 | 精装 | 高楼层(共6层) | 2006年建 | 板楼,http://image1.ljcdn.com/110000-inspection/pc1_iOKYpAig5_1.jpg.296x216.jpg
20201223,嘉定,江桥,南北通，视野宽阔，通风好，满五唯一,315万,2室2厅 | 72.36平米 | 北 南 | 精装 | 低楼层(共6层) | 2008年建 | 板楼,http://image1.ljcdn.com/110000-inspection/pc1_C95dVNqgN_1.jpg.296x216.jpg
20201223,嘉定,江桥,近地铁13号线，近万达，南北通透房主自荐,335万,2室2厅 | 78.79平米 | 南 北 | 精装 | 中楼层(共5层) | 2006年建 | 板楼,http://image1.ljcdn.com/110000-inspection/ed9c64a4-b25d-4805-8687-17f3ef7dcdd2_1000.jpg.296x216.jpg
20201223,嘉定,江桥,南北通透户型两年，精装修，万达广场，地铁13号线房主自荐,365万,2室2厅 | 80.61平米 | 南 北 | 精装 | 低楼层(共6层) | 2007年建 | 板楼,http://image1.ljcdn.com/110000-inspection/ac5138f4-9a65-4c1f-892b-77861288703c_1000.jpg.296x216.jpg
20201223,嘉定,江桥,电梯房税费少户型好近13号线金运路地铁万达华泰商圈房主自荐,242万,1室1厅 | 55.7平米 | 南 | 简装 | 中楼层(共11层) | 2007年建 | 板楼,http://image1.ljcdn.com/110000-inspection/f40baf01-f08b-42b6-aca3-86ebc26fe7a8_1000.jpg.296x216.jpg
20201223,嘉定,江桥,中房公寓，动迁房，满五唯一，户型好，诚心出售,328万,2室2厅 | 74.77平米 | 南 北 | 简装 | 高楼层(共7层) | 2007年建 | 板楼,http://image1.ljcdn.com/110000-inspection/ab0b19d7-fe90-42fa-8bf1-1fc66f5cbc54_1000.jpg.296x216.jpg
20201223,嘉定,江桥,真实在售+户型方正+干湿分离+精装修+房东诚意出,215万,2室1厅 | 58.22平米 | 南 | 精装 | 高楼层(共6层) | 1997年建 | 板楼,http://image1.ljcdn.com/110000-inspection/pc1_VolfBE5Gx_1.jpg.296x216.jpg
20201223,嘉定,江桥,动迁房无增值税，买房成本低，出行方便，价格可谈。。,305万,2室2厅 | 72.36平米 | 南 北 | 简装 | 低楼层(共6层) | 2008年建 | 板楼,http://image1.ljcdn.com/110000-inspection/pc1_jfVk8xtJo_1.jpg.296x216.jpg
20201223,嘉定,江桥,江桥二村地铁14双轨交地铁口，总价低两房，边套南北通,236万,2室1厅 | 56.9平米 | 南 | 简装 | 高楼层(共6层) | 1995年建 | 板楼,http://image1.ljcdn.com/110000-inspection/pc1_jyqPcdsuj_1.jpg.296x216.jpg
20201223,嘉定,江桥,精装修，格局无改动，双南，前后无遮挡，视野好，河边房主自荐,313万,1室1厅 | 63.99平米 | 南 | 精装 | 高楼层(共18层) | 2012年建 | 板楼,http://image1.ljcdn.com/110000-inspection/pc1_c5y9jTuUJ_1.jpg.296x216.jpg
20201223,嘉定,江桥,大虹桥板块两房，带车位，配套地铁教育资源丰富齐全房主自荐,390万,2室2厅 | 79.57平米 | 南 | 毛坯 | 低楼层(共18层) | 2011年建 | 板楼,http://image1.ljcdn.com/110000-inspection/pc1_6NeNG8bX9_1.jpg.296x216.jpg
20201223,嘉定,江桥,动迁满五唯一，无增值税，无个税,245万,1室2厅 | 53.53平米 | 南 | 毛坯 | 高楼层(共7层) | 2005年建 | 板楼,http://image1.ljcdn.com/110000-inspection/pc1_o7QahUOw4_1.jpg.296x216.jpg
20201223,嘉定,江桥,锦华稀有南北通两房 带产权车位 户型正 业主诚售,400万,2室1厅 | 85.51平米 | 南 北 | 精装 | 高楼层(共6层) | 2006年建 | 板楼,http://image1.ljcdn.com/110000-inspection/pc1_7lZ6kdLhQ_1.jpg.296x216.jpg
20201223,嘉定,江桥,一梯两户+两房朝南南北通透+全明户型+满五税少房主自荐,205万,2室1厅 | 58.22平米 | 南 北 | 简装 | 高楼层(共6层) | 1997年建 | 板楼,http://image1.ljcdn.com/110000-inspection/pc1_pwPprqSyV_1.jpg.296x216.jpg
20201223,嘉定,江桥,房子里面产权清晰，户口无，采光无遮挡，没有任何抵押房主自荐,285万,2室2厅 | 72.36平米 | 南 北 | 毛坯 | 高楼层(共6层) | 2008年建 | 板楼,http://image1.ljcdn.com/110000-inspection/7b51a7e2-7f61-4abc-b4d6-bf0073dc2706_1000.jpg.296x216.jpg
20201223,嘉定,江桥,江桥.满五唯一，南北通透，全明户型。。房主自荐,287万,3室1厅 | 82.69平米 | 南 北 | 精装 | 高楼层(共6层) | 1995年建 | 板楼,http://image1.ljcdn.com/110000-inspection/pc1_oLJE3Ie7n_1.jpg.296x216.jpg
20201223,嘉定,江桥,南北双阳台双通透原始动迁税少楼层高区无遮挡看房方便房主自荐,320万,2室2厅 | 75.28平米 | 南 北 | 简装 | 低楼层(共6层) | 2007年建 | 板楼,http://image1.ljcdn.com/110000-inspection/6a7e3a8d-6ee2-4f4e-b198-fca4cbc36e29_1000.jpg.296x216.jpg
20201223,嘉定,江桥,14号线+南北通+楼层佳+阁楼精装+采光好，视野好房主自荐,435万,2室2厅 | 93.33平米 | 南 | 精装 | 高楼层(共4层) | 2008年建 | 板楼,http://image1.ljcdn.com/110000-inspection/pc1_xc1fnxC7M_1.jpg.296x216.jpg
20201223,嘉定,江桥,大虹桥板块+精装修+双轨交通+房东诚意出售+看房随时。房主自荐,328万,3室2厅 | 92.12平米 | 南 | 简装 | 高楼层(共6层) | 2005年建 | 板楼,http://image1.ljcdn.com/110000-inspection/pc1_D22DuFwo6_1.jpg.296x216.jpg
20201223,嘉定,江桥,房型好，楼层佳，近地铁，出行购物方便，自带公园房主自荐,343万,2室2厅 | 74.4平米 | 南 北 | 精装 | 高楼层(共11层) | 2008年建 | 板楼,http://image1.ljcdn.com/110000-inspection/23f26060-b1e2-4ff6-a995-be58fbcba00c_1000.jpg.296x216.jpg
20201223,嘉定,江桥,地铁口  正气大三房  南北通透格局好  业主诚意出售房主自荐,467.5万,3室2厅 | 101.67平米 | 南 北 | 毛坯 | 低楼层(共11层) | 2005年建 | 板楼,http://image1.ljcdn.com/110000-inspection/8ef92315-b063-4acc-8275-171c82d9f197_1000.jpg.296x216.jpg
20201223,嘉定,江桥,未来14号沿线 交通方便 全南户型 总价低 楼层好,423万,2室1厅 | 69.42平米 | 南 | 精装 | 高楼层(共11层) | 2011年建 | 板楼,http://image1.ljcdn.com/110000-inspection/pc1_PXnekwv59_1.jpg.296x216.jpg
20201223,嘉定,江桥,满二年，带地下产权车位，精装修房主自荐,600万,3室2厅 | 131.56平米 | 南 北 | 精装 | 低楼层(共11层) | 2014年建 | 板楼,http://image1.ljcdn.com/110000-inspection/pc1_HJWZpttdY_1.jpg.296x216.jpg
20201223,嘉定,江桥,万达大三房 户型好格局好 满五唯一  诚意出售房主自荐,650万,3室2厅 | 129.91平米 | 南 | 简装 | 低楼层(共17层) | 2011年建 | 板楼,http://image1.ljcdn.com/110000-inspection/8c95feaa-abc1-433e-bf1a-538a84a78e0e_1000.jpg.296x216.jpg
20201223,嘉定,江桥,北虹桥+江桥+M14嘉怡路600米+精装修+南北通透房主自荐,750万,3室2厅 | 124平米 | 南 北 | 精装 | 中楼层(共18层) | 2011年建 | 板楼,http://image1.ljcdn.com/110000-inspection/pc1_PlowR77ld_1.jpg.296x216.jpg
20201223,嘉定,江桥,外环小两居室，邻14号线轨交，700米沃尔玛。全朝南房主自荐,238万,2室1厅 | 60.64平米 | 南 | 简装 | 中楼层(共6层) | 1995年建 | 板楼,http://image1.ljcdn.com/110000-inspection/pc1_MooFxeq52_1.jpg.296x216.jpg
20201223,嘉定,江桥,大虹桥扩展区，14号沿线户型方正三居室，精装房,510万,3室2厅 | 122.61平米 | 南 | 精装 | 低楼层(共9层) | 2009年建 | 板楼,http://image1.ljcdn.com/110000-inspection/pc1_0CJvkgEes_1.jpg.296x216.jpg
20201223,嘉定,江桥,精装修，南北两房，近地铁和万达广场，大虹桥板块房主自荐,320万,2室2厅 | 78.38平米 | 南 | 精装 | 低楼层(共11层) | 2008年建 | 板楼,http://image1.ljcdn.com/110000-inspection/pc1_AOWOm5mxO_1.jpg.296x216.jpg
20201223,嘉定,江桥,大虹桥板块，精装修两房，边套全明户型，房东诚售房主自荐,300万,2室1厅 | 67平米 | 东 | 精装 | 高楼层(共6层) | 1995年建 | 板楼,http://image1.ljcdn.com/110000-inspection/3820c8b1-e7f4-4ca8-9220-bd9bb2d7f8c1_1000.jpg.296x216.jpg
20201223,嘉定,江桥,大虹桥 14号沿线 带大花园 二加二户型 里面面积大房主自荐,728万,4室2厅 | 99.2平米 | 南 北 | 精装 | 低楼层(共6层) | 2010年建 | 板楼,http://image1.ljcdn.com/110000-inspection/pc1_iGlNw11hg_1.jpg.296x216.jpg
20201223,嘉定,江桥,大虹桥板块，采光日照充足，配套成熟，地铁14号线,528万,3室2厅 | 127.49平米 | 南 | 精装 | 中楼层(共16层) | 2011年建 | 板楼,http://image1.ljcdn.com/110000-inspection/pc1_9Lbi6bqSU_1.jpg.296x216.jpg
20201223,嘉定,江桥,大虹桥双轨交，好楼层，满五唯一随时可看，随时签字,280万,2室1厅 | 67.45平米 | 南 | 简装 | 中楼层(共6层) | 1994年建 | 板楼,http://image1.ljcdn.com/110000-inspection/pc1_u1reUhLwN_1.jpg.296x216.jpg
20201223,嘉定,江桥,大虹桥板块+14号线地铁口+双轨交+满五唯一+15平方天井,228万,1室1厅 | 49平米 | 南 | 精装 | 低楼层(共6层) | 1997年建 | 板楼,http://image1.ljcdn.com/110000-inspection/pc1_aeoiiXzVY_1.jpg.296x216.jpg
20201223,嘉定,江桥,带超大花园，南北通大3房距离14号线800m，业主急售！,560万,3室2厅 | 119.07平米 | 南 北 | 简装 | 低楼层(共6层) | 2006年建 | 板楼,http://image1.ljcdn.com/110000-inspection/7caea153-05c3-4be1-bb18-22cac9318943_1000.jpg.296x216.jpg
20201223,嘉定,江桥,满五唯一，带产权车位，一梯两户精装小三房房主自荐,450万,3室1厅 | 90.65平米 | 南 北 | 精装 | 低楼层(共18层) | 2011年建 | 板楼,http://image1.ljcdn.com/110000-inspection/pc1_V9I0mEZkw_1.jpg.296x216.jpg
20201223,嘉定,江桥,江桥装修3房 中间层 南北通透 拎包住 诚意出售！房主自荐,436万,3室2厅 | 95.6平米 | 南 北 | 精装 | 中楼层(共7层) | 2005年建 | 板楼,http://image1.ljcdn.com/110000-inspection/pc1_csRAvt5tD_1.jpg.296x216.jpg
20201223,嘉定,江桥,14号线+总价低+江桥沃尔玛+中间楼层+采光通风好房主自荐,173万,1室1厅 | 42.68平米 | 南 | 毛坯 | 中楼层(共6层) | 1995年建 | 板楼,http://image1.ljcdn.com/110000-inspection/pc1_fJvud9t0i_1.jpg.296x216.jpg
20201223,嘉定,江桥,大虹桥板块、品质小区、户型好楼层好房主自荐,435万,2室2厅 | 92.36平米 | 南 | 简装 | 中楼层(共21层) | 2009年建 | 板楼,http://image1.ljcdn.com/110000-inspection/pc1_rwGqvc2GE_1.jpg.296x216.jpg
20201223,嘉定,江桥,大虹桥+北虹桥+M14嘉怡路站+南北通透+精装修,380万,2室2厅 | 83.59平米 | 南 北 | 精装 | 低楼层(共6层) | 2009年建 | 板楼,http://image1.ljcdn.com/110000-inspection/pc1_ojnjTiaXb_1.jpg.296x216.jpg
20201223,嘉定,江桥,北虹桥，地铁口，万达旁，出行生活交通方便房主自荐,378万,2室2厅 | 72.91平米 | 南 北 | 精装 | 低楼层(共7层) | 2008年建 | 板楼,http://image1.ljcdn.com/110000-inspection/aeb15c2b-ad17-4162-9ca8-1479fc706a69_1000.jpg.296x216.jpg
20201223,嘉定,江桥,此房满五唯一，精装修，户型很好，大一房房主自荐,246万,1室1厅 | 57.25平米 | 南 | 精装 | 高楼层(共6层) | 2006年建 | 板楼,http://image1.ljcdn.com/110000-inspection/c8590b16-71cc-4354-9ee2-641f35a025c8_1000.jpg.296x216.jpg
20201223,嘉定,江桥,双轨交汇+2012年次新房+低总价+万达广场商圈+近地铁,222万,1室1厅 | 56.15平米 | 南 | 毛坯 | 低楼层(共18层) | 2012年建 | 板楼,http://image1.ljcdn.com/110000-inspection/pc1_KD53b1JCr_1.jpg.296x216.jpg
20201223,嘉定,江桥,14号线 北虹桥 江桥沃尔玛 两房两厅带院子 精装修房主自荐,365万,2室2厅 | 87.29平米 | 南 北 | 精装 | 低楼层(共11层) | 2009年建 | 板楼,http://image1.ljcdn.com/110000-inspection/pc1_ZEZ9bL9WX_1.jpg.296x216.jpg
20201223,嘉定,江桥,动迁房，一房两厅，简单装修，楼层中间位置，采光好,300万,1室2厅 | 63.99平米 | 南 | 简装 | 中楼层(共18层) | 2012年建 | 板楼,http://image1.ljcdn.com/110000-inspection/pc1_kjGEjI3wk_1.jpg.296x216.jpg
20201223,嘉定,江桥,近13号线，满五唯一，房型方正，带小阁楼，前后无遮挡,230万,1室1厅 | 51.78平米 | 南 | 毛坯 | 高楼层(共6层) | 2008年建 | 板楼,http://image1.ljcdn.com/110000-inspection/33074592-64f5-4687-abba-45733eb6e4cc_1000.jpg.296x216.jpg
20201223,嘉定,江桥,婚房精装修 户型正气，采光通风好，正对中间花园房主自荐,335万,2室2厅 | 95平米 | 西南 北 | 精装 | 高楼层(共7层) | 2001年建 | 板楼,http://image1.ljcdn.com/110000-inspection/pc1_ng9zIWqvu_1.jpg.296x216.jpg
20201223,嘉定,江桥,新装未住一房，近万达，近地铁，交通方便，配套齐全,245.7万,1室1厅 | 52.93平米 | 南 北 | 精装 | 低楼层(共6层) | 2008年建 | 板楼,http://image1.ljcdn.com/110000-inspection/471c426f-cabb-47ec-8fef-e7bc1b090006_1000.jpg.296x216.jpg
20201223,嘉定,江桥,顶楼电梯复式，三阳台，户型正气，可三代同堂入住,1100万,5室3厅 | 249.59平米 | 南 | 精装 | 高楼层(共15层) | 2011年建 | 板楼,http://image1.ljcdn.com/110000-inspection/eb8114f4-13a7-43df-938f-02ed16b59629_1000.jpg.296x216.jpg
20201223,嘉定,江桥,此房毛坯别墅，带产权车位，地铁400米，房间大采光好房主自荐,1400万,4室1厅 | 204.31平米 | 南 | 毛坯 | 低楼层(共1层) | 2013年建 | 板楼,http://image1.ljcdn.com/110000-inspection/pc1_91eEzxeXu_1.jpg.296x216.jpg
20201223,嘉定,江桥,北虹桥、3轨交、车位充足、配套、医院、公园、税费少,500万,3室2厅 | 127.49平米 | 南 | 简装 | 高楼层(共16层) | 2011年建 | 板楼,http://image1.ljcdn.com/110000-inspection/pc1_d9U5tbUZQ_1.jpg.296x216.jpg
20201223,嘉定,江桥,大虹桥近地铁，人车分流小区，环境好带车位房主自荐,480万,2室2厅 | 84.23平米 | 南 | 精装 | 低楼层(共12层) | 2013年建 | 板楼,http://image1.ljcdn.com/110000-inspection/pc1_KS6jxC2oK_1.jpg.296x216.jpg
20201223,嘉定,江桥,动迁满五年，电梯高层，视野开阔，看房方便房主自荐,232万,1室1厅 | 52.82平米 | 南 | 简装 | 低楼层(共11层) | 2008年建 | 板楼,http://image1.ljcdn.com/110000-inspection/pc1_UV4ZkcE64_1.jpg.296x216.jpg
20201223,嘉定,江桥,近14号线嘉怡路站，高品质小区，楼层位置佳，婚房精装房主自荐,345万,1室2厅 | 69.89平米 | 南 | 精装 | 中楼层(共11层) | 2010年建 | 板楼,http://image1.ljcdn.com/110000-inspection/pc1_G1L9ytCUY_1.jpg.296x216.jpg
20201223,嘉定,江桥,大虹桥，14号线沿线、带大花园，全南户型，精装房主自荐,435万,2室2厅 | 90.54平米 | 南 | 精装 | 低楼层(共21层) | 2009年建 | 板楼,http://image1.ljcdn.com/110000-inspection/pc1_Tb7J5b9BG_1.jpg.296x216.jpg
20201223,嘉定,江桥,南北通一房，满五年唯一，近13号线地铁，配套成熟。房主自荐,245万,1室2厅 | 62.32平米 | 南 北 | 毛坯 | 低楼层(共13层) | 2008年建 | 板楼,http://image1.ljcdn.com/110000-inspection/pc1_p16CJVraw_1.jpg.296x216.jpg
20201223,嘉定,江桥,小区位置，低楼层，原始户型，带阳台，,329万,2室2厅 | 82.84平米 | 南 | 简装 | 低楼层(共18层) | 2011年建 | 板楼,http://image1.ljcdn.com/110000-inspection/pc1_BEqaOTPPF_1.jpg.296x216.jpg
20201223,嘉定,江桥,江桥万达商圈+金运路地铁口+采光充足+位置好房主自荐,330万,2室2厅 | 73.41平米 | 南 北 | 简装 | 低楼层(共7层) | 2008年建 | 板楼,http://image1.ljcdn.com/110000-inspection/pc1_Z9o7q52kb_1.jpg.296x216.jpg
20201223,嘉定,江桥,14号地铁，拎包入住，南北通，满五唯一，采光好房主自荐,440万,3室2厅 | 101.18平米 | 南 北 | 精装 | 高楼层(共6层) | 2008年建 | 板楼,http://image1.ljcdn.com/110000-inspection/pc1_6CaDUZ5OX_1.jpg.296x216.jpg
20201223,嘉定,江桥,近万达地铁，交通便利，中间楼层，诚意售,242万,1室1厅 | 51.32平米 | 南 | 精装 | 高楼层(共13层) | 2008年建 | 板楼,http://image1.ljcdn.com/110000-inspection/2037acb7-c1c5-46f3-88d7-1f92f09043da_1000.jpg.296x216.jpg
20201223,嘉定,江桥,北虹桥+双轨交+地铁800米+精装修+满五唯一房主自荐,390万,2室2厅 | 84.87平米 | 南 | 精装 | 低楼层(共18层) | 2010年建 | 板楼,http://image1.ljcdn.com/110000-inspection/pc1_30rqdx9rM_1.jpg.296x216.jpg
20201223,嘉定,江桥,动迁房+毛坯+随时可看+不临街+非顶楼房主自荐,326万,2室2厅 | 95.87平米 | 南 | 毛坯 | 高楼层(共7层) | 2001年建 | 板楼,http://image1.ljcdn.com/310000-inspection/pc1_ErUM6ysvQ_1.jpg.296x216.jpg
20201223,嘉定,江桥,此房满五唯一 地铁+万达 南北通风 看房方便,350万,2室2厅 | 73.9平米 | 南 北 | 毛坯 | 高楼层(共4层) | 2005年建 | 板楼,http://image1.ljcdn.com/110000-inspection/pc1_BAlyI1oOu_1.jpg.296x216.jpg
20201223,嘉定,江桥,14号+13号+大虹桥 中间楼层的小三房房主自荐,386万,3室1厅 | 97.54平米 | 南 | 毛坯 | 中楼层(共6层) | 1996年建 | 板楼,http://image1.ljcdn.com/110000-inspection/pc1_dZhE1dEUR_1.jpg.296x216.jpg
20201223,嘉定,江桥,邻万达地铁，毛坯房，采光充足，随时看房，到价签字,233万,1室1厅 | 54.01平米 | 南 | 毛坯 | 低楼层(共11层) | 2007年建 | 板楼,http://image1.ljcdn.com/110000-inspection/af8d7532-74dd-43d8-8c2a-daf0bc0e57ef_1000.jpg.296x216.jpg
20201223,嘉定,江桥,大虹桥板块+三轨相交+江桥医院+户型正气+诚意出售新上,223万,1室1厅 | 56.2平米 | 南 | 毛坯 | 高楼层(共6层) | 2005年建 | 板楼,http://image1.ljcdn.com/110000-inspection/pc1_yNfAI6hjQ_1.jpg.296x216.jpg
20201223,嘉定,江桥,中房公寓 3室1厅 南新上,398万,3室1厅 | 96.96平米 | 南 | 其他 | 低楼层(共7层) | 2005年建 | 板楼,http://image1.ljcdn.com/110000-inspection/pc1_Tv8Zi8iF2_1.jpg.296x216.jpg
20201223,嘉定,江桥,满五唯一+采光好+随时可以看房+业主诚心出售。房主自荐,226万,2室1厅 | 61.36平米 | 南 | 简装 | 高楼层(共6层) | 1997年建 | 板楼,http://image1.ljcdn.com/310000-inspection/pc1_B2vpwYRFm_1.jpg.296x216.jpg
20201223,嘉定,江桥,14号线 沃尔玛 江桥高档小区，三开间朝南，配套成熟房主自荐,740万,3室2厅 | 124.05平米 | 南 | 精装 | 高楼层(共18层) | 2011年建 | 板楼,http://image1.ljcdn.com/110000-inspection/pc1_tFyxTwWis_1.jpg.296x216.jpg
20201223,嘉定,江桥,满五唯一，精装修，带阁楼，视野好,360万,2室1厅 | 72.01平米 | 南 北 | 精装 | 高楼层(共6层) | 2008年建 | 板楼,http://image1.ljcdn.com/110000-inspection/359cd43f-9dd3-4705-ab30-d4d3ed174f5e_1000.jpg.296x216.jpg
20201223,嘉定,江桥,大虹桥+14号线+满五唯一+品质小区+飞机户型,540万,3室2厅 | 110.45平米 | 南 | 精装 | 低楼层(共22层) | 2009年建 | 板楼,http://image1.ljcdn.com/110000-inspection/pc1_BnZ6vqcNk_1.jpg.296x216.jpg
20201223,嘉定,江桥,14号嘉怡路地铁口 沃尔玛商圈 双南南北通户型 采光好房主自荐,410万,2室2厅 | 86.78平米 | 南 北 | 简装 | 低楼层(共14层) | 2008年建 | 板楼,http://image1.ljcdn.com/110000-inspection/pc1_pNLhuQ6o4_1.jpg.296x216.jpg
20201223,嘉定,江桥,大虹桥板块，13号线地铁，精装修中间楼层，满五唯一。,310万,2室1厅 | 73.18平米 | 南 北 | 精装 | 中楼层(共5层) | 2005年建 | 板楼,http://image1.ljcdn.com/110000-inspection/03fea7e1-899f-4c6c-8c81-af89c329b84c_1000.jpg.296x216.jpg
20201223,嘉定,江桥,北虹桥板块+双轨交地铁+双南两房房主自荐,239万,2室2厅 | 64.48平米 | 南 北 | 简装 | 高楼层(共6层) | 1997年建 | 板楼,http://image1.ljcdn.com/110000-inspection/pc1_s7EnDs5RG_1.jpg.296x216.jpg
20201223,嘉定,江桥,虹桥板块稀出次新大三房+近地铁站300米+满五唯一房主自荐,500万,3室2厅 | 126.52平米 | 南 | 精装 | 中楼层(共6层) | 2000年建 | 板楼,http://image1.ljcdn.com/110000-inspection/pc1_omyWGaUdF_1.jpg.296x216.jpg
20201223,嘉定,江桥,14号地铁，南北通，视野开阔，采光好,380万,2室2厅 | 84.12平米 | 南 北 | 精装 | 高楼层(共17层) | 2009年建 | 板楼,http://image1.ljcdn.com/110000-inspection/pc1_1yvfpTqeo_1.jpg.296x216.jpg
20201223,嘉定,江桥,14号地铁，南北通，满五唯一，采光好,270万,1室1厅 | 55.66平米 | 南 | 精装 | 高楼层(共17层) | 2009年建 | 板楼,http://image1.ljcdn.com/110000-inspection/pc1_M39U8awsW_1.jpg.296x216.jpg
20201223,嘉定,江桥,江桥 沃尔玛 14号线 商品房小区 满五唯一 税费少,390万,2室2厅 | 84.12平米 | 南 | 精装 | 中楼层(共17层) | 2009年建 | 板楼,http://image1.ljcdn.com/110000-inspection/pc1_nCOeU6tou_1.jpg.296x216.jpg
20201223,嘉定,江桥,中间楼层南北通两房+小区中间位置不临街+税少房主自荐,310万,2室2厅 | 73.31平米 | 南 北 | 简装 | 中楼层(共5层) | 2006年建 | 板楼,http://image1.ljcdn.com/310000-inspection/53525d0b-a9c2-4f01-a5f4-c04e2c4a213e_1000.jpg.296x216.jpg
20201223,嘉定,江桥,北虹桥，居住板块，人车分流，精装修中高层，14号线,465万,2室1厅 | 81.31平米 | 南 | 精装 | 中楼层(共12层) | 2013年建 | 板楼,http://image1.ljcdn.com/110000-inspection/pc1_hNHTakMHN_1.jpg.296x216.jpg
20201223,嘉定,江桥,格局好，南北通户型，满五年唯一，精装修房主自荐,410万,3室2厅 | 98.64平米 | 南 北 | 精装 | 高楼层(共6层) | 2006年建 | 板楼,http://image1.ljcdn.com/110000-inspection/pc1_uKi1bYRHR_1.jpg.296x216.jpg
20201223,嘉定,江桥,楼层好，位置好，精装修，近地铁，近万达广场,329万,2室2厅 | 74.8平米 | 南 北 | 精装 | 中楼层(共6层) | 2007年建 | 板楼,http://image1.ljcdn.com/110000-inspection/55505423-6d50-49ac-9dec-a8bbfee5f65e_1000.jpg.296x216.jpg
20201223,嘉定,江桥,动迁满五唯一 双飘窗  配套设施齐全 交通便利,410万,3室2厅 | 98.65平米 | 南 北 | 简装 | 低楼层(共6层) | 2006年建 | 板楼,http://image1.ljcdn.com/110000-inspection/369b8484-c568-4fda-af3c-783cf07574a0_1000.jpg.296x216.jpg
20201223,嘉定,江桥,全世界上醉好吃的面 都不如见你一面,216万,1室2厅 | 56.47平米 | 南 | 简装 | 低楼层(共15层) | 2011年建 | 板楼,http://image1.ljcdn.com/110000-inspection/pc1_Qw8H2Ghge_1.jpg.296x216.jpg
20201223,嘉定,江桥,本小区所在位置是江桥居中区域，近万达近交通，房主自荐,254万,1室1厅 | 53.04平米 | 南 | 其他 | 低楼层(共7层) | 2008年建 | 板楼,http://image1.ljcdn.com/110000-inspection/cfc6cf28-2860-4d0b-ac36-7f1fca7b83af_1000.jpg.296x216.jpg
20201223,嘉定,江桥,大虹桥板块+双交轨+满五唯一+精装修拎包入住看房方便房主自荐,389万,2室2厅 | 91.41平米 | 南 北 | 精装 | 低楼层(共14层) | 2011年建 | 板楼,http://image1.ljcdn.com/110000-inspection/pc1_4aDoJ1Jh2_1.jpg.296x216.jpg
20201223,嘉定,江桥,品质小区，景观楼层，连廊大的阳台，看房提前预约房主自荐,480万,2室2厅 | 96.84平米 | 南 | 精装 | 中楼层(共14层) | 2009年建 | 板楼,http://image1.ljcdn.com/110000-inspection/1733a452-955c-4643-a82a-1cae6e2f69ae_1000.jpg.296x216.jpg
20201223,嘉定,江桥,13号线+万达，精装修两房带院子，动迁满五唯一房主自荐,315万,2室2厅 | 74平米 | 北 南 | 精装 | 低楼层(共5层) | 2005年建 | 板楼,http://image1.ljcdn.com/110000-inspection/pc1_SxKa7DkTg_1.jpg.296x216.jpg
20201223,嘉定,江桥,地铁口原始三房+沃尔玛+老街+交通配套方便+户型方正房主自荐,280万,3室1厅 | 81.68平米 | 南 | 简装 | 高楼层(共6层) | 1989年建 | 板楼,http://image1.ljcdn.com/110000-inspection/pc1_y1a4oAnYU_1.jpg.296x216.jpg
20201223,嘉定,江桥,嘉旺苑大两房，朝西大客厅带阳台，户型好。房主自荐,405万,2室2厅 | 101.38平米 | 南 北 | 毛坯 | 低楼层(共13层) | 2006年建 | 板楼,http://image1.ljcdn.com/110000-inspection/pc1_OPZVo7CcC_1.jpg.296x216.jpg
20201223,嘉定,江桥,南北两房  双天井 满五唯一  小区住宅中间位置房主自荐,260万,2室1厅 | 67.13平米 | 南 | 简装 | 低楼层(共6层) | 1994年建 | 板楼,http://image1.ljcdn.com/110000-inspection/pc1_vUphFs6Eo_1.jpg.296x216.jpg
20201223,嘉定,江桥,大虹桥+双轨交+动迁商品房+大三房+业主诚心出售房主自荐,539万,3室2厅 | 141.52平米 | 南 | 毛坯 | 低楼层(共11层) | 2011年建 | 板楼,http://image1.ljcdn.com/110000-inspection/pc1_CwAMZYwgC_1.jpg.296x216.jpg
20201223,嘉定,江桥,大虹桥高品质小区，花园位置中间楼层，精装修交付房主自荐,765万,3室2厅 | 117.86平米 | 南 北 | 精装 | 中楼层(共18层) | 2018年建 | 板楼,http://image1.ljcdn.com/110000-inspection/pc1_xGt2XqueW_1.jpg.296x216.jpg
20201223,嘉定,江桥,大虹桥板块+双轨交+精装带3个院子+满五唯一+诚意出售房主自荐,490万,3室2厅 | 131.73平米 | 南 | 简装 | 低楼层(共6层) | 1998年建 | 板楼,http://image1.ljcdn.com/110000-inspection/pc1_GGrR67g9A_1.jpg.296x216.jpg
20201223,嘉定,江桥,此房满五年税费少，精装修三房，可以直接入住房主自荐,303万,3室2厅 | 82.82平米 | 南 北 | 简装 | 高楼层(共6层) | 1995年建 | 板楼,http://image1.ljcdn.com/110000-inspection/1d4f641d-4a5d-4961-b7bf-2669c97540ce_1000.jpg.296x216.jpg
20201223,嘉定,江桥,双轨交，地铁300米，动迁满五唯一，多3平储物空间房主自荐,280万,2室1厅 | 70.66平米 | 南 | 简装 | 低楼层(共6层) | 1994年建 | 板楼,http://image1.ljcdn.com/110000-inspection/pc1_cO5p8L8j7_1.jpg.296x216.jpg
20201223,嘉定,江桥,精装修，近地铁，满五唯一，南北通透,334万,2室1厅 | 73.33平米 | 南 北 | 精装 | 高楼层(共6层) | 2008年建 | 板楼,http://image1.ljcdn.com/110000-inspection/1e868949-cd0e-42dd-ad8f-5ce2df611c19_1000.jpg.296x216.jpg
20201223,嘉定,江桥,14号线 江桥高档小区 南北通透 精装修 看房方便,540万,3室2厅 | 85.58平米 | 南 北 | 精装 | 中楼层(共11层) | 2011年建 | 板楼,http://image1.ljcdn.com/110000-inspection/pc1_yvNddNvaB_1.jpg.296x216.jpg
20201223,嘉定,江桥,大虹桥双轨交、精装品质两房（已改小三房）房主自荐,380万,2室2厅 | 96平米 | 南 北 | 精装 | 低楼层(共12层) | 2006年建 | 板楼,http://image1.ljcdn.com/110000-inspection/3f953ff9-8403-4a6d-9ee1-01778a352376_1000.jpg.296x216.jpg
20201223,嘉定,江桥,14号线 江桥高档小区 带地下室 阳光房 大院子 配套优房主自荐,818万,5室2厅 | 138.6平米 | 南 北 | 精装 | 低楼层(共5层) | 2010年建 | 板楼,http://image1.ljcdn.com/110000-inspection/pc1_R91JsjOvf_1.jpg.296x216.jpg
20201223,嘉定,江桥,业主诚意出售，位置好，看房方便房主自荐,315万,2室1厅 | 74.1平米 | 南 北 | 精装 | 低楼层(共11层) | 2005年建 | 板楼,http://image1.ljcdn.com/110000-inspection/b44b617d-e668-40d2-8d00-64a5ec2e838d_1000.jpg.296x216.jpg
20201223,嘉定,江桥,14号地铁，南北通，满五唯一，采光好房主自荐,428万,2室2厅 | 96.03平米 | 南 北 | 精装 | 高楼层(共6层) | 2009年建 | 板楼,http://image1.ljcdn.com/110000-inspection/pc1_z0Bus79v9_1.jpg.296x216.jpg
20201223,嘉定,江桥,精装 刚需小两房 总价低 税低 近地铁房主自荐,204万,2室1厅 | 62.99平米 | 南 北 | 简装 | 高楼层(共6层) | 1995年建 | 板楼,http://image1.ljcdn.com/310000-inspection/prod-3357631a-2da2-4c94-b18d-ab8db6aa176d.jpg.296x216.jpg
20201223,嘉定,江桥,江桥高品质小区，中间楼层，刚交房,485万,2室1厅 | 80平米 | 南 | 精装 | 中楼层(共17层) | 2019年建 | 板楼,http://image1.ljcdn.com/310000-inspection/pc1_xE4800m01_1.jpg.296x216.jpg
20201223,嘉定,江桥,北虹桥双轨交 精装修 满五唯一 位置好 采光充足房主自荐,325万,3室2厅 | 91.71平米 | 南 北 | 精装 | 高楼层(共6层) | 2005年建 | 板楼,http://image1.ljcdn.com/310000-inspection/prod-7ea4a41a-db01-4e1a-85a0-5013256255e6.jpg.296x216.jpg
20201223,嘉定,江桥,地铁14号线嘉怡路站+精装修+诚心卖房主自荐,377万,2室2厅 | 88.26平米 | 南 北 | 精装 | 高楼层(共6层) | 2008年建 | 板楼,http://image1.ljcdn.com/310000-inspection/pc1_9x3FZDW7E_1.jpg.296x216.jpg
20201223,嘉定,江桥,带有大花园可种花养草、北虹桥商务区、近万达广场房主自荐,330万,2室2厅 | 78.86平米 | 南 北 | 精装 | 低楼层(共9层) | 2006年建 | 板楼,http://image1.ljcdn.com/310000-inspection/prod-7476d07a-3e88-4f28-ace2-159adb50250b.jpg.296x216.jpg
20201223,嘉定,江桥,北虹桥+双轨交地铁+全明户型+小区环境好+中间楼层,195万,1室2厅 | 47.79平米 | 南 | 精装 | 中楼层(共6层) | 1995年建 | 板楼,http://image1.ljcdn.com/110000-inspection/pc1_Y0Aog0TDT_1.jpg.296x216.jpg
20201223,嘉定,江桥,满五唯一省税，地铁口，南北通，楼层好，采光充足,196万,1室1厅 | 50.99平米 | 南 | 毛坯 | 高楼层(共6层) | 1997年建 | 板楼,http://image1.ljcdn.com/110000-inspection/pc1_j9HTi7PkU_1.jpg.296x216.jpg
20201223,嘉定,江桥,大虹桥板块双轨交+全明户型+满五唯一+精装拎包入住,388万,2室2厅 | 95.71平米 | 南 北 | 精装 | 低楼层(共7层) | 2005年建 | 板楼,http://image1.ljcdn.com/110000-inspection/pc1_tssH4X1MC_1.jpg.296x216.jpg
20201223,嘉定,江桥,真实在售+户型好+南北通风好+精简装修+房东诚心出售,240万,2室1厅 | 69.42平米 | 南 | 简装 | 高楼层(共6层) | 1995年建 | 板楼,http://image1.ljcdn.com/110000-inspection/pc1_txsVhW9vP_1.jpg.296x216.jpg
20201223,嘉定,江桥,满五唯一＋大虹桥板块＋14号线地铁口房主自荐,192万,1室1厅 | 49.35平米 | 南 | 精装 | 高楼层(共6层) | 1994年建 | 板楼,http://image1.ljcdn.com/110000-inspection/pc1_M8hhgcSBf_1.jpg.296x216.jpg
20201223,嘉定,江桥,13号+14号大虹桥板块 业主自住看房随时方便房主自荐,330万,2室2厅 | 87.34平米 | 南 | 精装 | 中楼层(共7层) | 2001年建 | 板楼,http://image1.ljcdn.com/110000-inspection/pc1_5zrP1P5Ok_1.jpg.296x216.jpg
20201223,嘉定,江桥,江桥低价两房，户型正气，精装修，诚意出售房主自荐,215万,2室1厅 | 58.22平米 | 南 | 精装 | 高楼层(共6层) | 1997年建 | 板楼,http://image1.ljcdn.com/110000-inspection/pc1_ACQ6a9T2D_1.jpg.296x216.jpg
20201223,嘉定,江桥,江桥品质小区，精装带车位，满五唯一，近地铁房主自荐,275万,1室1厅 | 55.66平米 | 南 北 | 精装 | 低楼层(共17层) | 2009年建 | 板楼,http://image1.ljcdn.com/110000-inspection/pc1_09h7klgL9_1.jpg.296x216.jpg
20201223,嘉定,江桥,地铁口小户型，总价超低！总价超低！税少，采光好房主自荐,168万,1室1厅 | 41.34平米 | 南 北 | 简装 | 高楼层(共6层) | 1995年建 | 板楼,http://image1.ljcdn.com/110000-inspection/pc1_NRLdGxlhh_1.jpg.296x216.jpg
20201223,嘉定,江桥,近14号线地铁+老街旁+满五唯一,305万,2室2厅 | 77.58平米 | 南 | 简装 | 低楼层(共6层) | 1994年建 | 板楼,http://image1.ljcdn.com/110000-inspection/pc1_0J91WNlLx_1.jpg.296x216.jpg
20201223,嘉定,江桥,诚心出售，看房提前约，一般都可以看到房子。房主自荐,385万,2室1厅 | 75.89平米 | 南 | 毛坯 | 中楼层(共12层) | 2010年建 | 板楼,http://image1.ljcdn.com/310000-inspection/test-a3eb8c1a-55f6-415b-970f-4930daeae197.png.296x216.jpg
20201223,嘉定,江桥,花园景观 ・精装修 ・诚意出售・南北通透・位置佳房主自荐,410万,2室2厅 | 86.03平米 | 南 北 | 精装 | 低楼层(共11层) | 2014年建 | 板楼,http://image1.ljcdn.com/110000-inspection/pc1_MmjsyH8R5_1.jpg.296x216.jpg
20201223,嘉定,江桥,14号线 江桥沃尔玛 有车位 满五唯一 户型正气,285万,1室1厅 | 56.13平米 | 南 | 精装 | 低楼层(共17层) | 2009年建 | 板楼,http://image1.ljcdn.com/110000-inspection/pc1_qw1Ffjf6o_1.jpg.296x216.jpg
20201223,嘉定,江桥,大虹桥14号线嘉怡路地铁口+精装修+拎包入住,255万,1室1厅 | 53.05平米 | 南 | 精装 | 低楼层(共6层) | 2010年建 | 板楼,http://image1.ljcdn.com/110000-inspection/pc1_QrZR3AJP8_1.jpg.296x216.jpg
20201223,嘉定,江桥,14号地铁+随时可看+总价低+沃尔玛,310万,2室1厅 | 77.86平米 | 南 北 | 毛坯 | 低楼层(共17层) | 2009年建 | 板楼,http://image1.ljcdn.com/110000-inspection/pc1_fH0sQhaNY_1.jpg.296x216.jpg
20201223,嘉定,江桥,大虹桥 14号沿线 品质小区 大两房  满五唯一房主自荐,458万,2室2厅 | 100.18平米 | 南 北 | 精装 | 中楼层(共17层) | 2009年建 | 板楼,http://image1.ljcdn.com/110000-inspection/pc1_ovn7p8HPg_1.jpg.296x216.jpg
20201223,嘉定,江桥,高品质小区，业主闲置，精装修，配套齐全房主自荐,468万,2室2厅 | 80平米 | 南 | 精装 | 低楼层(共17层) | 2018年建 | 板楼,http://image1.ljcdn.com/110000-inspection/pc1_Keja0NPos_1.jpg.296x216.jpg
20201223,嘉定,江桥,新挂牌2房，南北户型，采光好，满五唯一，看中再谈房主自荐,368万,2室1厅 | 73.94平米 | 南 北 | 其他 | 低楼层(共17层) | 2010年建 | 板楼,http://image1.ljcdn.com/110000-inspection/edec2fa7-5ee1-4258-81b5-7a3a553f0c03_1000.jpg.296x216.jpg
20201223,嘉定,江桥,地铁14号线+江桥沃尔玛+南北通两房+精装修,405万,2室2厅 | 88.02平米 | 南 北 | 精装 | 低楼层(共14层) | 2008年建 | 板楼,http://image1.ljcdn.com/110000-inspection/pc1_oE2jOJRnK_1.jpg.296x216.jpg
20201223,嘉定,江桥,此房小区位置好，户型好，动迁可以追诉满五唯一。房主自荐,230万,1室1厅 | 51.96平米 | 南 | 精装 | 低楼层(共6层) | 2008年建 | 板楼,http://image1.ljcdn.com/110000-inspection/6c18e9b5-6485-40e4-97c5-0814ec347319_1000.jpg.296x216.jpg
20201223,嘉定,江桥,大虹桥板块，双轨交，近14号线1000米，2011年品质小区,255万,2室1厅 | 65.77平米 | 南 | 精装 | 低楼层(共14层) | 2011年建 | 板楼,http://image1.ljcdn.com/110000-inspection/pc1_1XHBSbmz3_1.jpg.296x216.jpg
20201223,嘉定,江桥,大虹桥，地铁13号线，南向一房，动迁少税，近万达！,240万,1室1厅 | 56.48平米 | 南 | 毛坯 | 低楼层(共15层) | 2011年建 | 板楼,http://image1.ljcdn.com/110000-inspection/74392176-1978-4d39-9817-f7de9238f5cf_1000.jpg.296x216.jpg
20201223,嘉定,江桥,北虹桥近地铁万达旁，生活交通方便，精装拎包入住,237万,1室1厅 | 50.77平米 | 南 | 精装 | 低楼层(共13层) | 2008年建 | 板楼,http://image1.ljcdn.com/110000-inspection/000c6b66-3a7c-455b-a5a8-0b9d746876a5_1000.jpg.296x216.jpg
20201223,嘉定,江桥,在建14号线嘉怡路站+精装修大三房+靠花园+满五唯一房主自荐,610万,3室2厅 | 133.96平米 | 南 | 精装 | 低楼层(共15层) | 2010年建 | 板楼,http://image1.ljcdn.com/310000-inspection/pc1_4vGMOPhvJ_1.jpg.296x216.jpg
20201223,嘉定,江桥,万达商圈，近地铁  南北通透  房型正气  交通生活便利房主自荐,418万,2室1厅 | 79.17平米 | 北 南 | 毛坯 | 低楼层(共17层) | 2010年建 | 板楼,http://image1.ljcdn.com/310000-inspection/prod-12a221f9-8fca-46f6-ae18-9d4cc8a5a03c.jpg.296x216.jpg
20201223,嘉定,江桥,房型正气  满五年 近地铁 近万达房主自荐,505万,3室2厅 | 118.83平米 | 南 北 | 精装 | 高楼层(共6层) | 2007年建 | 板楼,http://image1.ljcdn.com/310000-inspection/prod-f6503791-90d6-4779-b929-d77aacde6188.jpg.296x216.jpg
20201223,嘉定,江桥,总价低一房+小区环境安静+满五唯一房主自荐,155万,1室0厅 | 34.17平米 | 南 | 简装 | 高楼层(共6层) | 1997年建 | 板楼,http://image1.ljcdn.com/110000-inspection/pc1_UXHoEmfFL_1.jpg.296x216.jpg
20201223,嘉定,江桥,视野好，临河景观房，出门就有公交车站，综合商超,755万,3室2厅 | 118.36平米 | 南 北 | 精装 | 高楼层(共18层) | 2017年建 | 板楼,http://image1.ljcdn.com/310000-inspection/pc1_eLj7o0T3U_1.jpg.296x216.jpg
20201223,嘉定,江桥,品质楼盘，环境优美，精装修，适合居住。,470万,2室1厅 | 80.14平米 | 南 北 | 精装 | 低楼层(共7层) | 2019年建 | 板楼,http://image1.ljcdn.com/110000-inspection/pc1_wQ7hDYGPc_1.jpg.296x216.jpg
20201223,嘉定,江桥,北虹桥+双轨交地铁+全明户型+小区环境好房主自荐,270万,2室1厅 | 74.47平米 | 南 北 | 简装 | 高楼层(共6层) | 1997年建 | 板楼,http://image1.ljcdn.com/110000-inspection/pc1_eGFIYaDu3_1.jpg.296x216.jpg
20201223,嘉定,江桥,精装大两房 楼层好 南北通 满五唯一税少 业主诚意出售房主自荐,445万,2室2厅 | 101.2平米 | 南 北 | 精装 | 低楼层(共6层) | 2006年建 | 板楼,http://image1.ljcdn.com/310000-inspection/prod-0be973a8-97e5-4b94-a408-03a3cdaca28b.jpg.296x216.jpg
20201223,嘉定,江桥,大虹桥双轨交 2000年小区 带48平阳光房 满五唯一,510万,3室2厅 | 117.03平米 | 南 | 精装 | 低楼层(共6层) | 2000年建 | 板楼,http://image1.ljcdn.com/110000-inspection/pc1_PTLZomKJL_1.jpg.296x216.jpg
20201223,嘉定,江桥,一手动迁，税费少，纯毛坯，视野开阔,320万,2室2厅 | 73.12平米 | 南 | 毛坯 | 高楼层(共6层) | 2006年建 | 板楼,http://image1.ljcdn.com/110000-inspection/48fef1be-d40d-48f7-a8c0-5edcd3119332.JPG.296x216.jpg
20201223,嘉定,江桥,高品质电梯洋房！复式！带3个大露台！满五唯一带车位房主自荐,980万,4室3厅 | 168.64平米 | 南 北 | 精装 | 高楼层(共8层) | 2013年建 | 板楼,http://image1.ljcdn.com/shfdfs-image/20170813/1f5b155d-61b1-448d-ba4d-470cccf14048.jpg.296x216.jpg
20201223,嘉定,江桥,MAX未来 2室1厅 东新上,158万,2室1厅 | 52.09平米 | 东 | 简装 | 低楼层(共9层) | 2015年建 | 板楼,
20201223,嘉定,江桥,锦华大三房 飞机户型 南北通透 带产权车位 装修新上,610万,3室2厅 | 133.32平米 | 南 北 | 简装 | 低楼层(共17层) | 2011年建 | 板楼,
20201223,嘉定,江桥,泰辰复兴苑 1室1厅 南新上,260万,1室1厅 | 54.79平米 | 南 | 简装 | 高楼层(共6层) | 2006年建 | 板楼,http://image1.ljcdn.com/x-se/hdic-frame/prod-312319d0-ccc7-426d-81af-f3a8ef576cb2.png.296x216.jpg
20201223,嘉定,江桥,大宅风范城 2室1厅 南新上,310万,2室1厅 | 67.59平米 | 南 | 毛坯 | 高楼层(共13层) | 2007年建 | 板楼,http://image1.ljcdn.com/x-se/hdic-frame/0040789c-4b9c-4e58-a4c2-feb57d274a93.png.296x216.jpg
20201223,嘉定,江桥,2014年商品房小区 南北通户型 带车位,440万,2室2厅 | 89.91平米 | 南 北 | 简装 | 低楼层(共18层) | 2014年建 | 板楼,
20201223,嘉定,江桥,锦华高层大三房，中间位置，南北通透，飞机户型,650万,3室2厅 | 135.75平米 | 南 北 | 简装 | 高楼层(共14层) | 2011年建 | 板楼,http://image1.ljcdn.com/x-se/hdic-frame/88944d1c-67de-4640-a917-033a343a0e3b.png.296x216.jpg
20201223,嘉定,江桥,万达广场(嘉定) 1室1厅 北,92万,1室1厅 | 45.61平米 | 北 | 简装 | 中楼层(共12层) | 2011年建 | 塔楼,
20201223,嘉定,江桥,朝南户型，三房，14号地铁线，采光通风好。房主自荐,480万,3室2厅 | 126.38平米 | 南 | 简装 | 低楼层(共16层) | 2011年建 | 板楼,http://image1.ljcdn.com/x-se/hdic-frame/732b44d6-3e18-4fe9-b681-6f0c5b8eb8d0.png.296x216.jpg
20201223,嘉定,江桥,锦华茗园 平南北通，满五唯一两房。,455万,2室2厅 | 111.02平米 | 南 北 | 简装 | 低楼层(共17层) | 2011年建 | 板楼,http://image1.ljcdn.com/x-se/hdic-frame/c73eb293-3557-4f33-995b-9cf5691fedc0.png.296x216.jpg
20201223,嘉定,江桥,复式房，上下两层，挑高4.5米，,130万,1室1厅 | 43平米 | 暂无数据 | 其他 | 中楼层(共9层) | 2011年建 | 板楼,
20201223,嘉定,江桥,万达广场(嘉定) 1室1厅 南,119万,1室1厅 | 55平米 | 南 | 其他 | 高楼层(共11层) | 2011年建 | 塔楼,
20201223,嘉定,江桥,人车分流小区，环境好，房子满五年，楼栋位置好,425万,3室2厅 | 90.61平米 | 南 北 | 精装 | 低楼层(共12层) | 2013年建 | 板楼,
20201223,嘉定,江桥,复两层，总价低  诚心出售，近地铁,125万,2室1厅 | 42.51平米 | 北 | 简装 | 中楼层(共9层) | 2011年建 | 板楼,
20201223,嘉定,江桥,MAX未来 3室2厅 东,150万,3室2厅 | 49.31平米 | 东 | 精装 | 中楼层(共8层) | 2015年建 | 板楼,
20201223,嘉定,江桥,采光充足，房型正气，一梯3户，温馨舒适,335万,2室2厅 | 72.78平米 | 南 | 简装 | 低楼层(共7层) | 2008年建 | 板楼,http://image1.ljcdn.com/x-se/hdic-frame/0de2462e-183c-4119-95ee-206abf5e9653.png.296x216.jpg
20201223,嘉定,江桥,毛坯房，高层采光好，业主诚意出售，到价格可签，可谈,425万,2室2厅 | 89.43平米 | 北 南 | 毛坯 | 高楼层(共18层) | 2012年建 | 板楼,http://image1.ljcdn.com/x-se/hdic-frame/4093aaed-31ec-491a-8874-364b2a8b06db.png.296x216.jpg
20201223,嘉定,江桥,万达广场(嘉定) 1室1厅 北,100万,1室1厅 | 43.35平米 | 北 | 其他 | 中楼层(共10层) | 2011年建 | 塔楼,
20201223,嘉定,江桥,税费少+通风采光足+一梯四户非顶楼+真实在售,225万,2室1厅 | 60.27平米 | 南 | 毛坯 | 高楼层(共6层) | 1995年建 | 板楼,http://image1.ljcdn.com/110000-inspection/66a3b2d18b161de2d811201034478e23-077.jpg.296x216.jpg
20201223,嘉定,江桥,大虹桥板块，一手动迁房，毛坯房，近地铁，万达商圈。,260万,1室2厅 | 61.23平米 | 南 | 毛坯 | 高楼层(共15层) | 2011年建 | 板楼,
20201223,嘉定,江桥,大虹桥商务区，人车分流次新小区，精装带空调。新上,435万,3室2厅 | 89.18平米 | 南 北 | 精装 | 低楼层(共10层) | 2013年建 | 板楼,http://image1.ljcdn.com/x-se/hdic-frame/prod-81e1c0a4-8eda-40a4-98c0-fd95cf136e70.png.296x216.jpg
20201223,嘉定,江桥,14号轨交临洮路站别墅区，2012年建成，精装修带大花园,1650万,4室3厅 | 253.52平米 | 南 北 | 精装 | 低楼层(共1层) | 2013年建 | 板楼,http://image1.ljcdn.com/110000-inspection/feeeb1c4966963d77d83675fdf263988-095.jpg.296x216.jpg
20201223,嘉定,江桥,复式房  精装修  视野好  采光好   使用面积大,170万,2室2厅 | 51.31平米 | 南 | 精装 | 低楼层(共9层) | 2011年建 | 板楼,
20201223,嘉定,江桥,大虹桥+十四号线+中间楼层+大面积+诚心卖,184万,1室1厅 | 63.28平米 | 西 | 毛坯 | 中楼层(共8层) | 2015年建 | 板楼,
20201223,嘉定,江桥,中高区的南北通两房，房东诚意出售，真诚无套路，急售,430万,2室2厅 | 89.62平米 | 南 北 | 简装 | 中楼层(共18层) | 2014年建 | 板楼,http://image1.ljcdn.com/x-se/hdic-frame/47c62c35-62b5-4f38-8b9f-51a6c0cba71e.png.296x216.jpg
20201223,嘉定,江桥,万达广场(嘉定) 1室1厅 北,95万,1室1厅 | 43平米 | 北 | 简装 | 高楼层(共10层) | 2011年建 | 塔楼,
20201223,嘉定,江桥,万达广场(嘉定) 1室1厅 南,270万,1室1厅 | 116.72平米 | 南 | 其他 | 高楼层(共12层) | 2011年建 | 塔楼,
20201223,嘉定,江桥,万达广场(嘉定) 1室0厅,120万,1室0厅 | 56平米 | 暂无数据 | 其他 | 高楼层(共10层) | 2011年建 | 塔楼,
20201223,嘉定,江桥,万达广场(嘉定) 1室1厅 北,170万,1室1厅 | 77平米 | 北 | 其他 | 高楼层(共10层) | 2011年建 | 塔楼,
20201223,嘉定,江桥,万达广场(嘉定) 1室1厅 南,135万,1室1厅 | 54.32平米 | 南 | 其他 | 低楼层(共12层) | 2011年建 | 塔楼,
20201223,嘉定,江桥,万达广场(嘉定) 1室1厅 北,145万,1室1厅 | 42.51平米 | 北 | 其他 | 高楼层(共9层) | 2011年建 | 板楼,
20201223,嘉定,江桥,万达广场(嘉定) 1室1厅 东,200万,1室1厅 | 96.05平米 | 东 | 其他 | 高楼层(共12层) | 2011年建 | 塔楼,
20201223,嘉定,江桥,万达广场(嘉定) 1室1厅,120万,1室1厅 | 56平米 | 暂无数据 | 精装 | 高楼层(共10层) | 2011年建 | 塔楼,
20201223,嘉定,江桥,上海电子商城 1室0厅 南,108万,1室0厅 | 27.82平米 | 南 | 其他 | 高楼层(共48层) | 2008年建 | 塔楼,
20201223,嘉定,江桥,香馥湾酒店式公寓 1室1厅 南,185万,1室1厅 | 65.01平米 | 南 | 其他 | 高楼层(共11层)  | 塔楼,
20201223,嘉定,江桥,香馥湾酒店式公寓 1室1厅 南,185万,1室1厅 | 65.01平米 | 南 | 其他 | 高楼层(共11层)  | 塔楼,
20201223,嘉定,江桥,万达广场(嘉定) 1室1厅 北,97万,1室1厅 | 42.87平米 | 北 | 其他 | 高楼层(共10层) | 2011年建 | 塔楼,
20201223,嘉定,江桥,大虹桥板块，金运路地铁站，万达商圈精装两房！,310.8万,2室2厅 | 72.29平米 | 南 北 | 精装 | 中楼层(共6层) | 2008年建 | 板楼,http://image1.ljcdn.com/x-se/hdic-frame/0cb312af-dd3b-46b6-98b3-5ad6a74d9923.png.296x216.jpg
20201223,嘉定,江桥,商品房  7层带电梯  出门就是地铁和万达房主自荐,366万,2室2厅 | 73.4平米 | 南 | 毛坯 | 低楼层(共7层) | 2008年建 | 板楼,http://image1.ljcdn.com/x-se/hdic-frame/7d5c2d54-9c72-444d-bcb1-cb078d853a30.png.296x216.jpg
20201223,嘉定,江桥,大虹桥双规交+税费少+低总价诚心出售,283万,2室2厅 | 71.7平米 | 南 | 毛坯 | 高楼层(共6层) | 2005年建 | 板楼,http://image1.ljcdn.com/110000-inspection/pc1_pwcMLU8x4_1.jpg.296x216.jpg
20201223,嘉定,江桥,地铁14号线嘉怡路站700米+满五唯一+中间位置+精装新上,388万,2室1厅 | 86平米 | 南 北 | 精装 | 低楼层(共17层) | 2009年建 | 板楼,http://image1.ljcdn.com/110000-inspection/pc1_36PzIyQoV_1.jpg.296x216.jpg
20201223,嘉定,江桥,大虹桥+双轨交、舒适两房、一手买入满五唯一房主自荐,425万,2室2厅 | 102.34平米 | 南 北 | 精装 | 低楼层(共12层) | 2006年建 | 板楼,http://image1.ljcdn.com/110000-inspection/pc1_1h7Stqn9m_1.jpg.296x216.jpg
20201223,嘉定,江桥,泰辰沙河茗苑 4室2厅 南,555万,4室2厅 | 108.13平米 | 南 | 其他 | 高楼层(共10层) | 2007年建 | 板楼,http://image1.ljcdn.com/110000-inspection/15bfd9ad-b366-409f-9913-61e810eb55eb.JPG.296x216.jpg
20201223,嘉定,江桥,MAX未来 1室1厅 东南,150万,1室1厅 | 47.39平米 | 东南 | 简装 | 高楼层(共8层) | 2015年建 | 板楼,
20201223,嘉定,江桥,此房精装修，高楼层，采光、通风、视野好新上,120万,1室1厅 | 56.28平米 | 南 | 简装 | 低楼层(共12层) | 2011年建 | 塔楼,
20201223,嘉定,江桥,永和生活广场 1室1厅 北新上,130.6万,1室1厅 | 56.48平米 | 北 | 其他 | 高楼层(共11层) | 2008年建 | 塔楼,
20201223,嘉定,江桥,MAX未来 2室2厅 东南,125万,2室2厅 | 35平米 | 东南 | 精装 | 中楼层(共8层) | 2015年建 | 板楼,
20201223,嘉定,江桥,房东诚意出售，价格可以谈。看房提前约，方便看,135万,2室1厅 | 47平米 | 东 | 精装 | 低楼层(共9层) | 2015年建 | 板楼,
20201223,嘉定,江桥,MAX未来 2室1厅 西新上,130万,2室1厅 | 41.42平米 | 西 | 精装 | 高楼层(共8层) | 2015年建 | 板楼,
20201223,嘉定,江桥,嘉莲华商住酒店式公寓(商业类) 1室1厅 南,108万,1室1厅 | 51.8平米 | 南 | 其他 | 高楼层(共6层) | 2007年建 | 板楼,
20201223,嘉定,江桥,精装修 有钥匙看房随时方便 税费少,85万,1室1厅 | 56.48平米 | 东 北 | 其他 | 低楼层(共11层) | 2008年建 | 塔楼,
20201223,嘉定,江桥,MAX未来 1室1厅 北,130万,1室1厅 | 47.07平米 | 北 | 其他 | 中楼层(共9层) | 2015年建 | 板楼,
20201223,嘉定,江桥,上海电子商城 1室0厅 南 北,40万,1室0厅 | 8.68平米 | 南 北 | 其他 | 中楼层(共50层) | 2009年建 | 塔楼,
20201223,嘉定,江桥,MAX未来 1室1厅 西新上,80万,1室1厅 | 26.69平米 | 西 | 其他 | 高楼层(共8层) | 2015年建 | 板楼,
20201223,嘉定,江桥,万达广场(嘉定) 1室0厅 南,185万,1室0厅 | 92.57平米 | 南 | 精装 | 低楼层(共12层) | 2011年建 | 塔楼,
20201223,嘉定,江桥,MAX未来 2室2厅 东,150万,2室2厅 | 45.38平米 | 东 | 精装 | 高楼层(共9层) | 2015年建 | 板楼,
20201223,嘉定,江桥,MAX未来 1室1厅 南,130万,1室1厅 | 36.2平米 | 南 | 精装 | 中楼层(共9层) | 2015年建 | 板楼,
20201223,嘉定,江桥,总价低，好租，交通便捷，去市区方便,93.5万,1室0厅 | 44.2平米 | 北 | 简装 | 低楼层(共12层) | 2011年建 | 塔楼,
20201223,嘉定,江桥,香馥湾酒店式公寓 1室1厅 南,185万,1室1厅 | 59.85平米 | 南 | 简装 | 中楼层(共11层)  | 塔楼,
20201223,嘉定,江桥,MAX未来 1室1厅 东房主自荐,110万,1室1厅 | 47平米 | 东 | 精装 | 高楼层(共9层) | 2015年建 | 板楼,
20201223,嘉定,江桥,万达广场(嘉定) 1室1厅 南,116万,1室1厅 | 59.47平米 | 南 | 简装 | 中楼层(共10层) | 2011年建 | 塔楼,
20201223,嘉定,江桥,满五唯一+大两房 +小区环境安静+看房方便,360万,2室2厅 | 100.99平米 | 南 北 | 简装 | 高楼层(共6层) | 1997年建 | 板楼,http://image1.ljcdn.com/110000-inspection/196433aca81b0b5eb2ec219bf07f5f79-009.jpg.296x216.jpg
20201223,嘉定,江桥,万达广场(嘉定) 2室2厅 北,188万,2室2厅 | 94.71平米 | 北 | 其他 | 中楼层(共12层) | 2011年建 | 塔楼,
20201223,嘉定,江桥,嘉莲华商住酒店式公寓(商业类) 1室1厅 西南,130万,1室1厅 | 59.06平米 | 西南 | 精装 | 中楼层(共6层) | 2007年建 | 板楼,
20201223,嘉定,江桥,MAX未来 2室1厅 东,138万,2室1厅 | 49平米 | 东 | 其他 | 中楼层(共8层) | 2015年建 | 板楼,
20201223,嘉定,江桥,万达广场(嘉定) 1室1厅 北,100万,1室1厅 | 42.52平米 | 北 | 其他 | 高楼层(共10层) | 2011年建 | 塔楼,
20201223,嘉定,江桥,MAX未来 2室1厅 东,155万,2室1厅 | 53平米 | 东 | 其他 | 中楼层(共9层) | 2015年建 | 板楼,
20201223,嘉定,江桥,万达广场(嘉定) 1室1厅 南,118万,1室1厅 | 54.32平米 | 南 | 其他 | 低楼层(共12层) | 2011年建 | 塔楼,
20201223,嘉定,江桥,MAX未来 2室1厅 东,170万,2室1厅 | 54.26平米 | 东 | 其他 | 中楼层(共9层) | 2015年建 | 板楼,
20201223,嘉定,江桥,万达广场(嘉定) 1室1厅 北,100万,1室1厅 | 44.56平米 | 北 | 精装 | 中楼层(共10层) | 2011年建 | 塔楼,
20201223,嘉定,江桥,万达广场(嘉定) 1室1厅 北,92万,1室1厅 | 42.22平米 | 北 | 其他 | 中楼层(共10层) | 2011年建 | 塔楼,
20201223,嘉定,江桥,万达广场(嘉定) 1室1厅 南,115万,1室1厅 | 55.49平米 | 南 | 其他 | 低楼层(共11层) | 2011年建 | 塔楼,
20201223,嘉定,江桥,万达广场(嘉定) 1室0厅 北,96.5万,1室0厅 | 44.05平米 | 北 | 简装 | 高楼层(共11层) | 2011年建 | 塔楼,
20201223,嘉定,江桥,万达广场(嘉定) 1室1厅 南,125万,1室1厅 | 55.54平米 | 南 | 其他 | 高楼层(共11层) | 2011年建 | 塔楼,
20201223,嘉定,江桥,MAX未来 2室2厅 南,170万,2室2厅 | 55.92平米 | 南 | 精装 | 高楼层(共8层) | 2015年建 | 板楼,
20201223,嘉定,江桥,MAX未来 1室1厅 北,108万,1室1厅 | 49.45平米 | 北 | 其他 | 高楼层(共9层) | 2015年建 | 板楼,
20201223,嘉定,江桥,MAX未来 5室2厅 西,158万,5室2厅 | 53平米 | 西 | 其他 | 中楼层(共9层) | 2015年建 | 板楼,
20201223,嘉定,江桥,MAX未来 1室1厅 东 北,150万,1室1厅 | 39.41平米 | 东 北 | 其他 | 高楼层(共8层) | 2015年建 | 板楼,
20201223,嘉定,江桥,近地铁 商 业配套成熟 房东诚心出售,115万,1室1厅 | 54.61平米 | 南 | 其他 | 低楼层(共12层) | 2011年建 | 塔楼,http://image1.ljcdn.com/x-se/hdic-frame/prod-8bdea4e6-cd82-45c4-92e6-b48474698041.png.296x216.jpg
20201223,嘉定,江桥,万达广场(嘉定) 1室0厅 南,125万,1室0厅 | 55.54平米 | 南 | 其他 | 高楼层(共11层) | 2011年建 | 塔楼,
20201223,嘉定,江桥,MAX未来 2室2厅 西,165万,2室2厅 | 54.22平米 | 西 | 其他 | 高楼层(共9层) | 2015年建 | 板楼,
20201223,嘉定,江桥,MAX未来 2室1厅 东,153万,2室1厅 | 45.38平米 | 东 | 精装 | 中楼层(共9层) | 2015年建 | 板楼,
20201223,嘉定,江桥,嘉莲华商住酒店式公寓(商业类) 1室1厅 南,84万,1室1厅 | 47.3平米 | 南 | 精装 | 中楼层(共6层) | 2007年建 | 板楼,
20201223,嘉定,江桥,MAX未来 2室1厅 北,105万,2室1厅 | 35.5平米 | 北 | 简装 | 中楼层(共8层) | 2015年建 | 板楼,
20201223,嘉定,江桥,永和生活广场 2室1厅 西,160万,2室1厅 | 58.62平米 | 西 | 其他 | 中楼层(共11层) | 2008年建 | 塔楼,
20201223,嘉定,江桥,香馥湾酒店式公寓 2室2厅 南,290万,2室2厅 | 94.5平米 | 南 | 精装 | 中楼层(共11层)  | 塔楼,http://image1.ljcdn.com/x-se/hdic-frame/prod-763805f0-155b-4e66-bf77-0859ea8debc6.png.296x216.jpg
20201223,嘉定,江桥,MAX未来 2室1厅 南房主自荐,150万,2室1厅 | 47.39平米 | 南 | 精装 | 中楼层(共8层) | 2015年建 | 板楼,
20201223,嘉定,江桥,YOHO街区 1室1厅 北,260万,1室1厅 | 48.32平米 | 北 | 其他 | 低楼层(共6层)  | 板楼,
20201223,嘉定,江桥,YOHO街区 1室1厅 南,88万,1室1厅 | 51.68平米 | 南 | 其他 | 中楼层(共6层)  | 板楼,
20201223,嘉定,江桥,万达广场(嘉定) 2室1厅 南,270万,2室1厅 | 120.13平米 | 南 | 其他 | 低楼层(共12层) | 2011年建 | 塔楼,
20201223,嘉定,江桥,MAX未来 2室0厅 南,168万,2室0厅 | 57平米 | 南 | 其他 | 低楼层(共9层) | 2015年建 | 板楼,
20201223,嘉定,江桥,YOHO街区 1室1厅 北,175万,1室1厅 | 52.52平米 | 北 | 其他 | 低楼层(共6层)  | 板楼,
20201223,嘉定,江桥,MAX未来 2室1厅 南,180万,2室1厅 | 55.91平米 | 南 | 精装 | 高楼层(共8层) | 2015年建 | 板楼,
20201223,嘉定,江桥,电梯房复式，精装修，买进价格高，税费少，诚意出售,120万,2室1厅 | 33.33平米 | 南 | 其他 | 低楼层(共9层) | 2015年建 | 板楼,
20201223,嘉定,江桥,江桥老街生活大院 1室1厅 西,120万,1室1厅 | 59.29平米 | 西 | 精装 | 高楼层(共11层) | 2013年建 | 板塔结合,
20201223,嘉定,江桥,近地铁，面积大，总价低，出行方便,125万,1室1厅 | 62.72平米 | 南 | 简装 | 高楼层(共10层) | 2011年建 | 塔楼,
20201223,嘉定,江桥,HAO华装修，业主没怎么用过。一直空关。保养很好，,180万,2室2厅 | 51.9平米 | 南 | 精装 | 中楼层(共9层) | 2015年建 | 板楼,
20201223,嘉定,江桥,近地铁 商 业配套成熟  房东诚心出售,180万,2室1厅 | 57.54平米 | 北 西 | 精装 | 高楼层(共9层) | 2011年建 | 板楼,
20201223,嘉定,江桥,MAX未来 2室1厅 南,158万,2室1厅 | 47.04平米 | 南 | 简装 | 高楼层(共8层) | 2015年建 | 板楼,
20201223,嘉定,江桥,MAx未来，面积小，总价低，商圈成熟,93万,1室0厅 | 33平米 | 南 | 简装 | 高楼层(共9层) | 2015年建 | 板楼,
20201223,嘉定,江桥,万达广场(嘉定) 1室1厅 南,125万,1室1厅 | 59.04平米 | 南 | 简装 | 中楼层(共11层) | 2011年建 | 塔楼,http://image1.ljcdn.com/x-se/hdic-frame/prod-94ae02fd-3383-49a2-aaca-dd00af33997d.png.296x216.jpg
20201223,嘉定,江桥,MAX未来 2室1厅 北房主自荐,135万,2室1厅 | 43.46平米 | 北 | 精装 | 高楼层(共9层) | 2015年建 | 板楼,
20201223,嘉定,江桥,MAX未来 1室2厅 南,150万,1室2厅 | 47平米 | 南 | 精装 | 高楼层(共8层) | 2015年建 | 板楼,
20201223,嘉定,江桥,永和生活广场 2室1厅 东南,140万,2室1厅 | 81.85平米 | 东南 | 其他 | 高楼层(共11层) | 2008年建 | 塔楼,
20201223,嘉定,江桥,万达广场(嘉定) 1室1厅 南,260万,1室1厅 | 117.17平米 | 南 | 其他 | 中楼层(共12层) | 2011年建 | 塔楼,
20201223,嘉定,江桥,万达广场(嘉定) 1室1厅 南,140万,1室1厅 | 58.98平米 | 南 | 其他 | 低楼层(共11层) | 2011年建 | 塔楼,
20201223,嘉定,江桥,万达广场(嘉定) 1室1厅 北,99万,1室1厅 | 43.74平米 | 北 | 简装 | 高楼层(共12层) | 2011年建 | 塔楼,
20201223,嘉定,江桥,万达广场(嘉定) 1室1厅 北,106万,1室1厅 | 47.48平米 | 北 | 其他 | 高楼层(共12层) | 2011年建 | 塔楼,
20201223,嘉定,江桥,永和生活广场 3室2厅 南,205万,3室2厅 | 95.59平米 | 南 | 其他 | 低楼层(共11层) | 2008年建 | 塔楼,
20201223,嘉定,江桥,上海电子商城 1室0厅,100万,1室0厅 | 35.76平米 | 暂无数据 | 其他 | 高楼层(共48层) | 2008年建 | 塔楼,
20201223,嘉定,江桥,MAX未来 2室1厅 西,230万,2室1厅 | 72平米 | 西 | 其他 | 中楼层(共8层) | 2015年建 | 板楼,
20201223,嘉定,江桥,万达广场(嘉定) 1室1厅 南,210万,1室1厅 | 97.93平米 | 南 | 其他 | 中楼层(共12层) | 2011年建 | 塔楼,
20201223,嘉定,江桥,YOHO街区 1室1厅 南,300万,1室1厅 | 51平米 | 南 | 其他 | 低楼层(共6层)  | 板楼,
20201223,嘉定,江桥,MAX未来 4室1厅 西南,185万,4室1厅 | 71平米 | 西南 | 其他 | 中楼层(共8层) | 2015年建 | 板楼,
20201223,嘉定,江桥,万达广场(嘉定) 1室1厅 北,105万,1室1厅 | 44.05平米 | 北 | 其他 | 中楼层(共11层) | 2011年建 | 塔楼,
20201223,嘉定,江桥,万达广场(嘉定) 2室1厅 南,180万,2室1厅 | 59.04平米 | 南 | 其他 | 高楼层(共11层) | 2011年建 | 塔楼,
20201223,嘉定,江桥,精装修，配套成熟，交通方便，看房方便，,150万,2室1厅 | 50平米 | 南 | 其他 | 中楼层(共6层)  | 板楼,
20201223,嘉定,江桥,万达广场(嘉定) 1室1厅 南,248万,1室1厅 | 116.83平米 | 南 | 简装 | 低楼层(共12层) | 2011年建 | 塔楼,
20201223,嘉定,江桥,嘉莲华商住酒店式公寓(商业类) 2室1厅 东,150万,2室1厅 | 52平米 | 东 | 其他 | 中楼层(共6层) | 2002年建 | 板楼,
20201223,嘉定,江桥,香馥湾酒店式公寓 1室1厅 南,190万,1室1厅 | 65.01平米 | 南 | 简装 | 中楼层(共11层)  | 塔楼,
20201223,嘉定,江桥,万达广场(嘉定) 1室1厅 南房主自荐,118万,1室1厅 | 55平米 | 南 | 其他 | 低楼层(共11层) | 2011年建 | 塔楼,
20201223,嘉定,江桥,万达广场(嘉定) 1室1厅 北,165万,1室1厅 | 43.08平米 | 北 | 其他 | 中楼层(共9层) | 2011年建 | 板楼,
20201223,嘉定,江桥,江桥万达旁，大两房，都能买无限制，精装修看房随时,148万,2室1厅 | 81.84平米 | 东北 | 其他 | 中楼层(共11层) | 2008年建 | 塔楼,
20201223,嘉定,江桥,万达广场(嘉定) 1室1厅 北,210万,1室1厅 | 110.04平米 | 北 | 其他 | 低楼层(共12层) | 2011年建 | 塔楼,
20201223,嘉定,江桥,万达广场(嘉定) 1室1厅 北,180万,1室1厅 | 94.8平米 | 北 | 其他 | 低楼层(共12层) | 2011年建 | 塔楼,
20201223,嘉定,江桥,MAX未来 2室2厅 南,225万,2室2厅 | 70平米 | 南 | 其他 | 中楼层(共8层) | 2015年建 | 板楼,
20201223,嘉定,江桥,MAX未来 4室2厅 西,175万,4室2厅 | 54.22平米 | 西 | 其他 | 中楼层(共9层) | 2015年建 | 板楼,
20201223,嘉定,江桥,YOHO街区 1室1厅 北,230万,1室1厅 | 48.35平米 | 北 | 其他 | 低楼层(共6层)  | 板楼,
20201223,嘉定,江桥,万达广场(嘉定) 1室1厅 东,150万,1室1厅 | 71.44平米 | 东 | 其他 | 中楼层(共12层) | 2011年建 | 塔楼,
20201223,嘉定,江桥,万达广场(嘉定) 2室2厅 南,240万,2室2厅 | 120.13平米 | 南 | 其他 | 中楼层(共12层) | 2011年建 | 塔楼,
20201223,嘉定,江桥,上海电子商城 1房间0卫 40万,40万,1室0厅 | 16.36平米 | 南 | 其他 | 中楼层(共50层) | 2009年建 | 塔楼,
20201223,嘉定,江桥,嘉莲华商住酒店式公寓(商业类) 1室1厅 东房主自荐,100万,1室1厅 | 52平米 | 东 | 其他 | 高楼层(共6层)  | 板楼,
20201223,嘉定,江桥,MAX未来 2室1厅 东,166万,2室1厅 | 50平米 | 东 | 其他 | 中楼层(共8层) | 2015年建 | 板楼,
20201223,嘉定,江桥,江桥老街生活大院 1室1厅 南,120万,1室1厅 | 59平米 | 南 | 其他 | 中楼层(共11层) | 2013年建 | 板塔结合,
20201223,嘉定,江桥,万达广场(嘉定) 1室1厅 北,95万,1室1厅 | 43.76平米 | 北 | 其他 | 中楼层(共11层) | 2011年建 | 塔楼,
20201223,嘉定,江桥,MAX未来 2室2厅 西,150万,2室2厅 | 47.9平米 | 西 | 其他 | 中楼层(共9层) | 2015年建 | 板楼,
20201223,嘉定,江桥,嘉莲华商住酒店式公寓(商业类) 1室1厅 西,102万,1室1厅 | 51.22平米 | 西 | 其他 | 低楼层(共6层) | 2007年建 | 板楼,
20201223,嘉定,江桥,万达广场(嘉定) 2室1厅 南,250万,2室1厅 | 116.72平米 | 南 | 其他 | 高楼层(共12层) | 2011年建 | 塔楼,
20201223,嘉定,江桥,MAX未来 4室1厅 北,150万,4室1厅 | 49.5平米 | 北 | 其他 | 低楼层(共9层) | 2015年建 | 板楼,
20201223,嘉定,江桥,万达广场(嘉定) 1室0厅 北,100万,1室0厅 | 46.98平米 | 北 | 其他 | 中楼层(共11层) | 2011年建 | 塔楼,
20201223,嘉定,江桥,YOHO街区 1室1厅 北,95万,1室1厅 | 45平米 | 北 | 精装 | 中楼层(共6层)  | 板楼,
20201223,嘉定,江桥,万达广场(嘉定) 1室1厅 南,128万,1室1厅 | 55.54平米 | 南 | 精装 | 高楼层(共11层) | 2011年建 | 塔楼,
20201223,嘉定,江桥,MAX未来 1室1厅 西,140万,1室1厅 | 47.5平米 | 西 | 精装 | 高楼层(共9层) | 2015年建 | 板楼,
20201223,嘉定,江桥,万达广场(嘉定) 1室1厅 北,175万,1室1厅 | 42.52平米 | 北 | 其他 | 低楼层(共9层) | 2011年建 | 板楼,
20201223,嘉定,江桥,MAX未来 1室1厅 南,168万,1室1厅 | 54.22平米 | 南 | 其他 | 中楼层(共9层) | 2015年建 | 板楼,
20201223,嘉定,江桥,MAX未来 2室1厅 北,150万,2室1厅 | 46.48平米 | 北 | 其他 | 中楼层(共8层) | 2015年建 | 板楼,
20201223,嘉定,江桥,适合刚需小年轻，交通便利，配套设施齐全,140万,2室2厅 | 49.31平米 | 北 | 精装 | 高楼层(共9层) | 2015年建 | 板楼,
20201223,嘉定,江桥,万达广场(嘉定) 1室1厅 南,115万,1室1厅 | 56.28平米 | 南 | 简装 | 高楼层(共12层) | 2011年建 | 塔楼,
20201223,嘉定,江桥,嘉莲华商住酒店式公寓(商业类) 1室1厅 南,110万,1室1厅 | 55平米 | 南 | 其他 | 高楼层(共6层) | 2007年建 | 板楼,
20201223,嘉定,江桥,万达广场(嘉定) 1室1厅 北,98万,1室1厅 | 43.69平米 | 北 | 其他 | 中楼层(共11层) | 2011年建 | 塔楼,
20201223,嘉定,江桥,万达广场(嘉定) 1室1厅 南,120万,1室1厅 | 55.54平米 | 南 | 其他 | 低楼层(共11层) | 2011年建 | 塔楼,
20201223,嘉定,江桥,YOHO街区 1室1厅 北,175万,1室1厅 | 52.52平米 | 北 | 其他 | 低楼层(共6层) | 2014年建 | 板楼,
20201223,嘉定,江桥,万达广场(嘉定) 1室1厅 南,118万,1室1厅 | 55.54平米 | 南 | 其他 | 低楼层(共11层) | 2011年建 | 塔楼,
20201223,嘉定,江桥,永和生活广场 1室1厅 北,93万,1室1厅 | 56.48平米 | 北 | 其他 | 高楼层(共11层) | 2008年建 | 塔楼,
20201223,嘉定,江桥,永和生活广场 1室1厅 北,95万,1室1厅 | 56.48平米 | 北 | 其他 | 中楼层(共11层) | 2008年建 | 塔楼,
20201223,嘉定,江桥,万达广场(嘉定) 1室1厅 北,95万,1室1厅 | 44.2平米 | 北 | 精装 | 高楼层(共12层) | 2011年建 | 塔楼,
20201223,嘉定,江桥,近地铁，随时可看，诚意出售，楼层好位置好，视野开阔,240万,1室1厅 | 68.16平米 | 南 东 | 简装 | 高楼层(共9层) | 2011年建 | 板楼,
20201223,嘉定,江桥,万达广场(嘉定) 2室1厅 南,190万,2室1厅 | 51.99平米 | 南 | 其他 | 高楼层(共9层) | 2011年建 | 板楼,
20201223,嘉定,江桥,万达广场(嘉定) 2室1厅 南,190万,2室1厅 | 51.99平米 | 南 | 其他 | 高楼层(共9层) | 2011年建 | 板楼,
20201223,嘉定,江桥,万达广场(嘉定) 1室1厅 南,128万,1室1厅 | 54.61平米 | 南 | 其他 | 高楼层(共12层) | 2011年建 | 塔楼,
20201223,嘉定,江桥,万达广场(嘉定) 1室1厅 东,198万,1室1厅 | 92.71平米 | 东 | 其他 | 低楼层(共12层) | 2011年建 | 塔楼,
20201223,嘉定,江桥,万达广场(嘉定) 1室1厅 北,200万,1室1厅 | 97.93平米 | 北 | 其他 | 中楼层(共12层) | 2011年建 | 塔楼,
20201223,嘉定,江桥,MAX未来 1室1厅 南,135万,1室1厅 | 53.81平米 | 南 | 其他 | 高楼层(共9层) | 2015年建 | 板楼,
20201223,嘉定,江桥,MAX未来 2室1厅 东,160万,2室1厅 | 54平米 | 东 | 简装 | 中楼层(共9层) | 2015年建 | 板楼,
20201223,嘉定,江桥,万达广场(嘉定) 1室0厅 南,165万,1室0厅 | 55.54平米 | 南 | 其他 | 高楼层(共11层) | 2011年建 | 塔楼,
20201223,嘉定,江桥,万达广场(嘉定) 1室0厅 南,165万,1室0厅 | 55.54平米 | 南 | 其他 | 高楼层(共11层) | 2011年建 | 塔楼,
20201223,嘉定,江桥,万达广场(嘉定) 2室1厅 南,165万,2室1厅 | 55.54平米 | 南 | 其他 | 高楼层(共11层) | 2011年建 | 塔楼,
20201223,嘉定,江桥,全明户型，采光好，近地铁，出行方便,130万,0室0厅 | 57.45平米 | 南 | 其他 | 中楼层(共12层) | 2011年建 | 塔楼,
20201223,嘉定,江桥,中星海兰苑 3室2厅 南 北,470万,3室2厅 | 123.11平米 | 南 北 | 毛坯 | 低楼层(共11层) | 2008年建 | 板楼,
