20201223,静安,南京西路,南京西路，恒隆广场旁，南北透过三房，精装修业主诚意必看好房,1000万,3室2厅 | 115平米 | 南 | 精装 | 中楼层(共5层) | 1998年建 | 板楼,http://image1.ljcdn.com/110000-inspection/pc1_fEK7b0udC_1.jpg.296x216.jpg
20201223,静安,南京西路,南京西路外汇房，2梯3户，高区全天采光，业主信任托付必看好房,1168万,3室2厅 | 158.32平米 | 南 | 精装 | 高楼层(共24层) | 1994年建 | 塔楼,http://image1.ljcdn.com/110000-inspection/pc1_wp1OshS4h_1.jpg.296x216.jpg
20201223,静安,南京西路,南京西路顶楼复式，玻璃幕墙，带120平露台，有车位必看好房,2998万,4室2厅 | 229.31平米 | 南 北 | 精装 | 高楼层(共34层) | 2003年建 | 板楼,http://image1.ljcdn.com/110000-inspection/pc1_CpFeLFcKU_1.jpg.296x216.jpg
20201223,静安,南京西路,新出：南京西路全南两房，售后公房各付各税，业主诚售必看好房,800万,2室1厅 | 77.18平米 | 南 | 简装 | 低楼层(共7层) | 1997年建 | 板楼,http://image1.ljcdn.com/110000-inspection/pc1_2l9GSM2cj_1.jpg.296x216.jpg
20201223,静安,南京西路,远中风华园壹楼带花园,不靠马路,朝南2房,交通便利。必看好房,1325万,2室2厅 | 110.22平米 | 南 | 精装 | 20层 | 2006年建 | 板楼,http://image1.ljcdn.com/310000-inspection/test-3f521028-14b9-4a66-8ca8-6a106e487753.png.296x216.jpg
20201223,静安,南京西路,高区两房+税费各付+业主诚意出售+看房方便必看好房,848万,2室1厅 | 80.34平米 | 东南 南 | 简装 | 高楼层(共34层) | 2003年建 | 塔楼,http://image1.ljcdn.com/110000-inspection/pc1_74qEfMVUb_1.jpg.296x216.jpg
20201223,静安,南京西路,税费各付  电梯预装中 业主诚意出售 南北通两房必看好房,710万,2室1厅 | 67.8平米 | 南 北 | 精装 | 高楼层(共6层) | 1999年建 | 板楼,http://image1.ljcdn.com/110000-inspection/pc1_kd0el9zE3_1.jpg.296x216.jpg
20201223,静安,南京西路,恒隆旁精装南北通+总价税费低+诚意出售必看好房,520万,1室1厅 | 46.09平米 | 南 北 | 精装 | 低楼层(共7层) | 1997年建 | 板塔结合,http://image1.ljcdn.com/110000-inspection/pc1_ZRotkOVuo_1.jpg.296x216.jpg
20201223,静安,南京西路,老静安低总价电梯两房，售后公房满五唯一，诚意出售必看好房,560万,2室1厅 | 71.76平米 | 南 | 简装 | 中楼层(共14层) | 1992年建 | 塔楼,http://image1.ljcdn.com/110000-inspection/pc1_smCSL3qvK_1.jpg.296x216.jpg
20201223,静安,南京西路,满五税少：随时可看；朝南采光充足。必看好房,370万,1室1厅 | 41.31平米 | 南 | 精装 | 高楼层(共7层) | 1987年建 | 板楼,http://image1.ljcdn.com/110000-inspection/pc1_d0PW7RKgQ_1.jpg.296x216.jpg
20201223,静安,南京西路,满五年唯一税费少  视野开阔 全明户型  原两房一厅必看好房,760万,1室2厅 | 72.25平米 | 西北 北 | 精装 | 高楼层(共28层) | 1998年建 | 塔楼,http://image1.ljcdn.com/110000-inspection/pc1_kLXqYwUWE_1.jpg.296x216.jpg
20201223,静安,南京西路,南京西路板块+通透全明户型+四轨交汇+苏州河蝴蝶湾~必看好房,388万,1室1厅 | 38.83平米 | 南 | 精装 | 低楼层(共6层) | 1977年建 | 板楼,http://image1.ljcdn.com/110000-inspection/pc1_jTj5JBDOW_1.jpg.296x216.jpg
20201223,静安,南京西路,南北通风，高区视野开阔，诚意出售，精装修，采光好必看好房,1330万,3室2厅 | 124.27平米 | 南 | 精装 | 高楼层(共34层) | 2003年建 | 板楼,http://image1.ljcdn.com/110000-inspection/pc1_OYoD9Akej_1.jpg.296x216.jpg
20201223,静安,南京西路,急售！税费各付！高层大三房南北通，采光充足必看好房,1300万,3室2厅 | 128.47平米 | 南 | 精装 | 28层 | 2000年建 | 板塔结合,http://image1.ljcdn.com/110000-inspection/pc1_HAHiBdiNK_1.jpg.296x216.jpg
20201223,静安,南京西路,静安寺三轨交汇，繁华商圈配套齐全，通透两房采光好必看好房,580万,2室1厅 | 68.8平米 | 西南 | 简装 | 中楼层(共25层) | 1990年建 | 塔楼,http://image1.ljcdn.com/110000-inspection/pc1_lW1hGeauY_1.jpg.296x216.jpg
20201223,静安,南京西路,南京西路商圈 ，三房朝南，楼层位置好，视野景观好必看好房,1190万,3室2厅 | 128.2平米 | 南 | 简装 | 高楼层(共28层) | 1998年建 | 塔楼,http://image1.ljcdn.com/310000-inspection/pc1_0Ksm0WllY_1.jpg.296x216.jpg
20201223,静安,南京西路,09年次新小区，70年产权住宅，老静安地段，交通便捷。必看好房,315万,1室0厅 | 43.05平米 | 南 | 精装 | 低楼层(共27层)  | 塔楼,http://image1.ljcdn.com/310000-inspection/pc1_8MuDJPBuG_1.jpg.296x216.jpg
20201223,静安,南京西路,南静安内销房，满五年不唯一，看房方便，业主诚售必看好房,1260万,4室2厅 | 159.34平米 | 南 | 简装 | 中楼层(共27层) | 1998年建 | 塔楼,http://image1.ljcdn.com/310000-inspection/prod-ff2ca88a-8879-4680-a591-cce767a91d8c.jpg.296x216.jpg
20201223,静安,南京西路,南京西路板块，精装电梯房，拎包入住 视野无遮挡必看好房,410万,1室1厅 | 39.51平米 | 东北 | 精装 | 高楼层(共28层) | 1998年建 | 塔楼,http://image1.ljcdn.com/310000-inspection/pc1_uF2KxvZAK_1.jpg.296x216.jpg
20201223,静安,南京西路,总价低，南京西版块两房，地铁口必看好房,336万,2室0厅 | 45平米 | 东南 | 毛坯 | 中楼层(共6层) | 1978年建 | 板楼,http://image1.ljcdn.com/310000-inspection/prod-33fa3197-aa18-4f18-8fe2-d8877b14b98a.jpg.296x216.jpg
20201223,静安,南京西路,南京西路烫金地段精装修两房拎包入住必看好房,860万,2室1厅 | 97.03平米 | 南 | 精装 | 中楼层(共7层) | 1996年建 | 板楼,http://image1.ljcdn.com/310000-inspection/test-274ae453-57cb-48a3-9d17-a5a4170b5ff0.png.296x216.jpg
20201223,静安,南京西路,南京西路地铁口 一幢三户老洋房新式里弄3房必看好房,760万,3室1厅 | 84.41平米 | 南 | 精装 | 中楼层(共4层)  | 板楼,http://image1.ljcdn.com/110000-inspection/f94bf1b3141452a0054c9881be0326ea-022.jpg.296x216.jpg
20201223,静安,南京西路,15年开盘，电梯刷卡到户，人车分流，带会所，管家服务必看好房,798万,1室1厅 | 66.02平米 | 南 | 精装 | 中楼层(共8层) | 2011年建 | 板楼,http://image1.ljcdn.com/x-se/hdic-frame/05b79e07-2677-4399-b4f3-621dc49e55e1.png.296x216.jpg
20201223,静安,南京西路,70年住宅产权+民用水电煤+刷卡到户+跟我约，看房随时房主自荐,1080万,2室2厅 | 102.86平米 | 暂无数据 | 简装 | 高楼层(共32层) | 2006年建 | 塔楼,http://image1.ljcdn.com/310000-inspection/prod-027fc208-5fad-4fea-8533-f3c15f9dcd10.jpg.296x216.jpg
20201223,静安,南京西路,公园住宅，大平层，小区中间位置，3梯一户带露台车位,4300万,5室3厅 | 330.29平米 | 南 | 精装 | 高楼层(共20层) | 2005年建 | 板楼,http://image1.ljcdn.com/310000-inspection/prod-62b6fc24-a9ae-4af4-822a-c70a485261f5.jpg.296x216.jpg
20201223,静安,南京西路,售后公房 满五唯一 全南全明 业主诚意出售,840万,2室1厅 | 83.03平米 | 南 | 精装 | 5层 | 2001年建 | 板楼,http://image1.ljcdn.com/310000-inspection/pc1_ZiOvca6Ti_1.jpg.296x216.jpg
20201223,静安,南京西路,精装南北两房，高区景观视野好，物况好,895万,2室2厅 | 83.79平米 | 南 | 精装 | 高楼层(共34层) | 2003年建 | 塔楼,http://image1.ljcdn.com/310000-inspection/prod-61945d0b-b2c1-4833-b39a-0fcbc57a7cb5.jpg.296x216.jpg
20201223,静安,南京西路,再降60万 业主诚意出售，省5.3%增值税，高区南北通房主自荐,555万,2室1厅 | 60.22平米 | 南 | 简装 | 高楼层(共7层) | 1993年建 | 板楼,http://image1.ljcdn.com/310000-inspection/pc1_JT3VP1Ssg_1.jpg.296x216.jpg
20201223,静安,南京西路,百年南京路+四轨交汇+ZY空调+地暖+雕塑公园+满五~房主自荐,1450万,3室2厅 | 161.36平米 | 南 北 | 精装 | 低楼层(共24层) | 2004年建 | 板楼,http://image1.ljcdn.com/310000-inspection/prod-47bcec2d-6900-496c-973c-237752dd7981.jpg.296x216.jpg
20201223,静安,南京西路,德义大楼 上海市优秀历史建筑，建造年代为1928年！房主自荐,1680万,3室1厅 | 140.74平米 | 南 | 简装 | 高楼层(共8层) | 1924年建 | 板楼,http://image1.ljcdn.com/310000-inspection/pc1_23ZzlD9CB_1.jpg.296x216.jpg
20201223,静安,南京西路,南京西路高区两房，视野佳，两房两卫格局分明,1040万,2室2厅 | 104.46平米 | 南 | 精装 | 高楼层(共28层) | 1998年建 | 塔楼,http://image1.ljcdn.com/110000-inspection/pc1_9P8SWZ85K_1.jpg.296x216.jpg
20201223,静安,南京西路,静安区次新品质小区，采光好无遮挡，诚意出售,1350万,2室2厅 | 119.93平米 | 南 | 精装 | 低楼层(共32层) | 2009年建 | 板楼,http://image1.ljcdn.com/310000-inspection/pc1_M4eQzGQCe_1.jpg.296x216.jpg
20201223,静安,南京西路,中凯城市之光临湖位置，客厅挑空南北通，刚降价带车位,3000万,4室2厅 | 268.72平米 | 南 | 精装 | 高楼层(共10层) | 2003年建 | 板楼,http://image1.ljcdn.com/310000-inspection/prod-ac39d5ff-8f72-41c7-8526-7f57ec3abc21.jpg.296x216.jpg
20201223,静安,南京西路,二期12年精装4房+2梯一户+满二唯一+带车位 人车分流,3980万,4室2厅 | 299.96平米 | 南 | 精装 | 低楼层(共13层) | 2011年建 | 板楼,http://image1.ljcdn.com/110000-inspection/pc1_C7Ew1hPAD_1.jpg.296x216.jpg
20201223,静安,南京西路,中凯前排+小高层顶楼复式+边套全明户型+看房方便,2860万,4室2厅 | 245.81平米 | 东 南 北 | 精装 | 高楼层(共11层) | 2003年建 | 板楼,http://image1.ljcdn.com/310000-inspection/prod-b25a0a29-2cc9-4372-b184-fa9bad14e873.jpg.296x216.jpg
20201223,静安,南京西路,新江大楼一房，面积大，单价低，税费少，视野开阔。新上,498万,1室1厅 | 51.55平米 | 南 | 精装 | 中楼层(共12层) | 1992年建 | 塔楼,http://image1.ljcdn.com/110000-inspection/pc1_Y1MoPbE6O_1.jpg.296x216.jpg
20201223,静安,南京西路,南京西路+层高5.5米+带花园新上,850万,1室1厅 | 68.41平米 | 南 北 | 精装 | 低楼层(共4层) | 1937年建 | 板楼,http://image1.ljcdn.com/110000-inspection/pc1_El6GoMmny_1.jpg.296x216.jpg
20201223,静安,南京西路,重华新村 3室0厅 南新上,1388万,3室0厅 | 84.1平米 | 南 | 简装 | 低楼层(共3层) | 1937年建 | 暂无数据,http://image1.ljcdn.com/110000-inspection/pc1_qf7Afzknj_1.jpg.296x216.jpg
20201223,静安,南京西路,静安寺板块，历史文物建筑、地铁2/7号线，200万装修房主自荐,1680万,2室2厅 | 122.04平米 | 南 北 | 精装 | 中楼层(共5层) | 1924年建 | 板楼,http://image1.ljcdn.com/110000-inspection/pc1_SMLFcBblo_1.jpg.296x216.jpg
20201223,静安,南京西路,南京西路板块  总高七层带电梯，复式结构  带露台,1700万,3室2厅 | 165.34平米 | 南 | 精装 | 高楼层(共7层) | 2001年建 | 板楼,http://image1.ljcdn.com/110000-inspection/pc1_x39ee65tR_1.jpg.296x216.jpg
20201223,静安,南京西路,老静安南北通高区景观两房，南西繁华尽收眼底，带车位,1199万,2室2厅 | 118.57平米 | 南 北 | 精装 | 高楼层(共25层) | 2001年建 | 板楼,http://image1.ljcdn.com/110000-inspection/pc1_u0k3wHVbk_1.jpg.296x216.jpg
20201223,静安,南京西路,花园社区，人车分流，闹中取静，一梯两户南北双阳台,2030万,3室2厅 | 165.89平米 | 南 北 | 精装 | 低楼层(共16层) | 2005年建 | 板楼,http://image1.ljcdn.com/110000-inspection/pc1_xycX5Sk3x_1.jpg.296x216.jpg
20201223,静安,南京西路,小户型，总价低，2开间朝南，采光好,690万,2室1厅 | 60平米 | 南 | 精装 | 7层 | 2000年建 | 板楼,http://image1.ljcdn.com/310000-inspection/98609d44-1ca0-4640-bced-f5fe7c7a17b9.jpg.296x216.jpg
20201223,静安,南京西路,业主诚意出售，总价低，小户型，朝南阳光好房主自荐,680万,1室1厅 | 56.49平米 | 东南 | 精装 | 低楼层(共34层) | 2003年建 | 塔楼,http://image1.ljcdn.com/110000-inspection/pc1_di3LB8c7G_1.jpg.296x216.jpg
20201223,静安,南京西路,咫尺南京路 雕塑公园兴业太古汇旁 诚意出售看房方便新上,490万,1室1厅 | 43.55平米 | 东北 | 精装 | 低楼层(共7层)  | 板楼,http://image1.ljcdn.com/110000-inspection/pc1_eglBJCX1v_1.jpg.296x216.jpg
20201223,静安,南京西路,远中风华二期高区大平层，视野无遮挡，四开间朝南,4688万,4室2厅 | 299平米 | 南 | 精装 | 高楼层(共13层) | 2011年建 | 板楼,http://image1.ljcdn.com/110000-inspection/pc1_vobelCnpK_1.jpg.296x216.jpg
20201223,静安,南京西路,丽都新贵，05年竣工，中区朝南采光好,460万,1室2厅 | 99.94平米 | 南 | 简装 | 中楼层(共32层) | 2005年建 | 塔楼,http://image1.ljcdn.com/110000-inspection/pc1_JbH6ij52c_1.jpg.296x216.jpg
20201223,静安,南京西路,满五年税费少，后排中区安静位置，视野开阔采光好!,2330万,3室2厅 | 159.16平米 | 南 | 精装 | 中楼层(共20层) | 2007年建 | 板楼,http://image1.ljcdn.com/310000-inspection/pc1_VwHwRSk4j_1.jpg.296x216.jpg
20201223,静安,南京西路,采光不当，三开间朝南南北通，全明精装修，有车位,800万,2室2厅 | 116.66平米 | 南 北 | 精装 | 低楼层(共21层) | 1999年建 | 塔楼,http://image1.ljcdn.com/110000-inspection/pc1_Y5d9JDSW3_1.jpg.296x216.jpg
20201223,静安,南京西路,好房出售  拎包入住   精装修  新风系统,585万,2室1厅 | 53.85平米 | 南 北 | 精装 | 中楼层(共4层) | 1997年建 | 板楼,http://image1.ljcdn.com/110000-inspection/pc1_GKgf1zpw9_1.jpg.296x216.jpg
20201223,静安,南京西路,南京西路繁华商圈，近太古汇，上海电视台，朝南一室房主自荐,470万,1室1厅 | 40.99平米 | 南 | 精装 | 中楼层(共7层) | 1987年建 | 板楼,http://image1.ljcdn.com/110000-inspection/pc1_WwHBGZ1XY_1.jpg.296x216.jpg
20201223,静安,南京西路,中凯蕞好的一套顶复，实际面积达343平米客厅面宽8米房主自荐,3980万,5室3厅 | 295平米 | 南 北 | 精装 | 高楼层(共19层) | 2005年建 | 板楼,http://image1.ljcdn.com/110000-inspection/pc1_RjiT98C9v_1.jpg.296x216.jpg
20201223,静安,南京西路,艾格美高区118号南北两房，16年新房买进精装领包入住,1065万,2室2厅 | 102.86平米 | 南 北 | 精装 | 高楼层(共33层) | 2006年建 | 塔楼,http://image1.ljcdn.com/110000-inspection/pc1_j7hFJl7SQ_1.jpg.296x216.jpg
20201223,静安,南京西路,满五年+商品大两房+户型方正+诚意出售+全明户型房主自荐,1320万,2室2厅 | 124.6平米 | 南 | 精装 | 中楼层(共18层) | 2004年建 | 板楼,http://image1.ljcdn.com/110000-inspection/pc1_xaiXtVM0t_1.jpg.296x216.jpg
20201223,静安,南京西路,南京西路全明户型，位置佳。中高区朝南采光无遮挡,1360万,3室2厅 | 163.42平米 | 南 | 精装 | 高楼层(共24层) | 1996年建 | 板塔结合,http://image1.ljcdn.com/110000-inspection/pc1_XdfQcIqRp_1.jpg.296x216.jpg
20201223,静安,南京西路,历史保护建筑名人辈出+南京西路三轨交汇+出门即恒隆房主自荐,680万,2室2厅 | 58.67平米 | 南 | 精装 | 中楼层(共9层) | 1924年建 | 板楼,http://image1.ljcdn.com/110000-inspection/pc1_5N8Zfrlf9_1.jpg.296x216.jpg
20201223,静安,南京西路,中凯临湖高区270°景观,两梯一户大平层,四房带保姆房!房主自荐,3280万,4室2厅 | 237.15平米 | 南 西 北 | 精装 | 高楼层(共30层) | 2005年建 | 板楼,http://image1.ljcdn.com/110000-inspection/pc1_yASzXz74o_1.jpg.296x216.jpg
20201223,静安,南京西路,二手买进唯一 税少 房屋全新精装 拎包入住房主自荐,880万,3室2厅 | 150.37平米 | 南 东南 | 精装 | 31层  | 板塔结合,http://image1.ljcdn.com/110000-inspection/pc1_G76wrHYi9_1.jpg.296x216.jpg
20201223,静安,南京西路,南京西路地铁200米，两年前精装修+南北通+中间楼层房主自荐,730万,2室1厅 | 66.39平米 | 南 北 | 精装 | 中楼层(共7层) | 1999年建 | 板楼,http://image1.ljcdn.com/110000-inspection/pc1_Yk5L9HL30_1.jpg.296x216.jpg
20201223,静安,南京西路,只此一套复式167平3房含3个大阳台+阳光不挡绿色舒适,2080万,3室2厅 | 167.65平米 | 南 | 精装 | 低楼层(共26层) | 2004年建 | 板楼,http://image1.ljcdn.com/110000-inspection/pc1_f11mahVeQ_1.jpg.296x216.jpg
20201223,静安,南京西路,70年住宅产权，酒店式管理三轨交汇，地段成熟买进价高,1499万,2室1厅 | 123.65平米 | 南 | 精装 | 低楼层(共33层) | 2006年建 | 塔楼,http://image1.ljcdn.com/110000-inspection/pc1_9FeJ2FCuN_1.jpg.296x216.jpg
20201223,静安,南京西路,南京西路整层新里，1934年经典老公寓，层高3.3米房主自荐,1150万,2室1厅 | 104.53平米 | 南 北 | 精装 | 低楼层(共3层) | 1934年建 | 板楼,http://image1.ljcdn.com/110000-inspection/pc1_PHYa2UHDS_1.jpg.296x216.jpg
20201223,静安,南京西路,国际丽都城 2室1厅 南,1500万,2室1厅 | 115.96平米 | 南 | 精装 | 低楼层(共32层) | 2004年建 | 板楼,http://image1.ljcdn.com/110000-inspection/pc1_Lz9QlUfQ3_1.jpg.296x216.jpg
20201223,静安,南京西路,远中风华园(公寓) 2室2厅 南房主自荐,1700万,2室2厅 | 134.96平米 | 南 | 精装 | 中楼层(共25层) | 2006年建 | 塔楼,http://image1.ljcdn.com/110000-inspection/pc1_7HhOUATIM_1.jpg.296x216.jpg
20201223,静安,南京西路,看陆家嘴四件套+产权车位，高区景观佳，可拎包入住,1300万,3室2厅 | 130.48平米 | 南 | 精装 | 高楼层(共28层) | 1998年建 | 塔楼,http://image1.ljcdn.com/110000-inspection/pc1_zlG0KUvqP_1.jpg.296x216.jpg
20201223,静安,南京西路,1999年新公房，正规2房1厅，免增值税，看房方便!房主自荐,473万,2室1厅 | 62.8平米 | 南 | 简装 | 中楼层(共7层) | 1997年建 | 板楼,http://image1.ljcdn.com/110000-inspection/pc1_8Qg1NNYl8_1.jpg.296x216.jpg
20201223,静安,南京西路,南京西路商圈小户型+中间楼层+一梯三户+随时看房,300万,1室0厅 | 30.82平米 | 西 | 简装 | 中楼层(共7层) | 1987年建 | 板楼,http://image1.ljcdn.com/110000-inspection/pc1_Cv7a0VpTF_1.jpg.296x216.jpg
20201223,静安,南京西路,低总价小复式，宽敞明亮，宜居，出入方便房主自荐,580万,2室0厅 | 56.5平米 | 南 | 精装 | 高楼层(共4层) | 1997年建 | 板楼,http://image1.ljcdn.com/110000-inspection/pc1_dNQxsHBqw_1.jpg.296x216.jpg
20201223,静安,南京西路,南京西路兴业太古汇小两房哪里找，茂名公寓来看看,650万,2室1厅 | 58.46平米 | 南 北 | 精装 | 高楼层(共6层) | 1999年建 | 板楼,http://image1.ljcdn.com/110000-inspection/pc1_1ovmkwP0Z_1.jpg.296x216.jpg
20201223,静安,南京西路,视野开阔景观房，业主变现，全明户型，刷卡到户！,2098万,3室2厅 | 159.16平米 | 南 | 精装 | 低楼层(共20层) | 2007年建 | 板楼,http://image1.ljcdn.com/310000-inspection/test-330559ba-a00a-4607-84cf-89a43e870def.png.296x216.jpg
20201223,静安,南京西路,申银发展大厦(公寓) 3室2厅 南,1999万,3室2厅 | 142.92平米 | 南 | 其他 | 高楼层(共29层) | 1999年建 | 塔楼,http://image1.ljcdn.com/110000-inspection/pc1_rJ7X0YTgL_1.jpg.296x216.jpg
20201223,静安,南京西路,南京西路+景观三房+多层电梯房,1498万,3室2厅 | 144.64平米 | 南 北 西 | 精装 | 高楼层(共5层) | 1997年建 | 板楼,http://image1.ljcdn.com/110000-inspection/pc1_BNwgyI90v_1.jpg.296x216.jpg
20201223,静安,南京西路,尽享一线繁华  城市绿肺  刷卡入户  精装修一居室房主自荐,790万,1室1厅 | 67.4平米 | 东南 | 精装 | 中楼层(共33层) | 2006年建 | 塔楼,http://image1.ljcdn.com/110000-inspection/pc1_Dr1GHPXyC_1.jpg.296x216.jpg
20201223,静安,南京西路,京西大楼 1室1厅 北,380万,1室1厅 | 33.4平米 | 北 | 精装 | 中楼层(共16层) | 1983年建 | 板塔结合,http://image1.ljcdn.com/110000-inspection/pc1_bUjpLMMON_1.jpg.296x216.jpg
20201223,静安,南京西路,升平小区3楼朝南精装房，普通住宅税费少，全明采光好,420万,1室1厅 | 40.43平米 | 南 | 精装 | 中楼层(共4层) | 1997年建 | 板楼,http://image1.ljcdn.com/310000-inspection/prod-2db696d6-91e2-453e-b286-5ddf3d1b514d.jpg.296x216.jpg
20201223,静安,南京西路,品质小区，中高区全南两房，带产权车位，业主诚意出售,1300万,2室2厅 | 101.49平米 | 南 | 精装 | 中楼层(共18层) | 2006年建 | 板楼,http://image1.ljcdn.com/310000-inspection/prod-1546728f-f671-4330-919a-f83611a32e23.png.296x216.jpg
20201223,静安,南京西路,静安华庭+二期商品房+四轨交汇+雕塑公园+百年南京路~,1310万,2室2厅 | 124.6平米 | 南 北 | 精装 | 中楼层(共18层) | 2004年建 | 板楼,http://image1.ljcdn.com/110000-inspection/pc1_qYDap3Z9S_1.jpg.296x216.jpg
20201223,静安,南京西路,业主诚意出售，视野好，两南一北，厅是南北通带阳台房主自荐,2280万,3室2厅 | 158.75平米 | 南 | 精装 | 中楼层(共25层) | 2005年建 | 板楼,http://image1.ljcdn.com/110000-inspection/pc1_9gxSq6sc6_1.jpg.296x216.jpg
20201223,静安,南京西路,新江大楼 2室1厅 东,685万,2室1厅 | 91.42平米 | 东 | 精装 | 高楼层(共16层) | 1992年建 | 塔楼,http://image1.ljcdn.com/110000-inspection/pc1_Tlbq7puWl_1.jpg.296x216.jpg
20201223,静安,南京西路,降价90万，次顶楼景观无遮挡，两房朝东南，单价低,750万,2室2厅 | 108.84平米 | 东南 | 精装 | 高楼层(共27层)  | 塔楼,http://image1.ljcdn.com/310000-inspection/pc1_duwLirDyJ_1.jpg.296x216.jpg
20201223,静安,南京西路,和一大厦  隔壁就是体育馆  房龄满五  精致装修房主自荐,890万,3室2厅 | 139.84平米 | 南 | 精装 | 31层  | 板塔结合,http://image1.ljcdn.com/310000-inspection/test-5b6de77c-4b87-4d37-80cd-c1770aa3f02e.png.296x216.jpg
20201223,静安,南京西路,南京西路花园住宅、全南2房、户型正气中楼层房主自荐,605万,2室1厅 | 61.38平米 | 南 | 精装 | 中楼层(共6层) | 1985年建 | 板楼,http://image1.ljcdn.com/110000-inspection/pc1_KNNJ1OnVX_1.jpg.296x216.jpg
20201223,静安,南京西路,百年公寓，全明户型，电梯房，亚洲星巴克烘培工坊房主自荐,482万,1室0厅 | 44.61平米 | 西 | 精装 | 中楼层(共8层) | 1928年建 | 塔楼,http://image1.ljcdn.com/110000-inspection/pc1_xeQX1mlGJ_1.jpg.296x216.jpg
20201223,静安,南京西路,配套完善，繁华地段，交通便利、住宅产权，不动产证房主自荐,308万,1室1厅 | 40.5平米 | 北 | 简装 | 高楼层(共29层) | 2004年建 | 塔楼,http://image1.ljcdn.com/110000-inspection/pc1_7Co6ftR03_1.jpg.296x216.jpg
20201223,静安,南京西路,全明方正户型 70年纯住宅产权  地下两层车库 梅恒泰旁,400万,1室1厅 | 57.63平米 | 东北 | 精装 | 中楼层(共29层) | 2004年建 | 塔楼,http://image1.ljcdn.com/110000-inspection/pc1_x5CAHeEqo_1.jpg.296x216.jpg
20201223,静安,南京西路,满五唯一少税费 |物业管理好 | 高区拎包住 | 位置好房主自荐,1940万,3室2厅 | 155.43平米 | 南 | 精装 | 中楼层(共37层) | 2007年建 | 板楼,http://image1.ljcdn.com/310000-inspection/prod-340cb89d-bdc6-4c2b-ba19-d400fe28c5a1.jpg.296x216.jpg
20201223,静安,南京西路,09年次新校区，管理好，保养好，交通便利，配套成熟,380万,1室0厅 | 51.85平米 | 西 | 精装 | 高楼层(共27层)  | 塔楼,http://image1.ljcdn.com/310000-inspection/prod-b70e9e41-7e69-487b-b280-0e33af8a14e3.jpg.296x216.jpg
20201223,静安,南京西路,出门南京西路，楼下就是梅 恒 泰三大广场，04年品质!房主自荐,600万,1室1厅 | 66.34平米 | 东 | 简装 | 高楼层(共29层) | 2004年建 | 塔楼,http://image1.ljcdn.com/110000-inspection/pc1_fhtGN0VyS_1.jpg.296x216.jpg
20201223,静安,南京西路,次新房, 刷卡到户, 装修好 拎包入住,交通便利,双会所房主自荐,810万,1室1厅 | 66.02平米 | 南 | 精装 | 高楼层(共8层) | 2011年建 | 板楼,http://image1.ljcdn.com/110000-inspection/pc1_ye68pmgUa_1.jpg.296x216.jpg
20201223,静安,南京西路,朝南向偏西，采光很好，刷卡到户,588万,1室1厅 | 78.67平米 | 西南 | 精装 | 中楼层(共27层)  | 塔楼,http://image1.ljcdn.com/110000-inspection/pc1_i17jBY3EB_1.jpg.296x216.jpg
20201223,静安,南京西路,采光好，诚意出售，只待有缘人。,555万,1室1厅 | 65.82平米 | 东南 | 精装 | 中楼层(共27层)  | 塔楼,http://image1.ljcdn.com/110000-inspection/pc1_OLr4uJZ1L_1.jpg.296x216.jpg
20201223,静安,南京西路,此房中楼层朝南朝东，格局分明，交通方便配套齐全,900万,2室1厅 | 93.97平米 | 南 | 简装 | 高楼层(共28层) | 1998年建 | 塔楼,http://image1.ljcdn.com/110000-inspection/pc1_n5maZxFNh_1.jpg.296x216.jpg
20201223,静安,南京西路,高区电梯2房，西南采光好，安静，满五唯一，专属委托房主自荐,575万,2室1厅 | 71.47平米 | 南 | 精装 | 高楼层(共16层) | 1992年建 | 塔楼,http://image1.ljcdn.com/110000-inspection/pc1_1QwZLDY5C_1.jpg.296x216.jpg
20201223,静安,南京西路,业主诚意出售，看房方便，满五唯一,880万,2室1厅 | 83.79平米 | 东南 | 简装 | 中楼层(共34层) | 2003年建 | 塔楼,http://image1.ljcdn.com/110000-inspection/pc1_EYgm22M8J_1.jpg.296x216.jpg
20201223,静安,南京西路,静安寺，总价低，满五税少，热门房源，产权清晰,610万,2室1厅 | 68.8平米 | 西南 | 简装 | 中楼层(共25层) | 1990年建 | 塔楼,http://image1.ljcdn.com/110000-inspection/pc1_TCnwyt2Th_1.jpg.296x216.jpg
20201223,静安,南京西路,化工小区，低总价小两房，精装修，近地铁,520万,2室1厅 | 50.61平米 | 东 南 北 | 精装 | 中楼层(共7层) | 1987年建 | 板楼,http://image1.ljcdn.com/110000-inspection/pc1_9joTR347s_1.jpg.296x216.jpg
20201223,静安,南京西路,总价低，诚意出售，闹中取静，适宜居住房主自荐,798万,2室2厅 | 97.96平米 | 北 | 简装 | 低楼层(共24层) | 2000年建 | 塔楼,http://image1.ljcdn.com/110000-inspection/pc1_vzKlI4JIj_1.jpg.296x216.jpg
20201223,静安,南京西路,南京西路地铁口+1992年推倒重建+闹中取静+看房方便,445万,1室1厅 | 43.51平米 | 南 | 精装 | 中楼层(共4层) | 1928年建 | 板楼,http://image1.ljcdn.com/110000-inspection/pc1_BbUWfW75Q_1.jpg.296x216.jpg
20201223,静安,南京西路,南京西路电梯房，总高8层，地铁口,460万,1室1厅 | 41.02平米 | 南 | 精装 | 高楼层(共8层) | 1979年建 | 板楼,http://image1.ljcdn.com/110000-inspection/pc1_adHx3dV9J_1.jpg.296x216.jpg
20201223,静安,南京西路,远中二期精装一房、税费低、带车位、高区彩光好,830万,1室1厅 | 65.85平米 | 南 | 精装 | 高楼层(共8层) | 2011年建 | 板楼,http://image1.ljcdn.com/110000-inspection/pc1_4UfcFrPEL_1.jpg.296x216.jpg
20201223,静安,南京西路,得房率高购入成本低+南京西路+南北两房,574万,2室1厅 | 51.92平米 | 南 北 | 简装 | 中楼层(共4层) | 1997年建 | 板楼,http://image1.ljcdn.com/110000-inspection/pc1_eva4iAhFS_1.jpg.296x216.jpg
20201223,静安,南京西路,国际丽都城 3室2厅 南房主自荐,2300万,3室2厅 | 178.51平米 | 南 | 简装 | 高楼层(共22层) | 2006年建 | 板楼,http://image1.ljcdn.com/110000-inspection/pc1_SwGU4CeCz_1.jpg.296x216.jpg
20201223,静安,南京西路,税费各付 中高区采光好 看小区湖景 业主诚意出售,750万,1室1厅 | 67.45平米 | 暂无数据 | 精装 | 中楼层(共32层) | 2006年建 | 塔楼,http://image1.ljcdn.com/310000-inspection/prod-564fe75b-6032-4a1f-9762-11fa050944ac.jpg.296x216.jpg
20201223,静安,南京西路,两房两卫，09年次新房，刷卡入户，诚意出售，随时可看,720万,2室2厅 | 101.32平米 | 南 | 精装 | 低楼层(共27层)  | 塔楼,http://image1.ljcdn.com/310000-inspection/test-0f08e194-f4dc-40d7-a4e3-df1724643bf7.png.296x216.jpg
20201223,静安,南京西路,满五唯一，免征个税，3梯3户，全明户型，看小区花园房主自荐,1938万,3室2厅 | 177.69平米 | 南 | 精装 | 低楼层(共32层) | 2004年建 | 板楼,http://image1.ljcdn.com/310000-inspection/prod-731eeb14-0bfb-449f-85ac-a1fc9af343e6.jpg.296x216.jpg
20201223,静安,南京西路,高区视野开阔，小区中间位置，两房朝南，户型方正,800万,2室1厅 | 84.19平米 | 西南 | 精装 | 高楼层(共28层) | 1998年建 | 塔楼,http://image1.ljcdn.com/310000-inspection/prod-e386aa0e-04c2-46b8-8bc8-483566465a17.jpg.296x216.jpg
20201223,静安,南京西路,中凯高区2房，面对8000平人工湖，可看东方明珠,1350万,2室2厅 | 114.49平米 | 南 | 精装 | 中楼层(共26层) | 2004年建 | 板楼,http://image1.ljcdn.com/310000-inspection/prod-4939ef71-693b-4b63-941f-9c3cfc9495c6.jpg.296x216.jpg
20201223,静安,南京西路,南京西路板块近地铁，满五唯一，业主诚售房主自荐,230万,1室0厅 | 18.8平米 | 南 | 简装 | 低楼层(共3层) | 1936年建 | 板楼,http://image1.ljcdn.com/310000-inspection/prod-fa75dea1-ff99-4c97-adb9-df416b365419.jpg.296x216.jpg
20201223,静安,南京西路,泰府！背面尽观苏州河全景，高区景观三房，全天采光！,1920万,3室2厅 | 157.63平米 | 南 | 精装 | 高楼层(共32层) | 2009年建 | 板楼,http://image1.ljcdn.com/110000-inspection/pc1_xluoxveDA_1.jpg.296x216.jpg
20201223,静安,南京西路,高区景观2居，户型正气，有车位，刷卡入户，价格可谈,768万,2室2厅 | 101.28平米 | 南 | 精装 | 高楼层(共27层)  | 塔楼,http://image1.ljcdn.com/310000-inspection/prod-76b75e68-a717-4571-bbad-89e8bae50746.jpg.296x216.jpg
20201223,静安,南京西路,满五唯一高区两房，采光视野无遮挡，诚意出售。,850万,2室1厅 | 79.47平米 | 南 北 | 精装 | 高楼层(共34层) | 2003年建 | 塔楼,http://image1.ljcdn.com/110000-inspection/pc1_h2BaSjV9O_1.jpg.296x216.jpg
20201223,静安,南京西路,电梯房，两房朝东南 采光好视野好 诚意出售,580万,2室1厅 | 71.6平米 | 东南 南 | 简装 | 低楼层(共14层) | 1992年建 | 塔楼,http://image1.ljcdn.com/310000-inspection/pc1_mmhGVU6sR_1.jpg.296x216.jpg
20201223,静安,南京西路,税费各付-南京西地铁口-高区全南一房-70年产权住宅,770万,1室1厅 | 67.57平米 | 南 | 精装 | 高楼层(共32层) | 2006年建 | 塔楼,http://image1.ljcdn.com/310000-inspection/prod-3f341bf8-e849-4aed-85c2-7dade4b1a4d7.jpg.296x216.jpg
20201223,静安,南京西路,置换急售/地铁沿线/南京西路板块/雕塑公园/满五唯一房主自荐,560万,2室1厅 | 66.57平米 | 南 北 | 精装 | 中楼层(共4层) | 1993年建 | 板楼,http://image1.ljcdn.com/310000-inspection/a6e46a2d-13b3-4619-b1fe-1f3fa328d13a.jpg.296x216.jpg
20201223,静安,南京西路,高区180度景观房 正对四季酒店太古汇 地暖集中空调房主自荐,1490万,2室2厅 | 139.49平米 | 东南 | 精装 | 高楼层(共33层) | 2006年建 | 塔楼,http://image1.ljcdn.com/110000-inspection/pc1_M6s3kz6GY_1.jpg.296x216.jpg
20201223,静安,南京西路,烫金地段 花园小区 少见户型 看房随时 诚意出售,1500万,4室2厅 | 159.87平米 | 南 | 简装 | 8层 | 2001年建 | 板楼,http://image1.ljcdn.com/110000-inspection/pc1_MsSeq3ZF1_1.jpg.296x216.jpg
20201223,静安,南京西路,南京西路，两梯四户，带会所，高品质外销盘，满五w1,1245万,3室2厅 | 191.45平米 | 南 | 精装 | 低楼层(共24层) | 1996年建 | 板塔结合,http://image1.ljcdn.com/110000-inspection/pc1_imUo77SgC_1.jpg.296x216.jpg
20201223,静安,南京西路,三轨交汇+带中凯小区花园+刷卡到户+精装修,790万,1室1厅 | 67.45平米 | 南 | 精装 | 中楼层(共33层) | 2006年建 | 塔楼,http://image1.ljcdn.com/110000-inspection/pc1_MiuF6e2kH_1.jpg.296x216.jpg
20201223,静安,南京西路,南京西路板块纯住宅 高区景观2房 单价低 看房方便,750万,2室2厅 | 131.13平米 | 南 | 简装 | 31层  | 板塔结合,http://image1.ljcdn.com/110000-inspection/pc1_K1R7atpQ9_1.jpg.296x216.jpg
20201223,静安,南京西路,全南两房带阳台，前方视野开阔，看房方便,1280万,2室2厅 | 114.93平米 | 南 | 精装 | 22层 | 2001年建 | 塔楼,http://image1.ljcdn.com/110000-inspection/pc1_F7XsyHrlk_1.jpg.296x216.jpg
20201223,静安,南京西路,地铁1,2,12,13四轨交汇！业主诚意急售！,818万,3室2厅 | 133.21平米 | 西北 东北 | 精装 | 中楼层(共23层) | 1996年建 | 塔楼,http://image1.ljcdn.com/110000-inspection/pc1_lRW1JQ2ps_1.jpg.296x216.jpg
20201223,静安,南京西路,和一大厦 3室2厅 南 北,850万,3室2厅 | 131.13平米 | 南 北 | 精装 | 31层  | 板塔结合,http://image1.ljcdn.com/110000-inspection/pc1_hBlCM3sx3_1.jpg.296x216.jpg
20201223,静安,南京西路,高区景观好，中间位置，南北朝向，带车位，,2480万,3室2厅 | 173.56平米 | 南 北 | 精装 | 高楼层(共18层) | 2004年建 | 板楼,http://image1.ljcdn.com/110000-inspection/pc1_agoAhlmwO_1.jpg.296x216.jpg
20201223,静安,南京西路,一房朝南，一房朝北，楼层佳采光视野棒，装修维护较好房主自荐,790万,2室2厅 | 82.64平米 | 南 | 简装 | 高楼层(共16层) | 1985年建 | 塔楼,http://image1.ljcdn.com/110000-inspection/pc1_Zi6qRMXO0_1.jpg.296x216.jpg
20201223,静安,南京西路,老静安烫金地段 闹中取静 苏州河畔 全明户型,1730万,3室2厅 | 157.63平米 | 南 | 简装 | 低楼层(共32层) | 2009年建 | 板楼,http://image1.ljcdn.com/110000-inspection/pc1_BRYNm7UnL_1.jpg.296x216.jpg
20201223,静安,南京西路,南京西路后花园+南北通三房朝南一房朝北,2580万,4室2厅 | 187.12平米 | 南 北 | 精装 | 低楼层(共28层) | 2005年建 | 板楼,http://image1.ljcdn.com/110000-inspection/pc1_mUYppa3vG_1.jpg.296x216.jpg
20201223,静安,南京西路,南京西路地铁两个路口  电梯朝南一室户  售后公房,470万,1室0厅 | 46.16平米 | 南 | 简装 | 低楼层(共16层) | 1985年建 | 塔楼,http://image1.ljcdn.com/110000-inspection/pc1_fJuHiVVUE_1.jpg.296x216.jpg
20201223,静安,南京西路,配套完善 繁华地段 交通便利 住宅产权,365万,1室1厅 | 50.54平米 | 东 | 简装 | 中楼层(共29层) | 2004年建 | 塔楼,http://image1.ljcdn.com/110000-inspection/pc1_dk2TbOA3A_1.jpg.296x216.jpg
20201223,静安,南京西路,满五税费少+两房朝南采光好+地铁2/7号线+有钥匙随时看,650万,2室2厅 | 69.4平米 | 南 | 精装 | 低楼层(共25层) | 1990年建 | 塔楼,http://image1.ljcdn.com/110000-inspection/pc1_GZnaQEay9_1.jpg.296x216.jpg
20201223,静安,南京西路,大华公寓(静安) 2室0厅 南房主自荐,475万,2室0厅 | 49.07平米 | 南 | 简装 | 高楼层(共6层) | 1932年建 | 板楼,http://image1.ljcdn.com/110000-inspection/pc1_V4xXWQJlS_1.jpg.296x216.jpg
20201223,静安,南京西路,售后公房，近地铁，看房方便，近兴业太古汇,420万,1室1厅 | 41.31平米 | 南 | 简装 | 中楼层(共7层) | 1987年建 | 板楼,http://image1.ljcdn.com/110000-inspection/pc1_cTRBHksvO_1.jpg.296x216.jpg
20201223,静安,南京西路,奉贤路新上好房，业主诚意出售，看房提前预约,400万,1室1厅 | 38.7平米 | 南 | 简装 | 低楼层(共6层) | 1985年建 | 板楼,http://image1.ljcdn.com/110000-inspection/pc1_1zbREvae6_1.jpg.296x216.jpg
20201223,静安,南京西路,09年品质小区 近地铁  刷卡入户 拎包入住 低税费房主自荐,465万,1室1厅 | 56平米 | 东南 | 精装 | 中楼层(共27层)  | 塔楼,http://image1.ljcdn.com/310000-inspection/test-5579c745-e129-4c6c-8880-c1ce79d74acc.png.296x216.jpg
20201223,静安,南京西路,满五唯一，售后公房，业主诚意出售,朝南户型，总价底新上,698万,2室1厅 | 67.18平米 | 南 | 简装 | 低楼层(共16层) | 1983年建 | 板塔结合,http://image1.ljcdn.com/110000-inspection/pc1_edA6LQE5u_1.jpg.296x216.jpg
20201223,静安,南京西路,精装一室户 70年住宅产权 梅恒泰相邻 近地铁 可看房房主自荐,450万,1室1厅 | 58.58平米 | 东北 | 简装 | 中楼层(共29层) | 2004年建 | 塔楼,http://image1.ljcdn.com/310000-inspection/prod-a98a9764-23d2-4966-a937-903dc69df4f2.jpg.296x216.jpg
20201223,静安,南京西路,南京西路三轨相交，精装一室户，低总价拎包入住房主自荐,345万,1室1厅 | 31.38平米 | 北 | 精装 | 低楼层(共4层) | 1997年建 | 板楼,http://image1.ljcdn.com/310000-inspection/test-f07456ae-f854-4fb2-9fdd-d9419ccd2f40.png.296x216.jpg
20201223,静安,南京西路,升平小区新出小户型，厨卫全明，内环内普通住宅成本低房主自荐,280万,1室1厅 | 26.39平米 | 北 | 精装 | 中楼层(共4层) | 1997年建 | 板楼,http://image1.ljcdn.com/310000-inspection/pc1_YtTd2tseO_1.jpg.296x216.jpg
20201223,静安,南京西路,老静安低总价带电梯的小区 近南京西路高区视野好,340万,1室1厅 | 35.69平米 | 西南 | 精装 | 高楼层(共14层) | 1992年建 | 塔楼,http://image1.ljcdn.com/310000-inspection/pc1_WX9yaD8GH_1.jpg.296x216.jpg
20201223,静安,南京西路,老静安烫金地段，总价低，2009年住宅，电梯刷卡到户房主自荐,305万,1室0厅 | 43.45平米 | 西南 | 精装 | 低楼层(共27层) | 2009年建 | 塔楼,http://image1.ljcdn.com/110000-inspection/pc1_cGsvOiSfk_1.jpg.296x216.jpg
20201223,静安,南京西路,70年住宅产权，2009年精装，烫金地段，高品质刷卡到户,378万,1室1厅 | 50.91平米 | 东南 | 精装 | 高楼层(共27层)  | 塔楼,http://image1.ljcdn.com/110000-inspection/pc1_QLmMEwXgR_1.jpg.296x216.jpg
20201223,静安,南京西路,正南京西路，售后公房、满五唯一、随时可签、看房方便,505万,2室1厅 | 56.7平米 | 南 北 | 简装 | 高楼层(共6层) | 1985年建 | 板楼,http://image1.ljcdn.com/310000-inspection/pc1_BktPzX2P7_1.jpg.296x216.jpg
20201223,静安,南京西路,96年外销盘 大户型 在当时品质很高 地段好房主自荐,1200万,3室2厅 | 145.01平米 | 南 | 精装 | 高楼层(共24层) | 1996年建 | 板塔结合,http://image1.ljcdn.com/310000-inspection/test-9ccece6c-fab4-4922-a42d-2230d5fa1ab2.png.296x216.jpg
20201223,静安,南京西路,正临南京西路，优秀历史保护建筑，出国诚意出售,410万,1室1厅 | 40.62平米 | 南 | 精装 | 低楼层(共4层)  | 平房,http://image1.ljcdn.com/x-se/hdic-frame/standard_7fde224d-ab5d-4f52-9cee-58e9e7ec4a94.png.296x216.jpg
20201223,静安,南京西路,恒隆正南边+1997年社区+邻里素质好+1梯4户+朝南采光好,475万,1室1厅 | 48.49平米 | 南 | 简装 | 高楼层(共7层) | 1993年建 | 板楼,http://image1.ljcdn.com/110000-inspection/pc1_Za08jLWQW_1.jpg.296x216.jpg
20201223,静安,南京西路,南北通户型，税费少，全明采光无遮挡，产权清晰！房主自荐,630万,2室1厅 | 66.7平米 | 南 | 精装 | 低楼层(共25层) | 1990年建 | 塔楼,http://image1.ljcdn.com/110000-inspection/pc1_SOOjp65s8_1.jpg.296x216.jpg
20201223,静安,南京西路,申银发展大厦  婚房装修  拎包即住 满五唯一房主自荐,830万,2室2厅 | 117.95平米 | 南 | 精装 | 低楼层(共29层) | 1999年建 | 塔楼,http://image1.ljcdn.com/310000-inspection/pc1_upc6BFxCL_1.jpg.296x216.jpg
20201223,静安,南京西路,丽都一期双南两房满五唯一少税业主诚售房主自荐,1185万,2室1厅 | 98.16平米 | 南 | 简装 | 低楼层(共34层) | 2003年建 | 板楼,http://image1.ljcdn.com/310000-inspection/pc1_lgNvru4cy_1.jpg.296x216.jpg
20201223,静安,南京西路,2009年次新房，70年纯住宅，民水民电，满五年，随时看,555万,1室2厅 | 78.67平米 | 南 | 精装 | 低楼层(共27层) | 2009年建 | 塔楼,http://image1.ljcdn.com/110000-inspection/pc1_YtQ48WTBF_1.jpg.296x216.jpg
20201223,静安,南京西路,南京西路 70年产权 采光景观好 诚意出售  看房方便,325万,1室1厅 | 50.09平米 | 北 | 精装 | 高楼层(共29层) | 2004年建 | 塔楼,http://image1.ljcdn.com/110000-inspection/pc1_oyhhqSIeP_1.jpg.296x216.jpg
20201223,静安,南京西路,低总价一室户+2000年左右竣工+近地铁约百米+拎包入住房主自荐,340万,1室0厅 | 32平米 | 南 | 精装 | 低楼层(共7层) | 1999年建 | 板楼,http://image1.ljcdn.com/110000-inspection/pc1_Ouy4wVP74_1.jpg.296x216.jpg
20201223,静安,南京西路,南京西路板块，  高区楼层，南北通透，太古汇房主自荐,1075万,2室2厅 | 98平米 | 南 北 | 精装 | 高楼层(共34层) | 2003年建 | 板楼,http://image1.ljcdn.com/110000-inspection/pc1_wxa3QyUls_1.jpg.296x216.jpg
20201223,静安,南京西路,出门南京西路地铁站  旁边是雕塑公园 配套齐全,508万,1室1厅 | 40平米 | 南 北 | 精装 | 中楼层(共6层) | 1988年建 | 板楼,http://image1.ljcdn.com/110000-inspection/pc1_kFn55Ptd6_1.jpg.296x216.jpg
20201223,静安,南京西路,南京西路板块交通便利配套成熟户型方正诚意出售,350万,1室1厅 | 51.38平米 | 南 | 简装 | 高楼层(共29层) | 2004年建 | 塔楼,http://image1.ljcdn.com/110000-inspection/pc1_QRS5KMdlr_1.jpg.296x216.jpg
20201223,静安,南京西路,骏豪国际 1室1厅 西,400万,1室1厅 | 53.02平米 | 西 | 其他 | 高楼层(共29层) | 2004年建 | 塔楼,http://image1.ljcdn.com/110000-inspection/pc1_EorMXEDg5_1.jpg.296x216.jpg
20201223,静安,南京西路,满五唯一税费少业主诚意出售，出行方便，购物方便。,788万,2室1厅 | 75.36平米 | 南 | 其他 | 低楼层(共16层) | 1985年建 | 塔楼,http://image1.ljcdn.com/110000-inspection/pc1_YeYB3sGap_1.jpg.296x216.jpg
20201223,静安,南京西路,南京西路钻石地段+售后公房（省税）+我有钥匙随时看房主自荐,635万,2室1厅 | 57.48平米 | 南 | 精装 | 中楼层(共9层) | 1997年建 | 板楼,http://image1.ljcdn.com/110000-inspection/pc1_wVk4szyzz_1.jpg.296x216.jpg
20201223,静安,南京西路,楼层适宜，采光好 业主诚售 看房随时约房主自荐,483万,2室0厅 | 49.88平米 | 东 西 | 精装 | 高楼层(共7层) | 1987年建 | 板楼,http://image1.ljcdn.com/110000-inspection/pc1_5Lm2P68yb_1.jpg.296x216.jpg
20201223,静安,南京西路,小区诚意出售房源，售后公房税费少,740万,1室1厅 | 60.2平米 | 西南 | 其他 | 中楼层(共34层) | 2003年建 | 塔楼,http://image1.ljcdn.com/110000-inspection/pc1_FFEplrEhm_1.jpg.296x216.jpg
20201223,静安,南京西路,地段：南京西路位置 户型：全明户型，安静，位置好,1000万,2室2厅 | 86.29平米 | 南 | 精装 | 中楼层(共34层) | 2003年建 | 塔楼,http://image1.ljcdn.com/110000-inspection/pc1_gyyLRXHzI_1.jpg.296x216.jpg
20201223,静安,南京西路,南京西路， 低区老人小孩都方便，加了9个平方房主自荐,550万,2室1厅 | 59.4平米 | 南 北 | 简装 | 低楼层(共4层) | 1997年建 | 板楼,http://image1.ljcdn.com/110000-inspection/pc1_QnG0btQ1A_1.jpg.296x216.jpg
20201223,静安,南京西路,房屋楼层佳，通风采光好，视野无遮挡。,570万,2室1厅 | 60平米 | 南 | 简装 | 中楼层(共16层) | 1985年建 | 塔楼,http://image1.ljcdn.com/110000-inspection/pc1_pKLmgWbZH_1.jpg.296x216.jpg
20201223,静安,南京西路,地段好+随时看房+业主诚意+地铁口小户型+闹中取静,481万,2室1厅 | 52.11平米 | 南 北 | 精装 | 低楼层(共4层) | 1928年建 | 板楼,http://image1.ljcdn.com/110000-inspection/pc1_aOBmlxPMy_1.jpg.296x216.jpg
20201223,静安,南京西路,恒隆广场南面一楼三开间朝南+对花园+闹中取静房主自荐,688万,2室2厅 | 65.55平米 | 南 | 精装 | 低楼层(共5层) | 1990年建 | 板楼,http://image1.ljcdn.com/110000-inspection/pc1_QTSRLtxOt_1.jpg.296x216.jpg
20201223,静安,南京西路,精装两房带天井+近地铁三条线+太古汇旁+安静采光好,545万,2室1厅 | 51.5平米 | 南 | 精装 | 低楼层(共4层) | 1997年建 | 板楼,http://image1.ljcdn.com/110000-inspection/pc1_hhC2pl45D_1.jpg.296x216.jpg
20201223,静安,南京西路,朝南采光好，繁华地段，交通便利，出租快房主自荐,350万,1室1厅 | 49.04平米 | 南 | 精装 | 中楼层(共29层) | 2004年建 | 塔楼,http://image1.ljcdn.com/110000-inspection/pc1_mBUNdcgL9_1.jpg.296x216.jpg
20201223,静安,南京西路,南京路2011年次新小区+看八千平人工湖+刷卡入户,1100万,2室2厅 | 100.69平米 | 南 | 精装 | 中楼层(共32层) | 2006年建 | 塔楼,http://image1.ljcdn.com/310000-inspection/prod-b71eee2d-cbca-4fc1-b9d8-a71e74393d8b.jpg.296x216.jpg
20201223,静安,南京西路,南京西路精选老公寓，精致装修拎包即住，诚意变现,580万,1室1厅 | 57.77平米 | 南 北 | 精装 | 高楼层(共6层) | 1926年建 | 板楼,http://image1.ljcdn.com/310000-inspection/test-6f7680da-9868-4919-8df9-16e2b831da04.png.296x216.jpg
20201223,静安,南京西路,艺术世家精品房源+满五年唯一+全明户型+看房提前预约,2110万,3室2厅 | 177.69平米 | 南 | 精装 | 低楼层(共32层) | 2004年建 | 板楼,http://image1.ljcdn.com/310000-inspection/pc1_9hiuzBjro_1.jpg.296x216.jpg
20201223,静安,南京西路,南京西路商圈 全明户型 总价低 业主诚售 外销品质房,730万,2室2厅 | 103.8平米 | 西 西北 | 简装 | 低楼层(共15层) | 1997年建 | 板楼,http://image1.ljcdn.com/310000-inspection/pc1_S7byNgFgc_1.jpg.296x216.jpg
20201223,静安,南京西路,中凯商品房高区+南京西路三轨相交+业主移民诚意出售房主自荐,760万,1室1厅 | 63.83平米 | 南 西南 | 精装 | 中楼层(共29层) | 2005年建 | 板塔结合,http://image1.ljcdn.com/310000-inspection/prod-09772028-950b-4f1c-836b-18a25acd39b3.jpg.296x216.jpg
20201223,静安,南京西路,高区  朝南 精装 全屋落地窗,560万,1室1厅 | 66.34平米 | 南 | 精装 | 高楼层(共29层) | 2004年建 | 塔楼,http://image1.ljcdn.com/310000-inspection/prod-e46fa958-9958-410c-ae23-1223e9108542.jpg.296x216.jpg
20201223,静安,南京西路,花园小区，小高层，1梯2户带电梯，满五唯一税费少,770万,1室1厅 | 66.49平米 | 南 | 简装 | 8层 | 2001年建 | 板楼,http://image1.ljcdn.com/310000-inspection/test-72d05f17-fb17-4712-b6b5-67b5c9069299.png.296x216.jpg
20201223,静安,南京西路,南京西路+精装修+带玻璃房+商圈环抱,620万,2室1厅 | 58.57平米 | 南 北 | 精装 | 高楼层(共4层) | 1997年建 | 板楼,http://image1.ljcdn.com/310000-inspection/pc1_mMoA0q794_1.jpg.296x216.jpg
20201223,静安,南京西路,两房朝南，近地铁，中楼层，低总价,558万,2室1厅 | 61.45平米 | 南 | 简装 | 中楼层(共7层) | 1987年建 | 板楼,http://image1.ljcdn.com/310000-inspection/pc1_jJHW1SlBC_1.jpg.296x216.jpg
20201223,静安,南京西路,高区一房 视野开阔   带精装修  诚意出售 随时看房房主自荐,920万,1室2厅 | 76.27平米 | 西南 | 精装 | 高楼层(共25层) | 2006年建 | 塔楼,http://image1.ljcdn.com/310000-inspection/prod-ac18edc4-f747-43da-87a2-247b2a5aa7fe.jpg.296x216.jpg
20201223,静安,南京西路,可以整栋  何必平层  南京路恒隆  只此一套房主自荐,960万,3室2厅 | 92.6平米 | 南 北 | 毛坯 | 低楼层(共3层) | 1930年建 | 板塔结合,http://image1.ljcdn.com/110000-inspection/pc1_czUcp8QYy_1.jpg.296x216.jpg
20201223,静安,南京西路,业主诚意出售，新装修，拎包即可入住房主自荐,350万,1室1厅 | 50.96平米 | 西北 | 精装 | 中楼层(共29层) | 2004年建 | 塔楼,http://image1.ljcdn.com/310000-inspection/prod-0d964755-53c1-45a5-9d0f-5a525b13175a.jpg.296x216.jpg
20201223,静安,南京西路,苏州河沿岸  诚意出售 南北通风  精致装修拎包入住,420万,1室1厅 | 49.81平米 | 南 | 简装 | 低楼层(共19层) | 1995年建 | 板楼,http://image1.ljcdn.com/310000-inspection/prod-befaf1dc-6929-4f8d-8164-93cf9f74d4f0.jpg.296x216.jpg
20201223,静安,南京西路,业主装修很棒，满五税少，看房方便业主诚意,880万,2室1厅 | 97.9平米 | 南 西南 | 精装 | 中楼层(共27层) | 2009年建 | 塔楼,http://image1.ljcdn.com/310000-inspection/pc1_JVQlnxO67_1.jpg.296x216.jpg
20201223,静安,南京西路,中凯城市南北通大一房，业主二手买进价高，下家税少。,999万,1室1厅 | 71.83平米 | 南 北 | 精装 | 中楼层(共26层) | 2004年建 | 板楼,http://image1.ljcdn.com/110000-inspection/pc1_XUyIvk3bM_1.jpg.296x216.jpg
20201223,静安,南京西路,此房为东南朝向，物业管理很棒，电梯刷卡入，总价低房主自荐,516万,1室1厅 | 65.82平米 | 东南 | 精装 | 中楼层(共27层)  | 塔楼,http://image1.ljcdn.com/310000-inspection/prod-b8ee04dc-8e96-4eb0-9507-4bfc65d9e3df.jpg.296x216.jpg
20201223,静安,南京西路,3轨交汇 近地铁 税少 高区朝南 房型方正  配套齐全,365万,1室1厅 | 53.02平米 | 南 | 精装 | 高楼层(共29层) | 2004年建 | 塔楼,http://image1.ljcdn.com/310000-inspection/pc1_lzh5eXq5s_1.jpg.296x216.jpg
20201223,静安,南京西路,朝南阳光好  房型好  满五年唯一 看房都方便房主自荐,345万,1室1厅 | 49.04平米 | 南 | 精装 | 中楼层(共29层) | 2004年建 | 塔楼,http://image1.ljcdn.com/310000-inspection/pc1_G0uPlfiPF_1.jpg.296x216.jpg
20201223,静安,南京西路,配套完善，繁华地段，交通便利，总价低,330万,1室1厅 | 49.04平米 | 西 | 简装 | 中楼层(共29层) | 2004年建 | 塔楼,http://image1.ljcdn.com/310000-inspection/pc1_batJTaLww_1.jpg.296x216.jpg
20201223,静安,南京西路,南京西路繁华地段，配套成熟，精装修一居室，总价低房主自荐,340万,1室1厅 | 50.96平米 | 西 | 简装 | 中楼层(共29层) | 2004年建 | 塔楼,http://image1.ljcdn.com/110000-inspection/pc1_XZxXqTGHD_1.jpg.296x216.jpg
20201223,静安,南京西路,小区单价lowest，刷卡到户。特殊户型四面环窗通透房主自荐,656万,1室2厅 | 97.9平米 | 东南 | 精装 | 中楼层(共27层)  | 塔楼,http://image1.ljcdn.com/310000-inspection/pc1_j9Srentr4_1.jpg.296x216.jpg
20201223,静安,南京西路,住宅产权，不动产证，户型方正没斜角，有钥匙！房主自荐,335万,1室1厅 | 53.02平米 | 北 | 简装 | 高楼层(共29层) | 2004年建 | 塔楼,http://image1.ljcdn.com/310000-inspection/pc1_q0H4ecDUm_1.jpg.296x216.jpg
20201223,静安,南京西路,精装修 拎包入住状态  满两年 无增值税,420万,1室1厅 | 40.75平米 | 南 北 | 精装 | 高楼层(共4层) | 1975年建 | 板楼,http://image1.ljcdn.com/310000-inspection/pc1_8psnNTk2k_1.jpg.296x216.jpg
20201223,静安,南京西路,近南京西路配套齐全 业主诚意出售可谈 看房随时,838万,2室2厅 | 101.93平米 | 东南 西 西北 | 精装 | 低楼层(共24层) | 2000年建 | 塔楼,http://image1.ljcdn.com/310000-inspection/pc1_MoV28IUQf_1.jpg.296x216.jpg
20201223,静安,南京西路,南京西路诚意出售小户型，房源不多房主自荐,455万,1室1厅 | 41.67平米 | 南 | 其他 | 高楼层(共6层) | 1983年建 | 板楼,http://image1.ljcdn.com/110000-inspection/pc1_WW37PuE7T_1.jpg.296x216.jpg
20201223,静安,南京西路,南京西路板块次新小区，总价低环境好。业主诚意出售,490万,1室1厅 | 51.85平米 | 西南 | 精装 | 中楼层(共27层)  | 塔楼,http://image1.ljcdn.com/110000-inspection/pc1_TjQgANQ31_1.jpg.296x216.jpg
20201223,静安,南京西路,3轨交汇，税少，单价低总价低，高区，看房方便,310万,1室1厅 | 49.11平米 | 西北 | 精装 | 高楼层(共29层) | 2004年建 | 塔楼,http://image1.ljcdn.com/110000-inspection/pc1_d2WYADyaJ_1.jpg.296x216.jpg
20201223,静安,南京西路,南京西路上，地铁口，成本少，老公寓保护建筑。,410万,1室0厅 | 40.84平米 | 北 | 简装 | 低楼层(共7层) | 1932年建 | 板楼,http://image1.ljcdn.com/110000-inspection/pc1_AVStO9pZi_1.jpg.296x216.jpg
20201223,静安,南京西路,高区    精装    全屋   落地窗,550万,1室1厅 | 66平米 | 南 | 简装 | 高楼层(共29层) | 2004年建 | 塔楼,http://image1.ljcdn.com/110000-inspection/pc1_a8UQzl7qP_1.jpg.296x216.jpg
20201223,静安,南京西路,视野开阔，采光充足，业主诚意出售，看房方便,360万,1室1厅 | 36.9平米 | 南 | 精装 | 高楼层(共6层) | 1986年建 | 板楼,http://image1.ljcdn.com/110000-inspection/pc1_RaJvoQYcS_1.jpg.296x216.jpg
20201223,静安,南京西路,高区视野正看小区绿化，南北通透，产权清晰 全明房主自荐,2350万,3室2厅 | 177.69平米 | 南 北 | 其他 | 中楼层(共32层) | 2004年建 | 板楼,http://image1.ljcdn.com/110000-inspection/pc1_5B5IL0brh_1.jpg.296x216.jpg
20201223,静安,南京西路,咫尺南京路，雕塑公园里，高层顶复带露台，有钥匙！,3078万,6室1厅 | 293.35平米 | 南 | 毛坯 | 高楼层(共18层) | 2004年建 | 板楼,http://image1.ljcdn.com/310000-inspection/prod-a03a3db2-2e21-413a-84cb-662e7413938a.jpg.296x216.jpg
20201223,静安,南京西路,地段好+电梯房+卖点足+坐拥百年南京路商圈+总价低,570万,2室0厅 | 68.8平米 | 东 | 精装 | 中楼层(共25层) | 1990年建 | 塔楼,http://image1.ljcdn.com/110000-inspection/pc1_qq87OrRkF_1.jpg.296x216.jpg
20201223,静安,南京西路,南京西路 全明 全南 壹房   满五  花园小区,980万,1室2厅 | 79.65平米 | 南 | 简装 | 中楼层(共23层) | 2005年建 | 板楼,http://image1.ljcdn.com/110000-inspection/pc1_mQlQabFde_1.jpg.296x216.jpg
20201223,静安,南京西路,泰兴路355弄,采光好，交通便利，视野开阔，,605万,2室0厅 | 55.35平米 | 南 北 | 精装 | 中楼层(共5层) | 2000年建 | 板楼,http://image1.ljcdn.com/310000-inspection/prod-5db37f59-a8d2-4eac-b0a6-c1d5c3c44a68.jpg.296x216.jpg
20201223,静安,南京西路,《四季高区一房》《景观好》《满五唯一》《诚意出售》,1010万,1室2厅 | 76.8平米 | 南 | 精装 | 中楼层(共37层) | 2007年建 | 板楼,http://image1.ljcdn.com/310000-inspection/test-392134c0-c266-4cb8-9de2-099e23ee4025.png.296x216.jpg
20201223,静安,南京西路,售后公房，满五年唯一，无个税，提升潜力大。,370万,1室1厅 | 32.74平米 | 南 | 简装 | 低楼层(共7层) | 1996年建 | 板楼,http://image1.ljcdn.com/310000-inspection/pc1_8nA3KYfAG_1.jpg.296x216.jpg
20201223,静安,南京西路,小户型住房，总价低，小区人车分流，交通便利,325万,1室1厅 | 40.46平米 | 南 | 精装 | 低楼层(共27层) | 2000年建 | 塔楼,http://image1.ljcdn.com/310000-inspection/pc1_ZJZo0AgxD_1.jpg.296x216.jpg
20201223,静安,南京西路,南京西路板块，普通住宅，税费低，总价低，宜居！房主自荐,216万,1室0厅 | 18.6平米 | 北 | 简装 | 低楼层(共3层)  | 板楼,http://image1.ljcdn.com/310000-inspection/test-7da9a9bc-c462-48c2-befe-589ed0ab1c37.png.296x216.jpg
20201223,静安,南京西路,（中间湖景位置+高区南北通双阳台+满5年+价格可谈）,2600万,4室2厅 | 201.29平米 | 南 | 精装 | 高楼层(共29层) | 2004年建 | 板楼,http://image1.ljcdn.com/310000-inspection/prod-902a317d-e128-4d99-be7f-00ab742d55f5.png.296x216.jpg
20201223,静安,南京西路,小区单价低，静安南京西路，满五唯一中区电梯两房房主自荐,596万,2室1厅 | 68.78平米 | 南 | 简装 | 中楼层(共16层) | 1985年建 | 塔楼,http://image1.ljcdn.com/110000-inspection/pc1_4Kkx8iDYi_1.jpg.296x216.jpg
20201223,静安,南京西路,3年出一套中凯精致一室户，南北通大1房，诚售,760万,1室1厅 | 67.55平米 | 南 北 | 精装 | 低楼层(共29层) | 2005年建 | 板塔结合,http://image1.ljcdn.com/310000-inspection/prod-f9934365-ed33-41d3-a172-a6aaf75da66c.jpg.296x216.jpg
20201223,静安,南京西路,百年南京路 上海市优秀历史建筑 明亮宽敞 温馨一室房主自荐,710万,1室1厅 | 67.18平米 | 东 | 精装 | 中楼层(共8层) | 1924年建 | 塔楼,http://image1.ljcdn.com/310000-inspection/prod-49350e4b-0052-43ce-a197-0be0bb23ff85.jpg.296x216.jpg
20201223,静安,南京西路,此房楼层好，采光视野好，满五唯一税费少，诚意出售,1050万,1室2厅 | 76.82平米 | 南 | 简装 | 中楼层(共37层) | 2007年建 | 板楼,http://image1.ljcdn.com/310000-inspection/prod-be0a15e6-5ff4-45a1-84b1-c085703f6ae9.jpg.296x216.jpg
20201223,静安,南京西路,此房满五年，全明户型，采光视野无遮挡，配套成熟房主自荐,1400万,4室2厅 | 159平米 | 南 北 | 精装 | 高楼层(共27层) | 1998年建 | 塔楼,http://image1.ljcdn.com/310000-inspection/pc1_rtXjkFlli.jpg.296x216.jpg
20201223,静安,南京西路,一室一厅，带阳台，户型全明，楼层好，随时可看,355万,1室1厅 | 41.1平米 | 南 | 精装 | 高楼层(共7层) | 1991年建 | 板楼,http://image1.ljcdn.com/310000-inspection/test-d98ff5f6-5d52-4c34-a9ac-da7edb849474.png.296x216.jpg
20201223,静安,南京西路,次顶层+前后民国200年+南看海派石库门+北享繁华南京街,1980万,3室2厅 | 155.43平米 | 南 | 精装 | 高楼层(共37层) | 2007年建 | 板楼,http://image1.ljcdn.com/310000-inspection/pc1_Tu8EiM65V_1.jpg.296x216.jpg
20201223,静安,南京西路,南京西路优秀历史保护建筑整幢里弄四面凌空带露台房主自荐,500万,1室2厅 | 22.7平米 | 南 | 精装 | 低楼层(共3层) | 1942年建 | 板楼,http://image1.ljcdn.com/110000-inspection/pc1_rrsarxGVJ_1.jpg.296x216.jpg
20201223,静安,南京西路,此房满五，楼层好，电梯房，配套齐全。交通便利房主自荐,590万,2室1厅 | 55.75平米 | 南 | 精装 | 中楼层(共8层) | 1979年建 | 板楼,http://image1.ljcdn.com/110000-inspection/pc1_hj8qK6NhG_1.jpg.296x216.jpg
20201223,静安,南京西路,配套设施齐全  全明户型  税费少 交通医疗配套完善,965万,3室1厅 | 133.21平米 | 北 | 简装 | 低楼层(共23层) | 1996年建 | 塔楼,http://image1.ljcdn.com/310000-inspection/test-fcd09988-8f5e-4e05-a2f9-5c27604ffffa.png.296x216.jpg
20201223,静安,南京西路,本房源自带花园约40平米，全南2房，有车位！房主自荐,1345万,2室2厅 | 108.49平米 | 南 | 精装 | 22层 | 2007年建 | 板楼,http://image1.ljcdn.com/110000-inspection/pc1_s5zTAuItF_1.jpg.296x216.jpg
20201223,静安,南京西路,南京西路天际大平层，三梯一户，大堂24H安保服务,4600万,6室3厅 | 378.87平米 | 南 | 精装 | 高楼层(共20层) | 2005年建 | 板楼,http://image1.ljcdn.com/110000-inspection/pc1_pNjyyDPOH_1.jpg.296x216.jpg
20201223,静安,南京西路,南京西路地段 配套齐全，二次装修北欧简约风出行方便,700万,1室1厅 | 65.81平米 | 南 | 其他 | 中楼层(共5层) | 1931年建 | 板楼,http://image1.ljcdn.com/310000-inspection/pc1_fDIFJmQTV_1.jpg.296x216.jpg
20201223,静安,南京西路,近地铁公园，地段好，位置好，交通方便，配套好,595万,2室1厅 | 63.99平米 | 南 北 | 精装 | 高楼层(共6层) | 1988年建 | 板楼,http://image1.ljcdn.com/310000-inspection/test-1f4242be-c44a-4943-8d48-f271ac5b127a.png.296x216.jpg
20201223,静安,南京西路,设计师精装修，全屋地暖，拍摄过《不负时光》房主自荐,2480万,4室2厅 | 203.81平米 | 南 | 精装 | 高楼层(共7层) | 1924年建 | 板楼,http://image1.ljcdn.com/shfdfs-image/20171217/6bd73b45-00a0-4c70-be45-80298883a251.jpg.296x216.jpg
20201223,静安,南京西路,南京西路板块，南北四房，全明户型，近地铁公园，诚售,1495万,4室2厅 | 159.87平米 | 南 | 精装 | 8层 | 2001年建 | 板楼,http://image1.ljcdn.com/shfdfs-image/20170504/ebc4cfea-2e64-4005-8dbf-e1dfb6a0e705.jpg.296x216.jpg
20201223,静安,南京西路,南京西路2/12/13号线100米！业主诚意出售！,750万,2室1厅 | 69.84平米 | 南 | 精装 | 低楼层(共5层) | 1928年建 | 板楼,http://image1.ljcdn.com/shfdfs-image/20170226/3afe8d2f-97be-48c9-93c8-0388ed1d3a78.jpg.296x216.jpg
20201223,静安,南京西路,国际丽都城朝南大四房+精装+带车位+产权清晰+诚意出售,2700万,4室2厅 | 202.14平米 | 南 北 | 精装 | 中楼层(共18层) | 2004年建 | 板楼,http://image1.ljcdn.com/310000-inspection/rsp_pic_uploadafd0b9bf-0541-45e0-bbb5-2fdef51ded56.jpg.296x216.jpg
20201223,静安,南京西路,中凯高区两房，厨卫全明，业主诚意房主自荐,828万,2室2厅 | 80.57平米 | 东南 | 精装 | 中楼层(共34层) | 2003年建 | 塔楼,http://image1.ljcdn.com/310000-inspection/6bf20fd1-885d-40f7-bfbd-121c84680b97.jpg.296x216.jpg
20201223,静安,南京西路,满五不唯一 新设计装修 客厅敞亮 南北通 三面视野采光,1750万,4室2厅 | 222.02平米 | 东南 | 精装 | 中楼层(共24层) | 1996年建 | 板塔结合,http://image1.ljcdn.com/shfdfs-image/20160615/2a554e28-825a-4f8c-8350-d1a5720126c8.jpg.296x216.jpg
20201223,静安,南京西路,艾格美高区朝南，精装随时入住，买进成本高税费少房主自荐,655万,1室1厅 | 67.57平米 | 南 | 精装 | 高楼层(共32层) | 2006年建 | 塔楼,http://image1.ljcdn.com/shfdfs-image/20160505/2413ac43-02cd-4355-afca-63a2c9a1086f.jpg.296x216.jpg
20201223,静安,南京西路,南京西路板块，户型正气大一房，70年住宅产权,590万,1室2厅 | 76.3平米 | 西南 | 精装 | 中楼层(共27层)  | 塔楼,http://image1.ljcdn.com/310000-inspection/da11c15f-503c-458c-9443-2176b7d5a367.jpg.296x216.jpg
20201223,静安,南京西路,70年住宅产权+民用水电煤+刷卡到户+跟我约，看房随时,1020万,2室1厅 | 100.69平米 | 南 | 精装 | 中楼层(共32层) | 2006年建 | 塔楼,http://image1.ljcdn.com/310000-inspection/234ddf3a-567b-4e9c-a3c6-c8225eaf5eba.jpg.296x216.jpg
20201223,静安,南京西路,满五唯一无个税+三条轨交汇+南京西路板块+太古汇相对,1175万,2室2厅 | 102.56平米 | 南 | 精装 | 中楼层(共8层) | 1999年建 | 板楼,http://image1.ljcdn.com/shfdfs-image/20161031/7aca08cf-ef94-49dd-9e4c-544f73c00ccb.jpg.296x216.jpg
20201223,静安,南京西路,诚意出售+带固定租约+拎包入住+南京西路商圈,950万,2室2厅 | 100.69平米 | 南 | 精装 | 低楼层(共32层) | 2006年建 | 塔楼,http://image1.ljcdn.com/shfdfs-image/20160416/d544a667-6deb-48d5-a2c6-cc1dae38e3ae.jpg.296x216.jpg
20201223,静安,南京西路,带露台产权房 历史保护建筑 业主出国诚意出售,1450万,3室3厅 | 130平米 | 南 | 精装 | 低楼层(共3层) | 1937年建 | 板楼,http://image1.ljcdn.com/310000-inspection/a0f3b6e1-5843-4203-a1f3-4386a790cce7.jpg.296x216.jpg
20201223,静安,南京西路,中凯湖旁底楼带花园，复式南北通有车位，有两层地下室房主自荐,2849万,5室2厅 | 318.27平米 | 南 北 | 精装 | 低楼层(共30层) | 2004年建 | 板楼,http://image1.ljcdn.com/310000-inspection/d17d9250-47ed-4def-9182-bf5cbf35bfa0.jpg.296x216.jpg
20201223,静安,南京西路,上海业主，产权清晰，叁房正气+保姆房+车位，透明交易,2280万,3室2厅 | 175.45平米 | 南 北 | 精装 | 中楼层(共18层) | 2004年建 | 板楼,http://image1.ljcdn.com/310000-inspection/c9cfd043-65a0-4789-863e-7d36046467ce.jpg.296x216.jpg
20201223,静安,南京西路,南京西路配套，总价低，位置好，70年产权，易出租,350万,1室1厅 | 51.05平米 | 西北 | 精装 | 中楼层(共29层) | 2004年建 | 塔楼,http://image1.ljcdn.com/shfdfs-image/20171230/a152f64d-4198-4730-b20f-3fce7e39c631.jpg.296x216.jpg
20201223,静安,南京西路,御品大厦，大4房，满五年不唯一，南北通4房，有车位房主自荐,5600万,4室2厅 | 478.93平米 | 南 | 精装 | 中楼层(共25层)  | 板楼,http://image1.ljcdn.com/shfdfs-image/20161024/fa09e680-8960-4488-9159-8631e1b2ffa8.jpg.296x216.jpg
20201223,静安,南京西路,70年住宅产权+民用水电煤+刷卡到户+跟我约，看房随时房主自荐,1350万,2室2厅 | 139.53平米 | 南 | 精装 | 高楼层(共33层) | 2006年建 | 塔楼,http://image1.ljcdn.com/shfdfs-image/20180103/3e0f9cdf-c566-438a-934c-f9ec9a5d74c6.jpg.296x216.jpg
20201223,静安,南京西路,南京西路板块  正气大2房 精装修 采光充足房主自荐,765万,2室2厅 | 99.68平米 | 南 | 精装 | 低楼层(共33层) | 1993年建 | 塔楼,http://image1.ljcdn.com/shfdfs-image/20160723/c7b4b89c-6417-48b4-bada-2f79e2477f9e.jpg.296x216.jpg
20201223,静安,南京西路,单价低  诚意出售   近南京西路繁华商圈  看房方便,900万,3室2厅 | 150.37平米 | 东南 | 简装 | 31层  | 板塔结合,http://image1.ljcdn.com/shfdfs-image/20160324/2892ce1d-b423-48de-944d-872637bcca85.jpg.296x216.jpg
20201223,静安,南京西路,享南京西路繁华，住宅产权房，业主诚意出售，税费各付,2100万,2室2厅 | 190.34平米 | 东 西 | 精装 | 低楼层(共3层) | 1995年建 | 板塔结合,http://image1.ljcdn.com/310000-inspection/0118cfa5-de9b-4e38-ab04-dcd1edb54c39.jpg.296x216.jpg
20201223,静安,南京西路,南京西路新式里弄 单价低 满五唯一税费少房主自荐,1136万,4室2厅 | 128.52平米 | 南 | 简装 | 中楼层(共4层)  | 板楼,http://image1.ljcdn.com/310000-inspection/0cef2af9-1dda-4a11-b53e-d401f70b30d5.jpg.296x216.jpg
20201223,静安,南京西路,商品房 业主诚意 方便看房 保护建筑,500万,2室0厅 | 45.9平米 | 南 | 简装 | 低楼层(共3层)  | 板楼,http://image1.ljcdn.com/310000-inspection/abf68798-66a1-471a-8352-2ebc1ebdae0a.jpg.296x216.jpg
20201223,静安,南京西路,产权房，交通便利，静安寺板块，看房提前预约！房主自荐,400万,2室1厅 | 37.38平米 | 东南 | 简装 | 低楼层(共3层) | 1937年建 | 板楼,http://image1.ljcdn.com/110000-inspection/9de952d85ef3ea38d646dfe77b0c918e-032.jpg.296x216.jpg
20201223,静安,南京西路,产权房+地理位置好+出行方便+稀有复式,720万,2室1厅 | 61.02平米 | 南 | 简装 | 低楼层(共4层) | 2000年建 | 板楼,http://image1.ljcdn.com/x-se/hdic-frame/141ae278-4a73-4c67-a311-9b266cf90c3a.png.296x216.jpg
20201223,静安,南京西路,2015年开盘次新房，精品一室户，有地暖拎包入住新上,905万,1室1厅 | 78.76平米 | 南 | 精装 | 中楼层(共8层) | 2011年建 | 板楼,http://image1.ljcdn.com/x-se/hdic-frame/standard_433f23f1-c307-4963-8d26-fc88f62e33c4.png.296x216.jpg
20201223,静安,南京西路,商品房 业主诚意 方便看房 保护建筑,500万,2室0厅 | 41.5平米 | 南 | 简装 | 低楼层(共3层)  | 板楼,
20201223,静安,南京西路,花园洋房+税费各付+两房朝南+跟我约，看房随时房主自荐,1250万,3室2厅 | 116.77平米 | 南 | 简装 | 中楼层(共4层) | 1936年建 | 板楼,http://image1.ljcdn.com/310000-inspection/3c91ac30-69e5-4e1e-b8b1-e5ddf35d41ae.jpg.296x216.jpg
20201223,静安,南京西路,南汇路整幢别墅，占地180O，南花园60O，12m的大开间房主自荐,5900万,6室2厅 | 339.7平米 | 南 | 精装 | 低楼层(共3层) | 1940年建 | 平房,http://image1.ljcdn.com/110000-inspection/41137f12bcb100bc19672c1005bf04fb-054.jpg.296x216.jpg
20201223,静安,南京西路,南京西路核 心地段 太古汇一 墙 之 隔高区景观房,1960万,3室2厅 | 177.11平米 | 东南 | 精装 | 高楼层(共28层) | 2002年建 | 板塔结合,http://image1.ljcdn.com/310000-inspection/c6a41a06-473a-44fe-a4cc-b1347279ba2a.jpg.296x216.jpg
20201223,静安,南京西路,南京西路板块大四房，总价低，位置便利。,1410万,4室2厅 | 153平米 | 南 | 精装 | 低楼层(共7层) | 1993年建 | 板楼,http://image1.ljcdn.com/110000-inspection/94abd62a2b6a21d6d7a49243045d86c3-091.jpg.296x216.jpg
20201223,静安,南京西路,康有为故居整栋新里，满五唯一，不沿街，可停车,2330万,5室2厅 | 177.4平米 | 南 | 简装 | 低楼层(共3层) | 1936年建 | 板楼,http://image1.ljcdn.com/110000-inspection/4fada87cf2c7666d9addfae8b8bee362-095.jpg.296x216.jpg
20201223,静安,南京西路,独栋老羊房    四面临空    两开间,6200万,5室2厅 | 386.6平米 | 南 | 毛坯 | 低楼层(共1层) | 1924年建 | 板楼,http://image1.ljcdn.com/110000-inspection/3c550bbf93b1dd39fdfa01e05b1d556a-013.jpg.296x216.jpg
20201223,静安,南京西路,南京路，近恒隆广场+附带天井+看房方便+诚售,468万,1室1厅 | 47平米 | 南 | 简装 | 低楼层(共7层) | 1997年建 | 板塔结合,http://image1.ljcdn.com/shfdfs-image/20170720/5d2f37bf-a889-41ec-8139-da9ce9aa20ba.jpg.296x216.jpg
20201223,静安,南京西路,中凯靠湖大复式，上下两层，带车位，产权清晰，方便看,3899万,4室3厅 | 308.58平米 | 南 | 精装 | 低楼层(共28层)  | 板楼,http://image1.ljcdn.com/110000-inspection/8e55776b0855db827b7efd6c0c344d46-097.jpg.296x216.jpg
20201223,静安,南京西路,09年品质小区，满五唯一税费低，配套设施齐全房主自荐,380万,1室0厅 | 43.24平米 | 南 | 精装 | 低楼层(共27层) | 2009年建 | 塔楼,http://image1.ljcdn.com/110000-inspection/0921b9fd-a74a-4f22-bcf5-bfbc37800b1e.jpeg.296x216.jpg
20201223,静安,南京西路,咫尺南京路，静安花园里，赏小区花园，满五唯一,3300万,4室2厅 | 255.02平米 | 南 北 | 精装 | 中楼层(共7层) | 2006年建 | 板楼,http://image1.ljcdn.com/310000-inspection/4f94be47-7875-432f-a276-2cd41bfa08f9.jpg.296x216.jpg
20201223,静安,南京西路,婚房装修，满五唯一，文化建筑，厨卫独用，南京西路,1230万,3室1厅 | 91.34平米 | 南 | 精装 | 低楼层(共3层) | 1990年建 | 暂无数据,http://image1.ljcdn.com/310000-inspection/247470b7-26e8-4575-ab79-2e98be6ced33.jpg.296x216.jpg
20201223,静安,南京西路,醉！！性价 比三房，降100万急卖，带小花园方便看房,2134万,3室2厅 | 177.69平米 | 南 | 精装 | 低楼层(共32层) | 2004年建 | 板楼,http://image1.ljcdn.com/x-se/hdic-frame/2730a888-2ff1-4911-bc57-c548201e8fb0.png.296x216.jpg
20201223,静安,南京西路,丽都新贵 2室1厅 南,420万,2室1厅 | 87.98平米 | 南 | 精装 | 低楼层(共32层) | 2005年建 | 塔楼,http://image1.ljcdn.com/x-se/hdic-frame/482215e8-3268-4c0a-8349-3dae939bbeda.png.296x216.jpg
20201223,静安,南京西路,老静安宋庆龄故居旁，沿街整栋新里，3面临空，带车位,1999万,5室2厅 | 152.6平米 | 南 北 | 简装 | 低楼层(共1层) | 1943年建 | 平房,
20201223,静安,南京西路,嘉发大厦 2室2厅 东南,480万,2室2厅 | 86.61平米 | 东南 | 简装 | 中楼层(共33层) | 1998年建 | 塔楼,
20201223,静安,南京西路,艾格美国际公寓 1室1厅 南,757万,1室1厅 | 67.45平米 | 南 | 精装 | 中楼层(共32层) | 2006年建 | 塔楼,http://image1.ljcdn.com/x-se/hdic-frame/081444c4-e1b6-4bbe-a93f-1fbfbde6260e.png.296x216.jpg
20201223,静安,南京西路,静安四季苑 2室2厅 南,1700万,2室2厅 | 127.17平米 | 南 | 精装 | 中楼层(共37层) | 2007年建 | 板楼,http://image1.ljcdn.com/x-se/shfdfs-image/20141224/bb7653a6-2dd5-46bd-9349-d9e3237e90a5.jpg.296x216.jpg
20201223,静安,南京西路,茂名北路93号 2室1厅 南,550万,2室1厅 | 32.63平米 | 南 | 精装 | 低楼层(共2层)  | 平房,
20201223,静安,南京西路,南京西路板块，精装修，通煤气，业主诚意出售,494万,1室1厅 | 99.94平米 | 东南 | 精装 | 低楼层(共32层) | 2005年建 | 塔楼,http://image1.ljcdn.com/x-se/hdic-frame/eee73807-fbc2-4d38-a766-572929ac178d.png.296x216.jpg
20201223,静安,南京西路,南京西路板块儿 酒店式公寓 总价低 一房 诚意出售,310万,1室1厅 | 69.36平米 | 北 | 简装 | 中楼层(共32层) | 2005年建 | 塔楼,
20201223,静安,南京西路,南京西路板块儿 酒店式公寓 总价低 一房 诚意出售,315万,1室1厅 | 71.74平米 | 北 | 简装 | 中楼层(共32层) | 2005年建 | 塔楼,
20201223,静安,南京西路,云海苑的车位一个，欢迎来看，价格可谈新上,85万,1室0厅 | 34.25平米 | 南 | 其他 | 地下室(共0层)  | 暂无数据,
20201223,静安,南京西路,满五唯一+两南一北全明户型+采光充足新上,1600万,3室2厅 | 155.61平米 | 南 | 简装 | 22层 | 2001年建 | 塔楼,http://image1.ljcdn.com/x-se/hdic-frame/test-9bfd0b41-d49b-489a-8b31-d8ff75d2a554.png.296x216.jpg
20201223,静安,南京西路,南京西路地段+总价低+近雕塑公园+户型好,707万,3室1厅 | 136.97平米 | 东 南 | 简装 | 中楼层(共33层) | 2000年建 | 塔楼,
20201223,静安,南京西路,近南京西路，带产权车位出售，多重用途，多样选择,450万,4室1厅 | 90平米 | 南 | 简装 | 中楼层(共32层) | 2005年建 | 塔楼,http://image1.ljcdn.com/x-se/hdic-frame/prod-cb2d24e1-3fa2-4482-b68c-dca0533f1e26.png.296x216.jpg
20201223,静安,南京西路,高区朝南一室户，采光通风好！南京路恒隆旁边！满五年,400万,1室1厅 | 41.9平米 | 南 | 精装 | 高楼层(共25层) | 1990年建 | 塔楼,http://image1.ljcdn.com/x-se/hdic-frame/a9952121-b842-4634-b654-c46697c4f06d.png.296x216.jpg
20201223,静安,南京西路,离静安寺嘉里直线400米 属于又一村居委 急售价格好谈,560万,2室1厅 | 60.62平米 | 南 | 精装 | 低楼层(共4层) | 1998年建 | 板楼,http://image1.ljcdn.com/310000-inspection/prod-66a10ec6-3ae6-4b72-825b-4bc978a22cdd.jpg.296x216.jpg
20201223,静安,南京西路,老静安高品质小区，单价低，全明户型，必看,1130万,3室2厅 | 141.65平米 | 南 | 精装 | 低楼层(共24层) | 1996年建 | 板塔结合,
20201223,静安,南京西路,老静安09年小区 70年产权房 民水民电东西北三面采光,768万,1室2厅 | 97.33平米 | 南 | 精装 | 中楼层(共27层)  | 板塔结合,http://image1.ljcdn.com/x-se/310000-frame/c1e0beac-a052-4e57-bf97-2f9fd4e049b2.png.296x216.jpg
20201223,静安,南京西路,南京西路近3条地铁+1梯1户+复古装修+兴业太古汇,850万,1室2厅 | 88.99平米 | 南 | 精装 | 高楼层(共4层) | 1997年建 | 板楼,
20201223,静安,南京西路,优秀建筑、南京西路上电梯房、上海评弹团房主自荐,476万,1室1厅 | 32.32平米 | 北 | 简装 | 中楼层(共8层) | 1979年建 | 板楼,http://image1.ljcdn.com/x-se/hdic-frame/test-3c2859ee-a369-4369-baab-034dd18cec07.png.296x216.jpg
20201223,静安,南京西路,中凯三期全南复式，精装修满五年，用钱诚售随时签约,1350万,2室2厅 | 112.83平米 | 南 | 其他 | 中楼层(共18层)  | 板楼,http://image1.ljcdn.com/x-se/hdic-frame/36c68cf3-1fdc-4bc9-8b59-7b314d88b3aa.png.296x216.jpg
20201223,静安,南京西路,地处南京西路板块，电梯房，精装修，户型少见，税少,998万,3室2厅 | 139.99平米 | 南 | 简装 | 低楼层(共33层) | 1998年建 | 塔楼,http://image1.ljcdn.com/x-se/hdic-frame/f45de58e-e659-4c35-a6c2-4229631dfbc0.png.296x216.jpg
20201223,静安,南京西路,四季中高区一房，新装修，近历史保护建筑”张园“,1050万,1室1厅 | 76.82平米 | 南 | 精装 | 中楼层(共37层) | 2007年建 | 板楼,http://image1.ljcdn.com/x-se/310000-frame/0ea28269-88eb-405a-a5f9-254c907d125d.jpg.296x216.jpg
20201223,静安,南京西路,老静安2009年次新房！户型正气！总价低,650万,1室1厅 | 78.6平米 | 西南 | 其他 | 低楼层(共27层)  | 塔楼,http://image1.ljcdn.com/x-se/hdic-frame/7a9cbbb6-6ff1-4d75-879e-6bd7fb7ae61b.png.296x216.jpg
20201223,静安,南京西路,京西大楼 2室0厅 北新上,660万,2室0厅 | 64.82平米 | 北 | 简装 | 高楼层(共16层) | 1983年建 | 板塔结合,http://image1.ljcdn.com/x-se/hdic-frame/56b3547d-6f68-4c0d-b60f-4c7284feff06.png.296x216.jpg
20201223,静安,南京西路,房户型方正+南京西路商圈+楼层好+采光充足+闹中取静,410万,1室0厅 | 30.8平米 | 南 | 精装 | 中楼层(共4层) | 1936年建 | 板楼,http://image1.ljcdn.com/110000-inspection/17fb8643f72e78ccca5638c5b632244e-072.jpg.296x216.jpg
20201223,静安,南京西路,静安紫苑 1室1厅 南,410万,1室1厅 | 51.85平米 | 南 | 其他 | 高楼层(共27层)  | 塔楼,http://image1.ljcdn.com/x-se/hdic-frame/standard_21fa13fe-f730-4a2b-b7bb-3627bcfed897.png.296x216.jpg
20201223,静安,南京西路,采光好 拎包入住 出门即是地铁,560万,1室1厅 | 48.43平米 | 南 | 精装 | 中楼层(共4层) | 1997年建 | 板楼,http://image1.ljcdn.com/x-se/310000-frame/f6edc909-b314-40e6-a7f6-7f7b8f8a6a86.PNG.296x216.jpg
20201223,静安,南京西路,满二，交通便利，配套齐全，采光好。,340万,1室1厅 | 48.3平米 | 西 | 精装 | 中楼层(共29层) | 2004年建 | 塔楼,http://image1.ljcdn.com/x-se/hdic-frame/74bd930e-077f-47ec-b15c-278c7dc7db64.png.296x216.jpg
20201223,静安,南京西路,南京西路地铁口，通煤气，装修简洁明亮，不容错过,345万,1室1厅 | 68.89平米 | 北 | 精装 | 低楼层(共32层) | 2005年建 | 塔楼,
20201223,静安,南京西路,老静安，南京西路，地铁口，好物业，通燃气，民用水电房主自荐,745万,2室2厅 | 127.23平米 | 西 西北 | 其他 | 高楼层(共32层) | 2005年建 | 塔楼,
20201223,静安,南京西路,总价低，苏州河景观，看那房子便利，诚意出售,700万,4室2厅 | 204.48平米 | 西北 | 简装 | 高楼层(共31层) | 1996年建 | 塔楼,
20201223,静安,南京西路,各付+随便买+育才旁+近2号线+看房有钥匙,415万,1室1厅 | 87.98平米 | 南 | 简装 | 低楼层(共32层) | 2005年建 | 塔楼,
20201223,静安,南京西路,南京西路板块精品房，精装修，通煤气，业主诚意出售,450万,1室1厅 | 82.84平米 | 西北 | 简装 | 中楼层(共32层) | 2005年建 | 塔楼,
20201223,静安,南京西路,振安广场 3室2厅 南,640万,3室2厅 | 183.23平米 | 南 | 简装 | 中楼层(共31层) | 1996年建 | 塔楼,
20201223,静安,南京西路,嘉发大厦 3室1厅 南,600万,3室1厅 | 136.93平米 | 南 | 简装 | 低楼层(共33层) | 2000年建 | 塔楼,
20201223,静安,南京西路,总价低，普通水电，位置好，车位充足,470万,2室2厅 | 99.94平米 | 南 | 简装 | 低楼层(共32层) | 2005年建 | 塔楼,http://image1.ljcdn.com/x-se/hdic-frame/dcfc11b7-d671-4743-b5d5-0f70725b1139.png.296x216.jpg
20201223,静安,南京西路,近威海路太古汇小户型+总价低+三条地铁线+产权房,410万,2室1厅 | 40.4平米 | 南 | 简装 | 高楼层(共6层) | 1978年建 | 板楼,http://image1.ljcdn.com/x-se/hdic-frame/9698339f-a6f7-4eff-923f-d2c678b83d1b.png.296x216.jpg
20201223,静安,南京西路,南京西路板块，房东诚售，可直接用做经营,850万,3室2厅 | 183平米 | 东南 | 精装 | 高楼层(共32层) | 2005年建 | 塔楼,
20201223,静安,南京西路,挑空客厅+中凯临湖大复式+高区景观好,4000万,5室2厅 | 326.26平米 | 东 南 北 | 精装 | 高楼层(共28层) | 2005年建 | 板楼,http://image1.ljcdn.com/x-se/310000-frame/3ed7d595-401f-4b7b-98a2-55f564960072.png.296x216.jpg
20201223,静安,南京西路,高区  河景房 景观视野好 满五年唯一税费少,1500万,3室2厅 | 135.06平米 | 南 北 | 精装 | 高楼层(共24层) | 2003年建 | 板楼,http://image1.ljcdn.com/x-se/hdic-frame/84f9927c-1576-49c8-be04-db77ed597439.png.296x216.jpg
20201223,静安,南京西路,2009年此次新小区，70年住宅产权，眺望梅隆泰！,580万,1室1厅 | 76.48平米 | 东南 | 精装 | 中楼层(共27层)  | 塔楼,http://image1.ljcdn.com/x-se/hdic-frame/7a9cbbb6-6ff1-4d75-879e-6bd7fb7ae61b.png.296x216.jpg
20201223,静安,南京西路,丽都新贵 1室1厅 南,515万,1室1厅 | 88平米 | 南 | 简装 | 低楼层(共32层) | 2005年建 | 塔楼,
20201223,静安,南京西路,南京西路商两用大三房，水电民用带煤气，朝南采光好,835万,3室2厅 | 148平米 | 南 | 精装 | 低楼层(共33层) | 2000年建 | 塔楼,
20201223,静安,南京西路,南京西路旁，电梯两房，精装修拎包入住，出行便利！房主自荐,580万,2室1厅 | 53.31平米 | 南 | 精装 | 高楼层(共16层) | 1985年建 | 塔楼,http://image1.ljcdn.com/x-se/hdic-frame/2a631c7b-ce3f-420b-9a9e-70a9f5e22921.png.296x216.jpg
20201223,静安,南京西路,09年高品质高区两房，视野开阔可看陆家嘴，刷卡到户,820万,2室2厅 | 101.32平米 | 东 南 | 精装 | 中楼层(共27层)  | 塔楼,http://image1.ljcdn.com/x-se/hdic-frame/d5fa2993-7719-4d65-adc7-6f0ba7bc314c.png.296x216.jpg
20201223,静安,南京西路,南京西路精装修，小户型低总价，适合工作办公,360万,1室1厅 | 68.89平米 | 北 | 简装 | 高楼层(共32层) | 2005年建 | 塔楼,
20201223,静安,南京西路,近南京西路，上海老公寓风貌，经得住时间考验,2478万,3室2厅 | 163平米 | 南 | 精装 | 中楼层(共5层)  | 板楼,
20201223,静安,南京西路,嘉发大厦 3室2厅 东 东南,700万,3室2厅 | 158.49平米 | 东 东南 | 简装 | 低楼层(共33层) | 2000年建 | 塔楼,
20201223,静安,南京西路,南京西路品质老公寓。带电梯。地铁口三轨交汇。,780万,2室1厅 | 94.49平米 | 东南 | 精装 | 中楼层(共9层) | 1928年建 | 板楼,
20201223,静安,南京西路,静安紫苑 2室2厅 南,758万,2室2厅 | 101.32平米 | 南 | 精装 | 高楼层(共27层) | 2009年建 | 塔楼,http://image1.ljcdn.com/x-se/hdic-frame/d5fa2993-7719-4d65-adc7-6f0ba7bc314c.png.296x216.jpg
20201223,静安,南京西路,老静安高品质，民水民电楼龄新，刷卡入户，税费少,585万,1室1厅 | 78.67平米 | 南 | 精装 | 中楼层(共27层)  | 塔楼,http://image1.ljcdn.com/x-se/hdic-frame/7a9cbbb6-6ff1-4d75-879e-6bd7fb7ae61b.png.296x216.jpg
20201223,静安,南京西路,朝南 精装 全屋落地窗 税费低,465万,1室1厅 | 58.58平米 | 西北 | 简装 | 中楼层(共29层) | 2004年建 | 塔楼,http://image1.ljcdn.com/x-se/hdic-frame/standard_6644bf7b-8c26-48f3-87a6-8d67dd9f7440.png.296x216.jpg
20201223,静安,南京西路,中凯城市之光(静安) 2室2厅 南,880万,2室2厅 | 80.43平米 | 南 | 其他 | 中楼层(共34层) | 2003年建 | 塔楼,http://image1.ljcdn.com/x-se/shfdfs-image/20141219/2f8eece3-804c-44b9-b5e8-581b84d99f70.jpg.296x216.jpg
20201223,静安,南京西路,嘉发大厦全南户型中区近太古汇南京西路地铁,1190万,3室2厅 | 139.99平米 | 南 | 精装 | 高楼层(共33层) | 1998年建 | 塔楼,http://image1.ljcdn.com/x-se/hdic-frame/f45de58e-e659-4c35-a6c2-4229631dfbc0.png.296x216.jpg
20201223,静安,南京西路,高区，超广角视野，南京西路美景一览无余,390万,1室1厅 | 51.82平米 | 南 | 精装 | 高楼层(共27层)  | 塔楼,http://image1.ljcdn.com/x-se/hdic-frame/ef10794f-c627-409a-a3d6-03a7c6c9cd6d.png.296x216.jpg
20201223,静安,南京西路,丽都新贵 1室1厅 北,355万,1室1厅 | 68.89平米 | 北 | 简装 | 中楼层(共32层) | 2005年建 | 塔楼,
20201223,静安,南京西路,静安紫苑再现露台大一房，视野开阔俯瞰南京西路！,850万,1室1厅 | 98.7平米 | 西南 | 精装 | 高楼层(共27层) | 2009年建 | 塔楼,http://image1.ljcdn.com/x-se/hdic-frame/test-ee315b86-1d22-43bc-950e-8807ce22c925.png.296x216.jpg
20201223,静安,南京西路,正看小区绿化位置大三房，诚意出售，全屋地暖大金空调,1950万,3室2厅 | 169.84平米 | 南 北 | 精装 | 低楼层(共18层) | 2009年建 | 板楼,http://image1.ljcdn.com/x-se/hdic-frame/caec26b0-d4ca-4031-b94f-ed5632e6b078.png.296x216.jpg
20201223,静安,南京西路,太平花园 3室2厅 南 北,2700万,3室2厅 | 163平米 | 南 北 | 精装 | 低楼层(共1层) | 1990年建 | 板楼,http://image1.ljcdn.com/x-se/310000-frame/1c029ae6-c362-45c5-88fe-6600c12fe863.png.296x216.jpg
20201223,静安,南京西路,此房满五年唯一.南北直通.带车位.交通便利.配套齐全,6000万,5室2厅 | 478.93平米 | 南 | 精装 | 中楼层(共25层)  | 板楼,
20201223,静安,南京西路,高区全南户型两房，视野开阔，满五年唯一，附大阳台,1580万,2室2厅 | 117.01平米 | 南 | 精装 | 高楼层(共20层) | 2007年建 | 板楼,
20201223,静安,南京西路,南京西路地铁口+吴江路近在咫尺+全南户型+高品质物业,1000万,1室2厅 | 78.23平米 | 南 | 精装 | 低楼层(共37层) | 2007年建 | 板楼,
20201223,静安,南京西路,老静安南京西路板块，地铁口三轨交汇,732万,1室1厅 | 43.1平米 | 西 | 简装 | 低楼层(共6层) | 1936年建 | 板楼,http://image1.ljcdn.com/x-se/shfdfs-image/20170507/11634125-c989-4628-8189-735a0db77ed7.jpg.296x216.jpg
20201223,静安,南京西路,朝南高区一室户+卫生间有窗+好出租+近三条地铁+新挂牌,442万,1室1厅 | 38.03平米 | 南 | 简装 | 高楼层(共7层) | 1999年建 | 板楼,http://image1.ljcdn.com/x-se/hdic-frame/8295fcee-0c20-4667-84e7-940096e0eafe.png.296x216.jpg
20201223,静安,南京西路,低总价一房+采光好无遮挡+三条地铁较近+无增值税+急新上,670万,1室1厅 | 56.49平米 | 东南 | 简装 | 中楼层(共34层) | 2003年建 | 塔楼,http://image1.ljcdn.com/110000-inspection/pc1_IvIQHaj83_1.jpg.296x216.jpg
20201223,静安,南京西路,精装修一室户+朝南采光好+老业主维护,650万,1室1厅 | 50.09平米 | 南 | 精装 | 中楼层(共7层) | 1999年建 | 板楼,http://image1.ljcdn.com/110000-inspection/pc1_g4QZLzPAC_1.jpg.296x216.jpg
20201223,静安,南京西路,百年南京路+满五唯一+户型方正+税费低+看房方便+诚售房主自荐,666万,2室1厅 | 60.57平米 | 南 | 精装 | 中楼层(共8层) | 1979年建 | 板楼,http://image1.ljcdn.com/110000-inspection/pc1_e7kawBIxk_1.jpg.296x216.jpg
20201223,静安,南京西路,04年板式房，不沿高架，自住小区少卖出，满五唯一税少,1500万,3室2厅 | 150.93平米 | 南 北 | 精装 | 高楼层(共24层) | 2003年建 | 板楼,http://image1.ljcdn.com/110000-inspection/pc1_PLI5XcL92_1.jpg.296x216.jpg
20201223,静安,南京西路,04年社区，繁华地段交通便利住宅产权，租客群体多！,427万,1室1厅 | 50平米 | 南 | 简装 | 中楼层(共29层) | 2004年建 | 塔楼,http://image1.ljcdn.com/110000-inspection/pc1_jciY6Jjbt_1.jpg.296x216.jpg
20201223,静安,南京西路,配套完善，繁华地段，交通便利，朝南阳光好 户型方正新上,450万,1室1厅 | 51.43平米 | 南 | 精装 | 高楼层(共29层) | 2004年建 | 塔楼,http://image1.ljcdn.com/110000-inspection/pc1_kcCXdPpCj_1.jpg.296x216.jpg
20201223,静安,南京西路,南京西路南北两房+采光充足无遮挡+配套成熟,450万,2室0厅 | 45.96平米 | 东 西 | 精装 | 高楼层(共7层) | 1987年建 | 板楼,http://image1.ljcdn.com/110000-inspection/pc1_Qprd3sZAH_1.jpg.296x216.jpg
20201223,静安,南京西路,产权为三人，其中2/3不唯一，1/3唯一房主自荐,400万,2室0厅 | 37.88平米 | 南 | 简装 | 中楼层(共6层) | 1978年建 | 板楼,http://image1.ljcdn.com/310000-inspection/pc1_F6yUmG27a_1.jpg.296x216.jpg
20201223,静安,南京西路,静安寺板块+一门关精装实用强+有15平花园+看房方便房主自荐,470万,1室1厅 | 28.3平米 | 南 | 精装 | 低楼层(共1层) | 1983年建 | 暂无数据,http://image1.ljcdn.com/310000-inspection/prod-b89fffd4-3356-4008-b197-1aa5c39b1686.jpg.296x216.jpg
20201223,静安,南京西路,出门即是南京西路地铁口，大两房，小高层得房率高。,1250万,2室0厅 | 91.27平米 | 南 | 其他 | 高楼层(共7层) | 1924年建 | 板楼,http://image1.ljcdn.com/110000-inspection/pc1_UtOi5xN8b_1.jpg.296x216.jpg
20201223,静安,南京西路,北京西路公房，业主诚售，位置很好,620万,2室0厅 | 63.99平米 | 南 | 精装 | 低楼层(共6层) | 1988年建 | 板楼,http://image1.ljcdn.com/310000-inspection/prod-b03c530d-3965-44d4-9817-dfe03a50dc5e.jpg.296x216.jpg
20201223,静安,南京西路,满五唯一免个税，西边套采光视野好！业主诚意出售！,1320万,2室2厅 | 121.57平米 | 南 | 精装 | 低楼层(共23层) | 2005年建 | 板楼,http://image1.ljcdn.com/310000-inspection/prod-8e5ab5f4-aeb0-4a90-9b4f-1ab55f3cd69d.jpg.296x216.jpg
20201223,静安,南京西路,南京路地铁口200米+一梯两户+中间楼层+诚意出售方便看,548万,2室1厅 | 42.73平米 | 南 | 精装 | 中楼层(共4层) | 1928年建 | 板楼,http://image1.ljcdn.com/110000-inspection/pc1_FMGU4QvXB_1.jpg.296x216.jpg
20201223,静安,南京西路,南京西路繁华地段，边套全明全屋落地窗，采光视野好,475万,1室1厅 | 58.58平米 | 南 | 简装 | 中楼层(共29层) | 2004年建 | 塔楼,http://image1.ljcdn.com/shfdfs-image/20170313/1f71bad0-08a0-4040-9ef6-66414350933f.jpg.296x216.jpg
20201223,静安,南京西路,静安区繁华地段，总价低，房型方正，采光无遮挡,740万,3室2厅 | 221.79平米 | 南 西 东 | 精装 | 低楼层(共31层) | 1996年建 | 塔楼,
20201223,静安,南京西路,双南两房，2009年社区，双卧双卫，满五年，价格可谈,840万,2室2厅 | 101.32平米 | 南 | 精装 | 低楼层(共27层)  | 塔楼,http://image1.ljcdn.com/x-se/hdic-frame/d5fa2993-7719-4d65-adc7-6f0ba7bc314c.png.296x216.jpg
20201223,静安,南京西路,骏豪国际 1室1厅 西北新上,340万,1室1厅 | 40.13平米 | 西北 | 其他 | 中楼层(共29层) | 2004年建 | 塔楼,http://image1.ljcdn.com/x-se/hdic-frame/standard_c0baa915-2266-43ab-9d3e-ece2f5e21b90.png.296x216.jpg
20201223,静安,南京西路,兴业太古汇+南京西路3轨交通+沿街一居室+诚意出售,350万,1室1厅 | 34.54平米 | 南 | 精装 | 低楼层(共3层)  | 板楼,
20201223,静安,南京西路,兴业太古汇+南京西路3轨交通+沿街一居室+诚意出售,400万,2室1厅 | 53.35平米 | 南 北 | 精装 | 低楼层(共3层)  | 板楼,
20201223,静安,南京西路,通煤气，可以自主 可以商用 东南朝向 视野好,950万,3室2厅 | 183.45平米 | 东南 | 简装 | 低楼层(共32层) | 2005年建 | 塔楼,
20201223,静安,南京西路,朝南采光好，全明户型，精装修，70年住宅产权,475万,1室1厅 | 58.58平米 | 南 | 精装 | 中楼层(共29层) | 2004年建 | 塔楼,http://image1.ljcdn.com/x-se/hdic-frame/146f110b-ac50-4a1d-a3d5-ee1732ff800f.png.296x216.jpg
20201223,静安,南京西路,振安广场 3室2厅 东 南 北,610万,3室2厅 | 183.23平米 | 东 南 北 | 简装 | 高楼层(共31层) | 1996年建 | 塔楼,
20201223,静安,南京西路,振安广场 4室2厅 东南,880万,4室2厅 | 230平米 | 东南 | 简装 | 中楼层(共31层) | 1996年建 | 塔楼,
20201223,静安,南京西路,丽都新贵 1室1厅 南,450万,1室1厅 | 87.98平米 | 南 | 简装 | 高楼层(共32层) | 2005年建 | 塔楼,
20201223,静安,南京西路,四轨交汇1,2,12,13号线 空间好格局舒适 框架结构,715万,4室2厅 | 204.48平米 | 西北 | 简装 | 中楼层(共31层) | 1996年建 | 塔楼,
20201223,静安,南京西路,老静安09年高品质小区，采光充足，车位充足，管理佳,470万,1室0厅 | 52平米 | 西南 | 精装 | 低楼层(共27层)  | 板塔结合,http://image1.ljcdn.com/x-se/hdic-frame/ef10794f-c627-409a-a3d6-03a7c6c9cd6d.png.296x216.jpg
20201223,静安,南京西路,安乐坊 1室1厅 北,660万,1室1厅 | 59平米 | 北 | 其他 | 中楼层(共4层)  | 板楼,http://image1.ljcdn.com/x-se/hdic-frame/d0599c94-b494-477c-b5e9-5ff7f5d1a2ce.jpg.296x216.jpg
20201223,静安,南京西路,南京西路商圈 大4房 各付各税 低单价，低总价 诚意售,810万,4室2厅 | 229.34平米 | 南 西 | 简装 | 高楼层(共31层) | 1996年建 | 塔楼,
20201223,静安,南京西路,精致装修 拎包入住 视野开阔，采光无遮挡，全明户型,748万,1室2厅 | 72.25平米 | 东南 | 简装 | 高楼层(共28层) | 1998年建 | 塔楼,http://image1.ljcdn.com/x-se/hdic-frame/ae7fbef4-0de8-4b07-bb56-47e1de84ac5d.png.296x216.jpg
20201223,静安,南京西路,振安广场 4室2厅 东 北 西,680万,4室2厅 | 229.34平米 | 东 北 西 | 其他 | 高楼层(共31层) | 1996年建 | 塔楼,
