20201223,闵行,闵浦,毛坯南北通，地铁一公里诚心急售必看好房,255万,2室1厅 | 73.02平米 | 南 | 毛坯 | 高楼层(共6层) | 2008年建 | 板楼,http://image1.ljcdn.com/110000-inspection/pc1_y5yTZ8oaj_1.jpg.296x216.jpg
20201223,闵行,闵浦,满五年，南北通透，精装修，采光充足，交通便利必看好房,288万,2室2厅 | 81.5平米 | 南 北 | 精装 | 高楼层(共11层) | 2008年建 | 板楼,http://image1.ljcdn.com/110000-inspection/pc1_6l6q96HuL_1.jpg.296x216.jpg
20201223,闵行,闵浦,房屋精装，配套齐全，交通便利，采光充足必看好房,250万,2室1厅 | 74.56平米 | 南 | 简装 | 高楼层(共9层) | 2013年建 | 板楼,http://image1.ljcdn.com/110000-inspection/pc1_dX7NU7h9w_1.jpg.296x216.jpg
20201223,闵行,闵浦,户型正气，南北通户型，配套完善必看好房,410万,3室1厅 | 91.11平米 | 南 | 简装 | 低楼层(共12层) | 2010年建 | 板楼,http://image1.ljcdn.com/110000-inspection/pc1_nPtcZQ2LK_1.jpg.296x216.jpg
20201223,闵行,闵浦,小区中间花园位置、满五唯一、诚意出售、看房方便必看好房,350万,3室2厅 | 97.85平米 | 北 南 | 精装 | 低楼层(共11层) | 2009年建 | 板楼,http://image1.ljcdn.com/110000-inspection/pc1_c9rYkHLnc_1.jpg.296x216.jpg
20201223,闵行,闵浦,中间楼层少有的小三房 原始格局 毛坯交付 采光视野佳必看好房,318万,3室2厅 | 103.85平米 | 南 | 毛坯 | 中楼层(共18层) | 2014年建 | 板楼,http://image1.ljcdn.com/110000-inspection/pc1_d5JS54Qjf_1.jpg.296x216.jpg
20201223,闵行,闵浦,小区中间花园位置、原始动迁、诚意出售、看房方便必看好房,353万,3室2厅 | 97.85平米 | 南 北 | 简装 | 中楼层(共11层) | 2009年建 | 板楼,http://image1.ljcdn.com/110000-inspection/pc1_W0JDbRqwV_1.jpg.296x216.jpg
20201223,闵行,闵浦,此房原始动迁，税费少；近地铁，南北通，楼层好必看好房,288万,2室2厅 | 76.84平米 | 南 北 | 简装 | 中楼层(共14层) | 2011年建 | 板楼,http://image1.ljcdn.com/110000-inspection/pc1_1LfrzGWM5_1.jpg.296x216.jpg
20201223,闵行,闵浦,水语人家南苑双南两房，一手动迁，看房方便必看好房,272万,2室1厅 | 73.65平米 | 南 | 毛坯 | 中楼层(共11层) | 2010年建 | 板楼,http://image1.ljcdn.com/110000-inspection/pc1_CFwtAoP1x_1.jpg.296x216.jpg
20201223,闵行,闵浦,南北户型，沿河景观，小区距离商圈近，距离地铁近必看好房,265万,2室2厅 | 78.54平米 | 南 | 毛坯 | 低楼层(共14层) | 2011年建 | 板楼,http://image1.ljcdn.com/110000-inspection/pc1_7GfuJkqRt_1.jpg.296x216.jpg
20201223,闵行,闵浦,全明一房，原始动迁，满五唯一，户型方正，业主诚意必看好房,190万,1室1厅 | 56.37平米 | 南 | 毛坯 | 高楼层(共14层) | 2011年建 | 板楼,http://image1.ljcdn.com/110000-inspection/pc1_o4PlnyPRc_1.jpg.296x216.jpg
20201223,闵行,闵浦,诚心出售，原始动迁，税费少，户型方正，近地铁必看好房,210万,1室1厅 | 58.66平米 | 南 | 简装 | 高楼层(共6层) | 2012年建 | 板楼,http://image1.ljcdn.com/310000-inspection/pc1_7Baaxe89D_1.jpg.296x216.jpg
20201223,闵行,闵浦,聚缘北庭13年新小区，房龄新总价低，房东诚意出售必看好房,215万,2室1厅 | 74.3平米 | 南 北 | 毛坯 | 低楼层(共7层) | 2013年建 | 板楼,http://image1.ljcdn.com/110000-inspection/pc1_fGHKbKmKb_1.jpg.296x216.jpg
20201223,闵行,闵浦,此房属于原始动迁房，70年产权，小区位置佳，税费少必看好房,239万,2室2厅 | 77.15平米 | 南 北 | 毛坯 | 高楼层(共14层) | 2013年建 | 板楼,http://image1.ljcdn.com/110000-inspection/pc1_nVowjscNG_1.jpg.296x216.jpg
20201223,闵行,闵浦,一手动迁税费少，交通方便配套好必看好房,238万,2室1厅 | 73.8平米 | 南 | 毛坯 | 低楼层(共11层) | 2009年建 | 板楼,http://image1.ljcdn.com/110000-inspection/pc1_gbeCbT3UH_1.jpg.296x216.jpg
20201223,闵行,闵浦,距离轨道交通300米，南北通，原动迁税费少，业主诚售必看好房,250万,2室2厅 | 74.09平米 | 南 | 简装 | 低楼层(共7层) | 2013年建 | 板楼,http://image1.ljcdn.com/110000-inspection/pc1_fJaoK1YP2.jpg.296x216.jpg
20201223,闵行,闵浦,一房好房源，楼层好采光好，税费少诚心出售必看好房,178万,1室1厅 | 56.38平米 | 南 | 毛坯 | 中楼层(共9层) | 2013年建 | 板楼,http://image1.ljcdn.com/110000-inspection/pc1_1tU0s2bJ3_1.jpg.296x216.jpg
20201223,闵行,闵浦,水语人家南，一房一厅，原始动迁房，产权一人，随时签必看好房,205万,1室1厅 | 56.41平米 | 南 | 简装 | 中楼层(共11层) | 2010年建 | 板楼,http://image1.ljcdn.com/110000-inspection/pc1_PFmH0wdtb.jpg.296x216.jpg
20201223,闵行,闵浦,10年高品质商品房 精装修两年 附带产权车位 满二少税必看好房,465万,2室2厅 | 88.14平米 | 南 | 精装 | 中楼层(共14层) | 2010年建 | 塔楼,http://image1.ljcdn.com/110000-inspection/pc1_a1FggKQ8w_1.jpg.296x216.jpg
20201223,闵行,闵浦,十二月好房，店长推介，南北通两房，满五唯一好位置必看好房,290万,2室1厅 | 82.45平米 | 南 北 | 简装 | 低楼层(共11层) | 2008年建 | 板楼,http://image1.ljcdn.com/110000-inspection/pc1_6qSCUDk5L.jpg.296x216.jpg
20201223,闵行,闵浦,沿河景观房 视野采光好 看房方便 业主诚心必看好房,303万,2室2厅 | 74.53平米 | 南 | 精装 | 中楼层(共6层) | 2010年建 | 板楼,http://image1.ljcdn.com/110000-inspection/pc1_jJd2vAOWP_1.jpg.296x216.jpg
20201223,闵行,闵浦,汇颂南苑，新 上双南两房，精装修拎包入住。地铁口必看好房,265万,2室2厅 | 76.51平米 | 南 | 精装 | 中楼层(共11层) | 2008年建 | 板楼,http://image1.ljcdn.com/110000-inspection/pc1_NUVQpkQuD_1.jpg.296x216.jpg
20201223,闵行,闵浦,南北通透全明户型、一手动迁少税、诚意出售价格可谈必看好房,258万,2室2厅 | 72.96平米 | 南 北 | 毛坯 | 高楼层(共6层) | 2012年建 | 板楼,http://image1.ljcdn.com/110000-inspection/pc1_XTwS8AQsF_1.jpg.296x216.jpg
20201223,闵行,闵浦,近满天星生活广场,交通方便，买菜方便必看好房,245万,2室1厅 | 80.4平米 | 南 北 | 简装 | 高楼层(共17层) | 2013年建 | 板楼,http://image1.ljcdn.com/110000-inspection/pc1_f2wISswI8_1.jpg.296x216.jpg
20201223,闵行,闵浦,商品房 精装 南北通双阳台户型  户型正气  采光视野好必看好房,269万,2室2厅 | 76.98平米 | 南 | 精装 | 高楼层(共11层) | 2008年建 | 板楼,http://image1.ljcdn.com/110000-inspection/pc1_okwxh1Qh7.jpg.296x216.jpg
20201223,闵行,闵浦,配套优良，适宜居住，一个温暖的港湾必看好房,360万,3室2厅 | 2102440平米 | 南 北 | 简装 | 高楼层(共6层) | 2007年建 | 板楼,http://image1.ljcdn.com/110000-inspection/pc1_Jpx79iarT_1.jpg.296x216.jpg
20201223,闵行,闵浦,难得一套真正南北通全明两房。得房率高必看好房,243万,2室1厅 | 77.78平米 | 南 | 毛坯 | 低楼层(共11层) | 2013年建 | 板楼,http://image1.ljcdn.com/110000-inspection/pc1_kniEGkBc0_1.jpg.296x216.jpg
20201223,闵行,闵浦,电梯简装一房 功能分区明确 视野开阔 通风采光好必看好房,167万,1室1厅 | 55.2平米 | 南 北 | 简装 | 低楼层(共17层) | 2010年建 | 板楼,http://image1.ljcdn.com/110000-inspection/pc1_nczb4GIHg.jpg.296x216.jpg
20201223,闵行,闵浦,户型正气 高区景观 业主诚售 产权清晰必看好房,265万,2室2厅 | 76.7平米 | 南 | 毛坯 | 高楼层(共14层) | 2008年建 | 板楼,http://image1.ljcdn.com/110000-inspection/pc1_bliZA1Ita.jpg.296x216.jpg
20201223,闵行,闵浦,120%得房率.沿河景观稀有房.附带阁楼必看好房,275万,2室2厅 | 72.87平米 | 南 | 精装 | 高楼层(共6层) | 2008年建 | 板楼,http://image1.ljcdn.com/110000-inspection/pc1_Jw5Qds2u7.jpg.296x216.jpg
20201223,闵行,闵浦,业主诚售，满五唯一，沿河景观，无抵押，产权清晰。必看好房,259万,2室1厅 | 71.81平米 | 南 北 | 精装 | 高楼层(共6层) | 2010年建 | 板楼,http://image1.ljcdn.com/110000-inspection/pc1_GZEFAVHDW_1.jpg.296x216.jpg
20201223,闵行,闵浦,原动迁房，双南大二房，税费少，生活方便必看好房,265万,2室2厅 | 77.32平米 | 南 | 简装 | 低楼层(共11层) | 2013年建 | 板楼,http://image1.ljcdn.com/110000-inspection/pc1_ifGobfpVt_1.jpg.296x216.jpg
20201223,闵行,闵浦,原动迁房，近地铁，生活方便，交通便利必看好房,176万,1室1厅 | 55.65平米 | 南 | 简装 | 低楼层(共11层) | 2013年建 | 板楼,http://image1.ljcdn.com/110000-inspection/pc1_84fNvNYey_1.jpg.296x216.jpg
20201223,闵行,闵浦,此房原始动迁，房东诚意，楼层好，位置佳必看好房,235万,2室1厅 | 70.85平米 | 南 北 | 毛坯 | 中楼层(共6层) | 2013年建 | 板楼,http://image1.ljcdn.com/110000-inspection/pc1_xPNgREOCx.jpg.296x216.jpg
20201223,闵行,闵浦,地铁口的商品房，舒适的居住环境，南北通透的2房，必看好房,265万,2室1厅 | 75.19平米 | 南 北 | 精装 | 高楼层(共11层) | 2008年建 | 板楼,http://image1.ljcdn.com/110000-inspection/pc1_08G7ehvVA_1.jpg.296x216.jpg
20201223,闵行,闵浦,原始动迁，采光佳，免增值税，近地铁，交通方便必看好房,290万,3室2厅 | 96.79平米 | 南 | 毛坯 | 低楼层(共14层) | 2013年建 | 板楼,http://image1.ljcdn.com/110000-inspection/c17dc5eefe83f0a3e9b1009fb4ad99d9-093.jpg.296x216.jpg
20201223,闵行,闵浦,满五唯一税费少+南北通双阳台+小区位置好必看好房,270万,2室2厅 | 78.47平米 | 南 北 | 精装 | 低楼层(共9层) | 2008年建 | 板楼,http://image1.ljcdn.com/x-se/hdic-frame/d124f0ed-45a6-4e0d-9a7f-51ed6e2f1c21.png.296x216.jpg
20201223,闵行,闵浦,户型好+电梯中楼层+地铁300米+50到人民必看好房,275万,2室2厅 | 74.59平米 | 南 | 简装 | 中楼层(共11层) | 2008年建 | 板楼,http://image1.ljcdn.com/x-se/hdic-frame/25fd5831-c09b-4c97-977f-bc110835c6c4.png.296x216.jpg
20201223,闵行,闵浦,南北通户型  得房率高 税费少  出行便利 生活配套齐全必看好房,240万,2室2厅 | 72.15平米 | 南 北 | 简装 | 中楼层(共6层) | 2008年建 | 板楼,http://image1.ljcdn.com/x-se/hdic-frame/26fbdf5b-5028-4da0-a0d7-6122908e1b92.png.296x216.jpg
20201223,闵行,闵浦,总价低、户型正气、南北通户型、配套完善房主自荐,596万,4室2厅 | 148平米 | 南 | 精装 | 低楼层(共12层) | 2010年建 | 板楼,http://image1.ljcdn.com/310000-inspection/prod-7ffaf717-6a86-492c-9b78-a4a2310a9ec6.jpg.296x216.jpg
20201223,闵行,闵浦,南北通户型，业主诚售，精装修。诚意出售。看房方便。新上,250万,2室2厅 | 74.5平米 | 南 北 | 精装 | 低楼层(共17层) | 2010年建 | 板楼,http://image1.ljcdn.com/110000-inspection/pc1_7QnunaX1K.jpg.296x216.jpg
20201223,闵行,闵浦,配套成熟，环境优美，原始动迁，交通方便新上,212万,2室1厅 | 74.57平米 | 南 北 | 毛坯 | 低楼层(共14层) | 2013年建 | 板楼,http://image1.ljcdn.com/110000-inspection/pc1_PbhZN9g2o_1.jpg.296x216.jpg
20201223,闵行,闵浦,近地铁 电梯大两房 精装修 配套齐全 交通便利新上,375万,2室2厅 | 92.22平米 | 南 北 | 精装 | 中楼层(共11层) | 2012年建 | 板楼,http://image1.ljcdn.com/110000-inspection/pc1_S8rlivY4D.jpg.296x216.jpg
20201223,闵行,闵浦,中间楼层，花园位置，配套齐全，原始动迁房主自荐,223万,2室1厅 | 73.62平米 | 南 北 | 毛坯 | 中楼层(共11层) | 2013年建 | 板楼,http://image1.ljcdn.com/110000-inspection/pc1_FwoHkjcAa_1.jpg.296x216.jpg
20201223,闵行,闵浦,浦江馨都近地铁站纯毛坯两房房源房主自荐,280万,2室2厅 | 75.92平米 | 南 | 毛坯 | 低楼层(共17层) | 2013年建 | 板楼,http://image1.ljcdn.com/110000-inspection/pc1_xYXEnAGWK_1.jpg.296x216.jpg
20201223,闵行,闵浦,南北通双阳台，落地阳台采光好，电梯高层，配套成熟。,290万,2室2厅 | 78.22平米 | 南 北 | 简装 | 高楼层(共11层) | 2010年建 | 板楼,http://image1.ljcdn.com/110000-inspection/pc1_IMI1DXids_1.jpg.296x216.jpg
20201223,闵行,闵浦,急急！税费少，精装修，近地铁，看房方便，诚心出售新上,275万,2室2厅 | 76.51平米 | 南 | 精装 | 低楼层(共7层) | 2011年建 | 板楼,http://image1.ljcdn.com/110000-inspection/pc1_Aw7toejZB.jpg.296x216.jpg
20201223,闵行,闵浦,小区出门就是地铁，出行方便，房子满五唯一新上,190万,1室1厅 | 55.23平米 | 南 | 精装 | 低楼层(共11层) | 2008年建 | 板楼,http://image1.ljcdn.com/110000-inspection/pc1_6ckj5g6eP_1.jpg.296x216.jpg
20201223,闵行,闵浦,带阁楼，近轨交，商品房小区，业主诚心出售新上,283万,2室2厅 | 73.02平米 | 南 北 | 精装 | 高楼层(共6层) | 2008年建 | 板楼,http://image1.ljcdn.com/110000-inspection/pc1_VpYflnscW_1.jpg.296x216.jpg
20201223,闵行,闵浦,虹浦新城南区 2室1厅 南 北新上,260万,2室1厅 | 75.93平米 | 南 北 | 简装 | 中楼层(共14层) | 2008年建 | 板楼,http://image1.ljcdn.com/110000-inspection/pc1_t3uK2e6Cb_1.jpg.296x216.jpg
20201223,闵行,闵浦,楼层位置好，配套很成熟，业主诚心出售新上,256万,2室2厅 | 77.2平米 | 南 | 毛坯 | 中楼层(共17层) | 2014年建 | 板楼,http://image1.ljcdn.com/110000-inspection/pc1_DopNji7v4_1.jpg.296x216.jpg
20201223,闵行,闵浦,近地铁 一房精装修 楼层位置好 配套齐全 交通方便新上,223万,1室1厅 | 60.41平米 | 南 | 精装 | 高楼层(共11层) | 2007年建 | 板楼,http://image1.ljcdn.com/110000-inspection/pc1_HkrxAWLV1.jpg.296x216.jpg
20201223,闵行,闵浦,智汇园小三房带地下一层 小区位置好 户型正气 精装修,650万,3室3厅 | 149.8平米 | 南 北 | 精装 | 低楼层(共12层) | 2010年建 | 板楼,http://image1.ljcdn.com/110000-inspection/pc1_Oy8OkfdcV_1.jpg.296x216.jpg
20201223,闵行,闵浦,召稼楼古镇辐射区域，小区环境幽美，车位充足。,242万,2室1厅 | 76.51平米 | 南 | 简装 | 高楼层(共18层) | 2014年建 | 板楼,http://image1.ljcdn.com/110000-inspection/pc1_fpzQFEAjC_1.jpg.296x216.jpg
20201223,闵行,闵浦,满五唯一，南北通风，精装修，景观楼层房主自荐,290万,2室1厅 | 72.93平米 | 南 | 精装 | 中楼层(共6层) | 2010年建 | 板楼,http://image1.ljcdn.com/110000-inspection/pc1_oxZ5Ijwhs.jpg.296x216.jpg
20201223,闵行,闵浦,近地铁商品房小区  金典两房户型   精装修可拎包入住房主自荐,265万,2室1厅 | 75.95平米 | 南 | 精装 | 中楼层(共14层) | 2008年建 | 板楼,http://image1.ljcdn.com/110000-inspection/pc1_ES1zVCoaM_1.jpg.296x216.jpg
20201223,闵行,闵浦,复式两房|品质小区+户型正气+近地铁房主自荐,490万,2室2厅 | 97.29平米 | 南 北 | 毛坯 | 高楼层(共13层) | 2010年建 | 塔楼,http://image1.ljcdn.com/110000-inspection/pc1_IzUs9utgC_1.jpg.296x216.jpg
20201223,闵行,闵浦,品质小区，绿化高，密度小，中间楼层采光通风强,540万,3室1厅 | 92.5平米 | 南 北 | 精装 | 中楼层(共12层) | 2010年建 | 板楼,http://image1.ljcdn.com/110000-inspection/pc1_cmEpk1fvA_1.jpg.296x216.jpg
20201223,闵行,闵浦,家电家具全不要了精装两房，税费少， 周期到三月新上,245万,2室1厅 | 74.89平米 | 南 | 精装 | 中楼层(共11层) | 2013年建 | 板楼,http://image1.ljcdn.com/110000-inspection/pc1_DjO5keS47_1.jpg.296x216.jpg
20201223,闵行,闵浦,8号线地铁站，召稼楼古镇旁，闵浦新苑大三房，房主自荐,395万,3室2厅 | 122.3平米 | 南 北 | 精装 | 高楼层(共6层) | 2007年建 | 板楼,http://image1.ljcdn.com/110000-inspection/pc1_fgWZZjTU0_1.jpg.296x216.jpg
20201223,闵行,闵浦,精装两年可拎包入住，电梯中层，视野开阔采光充足房主自荐,269万,2室2厅 | 75.89平米 | 南 北 | 精装 | 中楼层(共17层) | 2008年建 | 板楼,http://image1.ljcdn.com/110000-inspection/pc1_7GILmD7e6.jpg.296x216.jpg
20201223,闵行,闵浦,此房南北户型，小洋房，小区配套设施齐全，距离地铁近房主自荐,275万,2室2厅 | 73.95平米 | 南 北 | 毛坯 | 高楼层(共7层) | 2011年建 | 板楼,http://image1.ljcdn.com/110000-inspection/pc1_zXMIW4usJ.jpg.296x216.jpg
20201223,闵行,闵浦,近地铁+一手动迁+税少+精装修+沿河景观房主自荐,349万,2室2厅 | 97.73平米 | 南 北 | 精装 | 中楼层(共14层) | 2011年建 | 板楼,http://image1.ljcdn.com/110000-inspection/pc1_wRXosgbno_1.jpg.296x216.jpg
20201223,闵行,闵浦,此房是原始动迁，次新小区，配套成熟，看房方便新上,180万,1室1厅 | 60.13平米 | 南 北 | 简装 | 低楼层(共18层) | 2014年建 | 板楼,http://image1.ljcdn.com/110000-inspection/pc1_dXXJS3diY.jpg.296x216.jpg
20201223,闵行,闵浦,房东诚意出售，毛坯中楼层房源，明确信息随时看房房主自荐,275万,2室1厅 | 76.4平米 | 南 北 | 毛坯 | 中楼层(共11层) | 2010年建 | 板楼,http://image1.ljcdn.com/310000-inspection/prod-96c60c86-2419-45a8-be92-c035ad0201f4.png.296x216.jpg
20201223,闵行,闵浦,浦江馨都近地铁中间楼层毛坯一房房主自荐,198万,1室1厅 | 57.89平米 | 南 | 毛坯 | 低楼层(共17层) | 2013年建 | 板楼,http://image1.ljcdn.com/110000-inspection/pc1_y5z81wRp1_1.jpg.296x216.jpg
20201223,闵行,闵浦,复式户型正气、配套完善、出行交通都便利，环境整洁房主自荐,490万,2室2厅 | 99.41平米 | 南 北 | 简装 | 低楼层(共14层) | 2010年建 | 塔楼,http://image1.ljcdn.com/110000-inspection/pc1_R5oJGD3Xa_1.jpg.296x216.jpg
20201223,闵行,闵浦,配套齐全优质环境小区，近地铁，宜居好家园房主自荐,405万,3室2厅 | 122平米 | 南 北 | 毛坯 | 高楼层(共6层) | 2012年建 | 板楼,http://image1.ljcdn.com/110000-inspection/pc1_c4UmU0VjE.jpg.296x216.jpg
20201223,闵行,闵浦,原始动迁，税费少，改善大三房，小区中间，有钥匙,369万,3室2厅 | 107.97平米 | 南 | 毛坯 | 低楼层(共14层) | 2012年建 | 板楼,http://image1.ljcdn.com/110000-inspection/pc1_3nM1ah09q.jpg.296x216.jpg
20201223,闵行,闵浦,近商场地铁，精装修拎包入住，视野采光毫不遮挡,286万,2室1厅 | 84.64平米 | 南 | 精装 | 高楼层(共14层) | 2013年建 | 板楼,http://image1.ljcdn.com/110000-inspection/pc1_2flP0bfyY.jpg.296x216.jpg
20201223,闵行,闵浦,原始动迁税费少，浦江少有的落地阳台小区，看房随时。房主自荐,298万,2室2厅 | 79.94平米 | 南 北 | 毛坯 | 高楼层(共14层) | 2010年建 | 板楼,http://image1.ljcdn.com/110000-inspection/pc1_ziv2bXBja.jpg.296x216.jpg
20201223,闵行,闵浦,此房满五唯一，产权清晰，业主诚心出售，出行方便,291万,2室1厅 | 78平米 | 南 | 毛坯 | 高楼层(共11层) | 2009年建 | 板楼,http://image1.ljcdn.com/110000-inspection/pc1_5zcFO4WMo.jpg.296x216.jpg
20201223,闵行,闵浦,满五不唯一，南北通风，精装修，保养好，出门就是地铁,296万,2室2厅 | 73.18平米 | 南 | 简装 | 低楼层(共6层) | 2010年建 | 板楼,http://image1.ljcdn.com/110000-inspection/pc1_gq6PUjiQM_1.jpg.296x216.jpg
20201223,闵行,闵浦,南北通两房，采光好，边套前后无遮挡，简装，原始动迁房主自荐,215万,2室1厅 | 76.04平米 | 南 北 | 简装 | 低楼层(共7层) | 2013年建 | 板楼,http://image1.ljcdn.com/110000-inspection/pc1_OKCUl8DNC_1.jpg.296x216.jpg
20201223,闵行,闵浦,2014年双南户型，采光好，诚心出售房主自荐,219万,2室1厅 | 77.73平米 | 南 | 毛坯 | 低楼层(共18层) | 2014年建 | 板楼,http://image1.ljcdn.com/110000-inspection/pc1_NmLqcOJUy.jpg.296x216.jpg
20201223,闵行,闵浦,沿河景观，边套，通风好，采光好，原动迁税少房主自荐,202万,2室1厅 | 73.97平米 | 南 | 毛坯 | 低楼层(共14层) | 2013年建 | 板楼,http://image1.ljcdn.com/110000-inspection/pc1_xWonowMji_1.jpg.296x216.jpg
20201223,闵行,闵浦,原始动迁，税费少；小区位置好，前后遮挡。,256万,2室1厅 | 74.26平米 | 南 北 | 毛坯 | 低楼层(共11层) | 2008年建 | 板楼,http://image1.ljcdn.com/110000-inspection/pc1_EPVaMGldA_1.jpg.296x216.jpg
20201223,闵行,闵浦,聚缘北庭.交通便利.小区中间位置.房东诚意出售,157万,1室1厅 | 56.29平米 | 南 | 毛坯 | 低楼层(共11层) | 2013年建 | 板楼,http://image1.ljcdn.com/110000-inspection/pc1_ZbYBMRqEq_1.jpg.296x216.jpg
20201223,闵行,闵浦,精装修zhongyang空调+地暖 满五唯一  品质小区房主自荐,495万,3室2厅 | 91.75平米 | 南 北 | 精装 | 高楼层(共13层) | 2010年建 | 板楼,http://image1.ljcdn.com/110000-inspection/pc1_cWPkwvep9_1.jpg.296x216.jpg
20201223,闵行,闵浦,汇颂南苑，新 上毛坯双南两房，中 心位置，看房方便房主自荐,265万,2室2厅 | 77.11平米 | 南 北 | 毛坯 | 中楼层(共11层) | 2008年建 | 板楼,http://image1.ljcdn.com/110000-inspection/pc1_uXgXk7B5o.jpg.296x216.jpg
20201223,闵行,闵浦,精装修 厨卫全明、两房朝南 紧凑型两室户，书房,435万,3室1厅 | 81.73平米 | 南 | 精装 | 低楼层(共12层) | 2010年建 | 板楼,http://image1.ljcdn.com/110000-inspection/pc1_VJWwGN6fA_1.jpg.296x216.jpg
20201223,闵行,闵浦,满五唯一 精装修 南北通 闵瑞路站800米,275万,2室2厅 | 75.19平米 | 南 | 精装 | 低楼层(共11层) | 2008年建 | 板楼,http://image1.ljcdn.com/110000-inspection/pc1_LYwqvYAXn_1.jpg.296x216.jpg
20201223,闵行,闵浦,精装一房，距离地铁90米，生活配套完善，房龄新。房主自荐,198万,1室1厅 | 55.65平米 | 南 | 精装 | 中楼层(共11层) | 2013年建 | 板楼,http://image1.ljcdn.com/110000-inspection/pc1_gLrUuMPsZ_1.jpg.296x216.jpg
20201223,闵行,闵浦,此房一手动迁 税费少 得房率高 业主诚心出售..房主自荐,232万,2室1厅 | 74.31平米 | 南 北 | 毛坯 | 低楼层(共6层) | 2008年建 | 板楼,http://image1.ljcdn.com/110000-inspection/pc1_o4d9fVWCm_1.jpg.296x216.jpg
20201223,闵行,闵浦,大两房，大卧室，采光好，配套好,270万,2室1厅 | 89平米 | 南 | 毛坯 | 低楼层(共18层) | 2014年建 | 板楼,http://image1.ljcdn.com/110000-inspection/pc1_oqUSLLhEr_1.jpg.296x216.jpg
20201223,闵行,闵浦,南北通户型，南北双阳台，户型好税费少，近地铁站房主自荐,270万,2室1厅 | 75.78平米 | 南 | 毛坯 | 低楼层(共14层) | 2008年建 | 板楼,http://image1.ljcdn.com/110000-inspection/pc1_KdyMPb01A_1.jpg.296x216.jpg
20201223,闵行,闵浦,高区次顶楼，精装双南沿河景观房，采光通风都很好房主自荐,293万,2室1厅 | 77.11平米 | 南 | 精装 | 高楼层(共17层) | 2010年建 | 板楼,http://image1.ljcdn.com/110000-inspection/pc1_2cWk6Jmg0.jpg.296x216.jpg
20201223,闵行,闵浦,一楼带地下室、精装修、拎包入住好房源、出行方便房主自荐,590万,3室2厅 | 140.31平米 | 南 | 精装 | 低楼层(共12层) | 2010年建 | 板楼,http://image1.ljcdn.com/310000-inspection/prod-258fcacf-36bb-4fc2-8dad-e3b82458d9b0.jpg.296x216.jpg
20201223,闵行,闵浦,满五唯一原始动迁 没住过人 有钥匙随时可看,171万,1室1厅 | 51.96平米 | 南 | 毛坯 | 高楼层(共6层) | 2010年建 | 板楼,http://image1.ljcdn.com/310000-inspection/pc1_bKaLrMKBf.jpg.296x216.jpg
20201223,闵行,闵浦,金硕河畔景园南区 电梯一房 新小区环境好 看房方便,173万,1室1厅 | 55.76平米 | 南 | 毛坯 | 高楼层(共17层) | 2014年建 | 板楼,http://image1.ljcdn.com/110000-inspection/pc1_weS0RbKss.jpg.296x216.jpg
20201223,闵行,闵浦,大两房南北通，小区中间位置，一手动迁税费低,330万,2室2厅 | 84.06平米 | 南 北 | 精装 | 低楼层(共14层) | 2013年建 | 板楼,http://image1.ljcdn.com/110000-inspection/pc1_CVvToR5H5.jpg.296x216.jpg
20201223,闵行,闵浦,欣佳宝邸东区 2室2厅 南房主自荐,257万,2室2厅 | 76.2平米 | 南 | 精装 | 中楼层(共7层) | 2011年建 | 板楼,http://image1.ljcdn.com/110000-inspection/pc1_E9LNs1OGn_1.jpg.296x216.jpg
20201223,闵行,闵浦,原动迁，近地铁，小区花园旁，面积大，诚意出售房主自荐,170万,1室1厅 | 59.19平米 | 南 | 毛坯 | 低楼层(共14层) | 2013年建 | 板楼,http://image1.ljcdn.com/110000-inspection/pc1_uz4Xz6GWx_1.jpg.296x216.jpg
20201223,闵行,闵浦,中楼层，纯毛坯从未住过，视野一览无余，无抵押户口房主自荐,225万,2室1厅 | 74.35平米 | 南 | 毛坯 | 中楼层(共9层) | 2013年建 | 板楼,http://image1.ljcdn.com/110000-inspection/pc1_NEzALKr77.jpg.296x216.jpg
20201223,闵行,闵浦,精装修拎包入住+满五唯一税费少+ 近生活广场房主自荐,240万,2室1厅 | 71.03平米 | 南 | 精装 | 中楼层(共6层) | 2013年建 | 板楼,http://image1.ljcdn.com/110000-inspection/pc1_gaWTjqg6R_1.jpg.296x216.jpg
20201223,闵行,闵浦,满五唯一，近地铁好位置，水语双南户型，店长首推房源,260万,2室1厅 | 76.85平米 | 南 | 毛坯 | 低楼层(共14层) | 2009年建 | 板楼,http://image1.ljcdn.com/110000-inspection/pc1_WUoSVBmsc_1.jpg.296x216.jpg
20201223,闵行,闵浦,14年新小区，位置佳，楼层好，配套齐，毛坯交通便利。,188万,1室1厅 | 59.55平米 | 南 | 毛坯 | 低楼层(共18层) | 2014年建 | 板楼,http://image1.ljcdn.com/110000-inspection/pc1_MC8ymrX9I_1.jpg.296x216.jpg
20201223,闵行,闵浦,户型正气，视野开阔，位置好，出行方便,285万,2室1厅 | 84.64平米 | 南 | 毛坯 | 中楼层(共14层) | 2013年建 | 板楼,http://image1.ljcdn.com/110000-inspection/pc1_vrHAcxD4v_1.jpg.296x216.jpg
20201223,闵行,闵浦,电梯精装一房 功能分区明确 视野开阔 通风采光好房主自荐,175万,1室1厅 | 56平米 | 南 | 精装 | 低楼层(共17层) | 2010年建 | 板楼,http://image1.ljcdn.com/110000-inspection/pc1_8bOwkutx5_1.jpg.296x216.jpg
20201223,闵行,闵浦,物业好 花园南北通，房东急急急 可谈二改三,230万,2室1厅 | 74.42平米 | 南 | 简装 | 高楼层(共11层) | 2013年建 | 板楼,http://image1.ljcdn.com/110000-inspection/pc1_7LQGmBKd0_1.jpg.296x216.jpg
20201223,闵行,闵浦,精装修复式两房+品质小区|楼层好、近地铁房主自荐,460万,2室2厅 | 88.14平米 | 南 | 精装 | 高楼层(共13层) | 2010年建 | 塔楼,http://image1.ljcdn.com/110000-inspection/pc1_DPBDHNYqR_1.jpg.296x216.jpg
20201223,闵行,闵浦,急急急，房东急卖。地铁原始3房，原动迁，税费少,399万,3室2厅 | 107.97平米 | 北 南 | 精装 | 高楼层(共14层) | 2012年建 | 板楼,http://image1.ljcdn.com/110000-inspection/pc1_JXlgtFfPx_1.jpg.296x216.jpg
20201223,闵行,闵浦,浦江宝邸北区三房，税费少，房型方正，近商圈配套房主自荐,370万,3室2厅 | 98.9平米 | 南 北 | 毛坯 | 中楼层(共14层) | 2010年建 | 板楼,http://image1.ljcdn.com/110000-inspection/pc1_JM3ottYHK.jpg.296x216.jpg
20201223,闵行,闵浦,原动迁顶楼景观房，站在浦江之巅。房主自荐,255万,2室1厅 | 77.17平米 | 南 | 简装 | 高楼层(共17层) | 2013年建 | 板楼,http://image1.ljcdn.com/110000-inspection/pc1_KRtGghiVG.jpg.296x216.jpg
20201223,闵行,闵浦,店长推荐，2014年小区，浦江精装大两房两卫，南北通透房主自荐,360万,2室2厅 | 107.15平米 | 南 北 | 精装 | 低楼层(共18层) | 2014年建 | 板楼,http://image1.ljcdn.com/110000-inspection/pc1_XJ3HEa5Pz_1.jpg.296x216.jpg
20201223,闵行,闵浦,浦江馨都，浦航路站200米精装三房，动迁税费低房主自荐,345万,3室2厅 | 95.54平米 | 南 | 精装 | 低楼层(共17层) | 2013年建 | 板楼,http://image1.ljcdn.com/110000-inspection/pc1_t4RQmSlPM.jpg.296x216.jpg
20201223,闵行,闵浦,原始动迁，户型正气，视野开阔，采光充足，电梯小高层房主自荐,338万,2室2厅 | 88.32平米 | 南 北 | 毛坯 | 中楼层(共7层) | 2012年建 | 板楼,http://image1.ljcdn.com/110000-inspection/pc1_GBgHLTAax.jpg.296x216.jpg
20201223,闵行,闵浦,此房南。。北。。通透格局好，小区位置好，采光无遮挡,260万,2室2厅 | 73.85平米 | 南 北 | 简装 | 低楼层(共14层) | 2008年建 | 板楼,http://image1.ljcdn.com/110000-inspection/pc1_z5r0RzmF7.jpg.296x216.jpg
20201223,闵行,闵浦,景观房，视野好，！！！！！！！房主自荐,270万,2室1厅 | 79.47平米 | 南 | 简装 | 高楼层(共17层) | 2013年建 | 板楼,http://image1.ljcdn.com/110000-inspection/pc1_w2YwhY7DC_1.jpg.296x216.jpg
20201223,闵行,闵浦,精装修2房+南北阳台+满两年+价格可谈房主自荐,273万,2室1厅 | 82.56平米 | 南 北 | 精装 | 低楼层(共14层) | 2013年建 | 板楼,http://image1.ljcdn.com/110000-inspection/pc1_pjuJoYIRd.jpg.296x216.jpg
20201223,闵行,闵浦,部分满五年唯一，一梯两户，南北格局，业主诚售房主自荐,255万,2室2厅 | 71.94平米 | 南 北 | 毛坯 | 中楼层(共6层) | 2008年建 | 板楼,http://image1.ljcdn.com/110000-inspection/pc1_CTd3vvcw4.jpg.296x216.jpg
20201223,闵行,闵浦,一梯两户南北通，采光好无遮挡，税费低，配套成熟。房主自荐,232万,2室1厅 | 75.49平米 | 南 | 毛坯 | 低楼层(共14层) | 2013年建 | 板楼,http://image1.ljcdn.com/110000-inspection/pc1_XX298nBzq.jpg.296x216.jpg
20201223,闵行,闵浦,原动迁，精装修，税费少，地铁口,285万,2室1厅 | 80.22平米 | 南 | 精装 | 低楼层(共14层) | 2012年建 | 板楼,http://image1.ljcdn.com/110000-inspection/pc1_v1OpQ1LCM_1.jpg.296x216.jpg
20201223,闵行,闵浦,近8号线，4A级风景区大两房，原始动迁诚心出售房主自荐,313万,2室2厅 | 91.18平米 | 南 | 简装 | 高楼层(共6层) | 2007年建 | 板楼,http://image1.ljcdn.com/110000-inspection/pc1_Msx22Ur0I_1.jpg.296x216.jpg
20201223,闵行,闵浦,精装修，拎包入住；南北通，采光通过好房主自荐,268万,2室1厅 | 72.15平米 | 南 北 | 精装 | 低楼层(共6层) | 2008年建 | 板楼,http://image1.ljcdn.com/110000-inspection/pc1_vLg6bmIjJ.jpg.296x216.jpg
20201223,闵行,闵浦,原始动迁，户型正气，小区中间位置新上,260万,2室1厅 | 73.8平米 | 南 | 简装 | 低楼层(共11层) | 2009年建 | 板楼,http://image1.ljcdn.com/110000-inspection/pc1_EEHSJLbUx.jpg.296x216.jpg
20201223,闵行,闵浦,2013年次新房，交通便利，电梯景观楼层，采光毫无遮挡,245万,2室1厅 | 79.95平米 | 南 北 | 毛坯 | 中楼层(共17层) | 2013年建 | 板楼,http://image1.ljcdn.com/310000-inspection/pc1_WgjyllqBE.jpg.296x216.jpg
20201223,闵行,闵浦,距离轨道交通300米，总价低，税费少，户型正气房主自荐,265万,2室2厅 | 77.32平米 | 南 | 毛坯 | 低楼层(共11层) | 2013年建 | 板楼,http://image1.ljcdn.com/310000-inspection/pc1_fk2iPT4Sv.jpg.296x216.jpg
20201223,闵行,闵浦,南北户型，原始动迁，采光好，税费比较少房主自荐,160万,1室1厅 | 55.89平米 | 南 | 毛坯 | 低楼层(共14层) | 2013年建 | 板楼,http://image1.ljcdn.com/110000-inspection/pc1_r1gcKhFxa_1.jpg.296x216.jpg
20201223,闵行,闵浦,2013年次新房，布局方正，近生活广场房主自荐,240万,2室1厅 | 80.4平米 | 南 北 | 毛坯 | 低楼层(共17层) | 2013年建 | 板楼,http://image1.ljcdn.com/310000-inspection/pc1_rT1mbQjEA.jpg.296x216.jpg
20201223,闵行,闵浦,精装两房，原动迁，无遮挡，房东诚意出售家电家具不要房主自荐,239万,2室1厅 | 74.89平米 | 南 | 精装 | 中楼层(共11层) | 2013年建 | 板楼,http://image1.ljcdn.com/110000-inspection/pc1_iUJacUNXa_1.jpg.296x216.jpg
20201223,闵行,闵浦,楼层好，南北通户型，无遮挡，交通便利，房东诚意出售房主自荐,228万,2室1厅 | 74.89平米 | 北 南 | 简装 | 低楼层(共11层) | 2013年建 | 板楼,http://image1.ljcdn.com/110000-inspection/pc1_ZxjuODFDd_1.jpg.296x216.jpg
20201223,闵行,闵浦,位置好 楼层好 税费低 通风好房主自荐,226万,1室1厅 | 57.13平米 | 南 | 简装 | 高楼层(共17层) | 2013年建 | 板楼,http://image1.ljcdn.com/110000-inspection/pc1_vwi6VRfJB_1.jpg.296x216.jpg
20201223,闵行,闵浦,聚缘北庭，总价低，近商圈，交通便利房主自荐,208万,2室1厅 | 76平米 | 南 北 | 毛坯 | 低楼层(共7层) | 2013年建 | 板楼,http://image1.ljcdn.com/110000-inspection/pc1_6p9xkBXqy.jpg.296x216.jpg
20201223,闵行,闵浦,原始动迁，南北两房，采光通风好房主自荐,254万,2室2厅 | 75.84平米 | 南 | 毛坯 | 中楼层(共17层) | 2010年建 | 板楼,http://image1.ljcdn.com/110000-inspection/pc1_eR9HOFJhq.jpg.296x216.jpg
20201223,闵行,闵浦,近地铁 环境好 中高层 视野开阔 配套齐全 交通便利,205万,1室1厅 | 58.07平米 | 南 | 毛坯 | 中楼层(共11层) | 2012年建 | 板楼,http://image1.ljcdn.com/110000-inspection/pc1_8L6IB2uQh.jpg.296x216.jpg
20201223,闵行,闵浦,两房朝南 通风好 小区中间位置,280万,2室2厅 | 77.89平米 | 南 | 毛坯 | 低楼层(共11层) | 2010年建 | 板楼,http://image1.ljcdn.com/110000-inspection/pc1_v7MuMKiBM_1.jpg.296x216.jpg
20201223,闵行,闵浦,此房源面积大，离地铁近，位置好，欢迎大家来带看,198万,1室1厅 | 62.14平米 | 南 | 简装 | 低楼层(共11层) | 2009年建 | 板楼,http://image1.ljcdn.com/110000-inspection/pc1_mi3E89lvv.jpg.296x216.jpg
20201223,闵行,闵浦,原始动迁好房，户型楼层，位置好，税费低房主自荐,173万,1室1厅 | 56.12平米 | 南 | 毛坯 | 低楼层(共14层) | 2013年建 | 板楼,http://image1.ljcdn.com/110000-inspection/pc1_r74dp6e21.jpg.296x216.jpg
20201223,闵行,闵浦,原动迁 位置好 南北通户型  2014年小区房主自荐,193万,1室1厅 | 60.13平米 | 南 北 | 毛坯 | 低楼层(共18层) | 2014年建 | 板楼,http://image1.ljcdn.com/110000-inspection/pc1_60N90U1Sv_1.jpg.296x216.jpg
20201223,闵行,闵浦,楼层视野采光好  婚房装修拎包入住税费少  交通便利房主自荐,320万,2室1厅 | 77.89平米 | 南 | 精装 | 中楼层(共11层) | 2010年建 | 板楼,http://image1.ljcdn.com/110000-inspection/pc1_nodax4N8M.jpg.296x216.jpg
20201223,闵行,闵浦,沿河南北通大两房，原始动迁，交通便利，采光充足,215万,2室1厅 | 73.4平米 | 南 北 | 毛坯 | 低楼层(共14层) | 2013年建 | 板楼,http://image1.ljcdn.com/110000-inspection/pc1_SzyaBV1G8_1.jpg.296x216.jpg
20201223,闵行,闵浦,小区位置好，一手动迁，中高楼层，交通方,352万,3室2厅 | 96.79平米 | 南 | 毛坯 | 中楼层(共14层) | 2013年建 | 板楼,http://image1.ljcdn.com/110000-inspection/pc1_IPbVVe8zc.jpg.296x216.jpg
20201223,闵行,闵浦,商品房小区 满五不唯一近地铁  视野好房主自荐,202万,1室1厅 | 55.47平米 | 南 | 简装 | 高楼层(共14层) | 2008年建 | 板楼,http://image1.ljcdn.com/110000-inspection/pc1_8GVIGzh8I_1.jpg.296x216.jpg
20201223,闵行,闵浦,小区双南户型简装两房，采光好位置佳，可拎包入住,287万,2室2厅 | 77平米 | 南 | 简装 | 低楼层(共11层) | 2013年建 | 板楼,http://image1.ljcdn.com/110000-inspection/pc1_HVn3Bozsx_1.jpg.296x216.jpg
20201223,闵行,闵浦,原始动迁，业主诚售，精装修，无户口，无贷款，无抵押房主自荐,259万,2室1厅 | 75.84平米 | 南 北 | 精装 | 中楼层(共17层) | 2010年建 | 板楼,http://image1.ljcdn.com/310000-inspection/pc1_8ixrqZEQR.jpg.296x216.jpg
20201223,闵行,闵浦,距离轨道交通300米，交通方便，业主诚意出售房主自荐,278万,2室1厅 | 74.76平米 | 南 | 精装 | 低楼层(共11层) | 2013年建 | 板楼,http://image1.ljcdn.com/310000-inspection/pc1_HjjK7dQ8Q_1.jpg.296x216.jpg
20201223,闵行,闵浦,原始动迁。低总价，精装修全明一房房主自荐,165万,1室1厅 | 55.9平米 | 南 | 简装 | 低楼层(共14层) | 2013年建 | 板楼,http://image1.ljcdn.com/110000-inspection/pc1_WztnrehUa_1.jpg.296x216.jpg
20201223,闵行,闵浦,自主装修，  诚心卖，满五唯一，出门是小区花园!房主自荐,181.9万,1室1厅 | 56.13平米 | 南 | 精装 | 低楼层(共9层) | 2008年建 | 板楼,http://image1.ljcdn.com/110000-inspection/pc1_8PIKb7Kni_1.jpg.296x216.jpg
20201223,闵行,闵浦,满五唯一南北两房，精装修拎包入住，近轨道交通房主自荐,283万,2室1厅 | 72.93平米 | 南 北 | 精装 | 高楼层(共6层) | 2010年建 | 板楼,http://image1.ljcdn.com/110000-inspection/pc1_VA9VICS3P.jpg.296x216.jpg
20201223,闵行,闵浦,小区近地铁，房子满五唯一，没有个税房主自荐,197万,1室1厅 | 57.87平米 | 南 | 毛坯 | 中楼层(共11层) | 2008年建 | 板楼,http://image1.ljcdn.com/110000-inspection/pc1_rSdXmBApt.jpg.296x216.jpg
20201223,闵行,闵浦,近满天星生活广场,交通方便，买菜方便房主自荐,230万,2室1厅 | 80.22平米 | 南 | 毛坯 | 低楼层(共17层) | 2013年建 | 板楼,http://image1.ljcdn.com/110000-inspection/pc1_GcFvXMW1H_1.jpg.296x216.jpg
20201223,闵行,闵浦,房子一手动迁 税费少 中高层 采光好 交通便利,292万,2室1厅 | 80.05平米 | 南 北 | 毛坯 | 中楼层(共17层) | 2009年建 | 板楼,http://image1.ljcdn.com/110000-inspection/pc1_breqJpntO_1.jpg.296x216.jpg
20201223,闵行,闵浦,装修真好，拎包入住，10楼左右，满5年唯一！近地铁房主自荐,305万,2室2厅 | 76.4平米 | 南 北 | 精装 | 高楼层(共11层) | 2010年建 | 板楼,http://image1.ljcdn.com/110000-inspection/pc1_UDC1Fm15Z_1.jpg.296x216.jpg
20201223,闵行,闵浦,好房推荐，北面临河，南北通两房，满五唯一税费少房主自荐,295万,2室2厅 | 78.52平米 | 南 北 | 毛坯 | 低楼层(共14层) | 2010年建 | 板楼,http://image1.ljcdn.com/110000-inspection/pc1_c5UTFYNHT_1.jpg.296x216.jpg
20201223,闵行,闵浦,毛坯房，南北通，近地铁好房源，随心装修，价格可谈房主自荐,339万,2室2厅 | 87.75平米 | 南 北 | 毛坯 | 中楼层(共14层) | 2012年建 | 板楼,http://image1.ljcdn.com/110000-inspection/pc1_09BLvbVE5.jpg.296x216.jpg
20201223,闵行,闵浦,近轨交，次新房，业主诚心出售，看房方便。,169万,1室1厅 | 55.43平米 | 南 | 毛坯 | 低楼层(共17层) | 2014年建 | 板楼,http://image1.ljcdn.com/110000-inspection/pc1_JenisQrH3_1.jpg.296x216.jpg
20201223,闵行,闵浦,单价低，房龄新，原始动迁，4A级古镇辐射范围房主自荐,184万,1室1厅 | 59.29平米 | 南 北 | 毛坯 | 低楼层(共18层) | 2014年建 | 板楼,http://image1.ljcdn.com/110000-inspection/pc1_zkPOK34Qd_1.jpg.296x216.jpg
20201223,闵行,闵浦,精装修拎包入住，楼层视野采光好，交通便利,225万,1室1厅 | 59.19平米 | 南 | 精装 | 中楼层(共14层) | 2013年建 | 板楼,http://image1.ljcdn.com/110000-inspection/pc1_wqGjNdKuY_1.jpg.296x216.jpg
20201223,闵行,闵浦,商品小区 温馨1房 地铁近 税费少房主自荐,191万,1室1厅 | 53.07平米 | 南 | 简装 | 高楼层(共11层) | 2008年建 | 板楼,http://image1.ljcdn.com/110000-inspection/pc1_w65U1S1xq_1.jpg.296x216.jpg
20201223,闵行,闵浦,聚缘北庭小三房，满五唯一沿河景观  业主诚心卖房主自荐,306万,3室2厅 | 95.66平米 | 南 | 简装 | 低楼层(共14层) | 2013年建 | 板楼,http://image1.ljcdn.com/110000-inspection/pc1_MWDm4j8g9.jpg.296x216.jpg
20201223,闵行,闵浦,2010年小区 电梯房 三世同堂 动迁税费少 置换诚意卖,325万,3室2厅 | 95.56平米 | 南 北 | 毛坯 | 中楼层(共17层) | 2010年建 | 板楼,http://image1.ljcdn.com/110000-inspection/pc1_qB8GhSKIa_1.jpg.296x216.jpg
20201223,闵行,闵浦,房龄新，近地铁，南北通三房，楼层好视野佳，税费少房主自荐,345万,3室2厅 | 98.03平米 | 南 | 精装 | 中楼层(共17层) | 2014年建 | 板楼,http://image1.ljcdn.com/110000-inspection/pc1_OpuNus8ya_1.jpg.296x216.jpg
20201223,闵行,闵浦,原始动迁＋花园位置＋大户型＋总价低+视野开阔,230万,2室1厅 | 80.33平米 | 东 西 | 毛坯 | 低楼层(共17层) | 2013年建 | 板楼,http://image1.ljcdn.com/110000-inspection/pc1_2nlGrSfLH_1.jpg.296x216.jpg
20201223,闵行,闵浦,欣佳宝邸东区 2室2厅 南 北房主自荐,278万,2室2厅 | 74.86平米 | 南 北 | 精装 | 中楼层(共7层) | 2011年建 | 板楼,http://image1.ljcdn.com/110000-inspection/pc1_r7RiZUN6i_1.jpg.296x216.jpg
20201223,闵行,闵浦,2013年新小区  环境好  近地铁   户型好  业主诚心卖房主自荐,175万,1室2厅 | 60.81平米 | 南 | 毛坯 | 低楼层(共11层) | 2013年建 | 板楼,http://image1.ljcdn.com/110000-inspection/pc1_onGqpppBL.jpg.296x216.jpg
20201223,闵行,闵浦,4A级古镇辐射景区 近地铁 商品房房主自荐,266万,2室2厅 | 74.02平米 | 南 北 | 简装 | 低楼层(共17层) | 2008年建 | 板楼,http://image1.ljcdn.com/110000-inspection/pc1_s27PYcamd.jpg.296x216.jpg
20201223,闵行,闵浦,小区花园位置，前面小花园采光无遮挡，户型少见双南新上,220万,2室1厅 | 74.41平米 | 南 | 其他 | 低楼层(共11层) | 2013年建 | 板楼,http://image1.ljcdn.com/110000-inspection/pc1_em3vhOSW4.jpg.296x216.jpg
20201223,闵行,闵浦,房东置换诚心出售，全明1室户，税费少，8号线便利房主自荐,192万,1室1厅 | 54.74平米 | 南 | 精装 | 低楼层(共17层) | 2008年建 | 板楼,http://image1.ljcdn.com/110000-inspection/pc1_rpQ5va7lN_1.jpg.296x216.jpg
20201223,闵行,闵浦,浦江智汇园2+1户型 精装修 小区中间位置,395万,2室1厅 | 82平米 | 南 | 精装 | 低楼层(共13层) | 2010年建 | 板楼,http://image1.ljcdn.com/110000-inspection/pc1_lXsfLJ9FH_1.jpg.296x216.jpg
20201223,闵行,闵浦,为数不多得08年商品房+地铁口房+配套方便房主自荐,235万,2室1厅 | 75.34平米 | 南 | 简装 | 低楼层(共11层) | 2008年建 | 板楼,http://image1.ljcdn.com/110000-inspection/pc1_WD0ei9F9W_1.jpg.296x216.jpg
20201223,闵行,闵浦,闵浦五村大三房业主诚心出售。。。房主自荐,440万,3室2厅 | 122.71平米 | 南 北 | 精装 | 高楼层(共6层) | 2012年建 | 板楼,http://image1.ljcdn.com/110000-inspection/pc1_elPIZa6BY.jpg.296x216.jpg
20201223,闵行,闵浦,精装复式两房+品质小区|近联航路地铁站房主自荐,520万,2室2厅 | 100.56平米 | 南 北 | 精装 | 中楼层(共13层) | 2010年建 | 塔楼,http://image1.ljcdn.com/110000-inspection/pc1_aDHZZFEEG_1.jpg.296x216.jpg
20201223,闵行,闵浦,近M8联航路地铁站，南北通三房，精装可拎包入住,500万,3室2厅 | 91.07平米 | 南 | 精装 | 高楼层(共12层) | 2010年建 | 板楼,http://image1.ljcdn.com/110000-inspection/pc1_6q2oQ5G1I_1.jpg.296x216.jpg
20201223,闵行,闵浦,浦江线轨交300米左右，视野采光好，精装修随时入住,235万,1室1厅 | 55.65平米 | 南 | 精装 | 中楼层(共11层) | 2013年建 | 板楼,http://image1.ljcdn.com/110000-inspection/pc1_kklcmUIiV_1.jpg.296x216.jpg
20201223,闵行,闵浦,沿河景观楼层 低税费 户型正气 诚意出售房主自荐,170万,1室1厅 | 55.9平米 | 南 | 毛坯 | 高楼层(共11层) | 2013年建 | 板楼,http://image1.ljcdn.com/310000-inspection/pc1_kwsravD7P.jpg.296x216.jpg
20201223,闵行,闵浦,浦江智汇园|精装修+三房带地下室+近地铁房主自荐,566万,3室2厅 | 169.54平米 | 南 北 | 精装 | 低楼层(共13层) | 2010年建 | 板楼,http://image1.ljcdn.com/310000-inspection/pc1_nnhPj56ty_1.jpg.296x216.jpg
20201223,闵行,闵浦,经典一户室，全明户型，近8号线便利，诚心出售房主自荐,167万,1室2厅 | 54.73平米 | 南 | 精装 | 低楼层(共14层) | 2008年建 | 板楼,http://image1.ljcdn.com/110000-inspection/pc1_W4GRPLMFw_1.jpg.296x216.jpg
20201223,闵行,闵浦,商品房、4A古镇辐射小区、满五唯一、居家装修,240万,2室2厅 | 73.02平米 | 南 北 | 精装 | 低楼层(共6层) | 2008年建 | 板楼,http://image1.ljcdn.com/110000-inspection/pc1_I20iSxeKd_1.jpg.296x216.jpg
20201223,闵行,闵浦,总价低，交通便利，  大一房商品房房主自荐,168万,1室1厅 | 54.74平米 | 南 | 毛坯 | 低楼层(共17层) | 2008年建 | 板楼,http://image1.ljcdn.com/110000-inspection/pc1_Ce8d2CBpr_1.jpg.296x216.jpg
20201223,闵行,闵浦,原动迁房，采光楼层好，税费少，总价低房主自荐,219万,2室1厅 | 73.74平米 | 南 北 | 毛坯 | 高楼层(共9层) | 2013年建 | 板楼,http://image1.ljcdn.com/110000-inspection/pc1_iTwO1yv1k_1.jpg.296x216.jpg
20201223,闵行,闵浦,近地铁，商品房两房，南北通户型房主自荐,275万,2室2厅 | 76.82平米 | 南 北 | 毛坯 | 中楼层(共17层) | 2008年建 | 板楼,http://image1.ljcdn.com/110000-inspection/pc1_RMyeOKYd3.jpg.296x216.jpg
20201223,闵行,闵浦,有钥匙，汇秀板式户型，南北通 ，配套齐全，一手动迁房主自荐,225万,2室1厅 | 71.03平米 | 南 | 毛坯 | 高楼层(共6层) | 2013年建 | 板楼,http://image1.ljcdn.com/110000-inspection/pc1_kYEW6D2sQ.jpg.296x216.jpg
20201223,闵行,闵浦,原始动迁，户型方正，古镇辐射范围，配套好。房主自荐,235万,2室1厅 | 76.51平米 | 南 | 毛坯 | 低楼层(共18层) | 2014年建 | 板楼,http://image1.ljcdn.com/110000-inspection/pc1_sDp46lxl4_1.jpg.296x216.jpg
20201223,闵行,闵浦,本房景观楼层，原动迁，户型方正，诚意出售,286万,2室1厅 | 84.06平米 | 南 | 毛坯 | 中楼层(共14层) | 2013年建 | 板楼,http://image1.ljcdn.com/110000-inspection/pc1_zjNBloVkF_1.jpg.296x216.jpg
20201223,闵行,闵浦,2008年商品房，原始房型无改动，南北通风好房主自荐,325万,3室2厅 | 93.04平米 | 南 北 | 毛坯 | 低楼层(共14层) | 2008年建 | 板楼,http://image1.ljcdn.com/110000-inspection/pc1_Ti6eQ44zZ.jpg.296x216.jpg
20201223,闵行,闵浦,精装三房，南北通透双阳台，商品房物业管理严格,319万,3室2厅 | 93.04平米 | 南 北 | 精装 | 低楼层(共14层) | 2008年建 | 板楼,http://image1.ljcdn.com/110000-inspection/pc1_vBytQpw6L_1.jpg.296x216.jpg
20201223,闵行,闵浦,浦江二改三小三房，业主诚心出售,255万,2室2厅 | 75.73平米 | 南 北 | 简装 | 低楼层(共14层) | 2008年建 | 板楼,http://image1.ljcdn.com/110000-inspection/pc1_8QgMu3MIj_1.jpg.296x216.jpg
20201223,闵行,闵浦,商品房精装修双南户型，可拎包入住，地铁口200米,263万,2室1厅 | 75.89平米 | 南 | 精装 | 高楼层(共11层) | 2008年建 | 板楼,http://image1.ljcdn.com/110000-inspection/pc1_vZgLBHeuv_1.jpg.296x216.jpg
20201223,闵行,闵浦,南北户型格局好，配套设施齐全，交通便利，精装修房主自荐,350万,3室2厅 | 101.74平米 | 南 | 精装 | 低楼层(共11层) | 2008年建 | 板楼,http://image1.ljcdn.com/110000-inspection/pc1_41CVKBXta.jpg.296x216.jpg
20201223,闵行,闵浦,原始动迁，税费少，近地铁，交通便利，中间楼层,280万,2室1厅 | 77.41平米 | 南 北 | 毛坯 | 中楼层(共11层) | 2010年建 | 板楼,http://image1.ljcdn.com/110000-inspection/pc1_1ZvD7tbAN.jpg.296x216.jpg
20201223,闵行,闵浦,南北正通三房，落地双阳台，满五唯一的，到地铁300米房主自荐,310万,3室2厅 | 97.57平米 | 南 | 毛坯 | 低楼层(共11层) | 2008年建 | 板楼,http://image1.ljcdn.com/110000-inspection/pc1_J4GzAcPTw_1.jpg.296x216.jpg
20201223,闵行,闵浦,智汇苑臻美房源、带地下室、南北通户型、业主诚心卖房主自荐,645万,4室3厅 | 147.39平米 | 南 北 | 精装 | 低楼层(共12层) | 2010年建 | 板楼,http://image1.ljcdn.com/310000-inspection/pc1_la56HXAyY_1.jpg.296x216.jpg
20201223,闵行,闵浦,满五唯一，南北双阳台，户型楼层好，小区中间位置房主自荐,237万,2室2厅 | 75.19平米 | 南 北 | 精装 | 低楼层(共11层) | 2008年建 | 板楼,http://image1.ljcdn.com/110000-inspection/pc1_YVc868QVA_1.jpg.296x216.jpg
20201223,闵行,闵浦,精装修+原动迁+大户型+配套完善+三居室+拎包入住,218万,3室1厅 | 80.3平米 | 南 | 精装 | 低楼层(共17层) | 2013年建 | 板楼,http://image1.ljcdn.com/310000-inspection/pc1_HGeXFV7an.jpg.296x216.jpg
20201223,闵行,闵浦,水语人家北苑物业负责环境优美，车位充足，户型正气房主自荐,305万,2室1厅 | 77.12平米 | 南 | 精装 | 高楼层(共17层) | 2009年建 | 板楼,http://image1.ljcdn.com/110000-inspection/pc1_0cz8DsOie.jpg.296x216.jpg
20201223,闵行,闵浦,沿河景观房 配套商场 公园 医院步行即达 交通欢迎品鉴,245万,2室2厅 | 76.64平米 | 南 | 精装 | 中楼层(共17层) | 2013年建 | 板楼,http://image1.ljcdn.com/110000-inspection/pc1_qRniJjVlL.jpg.296x216.jpg
20201223,闵行,闵浦,地铁口商品房，可作阁楼，一房拎包入住看房方便近地铁房主自荐,185万,1室1厅 | 49.15平米 | 南 | 精装 | 高楼层(共6层) | 2008年建 | 板楼,http://image1.ljcdn.com/110000-inspection/pc1_G0SIr9sFA_1.jpg.296x216.jpg
20201223,闵行,闵浦,温馨一室户，已改小两房，魔都1居等你来房主自荐,192万,1室1厅 | 55.22平米 | 南 | 精装 | 低楼层(共11层) | 2008年建 | 板楼,http://image1.ljcdn.com/110000-inspection/pc1_LzlpYDaGX.jpg.296x216.jpg
20201223,闵行,闵浦,精装修，拎包入住；南北通，采光通过好房主自荐,259万,2室2厅 | 71.32平米 | 南 北 | 精装 | 低楼层(共6层) | 2008年建 | 板楼,http://image1.ljcdn.com/110000-inspection/pc1_pZzM0OLoo_1.jpg.296x216.jpg
20201223,闵行,闵浦,品质高区景观房  超大阳台 居住舒适,197万,1室1厅 | 55.97平米 | 南 | 简装 | 中楼层(共11层) | 2008年建 | 板楼,http://image1.ljcdn.com/110000-inspection/pc1_4PjRbR3K6_1.jpg.296x216.jpg
20201223,闵行,闵浦,两房南北通精装修中高楼层可以拎包入住房主自荐,235万,2室1厅 | 73.41平米 | 南 北 | 精装 | 高楼层(共9层) | 2013年建 | 板楼,http://image1.ljcdn.com/110000-inspection/pc1_ucbVPiiMf_1.jpg.296x216.jpg
20201223,闵行,闵浦,浦江电梯南北通精装两房诚心出售,276万,2室2厅 | 75.89平米 | 南 | 精装 | 中楼层(共17层) | 2008年建 | 板楼,http://image1.ljcdn.com/110000-inspection/pc1_RYK57KITj.jpg.296x216.jpg
20201223,闵行,闵浦,4A古镇辐射小区，南北通，电梯高层，商品房,253万,2室2厅 | 75.51平米 | 南 北 | 精装 | 高楼层(共14层) | 2008年建 | 板楼,http://image1.ljcdn.com/110000-inspection/pc1_QrhCJyL9D.jpg.296x216.jpg
20201223,闵行,闵浦,成熟商圈大一房  户型好  电梯景观楼层 近小区花园房主自荐,185万,1室1厅 | 57.25平米 | 南 | 毛坯 | 中楼层(共11层) | 2013年建 | 板楼,http://image1.ljcdn.com/110000-inspection/pc1_nbE5bCsOz.jpg.296x216.jpg
20201223,闵行,闵浦,毛坯一房，总价低，钥匙房看房方便,165万,1室1厅 | 56平米 | 南 | 毛坯 | 低楼层(共14层) | 2013年建 | 板楼,http://image1.ljcdn.com/110000-inspection/pc1_pTkRuSnbr_1.jpg.296x216.jpg
20201223,闵行,闵浦,原始动迁，满五唯一税费少，厨卫分离，落地阳台采光好,205万,1室1厅 | 59.21平米 | 南 | 简装 | 低楼层(共14层) | 2010年建 | 板楼,http://image1.ljcdn.com/110000-inspection/pc1_HfacmLlGs.jpg.296x216.jpg
20201223,闵行,闵浦,2012年新小区 环境好 近地铁 大一房户型好 业主诚心卖,230万,1室1厅 | 63.1平米 | 南 | 精装 | 低楼层(共14层) | 2012年建 | 板楼,http://image1.ljcdn.com/110000-inspection/pc1_mDQUbvrmG_1.jpg.296x216.jpg
20201223,闵行,闵浦,商品房南北户型，2个卧室都比较大，装修活动空间大,248万,2室2厅 | 78.6平米 | 南 北 | 毛坯 | 中楼层(共14层) | 2008年建 | 板楼,http://image1.ljcdn.com/310000-inspection/pc1_jfojNGzwe.jpg.296x216.jpg
20201223,闵行,闵浦,一梯2户南北户型 靠河边 景观好,223万,2室2厅 | 75.49平米 | 南 北 | 毛坯 | 高楼层(共14层) | 2013年建 | 板楼,http://image1.ljcdn.com/110000-inspection/pc1_rmJNijeNN.jpg.296x216.jpg
20201223,闵行,闵浦,一手动迁+近生活广场+次新小区+小区中间+景观楼层房主自荐,237万,2室1厅 | 79.95平米 | 南 北 | 毛坯 | 高楼层(共17层) | 2013年建 | 板楼,http://image1.ljcdn.com/110000-inspection/pc1_a4sTPhaO3.jpg.296x216.jpg
20201223,闵行,闵浦,一房大户型，小区环境优美，交通方便，近地铁房主自荐,190万,1室1厅 | 63.1平米 | 南 | 毛坯 | 低楼层(共14层) | 2012年建 | 板楼,http://image1.ljcdn.com/110000-inspection/pc1_JHYxC781i.jpg.296x216.jpg
20201223,闵行,闵浦,2008年商品房，房型方正，全明户型，中.心位置房主自荐,185万,1室1厅 | 54.96平米 | 南 | 精装 | 低楼层(共14层) | 2008年建 | 板楼,http://image1.ljcdn.com/110000-inspection/pc1_fVM07foM3.jpg.296x216.jpg
20201223,闵行,闵浦,总价低，户型方正，纯毛坯，沿河景观，距离地铁1500米房主自荐,162万,1室1厅 | 56.18平米 | 南 | 毛坯 | 低楼层(共14层) | 2013年建 | 板楼,http://image1.ljcdn.com/110000-inspection/pc1_WsVUpoE4p_1.jpg.296x216.jpg
20201223,闵行,闵浦,满五的楼梯房，精装，看房方便，无抵押房主自荐,240万,2室2厅 | 73.02平米 | 南 | 精装 | 低楼层(共6层) | 2008年建 | 板楼,http://image1.ljcdn.com/110000-inspection/pc1_0DJXmszf9.jpg.296x216.jpg
20201223,闵行,闵浦,近地铁，全明户型，婚房装修，智能家居生活。房主自荐,265万,2室2厅 | 77.48平米 | 南 北 | 精装 | 中楼层(共11层) | 2013年建 | 板楼,http://image1.ljcdn.com/110000-inspection/pc1_qstnrgulr_1.jpg.296x216.jpg
20201223,闵行,闵浦,毛胚一室户，中间楼层，近地铁，交通方便，生活方便房主自荐,205万,1室1厅 | 57平米 | 南 | 毛坯 | 低楼层(共17层) | 2013年建 | 板楼,http://image1.ljcdn.com/110000-inspection/pc1_NmozBLVq0.jpg.296x216.jpg
20201223,闵行,闵浦,商品房小区精装一房，满五唯一，拎包入住房主自荐,193万,1室1厅 | 55.47平米 | 南 | 精装 | 高楼层(共14层) | 2008年建 | 板楼,http://image1.ljcdn.com/110000-inspection/pc1_6MW7ySgAA_1.jpg.296x216.jpg
20201223,闵行,闵浦,次新房，近地铁，交通方便，南北二房,247万,2室2厅 | 74.09平米 | 南 北 | 简装 | 低楼层(共7层) | 2013年建 | 板楼,http://image1.ljcdn.com/110000-inspection/pc1_AsPz9cqvA.jpg.296x216.jpg
20201223,闵行,闵浦,总价低，户型正，地铁 近 ，次新小区，业主诚售,225万,2室1厅 | 72.15平米 | 南 | 精装 | 低楼层(共6层) | 2008年建 | 板楼,http://image1.ljcdn.com/110000-inspection/pc1_oabIh1m0x_1.jpg.296x216.jpg
20201223,闵行,闵浦,推门即公园，步行即商圈，出门即课堂，静待有缘人,215万,1室1厅 | 60.41平米 | 南 | 简装 | 高楼层(共11层) | 2007年建 | 板楼,http://image1.ljcdn.com/110000-inspection/pc1_zAhgrpluz_1.jpg.296x216.jpg
20201223,闵行,闵浦,南庭+两房精装修+一梯三户+通风+诚意卖房,230万,2室2厅 | 77.33平米 | 南 | 精装 | 高楼层(共9层) | 2013年建 | 板楼,http://image1.ljcdn.com/110000-inspection/pc1_Wr2h8AIdg_1.jpg.296x216.jpg
20201223,闵行,闵浦,近地铁，总价低，户型好视野开阔采光好，近超市菜场,261万,2室2厅 | 84.64平米 | 南 北 | 精装 | 低楼层(共14层) | 2013年建 | 板楼,http://image1.ljcdn.com/110000-inspection/pc1_DEBjudp60.jpg.296x216.jpg
20201223,闵行,闵浦,房子是精装修，采光无遮挡的，拎包入住。房主自荐,247万,2室2厅 | 77.15平米 | 南 北 | 精装 | 低楼层(共11层) | 2008年建 | 板楼,http://image1.ljcdn.com/110000-inspection/pc1_CJ9fdSVEI.jpg.296x216.jpg
20201223,闵行,闵浦,南北通，通风采光好，精装修，业主诚心出售,250万,2室2厅 | 73.95平米 | 南 | 精装 | 高楼层(共7层) | 2011年建 | 板楼,http://image1.ljcdn.com/110000-inspection/pc1_yn2Cbsyql_1.jpg.296x216.jpg
20201223,闵行,闵浦,出门即地铁，推门即XX，步行即公园,333万,2室2厅 | 91.81平米 | 南 北 | 精装 | 高楼层(共6层) | 2012年建 | 板楼,http://image1.ljcdn.com/110000-inspection/pc1_A60ZodtZc.jpg.296x216.jpg
20201223,闵行,闵浦,商品房小区 南北通双阳台 近地铁 出行便利房主自荐,245万,2室2厅 | 76.92平米 | 南 | 精装 | 低楼层(共11层) | 2008年建 | 板楼,http://image1.ljcdn.com/110000-inspection/pc1_lwzCffqv0_1.jpg.296x216.jpg
20201223,闵行,闵浦,商品房 南北通 自住装修 近地铁 满五唯一 好看房,239万,2室2厅 | 74平米 | 南 北 | 其他 | 低楼层(共14层) | 2008年建 | 板楼,http://image1.ljcdn.com/110000-inspection/pc1_TnsSlVnsm.jpg.296x216.jpg
20201223,闵行,闵浦,方正全明户型，花园位置，楼层好，高品质,205万,1室1厅 | 56.27平米 | 南 | 毛坯 | 中楼层(共14层) | 2011年建 | 板楼,http://image1.ljcdn.com/110000-inspection/pc1_INORlEdjh_1.jpg.296x216.jpg
20201223,闵行,闵浦,无遮挡大一房，落地窗采光好，生活配套齐全房主自荐,210万,1室1厅 | 59.5平米 | 南 | 简装 | 低楼层(共11层) | 2010年建 | 板楼,http://image1.ljcdn.com/110000-inspection/pc1_jxx0zcpbq_1.jpg.296x216.jpg
20201223,闵行,闵浦,总价低、户型正气、配套完善、出行交通都很便利房主自荐,549万,3室2厅 | 99.41平米 | 南 | 精装 | 高楼层(共13层) | 2010年建 | 塔楼,http://image1.ljcdn.com/310000-inspection/pc1_VW6vVMipV_1.jpg.296x216.jpg
20201223,闵行,闵浦,浦江智汇园三房 小区位置好 户型正气 业主诚意出售,688万,4室2厅 | 154平米 | 南 | 精装 | 低楼层(共13层) | 2010年建 | 板楼,http://image1.ljcdn.com/110000-inspection/pc1_0IqFUepBo_1.jpg.296x216.jpg
20201223,闵行,闵浦,瑞和华苑 高品质小区，方正一房房主自荐,186万,1室1厅 | 60.43平米 | 南 | 简装 | 低楼层(共14层) | 2013年建 | 板楼,http://image1.ljcdn.com/110000-inspection/pc1_ztfA109pJ.jpg.296x216.jpg
20201223,闵行,闵浦,稀有复式 精装修 诚意出售 价格可谈,439万,2室2厅 | 88.14平米 | 南 | 精装 | 高楼层(共13层) | 2010年建 | 塔楼,http://image1.ljcdn.com/110000-inspection/pc1_qniGcKPqN_1.jpg.296x216.jpg
20201223,闵行,闵浦,原始动迁，税费少，总价低，近地铁，交通方便房主自荐,168万,1室1厅 | 55.63平米 | 南 | 毛坯 | 低楼层(共14层) | 2013年建 | 板楼,http://image1.ljcdn.com/110000-inspection/pc1_ZzviXZvgK.jpg.296x216.jpg
20201223,闵行,闵浦,品质小区、高区房源、精装修、出行方便，诚心售房房主自荐,460万,3室1厅 | 81.22平米 | 南 | 精装 | 高楼层(共12层) | 2010年建 | 板楼,http://image1.ljcdn.com/110000-inspection/pc1_jLBW2daC9_1.jpg.296x216.jpg
20201223,闵行,闵浦,商品房小区 地铁700米 南北通双阳台带装修,279万,2室1厅 | 76平米 | 南 北 | 精装 | 高楼层(共14层) | 2008年建 | 板楼,http://image1.ljcdn.com/310000-inspection/prod-a929343c-dacc-4d7e-88c3-0761652197d7.jpg.296x216.jpg
20201223,闵行,闵浦,急售！南北通，税费少，采光好生活便利，配套齐全！房主自荐,255万,2室1厅 | 77.18平米 | 南 | 毛坯 | 低楼层(共7层) | 2011年建 | 板楼,http://image1.ljcdn.com/110000-inspection/pc1_TxTquGxUp_1.jpg.296x216.jpg
20201223,闵行,闵浦,精装修一楼带地下室带产权车位价格可谈房主自荐,620万,4室3厅 | 149.37平米 | 南 北 | 精装 | 低楼层(共12层) | 2010年建 | 板楼,http://image1.ljcdn.com/110000-inspection/pc1_ap86fA4zW_1.jpg.296x216.jpg
20201223,闵行,闵浦,原动迁，税费少，楼层高，视野好，房龄新，配套成熟房主自荐,230万,2室2厅 | 76.51平米 | 南 | 简装 | 中楼层(共18层) | 2014年建 | 板楼,http://image1.ljcdn.com/110000-inspection/pc1_jv2BVCiBl_1.jpg.296x216.jpg
20201223,闵行,闵浦,八号线地铁站，出行方便，户型方正，原动迁，税费少，新上,310万,2室2厅 | 74.76平米 | 南 | 毛坯 | 中楼层(共11层) | 2013年建 | 板楼,http://image1.ljcdn.com/x-se/hdic-frame/39e8e70c-a522-46b8-9a19-b33c7a84424e.png.296x216.jpg
20201223,闵行,闵浦,聚缘中庭少有一梯三户双南户型，近配套设施区交通便利新上,232万,2室1厅 | 76.87平米 | 南 | 精装 | 低楼层(共9层) | 2013年建 | 板楼,http://image1.ljcdn.com/x-se/hdic-frame/69077822-2e89-46ea-bfef-fc1b037a640c.png.296x216.jpg
20201223,闵行,闵浦,欣佳宝邸(北区) 3室2厅 南 北新上,375万,3室2厅 | 97.76平米 | 南 北 | 简装 | 中楼层(共14层) | 2011年建 | 板楼,
20201223,闵行,闵浦,4A级古镇辐射小区、满二年、精装修,280万,2室1厅 | 74.53平米 | 南 北 | 简装 | 低楼层(共14层) | 2008年建 | 板楼,http://image1.ljcdn.com/x-se/hdic-frame/a45b45a0-65e4-4378-abda-2cfd59f40b38.png.296x216.jpg
20201223,闵行,闵浦,中间楼层采光好，满五唯一税费少房主自荐,205万,1室1厅 | 54.93平米 | 南 | 毛坯 | 中楼层(共11层) | 2009年建 | 板楼,http://image1.ljcdn.com/x-se/hdic-frame/db233185-2592-4137-abc7-e77d083f068d.png.296x216.jpg
20201223,闵行,闵浦,水语人家，中高楼层，沿河景观，视野开阔，拎包入住！房主自荐,295万,2室2厅 | 80.1平米 | 南 北 | 精装 | 高楼层(共17层) | 2009年建 | 板楼,http://image1.ljcdn.com/x-se/hdic-frame/dbddb7b1-9221-4cd3-bf84-c6abcadefcd3.png.296x216.jpg
20201223,闵行,闵浦,配套好，生活方便，税费少，低区出入方便，价可谈。新上,245万,2室1厅 | 71.15平米 | 南 北 | 简装 | 低楼层(共11层) | 2007年建 | 板楼,http://image1.ljcdn.com/x-se/hdic-frame/017b18e7-f354-4e6a-8c84-5cf71b542e0c.png.296x216.jpg
20201223,闵行,闵浦,原始动迁，精装修，拎包入住，个税1%,无户口无抵押,305万,2室1厅 | 76.85平米 | 南 | 精装 | 高楼层(共14层) | 2009年建 | 板楼,http://image1.ljcdn.com/x-se/hdic-frame/8cbe8608-d2fc-4fdc-956c-d5c40e2d4093.png.296x216.jpg
20201223,闵行,闵浦,近地铁 总价低 大两房 配套齐全 环境优美 交通便利房主自荐,330万,2室2厅 | 91.81平米 | 南 北 | 精装 | 中楼层(共6层) | 2012年建 | 板楼,http://image1.ljcdn.com/x-se/hdic-frame/2ba06487-689f-4332-a02e-4e2b6e875fa3.png.296x216.jpg
20201223,闵行,闵浦,此方南北通 落地窗大阳台 楼层佳 户型正气,248万,2室1厅 | 74.73平米 | 南 北 | 简装 | 高楼层(共17层) | 2010年建 | 板楼,http://image1.ljcdn.com/x-se/hdic-frame/679d93b8-ae3d-42ba-bfe0-44091645d87e.png.296x216.jpg
20201223,闵行,闵浦,商品房小区 沿河景观 温馨舒适南北两房房主自荐,215万,2室1厅 | 76.46平米 | 南 | 精装 | 低楼层(共9层) | 2008年建 | 板楼,
20201223,闵行,闵浦,原始动迁，中间楼层，沿河景观，距离地铁1.6公里。,177万,1室1厅 | 56.18平米 | 南 | 毛坯 | 中楼层(共14层) | 2013年建 | 板楼,http://image1.ljcdn.com/x-se/shfdfs-image/20161118/e4fcb515-749f-4528-bd36-8700c9432990.jpg.296x216.jpg
20201223,闵行,闵浦,此房原始动迁，无增值税；房东诚意卖房；配套成熟,224万,2室1厅 | 73.41平米 | 南 北 | 毛坯 | 低楼层(共14层) | 2013年建 | 板楼,http://image1.ljcdn.com/x-se/hdic-frame/b7859dc8-b0c7-46b9-8b89-9c69c8ac4a7e.png.296x216.jpg
20201223,闵行,闵浦,电梯高楼层 视野无遮挡 看房方便 诚心出售房主自荐,185万,1室1厅 | 53.42平米 | 南 | 简装 | 中楼层(共17层) | 2010年建 | 板楼,
20201223,闵行,闵浦,浦江宝邸北区 2室2厅 南 北,295万,2室2厅 | 79.92平米 | 南 北 | 精装 | 低楼层(共14层) | 2010年建 | 板楼,
20201223,闵行,闵浦,浦江宝邸 2室2厅 南房主自荐,235万,2室2厅 | 77.73平米 | 南 | 简装 | 中楼层(共18层) | 2014年建 | 板楼,http://image1.ljcdn.com/x-se/hdic-frame/2683b408-71c0-44e9-ac50-2502a8d63e5a.png.296x216.jpg
20201223,闵行,闵浦,近轨交，商品房小区，精装修，视野采光佳,340万,3室2厅 | 93.04平米 | 南 北 | 精装 | 高楼层(共14层) | 2008年建 | 板楼,http://image1.ljcdn.com/x-se/hdic-frame/c99a59a1-be97-437c-bc07-28608aaed515.png.296x216.jpg
20201223,闵行,闵浦,正对小区中间花园，南北通户型，全明采光,455万,3室2厅 | 91.75平米 | 南 北 | 精装 | 低楼层(共13层) | 2010年建 | 板楼,http://image1.ljcdn.com/x-se/hdic-frame/eaa9b8f1-888c-4f32-9b09-3c10e44098e6.png.296x216.jpg
20201223,闵行,闵浦,商品房小区 地铁 70 0米 精装修视野好,205万,1室1厅 | 55.47平米 | 南 北 | 精装 | 中楼层(共14层) | 2008年建 | 板楼,http://image1.ljcdn.com/x-se/hdic-frame/61e59946-56eb-49da-b8a4-ccefd2e3d533.png.296x216.jpg
20201223,闵行,闵浦,楼层好，位置好，全明户型，诚心出售。,253万,2室1厅 | 71.23平米 | 南 | 毛坯 | 中楼层(共6层) | 2008年建 | 板楼,
20201223,闵行,闵浦,电梯高区朝南户型 地铁1公里 电梯高区开发商统一装修,320万,2室1厅 | 105.87平米 | 南 | 其他 | 高楼层(共14层) | 2015年建 | 塔楼,
20201223,闵行,闵浦,地铁口南北通透户型 非一楼自如简装可拎包入住房主自荐,277万,2室2厅 | 74.76平米 | 南 北 | 精装 | 低楼层(共11层) | 2013年建 | 板楼,http://image1.ljcdn.com/x-se/hdic-frame/38460e1f-4cc8-4f25-a467-1943650924e0.png.296x216.jpg
20201223,闵行,闵浦,南北通两房 近轨交 商品房小区 交通生活便利,248万,2室2厅 | 74平米 | 南 北 | 毛坯 | 低楼层(共14层) | 2008年建 | 板楼,http://image1.ljcdn.com/x-se/hdic-frame/b57badab-774f-4050-8b9d-b969fd698d2d.png.296x216.jpg
20201223,闵行,闵浦,智慧园，中间楼层  正对中间花园位置   婚房装修,500万,3室2厅 | 91.75平米 | 南 | 精装 | 中楼层(共13层) | 2010年建 | 板楼,http://image1.ljcdn.com/x-se/hdic-frame/5bbd56cf-a2ed-46ee-9b5c-af19a5e79d6f.jpg.296x216.jpg
20201223,闵行,闵浦,低总价！看房方便，全南户型，户型方正,235万,2室2厅 | 76.2平米 | 南 | 毛坯 | 低楼层(共7层) | 2011年建 | 板楼,http://image1.ljcdn.com/x-se/hdic-frame/01277da4-dda6-40be-b25d-cf2162b7792e.png.296x216.jpg
20201223,闵行,闵浦,原始动迁+全南户型+低总价+诚心出售+高得房率+无遮挡房主自荐,208万,2室2厅 | 76平米 | 南 | 毛坯 | 低楼层(共17层) | 2013年建 | 板楼,
20201223,闵行,闵浦,正对小区中间花园，中间楼层，南北通户型，全明采光,500万,2室2厅 | 91.23平米 | 南 北 | 精装 | 高楼层(共13层) | 2010年建 | 板楼,http://image1.ljcdn.com/x-se/hdic-frame/test-ca197b25-72f4-44d5-8034-cc41a8524987.png.296x216.jpg
20201223,闵行,闵浦,闵浦大三房，飞机户型，配套齐全新上,420万,3室2厅 | 115.11平米 | 南 北 | 其他 | 中楼层(共11层) | 2007年建 | 板楼,http://image1.ljcdn.com/110000-inspection/pc1_s8HBafdd7_1.jpg.296x216.jpg
20201223,闵行,闵浦,配套齐全，环境优良，适宜居住.新上,430万,3室2厅 | 118.86平米 | 南 | 精装 | 中楼层(共6层) | 2012年建 | 板楼,http://image1.ljcdn.com/110000-inspection/pc1_Q4DirX2OO.jpg.296x216.jpg
20201223,闵行,闵浦,此房原始动迁，诚心出售，户型正气，交通方便,335万,3室2厅 | 95.54平米 | 南 | 简装 | 低楼层(共17层) | 2013年建 | 板楼,http://image1.ljcdn.com/110000-inspection/pc1_blQARLiG5_1.jpg.296x216.jpg
20201223,闵行,闵浦,精装修+清爽+户型方正+南北通透房主自荐,390万,3室2厅 | 93.04平米 | 南 北 | 精装 | 中楼层(共14层) | 2008年建 | 板楼,http://image1.ljcdn.com/110000-inspection/pc1_kccsl0Mn1_1.jpg.296x216.jpg
20201223,闵行,闵浦,沿河景观房 采光好 距离浦江线近交通便利,280万,2室1厅 | 80.09平米 | 南 | 毛坯 | 低楼层(共17层) | 2010年建 | 板楼,http://image1.ljcdn.com/110000-inspection/pc1_qpLU7rhdg.jpg.296x216.jpg
20201223,闵行,闵浦,精装修 两室两厅 带双阳台 采光好 通风好 温馨舒适新上,298万,2室2厅 | 75.87平米 | 南 北 | 简装 | 中楼层(共14层) | 2008年建 | 板楼,http://image1.ljcdn.com/x-se/hdic-frame/fa9cadbb-993e-4620-a19b-ce8873c2efd8.png.296x216.jpg
20201223,闵行,闵浦,瑞和新苑 阁楼房 精装  诚意卖价格可谈 2房2庭南北通新上,280万,2室1厅 | 72.87平米 | 南 北 | 其他 | 高楼层(共6层) | 2008年建 | 板楼,http://image1.ljcdn.com/x-se/hdic-frame/8a08236f-d48f-40bf-b237-2c73692f70b5.png.296x216.jpg
20201223,闵行,闵浦,聚缘南庭 2室1厅 南 北,235万,2室1厅 | 74.35平米 | 南 北 | 其他 | 低楼层(共9层) | 2013年建 | 板楼,http://image1.ljcdn.com/x-se/hdic-frame/b0244e54-32a2-4e74-b031-b36260cee752.png.296x216.jpg
20201223,闵行,闵浦,户型佳，诚意出售，到价就签。欢迎带看,254万,2室2厅 | 80.52平米 | 南 | 简装 | 低楼层(共11层) | 2013年建 | 板楼,http://image1.ljcdn.com/x-se/hdic-frame/b4661363-c9d0-411c-8630-1b2c8274493c.png.296x216.jpg
20201223,闵行,闵浦,水语人家双南两房，中间楼层，看房方便，诚心出售房主自荐,272万,2室1厅 | 73.65平米 | 南 | 毛坯 | 高楼层(共11层) | 2010年建 | 板楼,
20201223,闵行,闵浦,全明两卫大两房，原始动迁税费少房主自荐,360万,2室2厅 | 107.15平米 | 南 北 | 毛坯 | 低楼层(共18层) | 2014年建 | 板楼,
20201223,闵行,闵浦,前滩禧悦 2室2厅 南,420万,2室2厅 | 139.47平米 | 南 | 其他 | 中楼层(共14层) | 2015年建 | 塔楼,
20201223,闵行,闵浦,采光号和视野开阔，南北户型，每个房间都比较大房主自荐,252万,2室1厅 | 73.4平米 | 南 北 | 简装 | 低楼层(共14层) | 2013年建 | 板楼,http://image1.ljcdn.com/x-se/hdic-frame/0aa768f3-5f45-4619-a301-0648631148e0.png.296x216.jpg
20201223,闵行,闵浦,高楼层，南北格局大两房，采光好，可以做阁楼,295万,2室2厅 | 80.02平米 | 南 北 | 毛坯 | 高楼层(共14层) | 2013年建 | 板楼,
