20201223,闵行,金虹桥,别墅小区明申花园正三房位置居中采光充足看房便捷必看好房,940万,3室2厅 | 142.61平米 | 南 | 精装 | 中楼层(共6层) | 1999年建 | 板楼,http://image1.ljcdn.com/110000-inspection/pc1_0yi5SCwwf_1.jpg.296x216.jpg
20201223,闵行,金虹桥,电梯高区+景观视野超群+户型正气+产权清晰+屋况良好必看好房,880万,3室2厅 | 146.7平米 | 西南 | 精装 | 高楼层(共14层) | 1997年建 | 板楼,http://image1.ljcdn.com/110000-inspection/pc1_xfxzhsazO_1.jpg.296x216.jpg
20201223,闵行,金虹桥,税费少，两房朝南，高区视野，户型方正，精装修！必看好房,739万,3室2厅 | 121.95平米 | 南 | 精装 | 高楼层(共18层) | 1998年建 | 塔楼,http://image1.ljcdn.com/110000-inspection/pc1_xtrr63asF_1.jpg.296x216.jpg
20201223,闵行,金虹桥,双卧朝南，小区中间位置，卧室带阳台采光好，户型方正必看好房,499万,2室2厅 | 77.75平米 | 南 | 简装 | 高楼层(共6层) | 1995年建 | 板楼,http://image1.ljcdn.com/110000-inspection/pc1_8XN1QILB7_1.jpg.296x216.jpg
20201223,闵行,金虹桥,小区中间位置，次顶楼，采光好，满五唯一必看好房,275万,1室1厅 | 53.66平米 | 南 | 简装 | 高楼层(共6层) | 1997年建 | 板楼,http://image1.ljcdn.com/110000-inspection/pc1_a4agsvPs6.jpg.296x216.jpg
20201223,闵行,金虹桥,户型正气，南北格局，实用两房，精装修，外立面新必看好房,499万,2室2厅 | 86.59平米 | 南 | 精装 | 高楼层(共6层) | 1996年建 | 板楼,http://image1.ljcdn.com/110000-inspection/pc1_P6wHeG8Vw_1.jpg.296x216.jpg
20201223,闵行,金虹桥,精装修，户型好采光好，诚意出售必看好房,569万,2室2厅 | 101.13平米 | 南 | 精装 | 高楼层(共6层) | 1995年建 | 板楼,http://image1.ljcdn.com/110000-inspection/pc1_2QQgvBvil_1.jpg.296x216.jpg
20201223,闵行,金虹桥,金虹桥总价zhui低电梯两房，好楼层，精装修，近期必售必看好房,586万,2室1厅 | 87.62平米 | 南 | 精装 | 中楼层(共11层) | 2002年建 | 板楼,http://image1.ljcdn.com/110000-inspection/pc1_yZkmJr8Pq_1.jpg.296x216.jpg
20201223,闵行,金虹桥,安静位置，户型方正，落地窗，采光无限好，欧式精装必看好房,820万,2室2厅 | 104.53平米 | 南 | 精装 | 低楼层(共11层) | 2002年建 | 板楼,http://image1.ljcdn.com/110000-inspection/pc1_esluluc9c_1.jpg.296x216.jpg
20201223,闵行,金虹桥,诚意笋盘，中环刚需房，业主诚意出售，看房提前预约必看好房,290万,1室1厅 | 51.58平米 | 南 | 简装 | 低楼层(共6层) | 1994年建 | 板楼,http://image1.ljcdn.com/110000-inspection/pc1_FDrNLDe7X_1.jpg.296x216.jpg
20201223,闵行,金虹桥,地铁200米 中间楼层 小区中间位置 满五唯一税少必看好房,496万,2室1厅 | 76.48平米 | 南 | 精装 | 低楼层(共6层) | 1996年建 | 板楼,http://image1.ljcdn.com/110000-inspection/pc1_dY3yPQLwt_1.jpg.296x216.jpg
20201223,闵行,金虹桥,高区两房，视野宽阔采光充足，满五唯一没有个税！必看好房,658万,2室2厅 | 97.9平米 | 南 | 简装 | 高楼层(共18层) | 1998年建 | 塔楼,http://image1.ljcdn.com/110000-inspection/pc1_KudiB0QEs_1.jpg.296x216.jpg
20201223,闵行,金虹桥,近漕河泾，中间楼层，南北两房，小区干净整洁，近地铁必看好房,330万,2室1厅 | 58.29平米 | 南 | 简装 | 中楼层(共6层) | 1994年建 | 板楼,http://image1.ljcdn.com/110000-inspection/pc1_KKvxo9KIb_1.jpg.296x216.jpg
20201223,闵行,金虹桥,刚需小三房！满五唯一，采光充足，产权干净！必看好房,630万,3室2厅 | 104.78平米 | 南 | 精装 | 高楼层(共6层) | 1996年建 | 板楼,http://image1.ljcdn.com/110000-inspection/pc1_BSSymE7ea_1.jpg.296x216.jpg
20201223,闵行,金虹桥,全明户型，婚房装修。古北国际社区旁，闹中取静。必看好房,585万,3室1厅 | 85.5平米 | 南 | 精装 | 中楼层(共6层) | 1996年建 | 板楼,http://image1.ljcdn.com/110000-inspection/pc1_mRErNQJqk_1.jpg.296x216.jpg
20201223,闵行,金虹桥,3开间朝南，两房朝南，客厅朝南，采光好，看房方便新上,740万,2室1厅 | 100.56平米 | 南 | 简装 | 低楼层(共18层) | 2004年建 | 板楼,http://image1.ljcdn.com/110000-inspection/pc1_ZQFWguA7V_1.jpg.296x216.jpg
20201223,闵行,金虹桥,满五唯一，带有花园的大三房，户型好,800万,3室1厅 | 139.2平米 | 南 | 简装 | 低楼层(共6层) | 1995年建 | 板楼,http://image1.ljcdn.com/110000-inspection/pc1_juQigKMAn_1.jpg.296x216.jpg
20201223,闵行,金虹桥,中环内 别墅小区 电梯三房 板式户型 采光好,758万,3室2厅 | 122.03平米 | 南 | 简装 | 中楼层(共8层) | 1999年建 | 板楼,http://image1.ljcdn.com/110000-inspection/pc1_Hh1CD7UvK_1.jpg.296x216.jpg
20201223,闵行,金虹桥,位置楼层好，税费极少，装修一年多保养好，打包价合适,860万,3室2厅 | 102.16平米 | 南 | 精装 | 中楼层(共8层) | 1998年建 | 板塔结合,http://image1.ljcdn.com/110000-inspection/pc1_j2enhmySE_1.jpg.296x216.jpg
20201223,闵行,金虹桥,满五唯一，3+1房，高区采光好，不靠中环，看房方便,1120万,3室2厅 | 155平米 | 南 | 精装 | 中楼层(共8层) | 1998年建 | 板塔结合,http://image1.ljcdn.com/110000-inspection/pc1_6M2ByV143_1.jpg.296x216.jpg
20201223,闵行,金虹桥,精装修+干挂石材品质+万科物业管理+国际社区风范新上,930万,2室2厅 | 86.48平米 | 南 北 | 精装 | 低楼层(共27层)  | 板楼,http://image1.ljcdn.com/110000-inspection/pc1_6vCYHEqlR_1.jpg.296x216.jpg
20201223,闵行,金虹桥,近内环 地铁400米 南北通 全明户型 业主诚售新上,710万,2室2厅 | 106.03平米 | 南 | 精装 | 低楼层(共6层) | 1997年建 | 板楼,http://image1.ljcdn.com/110000-inspection/pc1_X986UMo5b_1.jpg.296x216.jpg
20201223,闵行,金虹桥,全明户型，位置安静，交通方便，环境幽静。,850万,3室2厅 | 111.07平米 | 南 | 其他 | 低楼层(共6层) | 2003年建 | 板楼,http://image1.ljcdn.com/110000-inspection/pc1_EJJjU2390_1.jpg.296x216.jpg
20201223,闵行,金虹桥,地铁200米 中间楼层小区中间位置满五唯一税少得房率高,580万,2室1厅 | 76.48平米 | 南 北 | 精装 | 低楼层(共6层) | 1996年建 | 板楼,http://image1.ljcdn.com/110000-inspection/pc1_dGIt1OX5Y_1.jpg.296x216.jpg
20201223,闵行,金虹桥,1998年竣工，一梯两户，户型很方正，满五年唯一新上,320万,1室1厅 | 57.87平米 | 南 北 | 简装 | 高楼层(共6层) | 1998年建 | 板楼,http://image1.ljcdn.com/110000-inspection/pc1_v3lSg4Tp0_1.jpg.296x216.jpg
20201223,闵行,金虹桥,金虹桥南北两房，通风好，采光佳，满五唯一房主自荐,485万,2室2厅 | 90.63平米 | 南 北 | 简装 | 低楼层(共6层) | 1995年建 | 板楼,http://image1.ljcdn.com/110000-inspection/pc1_6pJ7ANDiX_1.jpg.296x216.jpg
20201223,闵行,金虹桥,高区采光好，看房方便，满五唯一税费少，价格可沟通！房主自荐,760万,3室2厅 | 121.72平米 | 南 | 精装 | 高楼层(共18层) | 1998年建 | 塔楼,http://image1.ljcdn.com/310000-inspection/prod-f00eb03c-1c9e-4068-8537-e3376b63225a.jpg.296x216.jpg
20201223,闵行,金虹桥,L型四合院式纯独栋，聚气聚财，套间设计，760平米占地,4000万,5室3厅 | 437.11平米 | 南 | 精装 | 3层 | 1997年建 | 板楼 | 独栋别墅,http://image1.ljcdn.com/110000-inspection/pc1_XAjChllcF_1.jpg.296x216.jpg
20201223,闵行,金虹桥,满五唯一，无个税，新装修，全屋地暖,980万,3室2厅 | 159.59平米 | 东南 | 精装 | 低楼层(共8层) | 1997年建 | 板塔结合,http://image1.ljcdn.com/110000-inspection/pc1_7lOaubYEZ_1.jpg.296x216.jpg
20201223,闵行,金虹桥,大客厅，明亮户型，闹钟取静，业主诚意售,660万,3室2厅 | 141平米 | 南 | 简装 | 中楼层(共6层) | 1997年建 | 板楼,http://image1.ljcdn.com/110000-inspection/pc1_qq98UwRW1_1.jpg.296x216.jpg
20201223,闵行,金虹桥,楼中楼，中间位置，视野开阔，有车位，随时看！,1425万,4室2厅 | 224.42平米 | 南 | 简装 | 中楼层(共13层) | 2002年建 | 板楼,http://image1.ljcdn.com/110000-inspection/pc1_KxQnF7C1p_1.jpg.296x216.jpg
20201223,闵行,金虹桥,东边套全明Xi售+大客厅翩翩起舞+1梯2户+中间楼层,814万,3室2厅 | 157.71平米 | 南 | 简装 | 中楼层(共13层) | 1997年建 | 板楼,http://image1.ljcdn.com/110000-inspection/pc1_hHATkBQyb_1.jpg.296x216.jpg
20201223,闵行,金虹桥,2005年高品质小区+楼层好+南北飘窗,860万,3室2厅 | 139.19平米 | 南 北 | 简装 | 中楼层(共13层) | 2005年建 | 板楼,http://image1.ljcdn.com/110000-inspection/pc1_v8TTDvfBN_1.jpg.296x216.jpg
20201223,闵行,金虹桥,地铁200米 中间楼层 精装修小区中间位置 满五唯一税少房主自荐,750万,3室2厅 | 113.39平米 | 南 | 精装 | 低楼层(共6层) | 1996年建 | 板楼,http://image1.ljcdn.com/110000-inspection/pc1_doEwcnJ6O_1.jpg.296x216.jpg
20201223,闵行,金虹桥,专属推荐 景观楼层 东南边套 光照充足 满五唯一！房主自荐,585万,2室1厅 | 84.82平米 | 东南 南 | 精装 | 高楼层(共25层) | 1996年建 | 塔楼,http://image1.ljcdn.com/110000-inspection/pc1_yNkSxoSlM_1.jpg.296x216.jpg
20201223,闵行,金虹桥,2011小区商品房，高区景观好，板式户型，带车位出售。,1020万,3室2厅 | 135.46平米 | 南 | 精装 | 高楼层(共16层) | 2011年建 | 板楼,http://image1.ljcdn.com/110000-inspection/pc1_UlC8Ss0r9_1.jpg.296x216.jpg
20201223,闵行,金虹桥,奢华装修 带大花园 独门独户 双车位 满五唯一 诚意售,2500万,4室2厅 | 296.22平米 | 南 | 精装 | 低楼层(共16层) | 2013年建 | 板楼,http://image1.ljcdn.com/110000-inspection/pc1_0epgP1l09_1.jpg.296x216.jpg
20201223,闵行,金虹桥,精装修 满五唯一 小区中间位置房主自荐,550万,3室2厅 | 81.07平米 | 南 | 精装 | 高楼层(共6层) | 1995年建 | 板楼,http://image1.ljcdn.com/110000-inspection/pc1_q0iLbSavO_1.jpg.296x216.jpg
20201223,闵行,金虹桥,名都城157平的3房+边套户型+视野宽阔+拎包入住+随时看,1030万,3室2厅 | 157.28平米 | 南 | 精装 | 低楼层(共14层) | 1999年建 | 板塔结合,http://image1.ljcdn.com/110000-inspection/pc1_LHRUwiZPS_1.jpg.296x216.jpg
20201223,闵行,金虹桥,167平米精装修3+1房，带保姆间，位置好，看房方便房主自荐,1150万,4室2厅 | 167.42平米 | 南 北 | 简装 | 低楼层(共8层) | 1998年建 | 板塔结合,http://image1.ljcdn.com/110000-inspection/pc1_XCVaSxKy6_1.jpg.296x216.jpg
20201223,闵行,金虹桥,金虹桥带天井一房，价格美丽，自住养老的上上之选,245万,1室1厅 | 42.2平米 | 南 | 简装 | 低楼层(共6层) | 1994年建 | 板楼,http://image1.ljcdn.com/110000-inspection/pc1_g51Yj8HYw_1.jpg.296x216.jpg
20201223,闵行,金虹桥,漕河泾旁，阳光天井房，欢迎有缘人,350万,2室1厅 | 57平米 | 南 北 | 简装 | 低楼层(共6层) | 1992年建 | 板楼,http://image1.ljcdn.com/110000-inspection/pc1_8ocBOhD1B_1.jpg.296x216.jpg
20201223,闵行,金虹桥,15号线400米 精装修 大两房 南北通 看房提前预约房主自荐,650万,2室2厅 | 106平米 | 南 | 简装 | 高楼层(共6层) | 1997年建 | 板楼,http://image1.ljcdn.com/110000-inspection/pc1_68t7HOC2G_1.jpg.296x216.jpg
20201223,闵行,金虹桥,海联花苑，三开间朝南，采光无遮挡，全明户型房主自荐,590万,3室1厅 | 92.38平米 | 南 | 精装 | 高楼层(共6层) | 1996年建 | 板楼,http://image1.ljcdn.com/110000-inspection/pc1_gz1LGmu6i_1.jpg.296x216.jpg
20201223,闵行,金虹桥,交通便利，实用电梯房，户型好。,628万,2室2厅 | 101.15平米 | 南 | 精装 | 中楼层(共13层) | 2003年建 | 板楼,http://image1.ljcdn.com/110000-inspection/pc1_c4XPB9jmb_1.jpg.296x216.jpg
20201223,闵行,金虹桥,古北虹苑（二期） 3室2厅 南,880万,3室2厅 | 111.96平米 | 南 | 精装 | 高楼层(共6层) | 2003年建 | 板楼,http://image1.ljcdn.com/110000-inspection/pc1_A70GGNr7K_1.jpg.296x216.jpg
20201223,闵行,金虹桥,大大平层！低单价！凤凰楼层！一梯两户！老干部小区！,1150万,5室2厅 | 254.74平米 | 东南 | 精装 | 高楼层(共6层) | 1996年建 | 板楼,http://image1.ljcdn.com/110000-inspection/pc1_Z08iYUD7Z_1.jpg.296x216.jpg
20201223,闵行,金虹桥,臻园(公寓)(闵行) 0室0厅 南房主自荐,4549万,0室0厅 | 442.86平米 | 南 | 精装 | 高楼层(共18层) | 2005年建 | 板楼,http://image1.ljcdn.com/110000-inspection/pc1_yySW73hHo_1.jpg.296x216.jpg
20201223,闵行,金虹桥,50万精装全明大三房，宽敞客厅！视野开阔，满二低税！,720万,3室2厅 | 148.04平米 | 南 | 精装 | 高楼层(共6层) | 1996年建 | 板楼,http://image1.ljcdn.com/110000-inspection/pc1_qLBExzocs_1.jpg.296x216.jpg
20201223,闵行,金虹桥,海联花苑，精装大三房，全明户型，一梯两户，得房率高,968万,3室2厅 | 136.41平米 | 南 | 精装 | 低楼层(共18层) | 2002年建 | 板楼,http://image1.ljcdn.com/110000-inspection/pc1_rJxFJZsx8_1.jpg.296x216.jpg
20201223,闵行,金虹桥,奥森公寓 2室2厅 南,550万,2室2厅 | 120.18平米 | 南 | 简装 | 低楼层(共15层) | 1999年建 | 塔楼,http://image1.ljcdn.com/110000-inspection/pc1_mKp0BlHuy_1.jpg.296x216.jpg
20201223,闵行,金虹桥,高区景观复式，南北户型，采光充足，诚意出售,1650万,4室2厅 | 228.53平米 | 南 | 精装 | 高楼层(共16层) | 2002年建 | 板楼,http://image1.ljcdn.com/110000-inspection/pc1_dHEtkivsb_1.jpg.296x216.jpg
20201223,闵行,金虹桥,买进价格高，满二，南北通全明户型，业主诚意出售！房主自荐,1220万,3室2厅 | 167.42平米 | 南 | 精装 | 中楼层(共8层) | 1998年建 | 板塔结合,http://image1.ljcdn.com/110000-inspection/pc1_qFBOfPpNQ_1.jpg.296x216.jpg
20201223,闵行,金虹桥,高品质！买进价高，税少，看小区和高尔夫景观。诚意！房主自荐,1280万,3室2厅 | 165.98平米 | 南 | 简装 | 中楼层(共18层) | 2006年建 | 板楼,http://image1.ljcdn.com/110000-inspection/pc1_ILBsLNmut_1.jpg.296x216.jpg
20201223,闵行,金虹桥,地铁200米 精装修 南北通透 固定车位 满五唯一税费少房主自荐,690万,3室2厅 | 113.49平米 | 南 北 | 精装 | 高楼层(共6层) | 1996年建 | 板楼,http://image1.ljcdn.com/110000-inspection/pc1_dbtIy5M9d_1.jpg.296x216.jpg
20201223,闵行,金虹桥,别墅区住宅 品质小区 超大客厅 采光无遮挡 视野很赞,960万,3室2厅 | 138.34平米 | 南 | 简装 | 高楼层(共4层) | 1997年建 | 板楼,http://image1.ljcdn.com/110000-inspection/pc1_dSp5V6tsh_1.jpg.296x216.jpg
20201223,闵行,金虹桥,锦华公寓方正三房满五唯一税费少看房方便近地铁,760万,3室2厅 | 117.53平米 | 南 | 简装 | 低楼层(共6层) | 1997年建 | 板楼,http://image1.ljcdn.com/110000-inspection/pc1_u4nRq9lwa_1.jpg.296x216.jpg
20201223,闵行,金虹桥,古北商圈 虹桥明珠 临地铁 156平高区大面积 看房方便,900万,3室2厅 | 156.11平米 | 南 | 精装 | 18层 | 1998年建 | 塔楼,http://image1.ljcdn.com/310000-inspection/test-8e88c034-2617-43c1-ad5e-3a992ea2b248.jpg.296x216.jpg
20201223,闵行,金虹桥,全明，不靠马路，有钥匙，靠15号线，满五唯一，诚意卖房主自荐,635万,3室2厅 | 100.07平米 | 南 | 精装 | 高楼层(共6层) | 1996年建 | 板楼,http://image1.ljcdn.com/110000-inspection/pc1_ziTUCHG0j_1.jpg.296x216.jpg
20201223,闵行,金虹桥,临湖观鱼，花园位置，三开间朝南，飞机户型，高区楼层房主自荐,798万,3室2厅 | 127.17平米 | 南 | 简装 | 中楼层(共14层) | 2002年建 | 板楼,http://image1.ljcdn.com/310000-inspection/pc1_rRd2dWZ40_1.jpg.296x216.jpg
20201223,闵行,金虹桥,海申花园 2室1厅 南新上,480万,2室1厅 | 69.46平米 | 南 | 简装 | 低楼层(共6层) | 1995年建 | 板楼,http://image1.ljcdn.com/110000-inspection/pc1_qdZaczAeZ_1.jpg.296x216.jpg
20201223,闵行,金虹桥,古北虹苑（一期） 3室2厅 南,550万,3室2厅 | 68.29平米 | 南 | 精装 | 低楼层(共6层) | 1997年建 | 板楼,http://image1.ljcdn.com/110000-inspection/pc1_QzZNqV2JZ_1.jpg.296x216.jpg
20201223,闵行,金虹桥,漕河泾新上双南两房 满五唯一 买进价高 税费少,355万,2室1厅 | 61.87平米 | 南 | 精装 | 中楼层(共6层) | 1994年建 | 板楼,http://image1.ljcdn.com/110000-inspection/pc1_ESShgFLPJ_1.jpg.296x216.jpg
20201223,闵行,金虹桥,精装修带地暖 业主自住保养好 诚意出售 随时可看,440万,2室2厅 | 65平米 | 南 | 精装 | 低楼层(共6层) | 1996年建 | 板楼,http://image1.ljcdn.com/110000-inspection/pc1_NUGw0GFtK_1.jpg.296x216.jpg
20201223,闵行,金虹桥,湘府花园（二期）精品一房，满五唯一税费少房主自荐,495万,1室1厅 | 48.77平米 | 南 | 精装 | 低楼层(共6层) | 1999年建 | 板楼,http://image1.ljcdn.com/110000-inspection/pc1_gpGIooMSN_1.jpg.296x216.jpg
20201223,闵行,金虹桥,边间全明三房，视野开阔，无遮挡，中区，看房方便,888万,3室2厅 | 158.49平米 | 南 | 简装 | 中楼层(共14层) | 1998年建 | 板塔结合,http://image1.ljcdn.com/110000-inspection/pc1_yNUsfbolx_1.jpg.296x216.jpg
20201223,闵行,金虹桥,房龄新，税少，采光视野好，近地铁9号线，出现便利。房主自荐,799万,3室2厅 | 125.32平米 | 南 | 毛坯 | 低楼层(共13层) | 2012年建 | 板楼,http://image1.ljcdn.com/310000-inspection/pc1_YwkoH57NE_1.jpg.296x216.jpg
20201223,闵行,金虹桥,全明飞机户型，房龄新品质高，可随时看房,1080万,3室2厅 | 127.52平米 | 南 北 | 毛坯 | 低楼层(共14层) | 2018年建 | 板楼,http://image1.ljcdn.com/110000-inspection/pc1_UmwkOItXg_1.jpg.296x216.jpg
20201223,闵行,金虹桥,业主诚意出售，满五低楼层，采光明亮,570万,2室2厅 | 126.63平米 | 南 | 简装 | 低楼层(共14层) | 2000年建 | 塔楼,http://image1.ljcdn.com/110000-inspection/pc1_FjMVFFslv_1.jpg.296x216.jpg
20201223,闵行,金虹桥,。独有5700平方米下沉式中庭水景花园为虹桥别墅区,1820万,5室2厅 | 335.26平米 | 南 | 毛坯 | 3层  | 板楼 | 联排别墅,http://image1.ljcdn.com/110000-inspection/pc1_kDPjj6iKo_1.jpg.296x216.jpg
20201223,闵行,金虹桥,新装修，石材外立面，档次高，可拎包入住，,844万,2室1厅 | 84平米 | 南 | 精装 | 低楼层(共17层)  | 板楼,http://image1.ljcdn.com/110000-inspection/pc1_L56oCKocW_1.jpg.296x216.jpg
20201223,闵行,金虹桥,双轨地铁，古北商圈配套，满五唯一0个税，诚售随看！房主自荐,560万,2室2厅 | 96.05平米 | 东南 | 精装 | 低楼层(共18层) | 1998年建 | 塔楼,http://image1.ljcdn.com/310000-inspection/pc1_O9ioo6ftY_1.jpg.296x216.jpg
20201223,闵行,金虹桥,小区中间位置 复式 视野很好 单价低，空中别墅！房主自荐,778万,3室2厅 | 151.77平米 | 南 | 精装 | 高楼层(共6层) | 1995年建 | 板楼,http://image1.ljcdn.com/310000-inspection/pc1_q005xAkEs_1.jpg.296x216.jpg
20201223,闵行,金虹桥,电梯房高楼层朝南户型  精装修屋况良好 交通便利,760万,2室2厅 | 119.9平米 | 南 | 精装 | 18层 | 1998年建 | 塔楼,http://image1.ljcdn.com/310000-inspection/pc1_UK3HMAoMz_1.jpg.296x216.jpg
20201223,闵行,金虹桥,上虹小两房，金质二楼，业主诚心出售房主自荐,303万,2室0厅 | 54.69平米 | 南 | 简装 | 低楼层(共6层) | 1994年建 | 板楼,http://image1.ljcdn.com/310000-inspection/pc1_qfOuqoYj7_1.jpg.296x216.jpg
20201223,闵行,金虹桥,52平精致户型！98年楼梯更宽！一梯两户！直接拧包入住房主自荐,303万,1室1厅 | 52.4平米 | 南 | 精装 | 高楼层(共6层) | 1998年建 | 板楼,http://image1.ljcdn.com/110000-inspection/pc1_z0GxZFXBz_1.jpg.296x216.jpg
20201223,闵行,金虹桥,双南两卧！满五唯一！精装修，业主诚意售！,390万,3室1厅 | 76.6平米 | 南 | 简装 | 高楼层(共6层) | 1996年建 | 板楼,http://image1.ljcdn.com/110000-inspection/pc1_Ll8K3TeDC_1.jpg.296x216.jpg
20201223,闵行,金虹桥,双南两房，全明户型，采光充足，景观房，视野开阔！房主自荐,390万,2室1厅 | 72平米 | 南 | 精装 | 高楼层(共6层) | 1998年建 | 板楼,http://image1.ljcdn.com/110000-inspection/pc1_9Lvpm6nJJ_1.jpg.296x216.jpg
20201223,闵行,金虹桥,古北新城南北两房 客厅朝南 精装修拎包入住 全明户型,446万,2室1厅 | 70.24平米 | 南 | 精装 | 高楼层(共6层) | 1996年建 | 板楼,http://image1.ljcdn.com/110000-inspection/pc1_ZS7krovEt_1.jpg.296x216.jpg
20201223,闵行,金虹桥,一梯两户，南北通格局，视野宽阔，采光充足。房主自荐,395万,2室1厅 | 72.72平米 | 南 | 简装 | 高楼层(共6层) | 1994年建 | 板楼,http://image1.ljcdn.com/110000-inspection/pc1_8Ol84oNJg_1.jpg.296x216.jpg
20201223,闵行,金虹桥,南向50米间距可直视绿化，位置很好很安静，钥匙房房主自荐,395万,2室2厅 | 76.48平米 | 南 | 简装 | 高楼层(共6层) | 1998年建 | 板楼,http://image1.ljcdn.com/110000-inspection/pc1_LfxzdcL23_1.jpg.296x216.jpg
20201223,闵行,金虹桥,聚焦房源 飞机户型 屋况很棒 伶包入住 满二年 税费低房主自荐,920万,3室2厅 | 122.19平米 | 南 | 精装 | 低楼层(共18层) | 2003年建 | 板楼,http://image1.ljcdn.com/110000-inspection/pc1_SHt8VN4TY_1.jpg.296x216.jpg
20201223,闵行,金虹桥,三房两厅两卫，精装修，可拎包入住房主自荐,630万,3室2厅 | 114.73平米 | 南 | 精装 | 低楼层(共11层) | 2002年建 | 板楼,http://image1.ljcdn.com/110000-inspection/pc1_w1hcgn4z7_1.jpg.296x216.jpg
20201223,闵行,金虹桥,满五唯一 税费少 置换诚售 看房随时 通风好！房主自荐,466万,2室1厅 | 74.75平米 | 南 | 精装 | 低楼层(共18层) | 1996年建 | 塔楼,http://image1.ljcdn.com/110000-inspection/pc1_1K2FrDb4G_1.jpg.296x216.jpg
20201223,闵行,金虹桥,全明格局2房，位置安静，不靠中环，业主诚意出售,800万,2室2厅 | 101.01平米 | 南 | 精装 | 低楼层(共8层) | 1998年建 | 板塔结合,http://image1.ljcdn.com/110000-inspection/pc1_0QtuY068r_1.jpg.296x216.jpg
20201223,闵行,金虹桥,不靠马路，中间楼层，南北格局，一梯两户，诚意卖房主自荐,560万,2室2厅 | 84.87平米 | 南 | 精装 | 高楼层(共6层) | 1995年建 | 板楼,http://image1.ljcdn.com/110000-inspection/pc1_qF6CJkaeS_1.jpg.296x216.jpg
20201223,闵行,金虹桥,精装修高楼层视野开阔采光无遮挡、10+15号线双轨交汇房主自荐,428万,2室1厅 | 70.03平米 | 南 | 精装 | 高楼层(共6层) | 1995年建 | 板楼,http://image1.ljcdn.com/110000-inspection/pc1_PfO73r4AV_1.jpg.296x216.jpg
20201223,闵行,金虹桥,满二税少 税费少 置换诚售 看房随时 通风好！房主自荐,460万,2室1厅 | 74.75平米 | 南 | 简装 | 高楼层(共18层) | 1996年建 | 塔楼,http://image1.ljcdn.com/110000-inspection/pc1_cH5KOihmH_1.jpg.296x216.jpg
20201223,闵行,金虹桥,满两年买进价高，近地铁，房龄新，小区环境好带阁楼房主自荐,530万,3室2厅 | 82平米 | 南 北 | 简装 | 高楼层(共6层) | 2000年建 | 板楼,http://image1.ljcdn.com/110000-inspection/pc1_u9lQ9MpLb_1.jpg.296x216.jpg
20201223,闵行,金虹桥,双南户型，买进价高，税费少，小区中间位置，视野好。房主自荐,475万,2室1厅 | 75平米 | 南 | 简装 | 高楼层(共6层) | 2002年建 | 板楼,http://image1.ljcdn.com/110000-inspection/pc1_wKqqEAtza_1.jpg.296x216.jpg
20201223,闵行,金虹桥,房子格局较好，双卧都带衣帽间，居住舒适。房主自荐,525万,2室2厅 | 93.45平米 | 南 北 | 精装 | 高楼层(共6层) | 1997年建 | 板楼,http://image1.ljcdn.com/110000-inspection/pc1_yHHzv2LOX_1.jpg.296x216.jpg
20201223,闵行,金虹桥,万科物业，中高区采光好，全屋精装拎包入住，随时看,910万,2室2厅 | 86.45平米 | 南 | 精装 | 中楼层(共27层)  | 板楼,http://image1.ljcdn.com/110000-inspection/pc1_uPKc7Smjl_1.jpg.296x216.jpg
20201223,闵行,金虹桥,板式房型正气，15号线，买的是公寓，感觉住的是别墅,800万,2室2厅 | 102.2平米 | 南 | 简装 | 低楼层(共17层) | 2003年建 | 板楼,http://image1.ljcdn.com/110000-inspection/pc1_h6qTOieG1_1.jpg.296x216.jpg
20201223,闵行,金虹桥,08年品质小区 南北户型 精装修 近9号线 车位充足房主自荐,699万,2室2厅 | 93.82平米 | 南 | 精装 | 中楼层(共22层) | 2008年建 | 板楼,http://image1.ljcdn.com/110000-inspection/pc1_sJJypFwl5_1.jpg.296x216.jpg
20201223,闵行,金虹桥,户型方正 满二少税 自住精装 拎包入住 看房随时！房主自荐,435万,2室2厅 | 74.75平米 | 南 | 精装 | 低楼层(共18层) | 1996年建 | 塔楼,http://image1.ljcdn.com/110000-inspection/pc1_lCjlsQyHX_1.jpg.296x216.jpg
20201223,闵行,金虹桥,精装大两房 板式户型  氧吧式小区房主自荐,450万,2室1厅 | 69平米 | 南 北 | 简装 | 高楼层(共6层) | 1995年建 | 板楼,http://image1.ljcdn.com/110000-inspection/pc1_sAHeikbBw_1.jpg.296x216.jpg
20201223,闵行,金虹桥,稀有一房  户型方正  诚意出售,370万,1室1厅 | 55.93平米 | 南 | 简装 | 低楼层(共6层) | 1995年建 | 板楼,http://image1.ljcdn.com/110000-inspection/pc1_74bRlboe9_1.jpg.296x216.jpg
20201223,闵行,金虹桥,小区中间位置徐家汇配套设施完善绿化高,460万,3室1厅 | 80.83平米 | 南 | 精装 | 高楼层(共6层) | 1996年建 | 板楼,http://image1.ljcdn.com/110000-inspection/pc1_54Uvw8OWJ_1.jpg.296x216.jpg
20201223,闵行,金虹桥,中环内08年次新房 装修好带地暖 电梯两房房主自荐,888万,2室2厅 | 106.66平米 | 南 | 精装 | 中楼层(共22层) | 2008年建 | 板楼,http://image1.ljcdn.com/110000-inspection/pc1_hWYIfF06c_1.jpg.296x216.jpg
20201223,闵行,金虹桥,金虹桥优质两房，视野开阔，采光充足，出行方便,520万,2室2厅 | 104.11平米 | 南 | 简装 | 高楼层(共6层) | 1997年建 | 板楼,http://image1.ljcdn.com/110000-inspection/pc1_1aq3Yyg9R_1.jpg.296x216.jpg
20201223,闵行,金虹桥,近15号线 三开间朝南 少有户型 业主置换诚售 提前预约,630万,2室1厅 | 66.81平米 | 南 | 简装 | 低楼层(共6层) | 1999年建 | 板楼,http://image1.ljcdn.com/110000-inspection/pc1_JrtjrxrQc_1.jpg.296x216.jpg
20201223,闵行,金虹桥,古北虹苑（一期） 1室1厅 南房主自荐,350万,1室1厅 | 53.07平米 | 南 | 精装 | 高楼层(共6层) | 1997年建 | 板楼,http://image1.ljcdn.com/110000-inspection/pc1_VFcHN0msC_1.jpg.296x216.jpg
20201223,闵行,金虹桥,古北虹苑（一期） 2室2厅 南房主自荐,570万,2室2厅 | 85.21平米 | 南 | 精装 | 高楼层(共6层) | 1997年建 | 板楼,http://image1.ljcdn.com/110000-inspection/pc1_iSNwUkUCl_1.jpg.296x216.jpg
20201223,闵行,金虹桥,古北唯一别墅公寓混合社区，空中别墅，俯瞰别墅全景,6800万,8室3厅 | 520.77平米 | 南 | 精装 | 高楼层(共17层) | 2005年建 | 板楼,http://image1.ljcdn.com/110000-inspection/pc1_NWxH02r0g_1.jpg.296x216.jpg
20201223,闵行,金虹桥,中高楼层 前后无任何遮挡  业主方税少 提前约随时可看,825万,3室2厅 | 106.78平米 | 南 | 毛坯 | 中楼层(共6层) | 2003年建 | 板楼,http://image1.ljcdn.com/110000-inspection/pc1_Kr7oZelRr_1.jpg.296x216.jpg
20201223,闵行,金虹桥,沿河景观房，多层复式小洋楼，品质小区,1350万,4室2厅 | 201.67平米 | 南 | 简装 | 高楼层(共6层) | 2000年建 | 板楼,http://image1.ljcdn.com/110000-inspection/pc1_Pxk779T3A_1.jpg.296x216.jpg
20201223,闵行,金虹桥,小区中xin位置 前后无遮挡 业主自住装修 看房随时,640万,3室2厅 | 94.51平米 | 南 | 精装 | 高楼层(共6层) | 1997年建 | 板楼,http://image1.ljcdn.com/110000-inspection/pc1_K19qw46tl_1.jpg.296x216.jpg
20201223,闵行,金虹桥,电梯三房 超大客厅 诚意出售 看房方便,760万,3室2厅 | 140平米 | 南 | 精装 | 低楼层(共13层) | 1997年建 | 板楼,http://image1.ljcdn.com/110000-inspection/pc1_0UrPkWbLw_1.jpg.296x216.jpg
20201223,闵行,金虹桥,古北唯一别墅公寓混合社区，大面积空中别墅，俯瞰全景,4250万,7室3厅 | 442平米 | 南 北 | 精装 | 低楼层(共17层) | 2005年建 | 板楼,http://image1.ljcdn.com/110000-inspection/pc1_dn9Hozagn_1.jpg.296x216.jpg
20201223,闵行,金虹桥,刚需一房，带阁楼，采光好，交通方便。,460万,1室1厅 | 53.04平米 | 南 | 精装 | 高楼层(共6层) | 2005年建 | 板楼,http://image1.ljcdn.com/110000-inspection/pc1_7CwJYbL0N_1.jpg.296x216.jpg
20201223,闵行,金虹桥,金虹桥新上希缺中间楼层，采光充足，诚意出售,370万,2室2厅 | 67.54平米 | 南 | 简装 | 中楼层(共6层) | 1994年建 | 板楼,http://image1.ljcdn.com/310000-inspection/pc1_Hc27msaWO_1.jpg.296x216.jpg
20201223,闵行,金虹桥,楼层好，精装修，采光通透，全明户型，可拎包入住房主自荐,249万,1室1厅 | 44.08平米 | 南 | 精装 | 中楼层(共6层) | 1994年建 | 板楼,http://image1.ljcdn.com/110000-inspection/pc1_eVqpqG2HL_1.jpg.296x216.jpg
20201223,闵行,金虹桥,闵行古北 紧靠内环 婚房装修 带固定租赁车位 诚售房主自荐,620万,2室2厅 | 88.93平米 | 南 | 精装 | 中楼层(共6层) | 1995年建 | 板楼,http://image1.ljcdn.com/310000-inspection/prod-e446a273-29c1-417c-8c7d-5d0f8c823cc6.jpg.296x216.jpg
20201223,闵行,金虹桥,电梯复式 小区middle位置 你无法想象的装修,1460万,4室2厅 | 170.08平米 | 南 北 | 精装 | 高楼层(共10层) | 2002年建 | 板楼,http://image1.ljcdn.com/110000-inspection/pc1_t6ND4AmrQ_1.jpg.296x216.jpg
20201223,闵行,金虹桥,南北通全明户型，楼层好，视野好采光充足，高区楼层房主自荐,950万,2室2厅 | 103.61平米 | 南 | 毛坯 | 高楼层(共11层) | 2007年建 | 板楼,http://image1.ljcdn.com/310000-inspection/prod-a53077f5-14c1-4b35-8141-d26c38ba4fd8.jpg.296x216.jpg
20201223,闵行,金虹桥,高区景观房+位置安静宜居+卧室客厅太大+15号地铁口。,1650万,4室2厅 | 218.17平米 | 南 | 毛坯 | 高楼层(共18层) | 2004年建 | 板楼,http://image1.ljcdn.com/310000-inspection/pc1_l8s7EkCFS_1.jpg.296x216.jpg
20201223,闵行,金虹桥,小区环境优美，房龄新，精装修带产权车位。,1070万,3室2厅 | 135.46平米 | 南 | 精装 | 低楼层(共16层) | 2011年建 | 板楼,http://image1.ljcdn.com/110000-inspection/pc1_GqdWzRdqW_1.jpg.296x216.jpg
20201223,闵行,金虹桥,湘府花园（二期）地铁二房 户型方正位置居中 满五唯一房主自荐,650万,2室1厅 | 71.77平米 | 南 | 简装 | 低楼层(共6层) | 1999年建 | 板楼,http://image1.ljcdn.com/110000-inspection/pc1_N4AgWBKwH_1.jpg.296x216.jpg
20201223,闵行,金虹桥,地铁200米 中间楼层  小区中间位置 买进价高税少,650万,2室2厅 | 94.58平米 | 南 | 精装 | 中楼层(共6层) | 1996年建 | 板楼,http://image1.ljcdn.com/110000-inspection/pc1_vRrET20qG_1.jpg.296x216.jpg
20201223,闵行,金虹桥,新城四期 南北直通电梯三房 精美装修 看房提前预约房主自荐,980万,3室2厅 | 135.39平米 | 南 | 精装 | 低楼层(共11层) | 2007年建 | 板楼,http://image1.ljcdn.com/110000-inspection/pc1_s0miSX4vm_1.jpg.296x216.jpg
20201223,闵行,金虹桥,97年竣工，精装四房，明亮户型，低楼层，可三代同堂。房主自荐,780万,4室2厅 | 152.89平米 | 南 北 | 精装 | 低楼层(共6层) | 1995年建 | 板楼,http://image1.ljcdn.com/310000-inspection/pc1_S8d3bYKkn_1.jpg.296x216.jpg
20201223,闵行,金虹桥,两房朝南 户型方正 精装修 税费各付 业主诚意出售,940万,4室2厅 | 178平米 | 南 北 | 简装 | 低楼层(共6层) | 1995年建 | 板楼,http://image1.ljcdn.com/110000-inspection/pc1_0DfUIz5U8_1.jpg.296x216.jpg
20201223,闵行,金虹桥,远离中环，楼间距宽，采光无遮挡，业主诚意出售！,1849万,4室3厅 | 278.27平米 | 南 | 简装 | 2层  | 板楼 | 双拼别墅,http://image1.ljcdn.com/110000-inspection/pc1_TlMm9GiJW_1.jpg.296x216.jpg
20201223,闵行,金虹桥,次顶楼景观房，飞机户型，低税费，老业主诚意售,1248万,3室2厅 | 161.37平米 | 南 | 精装 | 高楼层(共16层) | 2002年建 | 板楼,http://image1.ljcdn.com/110000-inspection/pc1_drhBMll5c_1.jpg.296x216.jpg
20201223,闵行,金虹桥,稀有独栋南向400平大花园，同价位产品无竞品,4700万,6室2厅 | 437平米 | 南 | 简装 | 3层 | 1997年建 | 板楼 | 独栋别墅,http://image1.ljcdn.com/110000-inspection/pc1_9YM3MMdVq_1.jpg.296x216.jpg
20201223,闵行,金虹桥,总价低、视野好、71路公交、宝燕广场、电梯大三房,610万,3室2厅 | 120.18平米 | 南 | 精装 | 高楼层(共15层) | 1999年建 | 塔楼,http://image1.ljcdn.com/110000-inspection/pc1_TqhXzd8XN_1.jpg.296x216.jpg
20201223,闵行,金虹桥,虹桥花苑稀有大复式，自住精装修，带地暖，诚意出售,1500万,5室3厅 | 246.25平米 | 南 | 精装 | 低楼层(共16层) | 2003年建 | 板楼,http://image1.ljcdn.com/110000-inspection/pc1_UyEOHEnuN_1.jpg.296x216.jpg
20201223,闵行,金虹桥,户型方正3房 满五唯一 税少 带超大花园 3.5米层高！,1276万,3室2厅 | 143平米 | 南 | 精装 | 低楼层(共20层) | 2006年建 | 板楼,http://image1.ljcdn.com/110000-inspection/pc1_fNYHVUITk_1.jpg.296x216.jpg
20201223,闵行,金虹桥,精装大三房  房型正气  满五唯一,970万,3室2厅 | 140.2平米 | 南 | 简装 | 低楼层(共17层) | 2003年建 | 板楼,http://image1.ljcdn.com/110000-inspection/pc1_ZRMtOKZ2j_1.jpg.296x216.jpg
20201223,闵行,金虹桥,中间楼层大面积复式，单价低，业主诚意出售,940万,5室2厅 | 193.83平米 | 南 | 简装 | 中楼层(共5层) | 1996年建 | 板楼,http://image1.ljcdn.com/110000-inspection/pc1_DjBk5bWaq_1.jpg.296x216.jpg
20201223,闵行,金虹桥,2000年高品质小区，顶复全明，配套成熟。房主自荐,1050万,6室3厅 | 242平米 | 南 北 | 精装 | 高楼层(共6层) | 2000年建 | 板楼,http://image1.ljcdn.com/110000-inspection/pc1_JwUhI5yot_1.jpg.296x216.jpg
20201223,闵行,金虹桥,电梯三房 三房朝南 视野好 采光好 看房方便房主自荐,659万,3室1厅 | 115.58平米 | 南 | 精装 | 中楼层(共21层) | 1996年建 | 板楼,http://image1.ljcdn.com/110000-inspection/pc1_WbJDlVRji_1.jpg.296x216.jpg
20201223,闵行,金虹桥,南北通全明户型，精装带地暖，拎包入住，边间采光好。,1200万,4室2厅 | 154平米 | 南 | 精装 | 中楼层(共9层) | 1998年建 | 板塔结合,http://image1.ljcdn.com/110000-inspection/pc1_pj58xeHM1_1.jpg.296x216.jpg
20201223,闵行,金虹桥,满五唯一，户型方正，小区电梯四房,1020万,4室2厅 | 160.11平米 | 南 | 精装 | 中楼层(共8层) | 1996年建 | 板楼,http://image1.ljcdn.com/110000-inspection/pc1_kLfMb8r6C_1.jpg.296x216.jpg
20201223,闵行,金虹桥,漕河泾地铁站 02年商品小区 品牌开发商 精装电梯一房房主自荐,275万,1室1厅 | 49平米 | 北 | 简装 | 低楼层(共13层) | 2002年建 | 塔楼,http://image1.ljcdn.com/110000-inspection/pc1_cnoHREcaa_1.jpg.296x216.jpg
20201223,闵行,金虹桥,中间楼层的双南两房 业主诚意得一塌糊涂房主自荐,379万,2室1厅 | 70.67平米 | 南 | 简装 | 中楼层(共6层) | 1992年建 | 板楼,http://image1.ljcdn.com/110000-inspection/pc1_MvLVVg4me_1.jpg.296x216.jpg
20201223,闵行,金虹桥,稀有南北2房，满五年税费少，交通便利，配套成熟房主自荐,418万,2室1厅 | 72平米 | 南 | 简装 | 低楼层(共6层) | 1996年建 | 板楼,http://image1.ljcdn.com/110000-inspection/pc1_xb5gDVlDs_1.jpg.296x216.jpg
20201223,闵行,金虹桥,经典电梯一室户 采光好大阳台 全明户型  正气,475万,1室1厅 | 66.03平米 | 南 | 精装 | 低楼层(共9层) | 2006年建 | 板楼,http://image1.ljcdn.com/110000-inspection/pc1_8TMre0dqK_1.jpg.296x216.jpg
20201223,闵行,金虹桥,荣信品质，小区唯一南北两房，优质户型，采光无遮挡,750万,2室2厅 | 90.94平米 | 南 | 毛坯 | 低楼层(共24层) | 2016年建 | 板楼,http://image1.ljcdn.com/110000-inspection/pc1_sy0lQjL9q_1.jpg.296x216.jpg
20201223,闵行,金虹桥,简约两居室，南北户型，满五唯一，近漕河泾开发区,520万,2室1厅 | 75.98平米 | 南 | 简装 | 低楼层(共6层) | 2002年建 | 板楼,http://image1.ljcdn.com/110000-inspection/pc1_LdNSdRDV6_1.jpg.296x216.jpg
20201223,闵行,金虹桥,漕河泾阳光中间两房，您的安家之选,550万,2室2厅 | 92.57平米 | 南 | 简装 | 中楼层(共6层) | 1994年建 | 板楼,http://image1.ljcdn.com/110000-inspection/pc1_amfrgeEzf_1.jpg.296x216.jpg
20201223,闵行,金虹桥,业主急售 精装小户型少见，地铁边，小区边配套齐全,306万,1室2厅 | 47.4平米 | 南 | 精装 | 低楼层(共6层) | 1996年建 | 板楼,http://image1.ljcdn.com/310000-inspection/prod-63f3243e-04bd-4312-805c-eea97723cfdc.jpg.296x216.jpg
20201223,闵行,金虹桥,稀售!  精装修两房！带阁楼！业主诚售！,420万,2室1厅 | 73.61平米 | 南 | 精装 | 高楼层(共6层) | 1991年建 | 板楼,http://image1.ljcdn.com/110000-inspection/pc1_2XN65G47E_1.jpg.296x216.jpg
20201223,闵行,金虹桥,地铁200米 满五唯一税少 小区中间位置 视野开阔采光好,546万,2室2厅 | 84.43平米 | 南 | 精装 | 高楼层(共6层) | 1996年建 | 板楼,http://image1.ljcdn.com/110000-inspection/pc1_BnIf1QWJL_1.jpg.296x216.jpg
20201223,闵行,金虹桥,小两房，南北通透，高楼层，采光视野好,450万,2室1厅 | 72.92平米 | 南 北 | 简装 | 高楼层(共6层) | 1996年建 | 板楼,http://image1.ljcdn.com/110000-inspection/pc1_3Xm19oO3L_1.jpg.296x216.jpg
20201223,闵行,金虹桥,小区中间一排位置 不靠古羊路舒适静谧 满五唯一税费少,1150万,3室2厅 | 139平米 | 南 | 简装 | 低楼层(共16层) | 2004年建 | 板楼,http://image1.ljcdn.com/310000-inspection/test-f2c064ed-4245-41d2-ba23-74cb8fbdb181.png.296x216.jpg
20201223,闵行,金虹桥,精装两居室，南北格局带花园，近地铁房主自荐,400万,2室1厅 | 69.24平米 | 南 | 精装 | 低楼层(共6层) | 1994年建 | 板楼,http://image1.ljcdn.com/110000-inspection/pc1_jXPOmnRaU_1.jpg.296x216.jpg
20201223,闵行,金虹桥,老外街旁，龙溪路站步行840米！一梯两户！满五唯一！,249万,1室1厅 | 43.04平米 | 南 | 简装 | 低楼层(共6层) | 1994年建 | 板楼,http://image1.ljcdn.com/310000-inspection/prod-7d791778-b1e6-4fd4-aed1-0654b6ad5ab7.jpg.296x216.jpg
20201223,闵行,金虹桥,精品小户型，单身或小两口选择，离徐家汇三站地。房主自荐,255万,1室1厅 | 44.15平米 | 南 | 精装 | 高楼层(共6层) | 1996年建 | 板楼,http://image1.ljcdn.com/110000-inspection/pc1_hx3UWPPwe_1.jpg.296x216.jpg
20201223,闵行,金虹桥,南北格局，带天井，位置安静，出行便利。,310万,2室1厅 | 52.12平米 | 南 | 简装 | 低楼层(共6层) | 1994年建 | 板楼,http://image1.ljcdn.com/110000-inspection/pc1_SDL7RqF1q_1.jpg.296x216.jpg
20201223,闵行,金虹桥,位置好，地段好，居住舒适朝南一房,229万,1室1厅 | 44.08平米 | 南 | 简装 | 高楼层(共6层) | 1994年建 | 板楼,http://image1.ljcdn.com/110000-inspection/pc1_q7mGpre4F_1.jpg.296x216.jpg
20201223,闵行,金虹桥,虹梅路2806弄 1室1厅 南,205万,1室1厅 | 35.39平米 | 南 | 简装 | 高楼层(共6层) | 1988年建 | 板楼,http://image1.ljcdn.com/110000-inspection/pc1_TaGDWOwNW_1.jpg.296x216.jpg
20201223,闵行,金虹桥,精装修全明户型、买入价高税少、看房方便,480万,1室1厅 | 60平米 | 南 北 | 精装 | 中楼层(共6层) | 2005年建 | 板楼,http://image1.ljcdn.com/110000-inspection/pc1_nS7KV8q1Y_1.jpg.296x216.jpg
20201223,闵行,金虹桥,中环边，近地铁，电梯一房，景观楼层，总价低，好出租,320万,1室1厅 | 48.84平米 | 南 | 简装 | 中楼层(共13层) | 2000年建 | 塔楼,http://image1.ljcdn.com/110000-inspection/pc1_m31bHGszh.jpg.296x216.jpg
20201223,闵行,金虹桥,此房精装修南北通格局，全明户型，视野好，交通便利,680万,2室2厅 | 106.46平米 | 南 北 | 精装 | 高楼层(共6层) | 2002年建 | 板楼,http://image1.ljcdn.com/310000-inspection/prod-f50050b6-8b2a-47f3-a30f-9135d5ee14eb.jpg.296x216.jpg
20201223,闵行,金虹桥,安静舒适，离地铁九百米，南北户型，新装修有产权车位,950万,3室2厅 | 123.19平米 | 南 | 精装 | 低楼层(共8层) | 2003年建 | 板楼,http://image1.ljcdn.com/310000-inspection/prod-10475068-1556-414e-b80c-1b9611a79525.jpg.296x216.jpg
20201223,闵行,金虹桥,满五唯一 买进价较高，税费较少，高楼层，精装修,690万,2室2厅 | 109.51平米 | 南 | 简装 | 中楼层(共25层) | 1998年建 | 塔楼,http://image1.ljcdn.com/310000-inspection/pc1_9trUfW8dO_1.jpg.296x216.jpg
20201223,闵行,金虹桥,万科物业品质管理，干挂石材彰显时代芳华,946万,2室2厅 | 86.45平米 | 南 | 精装 | 高楼层(共27层)  | 板楼,http://image1.ljcdn.com/310000-inspection/pc1_ls8bkcbAo_1.jpg.296x216.jpg
20201223,闵行,金虹桥,售后公房，居家三居室，适合三代居住，满五不唯一,485万,3室1厅 | 85平米 | 南 | 简装 | 高楼层(共6层) | 1991年建 | 板楼,http://image1.ljcdn.com/110000-inspection/pc1_hZiy7lVI6_1.jpg.296x216.jpg
20201223,闵行,金虹桥,客厅朝南！南北各一卧！高层采光通风很nice!房主自荐,439万,2室2厅 | 79.38平米 | 南 | 精装 | 高楼层(共6层) | 1996年建 | 板楼,http://image1.ljcdn.com/310000-inspection/pc1_uw5Kbss0f_1.jpg.296x216.jpg
20201223,闵行,金虹桥,南北格局，安静位置，中间楼层，户型方正,285万,2室1厅 | 54.37平米 | 南 | 毛坯 | 中楼层(共6层) | 1994年建 | 板楼,http://image1.ljcdn.com/110000-inspection/pc1_QNnJHWLtu_1.jpg.296x216.jpg
20201223,闵行,金虹桥,精装修3房，诚意出售，看房方便，户型方正，楼层佳房主自荐,840万,3室2厅 | 135.67平米 | 南 | 精装 | 中楼层(共6层) | 1995年建 | 板楼,http://image1.ljcdn.com/310000-inspection/pc1_rvB2kFitW_1.jpg.296x216.jpg
20201223,闵行,金虹桥,一梯一户，刚需小三房，高得房率！采光好，看房方便！,595万,3室2厅 | 95.4平米 | 南 | 简装 | 中楼层(共6层) | 1995年建 | 板楼,http://image1.ljcdn.com/110000-inspection/pc1_yhfAuGo9q_1.jpg.296x216.jpg
20201223,闵行,金虹桥,户型方正，精装修，双轨交通，业主诚心出售,565万,3室1厅 | 90.07平米 | 南 | 精装 | 低楼层(共6层) | 1995年建 | 板楼,http://image1.ljcdn.com/110000-inspection/pc1_di5O28h7P_1.jpg.296x216.jpg
20201223,闵行,金虹桥,何处桃源何处家，每一天回家就是一次度假旅程。,850万,2室2厅 | 85.73平米 | 南 | 精装 | 低楼层(共7层)  | 板楼,http://image1.ljcdn.com/110000-inspection/pc1_obGk9PCzz_1.jpg.296x216.jpg
20201223,闵行,金虹桥,精装修两房，空调带地暖，税费少，高尔夫景观,1020万,2室2厅 | 123.97平米 | 南 | 精装 | 中楼层(共18层) | 2006年建 | 板楼,http://image1.ljcdn.com/110000-inspection/pc1_9THIYorVo_1.jpg.296x216.jpg
20201223,闵行,金虹桥,满五年唯一，一梯两户板式户型，南北通，很方正,429万,2室2厅 | 74.65平米 | 南 | 简装 | 高楼层(共6层) | 1998年建 | 板楼,http://image1.ljcdn.com/110000-inspection/pc1_Ysp1vr8g2_1.jpg.296x216.jpg
20201223,闵行,金虹桥,满五唯一，楼层好，采光通风效果好，配套设施齐全,800万,3室2厅 | 144.28平米 | 东 南 北 | 精装 | 高楼层(共18层) | 1998年建 | 板楼,http://image1.ljcdn.com/110000-inspection/pc1_YYqdVYoYV_1.jpg.296x216.jpg
20201223,闵行,金虹桥,满五年，业主诚意出售，小区 很 好户型，南北 通,410万,2室2厅 | 68.92平米 | 南 | 简装 | 低楼层(共6层) | 1996年建 | 板楼,http://image1.ljcdn.com/110000-inspection/pc1_beY503vxY_1.jpg.296x216.jpg
20201223,闵行,金虹桥,精装修 全南两房 高区视野好 看房随时 诚意出售！,438万,2室1厅 | 68.03平米 | 南 | 精装 | 高楼层(共18层) | 1996年建 | 塔楼,http://image1.ljcdn.com/110000-inspection/pc1_niyaw8yi0_1.jpg.296x216.jpg
20201223,闵行,金虹桥,重金打造，现代精装，三开间朝南，全天阳光，税费少。,750万,2室2厅 | 93.11平米 | 南 | 精装 | 中楼层(共17层) | 2011年建 | 板楼,http://image1.ljcdn.com/110000-inspection/pc1_QhKrGGUQR_1.jpg.296x216.jpg
20201223,闵行,金虹桥,2005年竣工，低总价两房，格局好，满五唯一，诚意售,600万,2室2厅 | 88.07平米 | 南 | 简装 | 低楼层(共8层) | 2005年建 | 板楼,http://image1.ljcdn.com/110000-inspection/pc1_ULocXcOsP_1.jpg.296x216.jpg
20201223,闵行,金虹桥,边套，刚需好选择，采光好，不潮湿，安静,480万,2室1厅 | 72.1平米 | 南 | 精装 | 高楼层(共6层) | 1996年建 | 板楼,http://image1.ljcdn.com/110000-inspection/pc1_4XfkLiuRd_1.jpg.296x216.jpg
20201223,闵行,金虹桥,格局好，景观房！精装修高尔夫景观，诚意出售！,1040万,2室2厅 | 120.86平米 | 西南 | 精装 | 中楼层(共18层) | 2006年建 | 板楼,http://image1.ljcdn.com/110000-inspection/pc1_0fimYxHpG_1.jpg.296x216.jpg
20201223,闵行,金虹桥,中间位置景观南北通3+2房，采光充足，视野开阔。,1150万,3室2厅 | 167.03平米 | 南 | 精装 | 中楼层(共9层) | 1998年建 | 板塔结合,http://image1.ljcdn.com/310000-inspection/test-75a071ac-045b-447a-bac9-f068ff341de1.png.296x216.jpg
20201223,闵行,金虹桥,单价5万 位金虹桥 邻古北  成熟配套 便利交通房主自荐,796万,4室2厅 | 156.37平米 | 南 | 精装 | 18层 | 1998年建 | 塔楼,http://image1.ljcdn.com/110000-inspection/pc1_6K5bo5g6X_1.jpg.296x216.jpg
20201223,闵行,金虹桥,净高3米，三房朝南，错层，明亮户型，含产权车位,790万,3室2厅 | 127.17平米 | 南 | 精装 | 高楼层(共14层) | 2003年建 | 板楼,http://image1.ljcdn.com/310000-inspection/pc1_YRyNC8FcQ_1.jpg.296x216.jpg
20201223,闵行,金虹桥,精装修边套三房、采光视野无遮挡、10+15号线双规交汇,820万,3室2厅 | 127.56平米 | 南 西南 | 精装 | 18层 | 1998年建 | 塔楼,http://image1.ljcdn.com/310000-inspection/prod-de2a5fb7-80af-4ede-a932-ca370665afdb.jpg.296x216.jpg
20201223,闵行,金虹桥,顶楼复式，三房朝南，精装修等君入住！新上,760万,3室2厅 | 160平米 | 南 | 精装 | 高楼层(共6层) | 1997年建 | 板楼,http://image1.ljcdn.com/110000-inspection/pc1_6tvDolCOx_1.jpg.296x216.jpg
20201223,闵行,金虹桥,漕河泾地铁站 方便看房 满五年 税费少 诚意出售房主自荐,269万,2室1厅 | 58.51平米 | 南 | 简装 | 高楼层(共6层) | 1988年建 | 板楼,http://image1.ljcdn.com/310000-inspection/pc1_uuAd8gxq6.jpg.296x216.jpg
20201223,闵行,金虹桥,精品小一房 双南户型 小区环境好 位置好,366万,1室1厅 | 51.91平米 | 南 | 精装 | 高楼层(共6层) | 1996年建 | 板楼,http://image1.ljcdn.com/110000-inspection/pc1_gJcvwwdxF_1.jpg.296x216.jpg
20201223,闵行,金虹桥,全明户型，采光充足，视野广阔，小区中xin位置,390万,2室1厅 | 68.27平米 | 南 | 简装 | 高楼层(共6层) | 1995年建 | 板楼,http://image1.ljcdn.com/110000-inspection/pc1_UiiDLSIFn_1.jpg.296x216.jpg
20201223,闵行,金虹桥,吴中路商圈+刚需两房+双南户型+不靠马路+诚意出售,320万,2室0厅 | 61.91平米 | 南 | 简装 | 高楼层(共6层) | 1994年建 | 板楼,http://image1.ljcdn.com/110000-inspection/pc1_pcMIpwoVk_1.jpg.296x216.jpg
20201223,闵行,金虹桥,此房满五唯一，全明户型，小区环境好，停车方便,345万,1室1厅 | 53.84平米 | 南 | 精装 | 高楼层(共6层) | 1996年建 | 板楼,http://image1.ljcdn.com/110000-inspection/pc1_93NCHgrmO_1.jpg.296x216.jpg
20201223,闵行,金虹桥,四期多层电梯复式+带大露台+含产权车位+满五唯一,1300万,4室2厅 | 220.84平米 | 南 | 精装 | 高楼层(共6层) | 2000年建 | 板楼,http://image1.ljcdn.com/310000-inspection/prod-53de6da9-4d6f-4b8c-b0f5-3bb4cda48c43.jpg.296x216.jpg
20201223,闵行,金虹桥,古北商圈双轨交汇，低价电梯房，精装修拎包入住！,510万,2室1厅 | 96.05平米 | 南 | 精装 | 低楼层(共18层) | 1998年建 | 塔楼,http://image1.ljcdn.com/310000-inspection/pc1_gAR6LDANg_1.jpg.296x216.jpg
20201223,闵行,金虹桥,中环旁电梯房，高品质小区，户型正气满五唯一税费少,570万,2室2厅 | 126.33平米 | 南 | 精装 | 低楼层(共18层) | 1998年建 | 板楼,http://image1.ljcdn.com/310000-inspection/test-e3a8ea11-2881-4a43-a0f4-6418cfb3a1dd.jpg.296x216.jpg
20201223,闵行,金虹桥,全明户型、交通方便，税费少、诚意出售房主自荐,330万,1室1厅 | 52.97平米 | 南 | 精装 | 高楼层(共6层) | 1997年建 | 板楼,http://image1.ljcdn.com/310000-inspection/prod-fd6c584a-d8c2-445f-846d-46080a4aba0b.jpg.296x216.jpg
20201223,闵行,金虹桥,温馨两居室 小区安静 地铁步行可到  拎包入住装修房主自荐,525万,2室1厅 | 80.81平米 | 南 | 精装 | 高楼层(共6层) | 1997年建 | 板楼,http://image1.ljcdn.com/310000-inspection/prod-3ed45b6e-2f93-4fb1-b6ef-40854bda0f78.jpg.296x216.jpg
20201223,闵行,金虹桥,高区采光足，户型方正，屋况保养好，可拎包入住,1200万,2室2厅 | 124.84平米 | 南 | 精装 | 高楼层(共20层) | 2006年建 | 板楼,http://image1.ljcdn.com/310000-inspection/test-4057b024-3485-4faa-ae5c-2fc1c52b9cb7.png.296x216.jpg
20201223,闵行,金虹桥,品质小区 业主诚意卖 一楼 安静位置房主自荐,948万,2室2厅 | 115.94平米 | 西南 | 精装 | 低楼层(共18层) | 2006年建 | 板楼,http://image1.ljcdn.com/310000-inspection/pc1_Uymvd671f_1.jpg.296x216.jpg
20201223,闵行,金虹桥,小区唯一在售小洋房，下沉客厅，中间位置，看房方便。,947万,3室2厅 | 131.27平米 | 南 | 精装 | 中楼层(共5层) | 2001年建 | 板楼,http://image1.ljcdn.com/310000-inspection/prod-530caea2-5c79-4263-9d0d-d98a406692ff.jpg.296x216.jpg
20201223,闵行,金虹桥,82%得房率！满五唯一税少！中间楼层！采光棒棒哒！,688万,2室2厅 | 122.57平米 | 南 | 简装 | 中楼层(共6层) | 1996年建 | 板楼,http://image1.ljcdn.com/110000-inspection/pc1_FGUGzHVmX_1.jpg.296x216.jpg
20201223,闵行,金虹桥,古北壹号 3室2厅 南 北,4300万,3室2厅 | 259.09平米 | 南 北 | 精装 | 低楼层(共17层)  | 板楼,http://image1.ljcdn.com/110000-inspection/pc1_dVAjxKRYx_1.jpg.296x216.jpg
20201223,闵行,金虹桥,振宏精致两房，楼层位置好，单价低,450万,2室1厅 | 67.77平米 | 南 | 精装 | 低楼层(共6层) | 1996年建 | 板楼,http://image1.ljcdn.com/110000-inspection/pc1_9I1pxpUP5_1.jpg.296x216.jpg
20201223,闵行,金虹桥,邻近古北国际社区、户型房正、交通便利,707万,3室2厅 | 127.56平米 | 南 | 精装 | 18层 | 1998年建 | 塔楼,http://image1.ljcdn.com/110000-inspection/pc1_m6paL7vyq_1.jpg.296x216.jpg
20201223,闵行,金虹桥,零增值税， 视野好 采光好 小区环境好  有钥匙,838万,3室2厅 | 129.25平米 | 南 | 简装 | 中楼层(共20层) | 1999年建 | 塔楼,http://image1.ljcdn.com/110000-inspection/pc1_tQdRkn4Uy_1.jpg.296x216.jpg
20201223,闵行,金虹桥,大横厅开间8米，屋主品味高雅，复式高尔夫景观,1688万,4室3厅 | 232.54平米 | 南 | 精装 | 低楼层(共16层) | 2002年建 | 板楼,http://image1.ljcdn.com/shfdfs-image/20170208/6a660be6-c88d-43e3-ab10-67e3c7230b67.jpg.296x216.jpg
20201223,闵行,金虹桥,老外街珍藏别墅 360度花园 人车分流 带车库 位置安静,1820万,4室2厅 | 274.13平米 | 南 | 精装 | 2层 | 2003年建 | 板楼 | 双拼别墅,http://image1.ljcdn.com/310000-inspection/5fc9ac58-6501-403b-bc21-e70a5e4cc3e7.jpg.296x216.jpg
20201223,闵行,金虹桥,附大面积！单价低！楼层低！商圈配套齐全！一梯两户！,405万,2室1厅 | 88平米 | 西 | 简装 | 低楼层(共6层) | 1993年建 | 板楼,http://image1.ljcdn.com/110000-inspection/pc1_P8OAGENFU_1.jpg.296x216.jpg
20201223,闵行,金虹桥,金虹桥东苑怡和园 中环边上 附40平露台 装修5年房主自荐,1180万,5室2厅 | 201.47平米 | 南 | 精装 | 高楼层(共6层) | 2000年建 | 板楼,http://image1.ljcdn.com/shfdfs-image/20170903/15731654-54da-41e1-ad20-170313143363.jpg.296x216.jpg
20201223,闵行,金虹桥,套间设计，产证面积320平，卖地皮548平米，满二税费少,3999万,6室3厅 | 320.54平米 | 南 | 毛坯 | 2层 | 1994年建 | 板楼 | 独栋别墅,http://image1.ljcdn.com/310000-inspection/c92cfcae-ab37-42b3-a941-8208c764f891.jpg.296x216.jpg
20201223,闵行,金虹桥,次新小区，诚售并S产权车位及百万装修，满五唯一！,1780万,3室2厅 | 164.94平米 | 南 北 | 精装 | 低楼层(共16层) | 2013年建 | 板楼,http://image1.ljcdn.com/310000-inspection/rsp_pic_uploadfb0d85ef-e358-4ed2-b726-2e9c82db120c.jpg.296x216.jpg
20201223,闵行,金虹桥,名都城(公寓) 4室2厅 南 北新上,1230万,4室2厅 | 167.03平米 | 南 北 | 精装 | 高楼层(共9层) | 1998年建 | 板塔结合,
20201223,闵行,金虹桥,2005年小区，9号线合川路600m，一室一厅，动静分离！,450万,1室1厅 | 53.04平米 | 南 | 简装 | 中楼层(共6层) | 2005年建 | 板楼,http://image1.ljcdn.com/x-se/hdic-frame/b5269b5c-25cf-43c3-994b-e6c3714fb16f.png.296x216.jpg
20201223,闵行,金虹桥,虹梅路高当别墅，唯一完全人车分流，五年唯一税低！,1800万,4室3厅 | 274.13平米 | 南 | 精装 | 2层 | 2002年建 | 板楼 | 双拼别墅,http://image1.ljcdn.com/shfdfs-image/20161027/59c2b9c0-e761-49df-907f-5f45c5559c57.jpg.296x216.jpg
20201223,闵行,金虹桥,15号线沿线双南两卫大两房附带大花园,650万,2室2厅 | 92.29平米 | 南 | 简装 | 低楼层(共6层) | 1998年建 | 板楼,
20201223,闵行,金虹桥,新出名都城138平3房，房型正气，绿化70%，满五年唯一房主自荐,1050万,3室2厅 | 138.01平米 | 南 | 精装 | 高楼层(共18层) | 1998年建 | 板塔结合,http://image1.ljcdn.com/110000-inspection/0f8a1d5c-63ea-4831-b7a3-0610f0e93b11.jpeg.296x216.jpg
20201223,闵行,金虹桥,古北社区旁，中高区电梯三房，双轨交通，诚意出售,1050万,3室2厅 | 156.37平米 | 南 | 精装 | 18层 | 1998年建 | 塔楼,
20201223,闵行,金虹桥,飞机户型三房，漕河泾旁次新小区。买进价格高，税少,574万,3室1厅 | 91.09平米 | 南 | 精装 | 高楼层(共6层) | 2002年建 | 板楼,http://image1.ljcdn.com/x-se/hdic-frame/d3e2375d-1b0e-42e8-9e5f-08aaa4d38490.png.296x216.jpg
20201223,闵行,金虹桥,景观位置，精装拎包入住，南北通全明户型，安静舒适。房主自荐,1160万,3室2厅 | 167.03平米 | 南 | 精装 | 低楼层(共9层) | 1998年建 | 板塔结合,
20201223,闵行,金虹桥,景观好，户型正气，小区位置佳，前后看绿化！,2050万,5室2厅 | 228.08平米 | 南 | 简装 | 中楼层(共20层) | 2006年建 | 板楼,http://image1.ljcdn.com/x-se/hdic-frame/a8630c97-e168-489e-a687-d0cd4998029f.png.296x216.jpg
20201223,闵行,金虹桥,湘府花园二期二房户型方正满五年业主诚意房主自荐,645万,2室2厅 | 72.16平米 | 南 | 精装 | 低楼层(共6层) | 1999年建 | 板楼,
20201223,闵行,金虹桥,金虹桥带天井两房，通风好，总价低,450万,2室2厅 | 72.07平米 | 南 | 简装 | 低楼层(共6层) | 1997年建 | 板楼,http://image1.ljcdn.com/x-se/hdic-frame/4b5c7b42-7807-409a-9049-cd707b038da6.png.296x216.jpg
20201223,闵行,金虹桥,中区看南北花园+户型方正 +独立电梯入户  4＋1房！,2050万,5室2厅 | 229.39平米 | 南 | 精装 | 中楼层(共20层) | 2006年建 | 板楼,http://image1.ljcdn.com/x-se/hdic-frame/a8630c97-e168-489e-a687-d0cd4998029f.png.296x216.jpg
20201223,闵行,金虹桥,虹桥高尔夫别墅 5室2厅 南,2050万,5室2厅 | 385.42平米 | 南 | 毛坯 | 2层 | 2003年建 | 板楼 | 独栋别墅,http://image1.ljcdn.com/310000-inspection/ef965714-6cd1-431c-ab0f-99f2ea826b3d.jpg.296x216.jpg
20201223,闵行,金虹桥,低总价一房，中间楼层，近漕河泾,212万,1室1厅 | 38.85平米 | 南 | 简装 | 中楼层(共6层) | 1988年建 | 板楼,http://image1.ljcdn.com/x-se/hdic-frame/6af68c54-ac05-4b52-b62a-6495519b0039.png.296x216.jpg
20201223,闵行,金虹桥,金虹桥，高区电梯大三房，景观视野好，户型正气。,850万,3室2厅 | 144.28平米 | 南 | 简装 | 高楼层(共18层) | 1998年建 | 板楼,http://image1.ljcdn.com/x-se/hdic-frame/2d6e7f78-d5f8-46fc-a30f-573a0b7b22de.png.296x216.jpg
20201223,闵行,金虹桥,中环旁边电梯四房，高区视野好，业主诚意出售。,990万,4室2厅 | 161.37平米 | 南 | 简装 | 高楼层(共18层) | 1998年建 | 板楼,http://image1.ljcdn.com/x-se/hdic-frame/153cf051-7669-4e15-a684-07452c5a39c3.png.296x216.jpg
20201223,闵行,金虹桥,明申花园(公寓) 3室2厅 南,950万,3室2厅 | 142.18平米 | 南 | 精装 | 高楼层(共6层) | 1999年建 | 板楼,
20201223,闵行,金虹桥,震撼景观：未入住新房 好位置楼栋 中区楼层直面球场,5750万,4室3厅 | 382.54平米 | 南 北 | 精装 | 17层  | 板楼,http://image1.ljcdn.com/x-se/310000-frame/6a21c1d5-38d6-4abb-9959-d1fef8c9c25b.png.296x216.jpg
20201223,闵行,金虹桥,满五年唯一，南北通户型，配套齐全，使用面积大,820万,3室2厅 | 128.45平米 | 南 | 简装 | 低楼层(共17层) | 2003年建 | 板楼,
20201223,闵行,金虹桥,金虹桥高楼层双南两房 80平355万,355万,2室2厅 | 79.47平米 | 南 | 精装 | 高楼层(共6层) | 1993年建 | 板楼,http://image1.ljcdn.com/x-se/hdic-frame/test-4d22f616-2426-4754-b91a-6f31e3267328.png.296x216.jpg
20201223,闵行,金虹桥,虹田苑 2室2厅 南,780万,2室2厅 | 104.57平米 | 南 | 精装 | 高楼层(共14层) | 2003年建 | 板楼,http://image1.ljcdn.com/x-se/hdic-frame/0034a9bb-08f9-40ad-b7e3-6b1e78058d03.jpg.296x216.jpg
20201223,闵行,金虹桥,大平层中的爱马仕、非.常值得品鉴,6800万,4室3厅 | 382.62平米 | 东 南 北 | 精装 | 17层  | 板楼,
20201223,闵行,金虹桥,3+1房，满五年唯一，南北通，楼层位置俱佳，三个阳台,1090万,4室2厅 | 155平米 | 南 | 精装 | 中楼层(共8层) | 1998年建 | 板塔结合,
20201223,闵行,金虹桥,名都城167平的户型，3+1户型，南北通，满五年，诚意卖,1180万,3室2厅 | 167.42平米 | 南 | 精装 | 高楼层(共9层) | 1998年建 | 板楼,http://image1.ljcdn.com/x-se/310000-frame/8309e5f0-797d-4133-a75f-1b4188e66d63.jpg.296x216.jpg
20201223,闵行,金虹桥,古北壹号 3室2厅 南,5600万,3室2厅 | 322平米 | 南 | 精装 | 中楼层(共17层)  | 板楼,
20201223,闵行,金虹桥,中环内15号沿线07年版式三房诚意出售,935万,3室2厅 | 132.06平米 | 南 北 | 毛坯 | 低楼层(共10层) | 2007年建 | 板楼,http://image1.ljcdn.com/x-se/hdic-frame/5a696f83-1068-4855-bfad-a8e2ec140834.png.296x216.jpg
20201223,闵行,金虹桥,精装修带地暖、买进价高税费少、交通便利,410万,2室1厅 | 58.89平米 | 南 | 精装 | 高楼层(共6层) | 1995年建 | 板楼,http://image1.ljcdn.com/x-se/hdic-frame/standard_72f15110-a05c-4001-8a06-84a54b67cfa8.png.296x216.jpg
20201223,闵行,金虹桥,电梯房 满五不唯一 户型好 精装修,880万,3室2厅 | 148.18平米 | 南 | 精装 | 低楼层(共15层) | 1999年建 | 塔楼,http://image1.ljcdn.com/110000-inspection/pc1_BXwMysuvE_1.jpg.296x216.jpg
20201223,闵行,金虹桥,虹梅路园林小区+一公里无遮挡视野大两房好位置+次顶楼,710万,2室2厅 | 107.62平米 | 南 | 精装 | 高楼层(共11层) | 2002年建 | 板楼,http://image1.ljcdn.com/310000-inspection/prod-c17baa99-0b78-4a2d-861d-7d5f79ece361.jpg.296x216.jpg
20201223,闵行,金虹桥,装修好，采光好，视野好，干净整洁，拎包入住,660万,3室1厅 | 91.75平米 | 南 | 精装 | 高楼层(共6层) | 1998年建 | 板楼,http://image1.ljcdn.com/110000-inspection/pc1_p7liahel4_1.jpg.296x216.jpg
20201223,闵行,金虹桥,精装修三房，全明户型，景观楼层，售后公房房主自荐,560万,3室1厅 | 103.92平米 | 南 | 精装 | 高楼层(共6层) | 1995年建 | 板楼,http://image1.ljcdn.com/110000-inspection/pc1_agLc0oYA8_1.jpg.296x216.jpg
20201223,闵行,金虹桥,新装修06年次新房,小区精品2+1房诚售，满五一税少,650万,2室2厅 | 105.76平米 | 南 | 简装 | 低楼层(共11层) | 2006年建 | 板楼,http://image1.ljcdn.com/310000-inspection/pc1_4uJkC4nZ2_1.jpg.296x216.jpg
20201223,闵行,金虹桥,虹桥花苑唯一在售顶楼复式，带大露台以及阁楼，诚售,1900万,4室3厅 | 217平米 | 南 | 精装 | 高楼层(共16层) | 2002年建 | 板楼,http://image1.ljcdn.com/110000-inspection/pc1_QSpPxcVBG_1.jpg.296x216.jpg
20201223,闵行,金虹桥,97年竣工，奥森花苑内，商品房，次顶楼，未来可装电梯房主自荐,555万,3室2厅 | 98.83平米 | 南 | 简装 | 高楼层(共6层) | 1997年建 | 板楼,http://image1.ljcdn.com/310000-inspection/prod-bd1a51df-485b-4412-8057-4a2a65c77235.jpg.296x216.jpg
20201223,闵行,金虹桥,南北双房，装修精美，采光明亮。,540万,2室2厅 | 93.37平米 | 南 北 | 精装 | 高楼层(共6层) | 1997年建 | 板楼,http://image1.ljcdn.com/110000-inspection/pc1_vX5q3LTH4_1.jpg.296x216.jpg
20201223,闵行,金虹桥,安静位置，顶楼复式带露台，明亮户型，方便约看,1098万,6室2厅 | 197.1平米 | 南 | 简装 | 高楼层(共11层) | 2002年建 | 板楼,http://image1.ljcdn.com/110000-inspection/pc1_TSNOFcc1k_1.jpg.296x216.jpg
20201223,闵行,金虹桥,八打头预算优选 2梯四户 风光俱佳  满五税少 诚售！,850万,3室1厅 | 142.21平米 | 东南 | 精装 | 高楼层(共18层) | 2001年建 | 塔楼,http://image1.ljcdn.com/110000-inspection/pc1_lA6AcMxqe_1.jpg.296x216.jpg
20201223,闵行,金虹桥,华光花园 4室2厅 南,950万,4室2厅 | 187平米 | 南 | 其他 | 高楼层(共6层) | 1995年建 | 板楼,http://image1.ljcdn.com/110000-inspection/pc1_LIJivHiZU_1.jpg.296x216.jpg
20201223,闵行,金虹桥,古北商圈，日本人school对过，全屋地暖，看房方便,759万,2室2厅 | 111.62平米 | 南 | 精装 | 低楼层(共11层) | 2002年建 | 板楼,http://image1.ljcdn.com/310000-inspection/prod-44552ff4-1131-4d5c-847f-d93005b59ee2.jpg.296x216.jpg
20201223,闵行,金虹桥,顶楼复式，采光充足，得房率高。,760万,5室2厅 | 160.62平米 | 南 | 简装 | 高楼层(共6层) | 1997年建 | 板楼,http://image1.ljcdn.com/110000-inspection/pc1_XShzIBnq9_1.jpg.296x216.jpg
20201223,闵行,金虹桥,这是一套普通住宅 中间位置不临街 非顶楼好房！,215万,1室1厅 | 37.17平米 | 南 | 简装 | 高楼层(共6层) | 1986年建 | 板楼,http://image1.ljcdn.com/110000-inspection/pc1_7lpwFT0s0_1.jpg.296x216.jpg
20201223,闵行,金虹桥,奥森公寓，主卧朝南，小区中间位置，带露台，中式风格,680万,3室2厅 | 161.24平米 | 南 北 | 毛坯 | 低楼层(共15层) | 1999年建 | 板楼,http://image1.ljcdn.com/310000-inspection/test-43ffa2dd-3a09-4803-83ed-0f6b430990f6.png.296x216.jpg
20201223,闵行,金虹桥,虹梅路2998弄 2室1厅 南 北房主自荐,338万,2室1厅 | 71平米 | 南 北 | 简装 | 高楼层(共6层) | 1993年建 | 板楼,http://image1.ljcdn.com/310000-inspection/prod-8cdc600b-bb96-4d9e-84a5-19f2a8af73de.jpg.296x216.jpg
20201223,闵行,金虹桥,新城一期 精装两房改一房 非顶楼 业主诚售 价格可谈,440万,1室2厅 | 72.92平米 | 南 | 简装 | 高楼层(共6层) | 1996年建 | 板楼,http://image1.ljcdn.com/310000-inspection/pc1_rKK7wbTpf_1.jpg.296x216.jpg
20201223,闵行,金虹桥,精品小一房 全新装修 拎包入住 看房有钥匙,210万,1室1厅 | 38.76平米 | 南 | 精装 | 中楼层(共6层) | 1986年建 | 板楼,http://image1.ljcdn.com/110000-inspection/pc1_2LLOzrMdg_1.jpg.296x216.jpg
20201223,闵行,金虹桥,全明户型，中间楼层，售后公房，税费少,360万,2室1厅 | 64.37平米 | 南 | 简装 | 中楼层(共6层) | 1990年建 | 板楼,http://image1.ljcdn.com/110000-inspection/pc1_wJlWCgowS_1.jpg.296x216.jpg
20201223,闵行,金虹桥,电梯复式，总高6层洋房，带空中花园户型正，堪比别墅,1418万,6室2厅 | 259.67平米 | 南 | 精装 | 高楼层(共5层) | 2000年建 | 板楼,http://image1.ljcdn.com/shfdfs-image/20170514/3d194c83-510e-4f18-b6f9-5e7774ae675f.jpg.296x216.jpg
20201223,闵行,金虹桥,虹桥紫京苑别墅，独栋别墅，大隐隐于市，位置好,2498万,4室2厅 | 273.18平米 | 南 | 简装 | 2层 | 2000年建 | 板楼 | 独栋别墅,http://image1.ljcdn.com/shfdfs-image/20160708/928ff932-fa6e-436b-8b96-2c083674fd0b.jpg.296x216.jpg
20201223,闵行,金虹桥,此房房型正气南北通+两房朝南一房北、带花园享生活,936万,3室2厅 | 129.29平米 | 南 | 简装 | 低楼层(共8层) | 2003年建 | 板楼,http://image1.ljcdn.com/310000-inspection/e4198a26-f577-4c7b-b5e0-49eb31fb35e8.jpg.296x216.jpg
20201223,闵行,金虹桥,高品质小区，房东诚意出售，户型方正，产权车位新上,780万,3室2厅 | 135.38平米 | 南 北 | 精装 | 高楼层(共6层) | 2000年建 | 板楼,http://image1.ljcdn.com/x-se/hdic-frame/mmexport1595493760819___3ed1229cc7dc843525215a35bbd1b463.jpg.296x216.jpg
20201223,闵行,金虹桥,古北首席 2室1厅 南新上,660万,2室1厅 | 68.22平米 | 南 | 精装 | 低楼层(共6层) | 1999年建 | 板楼,
20201223,闵行,金虹桥,虹桥花苑 4室3厅 南,1650万,4室3厅 | 215.66平米 | 南 | 简装 | 低楼层(共16层) | 2005年建 | 板楼,http://image1.ljcdn.com/x-se/shfdfs-image/20170905/086835ce-c549-4088-82a1-da3dd9c456f0.jpg.296x216.jpg
20201223,闵行,金虹桥,高区景观，格局方正，小错层，采光充足，诚意出售,835万,2室2厅 | 112.3平米 | 南 | 精装 | 高楼层(共11层) | 2002年建 | 板楼,
20201223,闵行,金虹桥,中环边上优质两居室，业主诚意出售。,280万,2室1厅 | 61.42平米 | 西 | 简装 | 高楼层(共6层) | 1986年建 | 板楼,
20201223,闵行,金虹桥,虹梅路2964弄 2室1厅 南,260万,2室1厅 | 56.67平米 | 南 | 其他 | 高楼层(共6层) | 1986年建 | 板楼,http://image1.ljcdn.com/x-se/hdic-frame/e0490726-e513-40ff-85a8-6b0806ee0f7d.png.296x216.jpg
20201223,闵行,金虹桥,虹梅路老外街电梯大三房急抛，急抛，价格可谈，不临路,770万,3室2厅 | 144.75平米 | 南 | 精装 | 中楼层(共13层) | 1997年建 | 板楼,http://image1.ljcdn.com/x-se/hdic-frame/dec30954-9128-4305-8acc-a316a5a2e438.png.296x216.jpg
20201223,闵行,金虹桥,01年商品房 2梯4户 全明3房2卫 满五唯一 诚意出售！,858万,3室2厅 | 142.21平米 | 南 | 精装 | 高楼层(共18层) | 2001年建 | 塔楼,
20201223,闵行,金虹桥,97年商品房，低总价，使用面积大，诚意出售,520万,3室2厅 | 98.83平米 | 南 | 简装 | 高楼层(共6层) | 1997年建 | 板楼,
20201223,闵行,金虹桥,古北新城 2室2厅 南 北,750万,2室2厅 | 102.44平米 | 南 北 | 简装 | 中楼层(共25层) | 1996年建 | 塔楼,http://image1.ljcdn.com/x-se/hdic-frame/8996a5a1-d037-4b50-8185-300c670500dd.png.296x216.jpg
