20201223,浦东,周浦,御沁园东边套，精装修中yang空调带地暖，带产权车位！必看好房,820万,3室2厅 | 144.81平米 | 南 北 | 精装 | 中楼层(共20层)  | 板楼,http://image1.ljcdn.com/110000-inspection/pc1_W4QcjwCY4_1.jpg.296x216.jpg
20201223,浦东,周浦,小区位置好，精装小复式，边套全明户型，诚意出售必看好房,560万,3室2厅 | 83.89平米 | 南 | 精装 | 高楼层(共6层) | 2011年建 | 板楼,http://image1.ljcdn.com/110000-inspection/pc1_71981w7L7_1.jpg.296x216.jpg
20201223,浦东,周浦,带产权车位 南北通透  精装两房 一手动迁    满五唯一必看好房,378万,2室2厅 | 77.41平米 | 南 北 | 精装 | 低楼层(共6层) | 2006年建 | 板楼,http://image1.ljcdn.com/110000-inspection/pc1_tPKa1JKsb_1.jpg.296x216.jpg
20201223,浦东,周浦,税费少，南北通，高楼层，看房方便提前约必看好房,550万,2室2厅 | 88.34平米 | 南 北 | 毛坯 | 高楼层(共18层) | 2011年建 | 板楼,http://image1.ljcdn.com/110000-inspection/pc1_nnt3BhHgv_1.jpg.296x216.jpg
20201223,浦东,周浦,一手动迁，税费少，阁楼已做好，空间大，南北通透必看好房,280万,2室1厅 | 72.04平米 | 南 北 | 简装 | 高楼层(共6层) | 2006年建 | 板楼,http://image1.ljcdn.com/110000-inspection/pc1_vqXIurOjV_1.jpg.296x216.jpg
20201223,浦东,周浦,张江南，16号线地铁，周浦体育管一路隔，满五唯一必看好房,490万,3室2厅 | 114.24平米 | 南 北 | 精装 | 高楼层(共6层) | 2005年建 | 板楼,http://image1.ljcdn.com/110000-inspection/pc1_0BJA3G3QB_1.jpg.296x216.jpg
20201223,浦东,周浦,满五唯一，高楼层，采光好，三开间朝南必看好房,535万,2室2厅 | 90.18平米 | 南 | 简装 | 高楼层(共14层) | 2012年建 | 板楼,http://image1.ljcdn.com/110000-inspection/pc1_EyhqTH1cS_1.jpg.296x216.jpg
20201223,浦东,周浦,欧风家园大两房 一南一北 空气通透，采光充足必看好房,270万,2室2厅 | 75.96平米 | 南 北 | 毛坯 | 低楼层(共5层)  | 板楼,http://image1.ljcdn.com/110000-inspection/pc1_qVRt4grSP_1.jpg.296x216.jpg
20201223,浦东,周浦,自如精装修，小区进门口，看房方便，业主诚意售必看好房,278万,2室1厅 | 70.98平米 | 南 北 | 简装 | 高楼层(共6层) | 2006年建 | 板楼,http://image1.ljcdn.com/110000-inspection/pc1_56XaKCFfQ_1.jpg.296x216.jpg
20201223,浦东,周浦,此房位置优越，楼间距大，视野宽阔，采光好，配套齐全必看好房,192万,1室1厅 | 53.87平米 | 南 北 | 毛坯 | 高楼层(共5层) | 2006年建 | 板楼,http://image1.ljcdn.com/110000-inspection/pc1_bCPMxKLN0_1.jpg.296x216.jpg
20201223,浦东,周浦,双南户型，得房率高。户型方正，带装修。必看好房,285万,2室1厅 | 76.44平米 | 南 | 简装 | 中楼层(共12层) | 2009年建 | 板楼,http://image1.ljcdn.com/110000-inspection/pc1_hFXvSGoBu_1.jpg.296x216.jpg
20201223,浦东,周浦,18号线沈梅路站1.3公里，双轨交汇，交通出行便利必看好房,249万,2室1厅 | 70.24平米 | 南 | 毛坯 | 中楼层(共6层) | 2006年建 | 板楼,http://image1.ljcdn.com/110000-inspection/pc1_4MQuD1GoK_1.jpg.296x216.jpg
20201223,浦东,周浦,明天华城 低总价优质两房 边套全明必看好房,459万,2室1厅 | 84.52平米 | 南 | 简装 | 中楼层(共6层) | 2011年建 | 板楼,http://image1.ljcdn.com/110000-inspection/pc1_zemZWGDdh_1.jpg.296x216.jpg
20201223,浦东,周浦,#中间楼层 #采光好 #视野佳 #交通便利#临河#满五年必看好房,213万,1室1厅 | 58.06平米 | 南 | 毛坯 | 中楼层(共13层) | 2007年建 | 板楼,http://image1.ljcdn.com/110000-inspection/pc1_7kHRXuRZ9_1.jpg.296x216.jpg
20201223,浦东,周浦,品质小区，花园洋房，南北正通飞机户型，临河采光好必看好房,730万,3室2厅 | 131.17平米 | 南 北 | 精装 | 中楼层(共8层)  | 板楼,http://image1.ljcdn.com/110000-inspection/pc1_phBdgx9PW_1.jpg.296x216.jpg
20201223,浦东,周浦,18号线商品房：视野广，楼层采光好，风景好，位置好必看好房,198万,1室1厅 | 54.45平米 | 南 | 简装 | 低楼层(共14层)  | 板楼,http://image1.ljcdn.com/110000-inspection/pc1_eNt2yWRVv_1.jpg.296x216.jpg
20201223,浦东,周浦,全南户型，通风采光都很好，产权清晰，看房方便必看好房,266万,1室1厅 | 55.07平米 | 南 | 精装 | 低楼层(共6层) | 2007年建 | 板楼,http://image1.ljcdn.com/110000-inspection/pc1_FGjsqo4F2_1.jpg.296x216.jpg
20201223,浦东,周浦,满五唯一 南北通 精装两房 有花园必看好房,320万,2室2厅 | 75.41平米 | 南 | 简装 | 低楼层(共6层) | 2006年建 | 板楼,http://image1.ljcdn.com/110000-inspection/pc1_dsT4fgn7r_1.jpg.296x216.jpg
20201223,浦东,周浦,13年小区房龄新，中高楼层视野好，18号线地铁100米必看好房,240万,1室1厅 | 53.66平米 | 南 | 毛坯 | 中楼层(共17层) | 2013年建 | 板楼,http://image1.ljcdn.com/110000-inspection/pc1_l1E1mzhD7_1.jpg.296x216.jpg
20201223,浦东,周浦,私密小户型，南北通风，景观好，毛坯房设计多样必看好房,208万,1室1厅 | 58.91平米 | 南 | 毛坯 | 高楼层(共5层)  | 板楼,http://image1.ljcdn.com/310000-inspection/pc1_wXGO7t8cA_1.jpg.296x216.jpg
20201223,浦东,周浦,电梯南北通，阁楼+露台，全明户型，采光好必看好房,440万,3室2厅 | 99.24平米 | 南 北 | 精装 | 高楼层(共11层) | 2008年建 | 板楼,http://image1.ljcdn.com/110000-inspection/pc1_sAN1uDNqY_1.jpg.296x216.jpg
20201223,浦东,周浦,张江南 大一房 西边套 采光好 单身 两口均合适必看好房,291万,1室1厅 | 64.28平米 | 南 | 精装 | 低楼层(共14层) | 2011年建 | 板塔结合,http://image1.ljcdn.com/110000-inspection/pc1_NY6n1tMxB_1.jpg.296x216.jpg
20201223,浦东,周浦,张江南板块，楼层和楼栋位置都很不错 无遮挡 精装修必看好房,455万,2室1厅 | 88.17平米 | 南 | 精装 | 高楼层(共18层) | 2010年建 | 板塔结合,http://image1.ljcdn.com/110000-inspection/pc1_tI3m52Zow_1.jpg.296x216.jpg
20201223,浦东,周浦,张江南 印象春城 全南户型 业主诚心出售 厅大必看好房,430万,2室2厅 | 91.02平米 | 南 | 简装 | 高楼层(共18层) | 2009年建 | 板塔结合,http://image1.ljcdn.com/110000-inspection/pc1_nSoakFlih_1.jpg.296x216.jpg
20201223,浦东,周浦,模范小区，物业管理好！满五年唯一，税费少！必看好房,268万,2室1厅 | 75.13平米 | 南 | 简装 | 低楼层(共11层) | 2007年建 | 板楼,http://image1.ljcdn.com/310000-inspection/pc1_cgxjnZR5E_1.jpg.296x216.jpg
20201223,浦东,周浦,位置好，高层，户型好，税费少，小区环境好必看好房,270万,2室1厅 | 78.8平米 | 南 | 精装 | 高楼层(共6层) | 1998年建 | 板楼,http://image1.ljcdn.com/110000-inspection/pc1_ZU1vpQRBT_1.jpg.296x216.jpg
20201223,浦东,周浦,圣鑫苑 精装修 电梯房  看房方便必看好房,385万,3室2厅 | 99.1平米 | 南 北 | 精装 | 低楼层(共11层) | 2008年建 | 板楼,http://image1.ljcdn.com/110000-inspection/pc1_D22JcfUa5_1.jpg.296x216.jpg
20201223,浦东,周浦,果园一村 小两房 总价低 看房方便 诚意出售必看好房,299万,2室1厅 | 63平米 | 南 | 简装 | 低楼层(共6层) | 1994年建 | 板楼,http://image1.ljcdn.com/310000-inspection/pc1_3L71oHid3_1.jpg.296x216.jpg
20201223,浦东,周浦,交通全配套！出门就是万达广场地铁 毛坯大两房必看好房,491万,3室1厅 | 109.18平米 | 南 | 简装 | 高楼层(共14层) | 2009年建 | 板楼,
20201223,浦东,周浦,店长精选18号线商品房,配套好房主自荐,200万,1室1厅 | 54.45平米 | 南 | 简装 | 低楼层(共14层) | 2008年建 | 板楼,http://image1.ljcdn.com/110000-inspection/pc1_1DxWtOaP3_1.jpg.296x216.jpg
20201223,浦东,周浦,精装修自住三房，满五唯一，南面带有大花园新上,355万,3室1厅 | 94.76平米 | 南 | 精装 | 低楼层(共12层)  | 板楼,http://image1.ljcdn.com/110000-inspection/pc1_r9xusJ085_1.jpg.296x216.jpg
20201223,浦东,周浦,带阁楼+大三房+一手动迁+视野开阔+地铁18号线1.2公里房主自荐,378万,3室2厅 | 94.48平米 | 南 北 | 毛坯 | 高楼层(共6层) | 2006年建 | 板楼,http://image1.ljcdn.com/110000-inspection/pc1_YcQ6WroCQ_1.jpg.296x216.jpg
20201223,浦东,周浦,澧溪，万达，小上海，生活配套齐全，南北通大三房！房主自荐,690万,3室2厅 | 137.37平米 | 南 北 | 毛坯 | 低楼层(共19层) | 2011年建 | 板楼,http://image1.ljcdn.com/110000-inspection/pc1_ibhXh9EEZ_1.jpg.296x216.jpg
20201223,浦东,周浦,欧风家园精装修带阁楼 看房子随时 满五年唯一,315万,2室2厅 | 70.6平米 | 南 | 精装 | 高楼层(共5层) | 2006年建 | 板楼,http://image1.ljcdn.com/110000-inspection/pc1_urLToBa3i_1.jpg.296x216.jpg
20201223,浦东,周浦,店长精选！18号线商品房，和16号线交轨，户型正气房主自荐,284万,2室1厅 | 75.08平米 | 南 北 | 简装 | 高楼层(共12层) | 2008年建 | 板楼,http://image1.ljcdn.com/110000-inspection/pc1_TXePFAu3U_1.jpg.296x216.jpg
20201223,浦东,周浦,汇枫公寓次新小区，交通便利，配套齐全,330万,2室1厅 | 74.5平米 | 南 | 简装 | 高楼层(共16层) | 2013年建 | 板楼,http://image1.ljcdn.com/110000-inspection/pc1_bDr0pKE6z_1.jpg.296x216.jpg
20201223,浦东,周浦,汇丽苑 大三房，南北通 产权清晰，配套成熟,488万,3室2厅 | 122.26平米 | 南 北 | 精装 | 低楼层(共6层) | 2005年建 | 板楼,http://image1.ljcdn.com/110000-inspection/pc1_H8RZv3WC1_1.jpg.296x216.jpg
20201223,浦东,周浦,此房满五唯一，南北通格局，小区中间位置，阁楼已做房主自荐,280万,2室1厅 | 71.85平米 | 南 北 | 精装 | 高楼层(共5层) | 2006年建 | 板楼,http://image1.ljcdn.com/110000-inspection/pc1_5AhvDx4mS_1.jpg.296x216.jpg
20201223,浦东,周浦,近18号线沈梅路地铁口900米 一室一厅 满五唯一税费少新上,208万,1室1厅 | 54.2平米 | 南 北 | 简装 | 高楼层(共5层) | 2006年建 | 板楼,http://image1.ljcdn.com/110000-inspection/pc1_o1axwfg6h_1.jpg.296x216.jpg
20201223,浦东,周浦,高楼层视野开阔，前后无遮挡，业主诚意出售，看房随时房主自荐,309万,2室2厅 | 87.99平米 | 南 北 | 简装 | 高楼层(共6层) | 1994年建 | 板楼,http://image1.ljcdn.com/310000-inspection/test-8efbdca5-d52a-4a9d-96bd-eaf94a2f1a86.png.296x216.jpg
20201223,浦东,周浦,小区中间位置！中高楼层，视野宽阔，采光充足！,505万,2室2厅 | 91.36平米 | 南 | 精装 | 中楼层(共18层) | 2007年建 | 板楼,http://image1.ljcdn.com/110000-inspection/pc1_lAiIY2THP_1.jpg.296x216.jpg
20201223,浦东,周浦,房子户型南北通  两房朝南 有两个拐角大飘窗 采光充足房主自荐,510万,2室2厅 | 100.39平米 | 南 北 | 毛坯 | 低楼层(共14层) | 2010年建 | 板楼,http://image1.ljcdn.com/110000-inspection/pc1_cgUhRpMm6_1.jpg.296x216.jpg
20201223,浦东,周浦,买一层再带1.5层，单价23000，价格是别墅的三分之一！房主自荐,845万,3室1厅 | 360平米 | 南 | 毛坯 | 低楼层(共20层) | 2013年建 | 板楼,http://image1.ljcdn.com/310000-inspection/prod-4baf1df3-c871-4ab1-bcac-d3fa1166f8ea.jpg.296x216.jpg
20201223,浦东,周浦,原始动迁大两房，户型方正，景观楼层，采光好房主自荐,305万,2室2厅 | 78.11平米 | 南 | 毛坯 | 中楼层(共5层) | 2007年建 | 板楼,http://image1.ljcdn.com/110000-inspection/pc1_ZEjzseqZe_1.jpg.296x216.jpg
20201223,浦东,周浦,高层采光好，买入价高税费少，纯人车分流，环境优美,520万,2室1厅 | 85.13平米 | 南 | 简装 | 高楼层(共21层) | 2016年建 | 板楼,http://image1.ljcdn.com/110000-inspection/pc1_uh9DWnm5l_1.jpg.296x216.jpg
20201223,浦东,周浦,12月通车18号线店长推荐好两房不靠路不靠高速中间楼层房主自荐,275万,2室1厅 | 74.58平米 | 南 北 | 简装 | 中楼层(共14层) | 2008年建 | 板楼,http://image1.ljcdn.com/110000-inspection/pc1_PoKH8CoeQ_1.jpg.296x216.jpg
20201223,浦东,周浦,小区低总价低单价两房，南北通，边套全明欢迎大家带看新上,485万,2室2厅 | 74.4平米 | 南 | 精装 | 低楼层(共6层) | 2011年建 | 板楼,http://image1.ljcdn.com/110000-inspection/pc1_wPg9MIiRp_1.jpg.296x216.jpg
20201223,浦东,周浦,近18号线700米 南北通风，采光， 中间位置不靠路,310万,2室1厅 | 79.12平米 | 南 | 精装 | 中楼层(共14层) | 2007年建 | 板楼,http://image1.ljcdn.com/110000-inspection/pc1_FIGBFxz1Z_1.jpg.296x216.jpg
20201223,浦东,周浦,中城苑 南北通两房 中等装修 小区中间位置 带小花园,276万,2室1厅 | 76.65平米 | 南 北 | 精装 | 低楼层(共5层) | 2006年建 | 板楼,http://image1.ljcdn.com/110000-inspection/pc1_DurFt20sE_1.jpg.296x216.jpg
20201223,浦东,周浦,满三年，交通便利，配套成熟，近地铁18号地铁沈梅路房主自荐,249万,2室1厅 | 62.86平米 | 南 北 | 精装 | 低楼层(共14层) | 2007年建 | 板楼,http://image1.ljcdn.com/110000-inspection/pc1_CY3nrWodb_1.jpg.296x216.jpg
20201223,浦东,周浦,欧风家园，精致装修带阁楼，拎包入住，看房方便新上,285万,2室3厅 | 58.86平米 | 南 北 | 精装 | 高楼层(共5层) | 2006年建 | 板楼,http://image1.ljcdn.com/110000-inspection/pc1_92dCZIKLc_1.jpg.296x216.jpg
20201223,浦东,周浦,诚意出售，房子格局未改动过，看房方便，满五唯一房主自荐,269万,2室2厅 | 85.44平米 | 南 | 毛坯 | 低楼层(共13层) | 2007年建 | 板楼,http://image1.ljcdn.com/310000-inspection/prod-0058f143-0edc-4d9d-aee6-30709391ea3d.jpg.296x216.jpg
20201223,浦东,周浦,绿地景汇佳苑   大平层 毛坯四房   南北通透 位置好,1000万,4室2厅 | 201.84平米 | 南 北 | 毛坯 | 低楼层(共18层) | 2013年建 | 板楼,http://image1.ljcdn.com/110000-inspection/pc1_ApczHLnpl_1.jpg.296x216.jpg
20201223,浦东,周浦,圣鑫苑 南北通双阳台 双飘窗迪士尼辐射圈11 16 18三轨房主自荐,437万,2室2厅 | 109.19平米 | 南 北 | 毛坯 | 中楼层(共11层) | 2008年建 | 板楼,http://image1.ljcdn.com/110000-inspection/pc1_1OAYCZVTS_1.jpg.296x216.jpg
20201223,浦东,周浦,满五唯一 楼层位置好 视野采光好房主自荐,830万,3室2厅 | 144.17平米 | 南 北 | 精装 | 中楼层(共20层) | 2013年建 | 板楼,http://image1.ljcdn.com/310000-inspection/prod-01179a46-5bb7-4be5-a43a-1f49640d90a3.jpg.296x216.jpg
20201223,浦东,周浦,张江南 近前滩 南北通户型 另外带一个小卧室房主自荐,440万,2室2厅 | 88.89平米 | 南 北 | 精装 | 低楼层(共18层) | 2011年建 | 板塔结合,http://image1.ljcdn.com/110000-inspection/pc1_d5B94UNu4_1.jpg.296x216.jpg
20201223,浦东,周浦,房龄新，南北正通，精装修，看房提前约房主自荐,970万,3室2厅 | 149平米 | 南 北 | 精装 | 高楼层(共18层)  | 板楼,http://image1.ljcdn.com/110000-inspection/pc1_5bZqTT2iX_1.jpg.296x216.jpg
20201223,浦东,周浦,张江南印象南北通户型精装修满五年唯一税费少房主自荐,450万,2室2厅 | 88.97平米 | 南 | 简装 | 低楼层(共18层) | 2011年建 | 板塔结合,http://image1.ljcdn.com/110000-inspection/pc1_Udt4ioFbg_1.jpg.296x216.jpg
20201223,浦东,周浦,高楼层 南北通 位置好 一手动迁 满五年房主自荐,265万,2室1厅 | 71平米 | 南 北 | 毛坯 | 高楼层(共5层) | 2006年建 | 板楼,http://image1.ljcdn.com/110000-inspection/pc1_sTtJBX2Ki_1.jpg.296x216.jpg
20201223,浦东,周浦,18号线商品房精选推荐，2008年商品房，精装修房主自荐,198万,1室1厅 | 54.45平米 | 南 | 精装 | 高楼层(共14层) | 2008年建 | 板楼,http://image1.ljcdn.com/110000-inspection/pc1_Q7vPpYKhx_1.jpg.296x216.jpg
20201223,浦东,周浦,18号线旁  一手毛坯  业主诚心出售房主自荐,265万,2室1厅 | 75.47平米 | 南 | 毛坯 | 中楼层(共14层)  | 板楼,http://image1.ljcdn.com/110000-inspection/pc1_s4ljUG6aV_1.jpg.296x216.jpg
20201223,浦东,周浦,南北通格局 一梯一户 临河景观 视野宽阔 采光充足,800万,3室2厅 | 139.98平米 | 南 北 | 精装 | 高楼层(共14层) | 2010年建 | 板楼,http://image1.ljcdn.com/110000-inspection/pc1_vEc0jcUYy_1.jpg.296x216.jpg
20201223,浦东,周浦,满五唯一 买进价高 税费低  精装两房 直面傅雷新上,368万,2室2厅 | 77.28平米 | 南 | 精装 | 高楼层(共6层) | 2006年建 | 板楼,http://image1.ljcdn.com/110000-inspection/pc1_s5Ow6pCHz_1.jpg.296x216.jpg
20201223,浦东,周浦,09年商品房，三开间朝南，视野开阔采光良好，满五唯一房主自荐,430万,2室2厅 | 109.92平米 | 南 北 | 精装 | 低楼层(共18层) | 2009年建 | 板楼,http://image1.ljcdn.com/110000-inspection/pc1_FlJw1C8py_1.jpg.296x216.jpg
20201223,浦东,周浦,中虹佳园多层一楼 出入方便 适合老人居住 装修入住房主自荐,343万,3室1厅 | 93.28平米 | 南 北 | 精装 | 低楼层(共5层) | 2007年建 | 板楼,http://image1.ljcdn.com/110000-inspection/pc1_EkXKkDGIY_1.jpg.296x216.jpg
20201223,浦东,周浦,九龙仓兰廷 4室2厅 南房主自荐,800万,4室2厅 | 130平米 | 南 | 精装 | 低楼层(共18层) | 2016年建 | 板楼,http://image1.ljcdn.com/110000-inspection/pc1_elq4UsWEx_1.jpg.296x216.jpg
20201223,浦东,周浦,张江南板块，品质小区，印象精装三房 满五年看房随时房主自荐,540万,3室2厅 | 131.06平米 | 南 北 | 简装 | 低楼层(共18层) | 2009年建 | 板塔结合,http://image1.ljcdn.com/110000-inspection/pc1_0ZKyCyDH3_1.jpg.296x216.jpg
20201223,浦东,周浦,地铁18号线600米，一手动迁，税费少，带阁楼房主自荐,378万,3室2厅 | 94.59平米 | 南 | 精装 | 高楼层(共5层) | 2007年建 | 板楼,http://image1.ljcdn.com/110000-inspection/pc1_xAA9Io4I6_1.jpg.296x216.jpg
20201223,浦东,周浦,周浦标杆小区3+1户型 景观楼层视野宽阔 有产权车位,860万,4室1厅 | 130.45平米 | 南 | 精装 | 高楼层(共18层)  | 板楼,http://image1.ljcdn.com/110000-inspection/pc1_qwEOrD9mh_1.jpg.296x216.jpg
20201223,浦东,周浦,店长推荐！满五年唯一，南北通透。顶楼带阁楼！房主自荐,298万,3室2厅 | 71.55平米 | 南 北 | 精装 | 高楼层(共6层) | 2006年建 | 板楼,http://image1.ljcdn.com/110000-inspection/pc1_HhLX2VOAY_1.jpg.296x216.jpg
20201223,浦东,周浦,南北通透，楼层好，买进价高，只交契税，采光好房主自荐,270万,2室1厅 | 72.83平米 | 南 北 | 精装 | 高楼层(共6层) | 2006年建 | 板楼,http://image1.ljcdn.com/110000-inspection/pc1_kG0vVgAye_1.jpg.296x216.jpg
20201223,浦东,周浦,南北通户型中间楼层，一手动迁税费少，可直接拎包入住,290万,2室1厅 | 75.13平米 | 南 北 | 精装 | 中楼层(共5层) | 2007年建 | 板楼,http://image1.ljcdn.com/110000-inspection/pc1_aYJxyC5YV_1.jpg.296x216.jpg
20201223,浦东,周浦,南北通两房，精装修，采光好，18号线沿线近地铁房主自荐,295万,2室1厅 | 72.24平米 | 南 北 | 精装 | 高楼层(共5层) | 2007年建 | 板楼,http://image1.ljcdn.com/110000-inspection/pc1_OGL8zE2Ed_1.jpg.296x216.jpg
20201223,浦东,周浦,南北大两房，动迁满五唯一，成熟社区，诚意出售,330万,2室2厅 | 94.43平米 | 南 北 | 简装 | 低楼层(共14层) | 2009年建 | 板楼,http://image1.ljcdn.com/310000-inspection/prod-673aaae0-f831-4b65-888a-17dc11f15ded.jpg.296x216.jpg
20201223,浦东,周浦,印象春城 清水毛坯方便装修 价格可谈 随时看房房主自荐,286万,1室2厅 | 63.77平米 | 南 | 毛坯 | 低楼层(共16层) | 2011年建 | 板塔结合,http://image1.ljcdn.com/110000-inspection/pc1_taH2Mk4Cn_1.jpg.296x216.jpg
20201223,浦东,周浦,满五年，户型方正，中间楼层，近18号地铁线房主自荐,300万,2室1厅 | 76.55平米 | 南 | 毛坯 | 中楼层(共5层) | 2006年建 | 板楼,http://image1.ljcdn.com/110000-inspection/pc1_k5dfLbs6z_1.jpg.296x216.jpg
20201223,浦东,周浦,周浦精选，店长推荐！无遮挡，视野好！房主自荐,244万,2室1厅 | 75.47平米 | 南 北 | 简装 | 中楼层(共14层) | 2008年建 | 板楼,http://image1.ljcdn.com/110000-inspection/pc1_o28Da186b_1.jpg.296x216.jpg
20201223,浦东,周浦,房子户型好，距离18号线，电梯房，产权清晰。,205万,1室1厅 | 52.07平米 | 南 | 简装 | 低楼层(共14层) | 2007年建 | 板楼,http://image1.ljcdn.com/110000-inspection/pc1_xJHEsCJxf_1.jpg.296x216.jpg
20201223,浦东,周浦,此房南北通，满五年不唯一，房东诚意出售房主自荐,288万,2室1厅 | 86平米 | 南 | 毛坯 | 中楼层(共13层) | 2007年建 | 板楼,http://image1.ljcdn.com/110000-inspection/pc1_2NGKA4DHg_1.jpg.296x216.jpg
20201223,浦东,周浦,18号地铁口 价格可以谈 精装修 动迁房 交通便利,335万,2室1厅 | 77.96平米 | 南 | 精装 | 中楼层(共17层) | 2013年建 | 板楼,http://image1.ljcdn.com/110000-inspection/pc1_ko1F7SbZz_1.jpg.296x216.jpg
20201223,浦东,周浦,张江南+万达旁+18号线地铁，有钥匙,500万,2室2厅 | 97.94平米 | 南 | 简装 | 高楼层(共14层) | 2009年建 | 板楼,http://image1.ljcdn.com/110000-inspection/pc1_j0hh6zBMl_1.jpg.296x216.jpg
20201223,浦东,周浦,满五唯一 南北通 中间楼层 通风采光好房主自荐,550万,2室2厅 | 96.85平米 | 南 | 毛坯 | 低楼层(共21层) | 2014年建 | 板楼,http://image1.ljcdn.com/110000-inspection/pc1_7T79ymwTZ_1.jpg.296x216.jpg
20201223,浦东,周浦,楼层格局好 配套设施齐全 交通便利 南北通,530万,3室2厅 | 125平米 | 南 北 | 精装 | 高楼层(共4层) | 2007年建 | 板楼,http://image1.ljcdn.com/110000-inspection/pc1_0IBZjUArb_1.jpg.296x216.jpg
20201223,浦东,周浦,临河带院子，满五唯一，自住装修,365万,3室1厅 | 91.89平米 | 南 北 | 精装 | 低楼层(共5层) | 2006年建 | 板楼,http://image1.ljcdn.com/310000-inspection/pc1_iGzTgOpeW_1.jpg.296x216.jpg
20201223,浦东,周浦,中金三期高层 景观好视野开阔 全明户型房主自荐,770万,3室2厅 | 130.42平米 | 南 北 | 简装 | 高楼层(共17层)  | 板楼,http://image1.ljcdn.com/110000-inspection/pc1_GoC6HMkac_1.jpg.296x216.jpg
20201223,浦东,周浦,精装修三居室  三开间朝南  可直接拎包入住房主自荐,360万,3室2厅 | 93平米 | 南 北 | 精装 | 低楼层(共6层) | 2006年建 | 板楼,http://image1.ljcdn.com/110000-inspection/pc1_EChi3IkeG_1.jpg.296x216.jpg
20201223,浦东,周浦,南北通透，户型方正，采光好，精装修总价低房主自荐,420万,2室2厅 | 88.04平米 | 南 北 | 精装 | 低楼层(共14层) | 2010年建 | 板楼,http://image1.ljcdn.com/110000-inspection/pc1_KXSlDcvXC_1.jpg.296x216.jpg
20201223,浦东,周浦,绿地新上大三房 装修好 买进价高 税费少 看房方便房主自荐,720万,3室2厅 | 133.76平米 | 东 西 | 精装 | 低楼层(共18层) | 2007年建 | 板楼,http://image1.ljcdn.com/110000-inspection/pc1_F73oL1eLP_1.jpg.296x216.jpg
20201223,浦东,周浦,中金品质住宅，南北大三房小区唯一在急售房源房主自荐,480万,3室2厅 | 101.12平米 | 北 南 | 毛坯 | 低楼层(共18层) | 2016年建 | 板楼,http://image1.ljcdn.com/110000-inspection/pc1_hHMtIaDKu_1.jpg.296x216.jpg
20201223,浦东,周浦,双开间朝南+周浦繁华地段+11/16/18号地铁三轨交汇处房主自荐,408万,2室2厅 | 102.97平米 | 南 | 简装 | 低楼层(共11层) | 2006年建 | 板楼,http://image1.ljcdn.com/110000-inspection/pc1_cL7XETemi_1.jpg.296x216.jpg
20201223,浦东,周浦,精装修业主诚心出售，看房随时，满五年唯一，无抵押房主自荐,359.8万,2室2厅 | 102平米 | 南 北 | 精装 | 高楼层(共6层) | 2009年建 | 板楼,http://image1.ljcdn.com/110000-inspection/pc1_ahi4q97rD_1.jpg.296x216.jpg
20201223,浦东,周浦,电梯房高层 精装 满二 交通方便,420万,3室2厅 | 105.2平米 | 南 | 精装 | 高楼层(共11层) | 2007年建 | 板楼,http://image1.ljcdn.com/110000-inspection/pc1_M2hfmULV5_1.jpg.296x216.jpg
20201223,浦东,周浦,圣鑫苑 精装修拎包入住 11 16 18地铁三轨交带产权车位房主自荐,554万,3室2厅 | 130.88平米 | 南 北 | 精装 | 低楼层(共11层) | 2006年建 | 板楼,http://image1.ljcdn.com/110000-inspection/pc1_y2fhEoVk6_1.jpg.296x216.jpg
20201223,浦东,周浦,楼层格局好 配套设施齐全 交通便利 南北通,598万,4室2厅 | 134.14平米 | 南 北 | 精装 | 低楼层(共11层) | 2005年建 | 板楼,http://image1.ljcdn.com/110000-inspection/pc1_IvLpYpuAU_1.jpg.296x216.jpg
20201223,浦东,周浦,18号线沿线中金二期别墅小区洋房，买入价高，增值税低房主自荐,510万,2室2厅 | 113.53平米 | 南 | 毛坯 | 低楼层(共7层)  | 板楼,http://image1.ljcdn.com/110000-inspection/pc1_DYTGhZXtY_1.jpg.296x216.jpg
20201223,浦东,周浦,纯人车分流次新小区，带产权车位精装修拎包住诚意出售,730万,3室2厅 | 117.37平米 | 北 南 | 精装 | 高楼层(共21层) | 2014年建 | 板楼,http://image1.ljcdn.com/110000-inspection/pc1_FxAxjiTQM_1.jpg.296x216.jpg
20201223,浦东,周浦,明天华城南北通精装两房+满五唯一免个税+产权车位新上,570万,2室2厅 | 88.8平米 | 南 | 精装 | 低楼层(共16层) | 2011年建 | 板楼,http://image1.ljcdn.com/110000-inspection/pc1_14a6jfcO3_1.jpg.296x216.jpg
20201223,浦东,周浦,精装修，户型方正，带有60平的阁楼，空间大房主自荐,325万,2室2厅 | 88平米 | 南 | 精装 | 高楼层(共6层) | 1994年建 | 板楼,http://image1.ljcdn.com/310000-inspection/test-9b41c91d-630c-406f-bcff-ec063ce6bc2b.png.296x216.jpg
20201223,浦东,周浦,周浦张江前滩+品质社区+双轨交通+花园高区景观房主自荐,308万,1室1厅 | 63.71平米 | 南 | 精装 | 中楼层(共18层) | 2009年建 | 板塔结合,http://image1.ljcdn.com/310000-inspection/pc1_aSeDK4usZ_1.jpg.296x216.jpg
20201223,浦东,周浦,此房满五年，看房有钥匙随时可以，诚意出售房主自荐,395万,2室1厅 | 100.95平米 | 南 | 简装 | 中楼层(共6层) | 2003年建 | 板楼,http://image1.ljcdn.com/110000-inspection/pc1_kNENnB2d4_1.jpg.296x216.jpg
20201223,浦东,周浦,电梯高楼层 采光好 精装修 可拎包入住 近18号线房主自荐,325万,2室1厅 | 85.72平米 | 南 北 | 精装 | 高楼层(共14层) | 2007年建 | 板楼,http://image1.ljcdn.com/110000-inspection/pc1_yTY3SSjBy_1.jpg.296x216.jpg
20201223,浦东,周浦,印象一房，满五年，业主诚心卖，看房随时房主自荐,325万,1室2厅 | 64.1平米 | 南 | 简装 | 中楼层(共16层) | 2011年建 | 板塔结合,http://image1.ljcdn.com/110000-inspection/pc1_jesV5M7Wj_1.jpg.296x216.jpg
20201223,浦东,周浦,印象 满五唯一  交通便利 有车位 配套全 诚意出售房主自荐,380万,2室1厅 | 88.37平米 | 南 | 精装 | 低楼层(共18层) | 2011年建 | 板塔结合,http://image1.ljcdn.com/110000-inspection/pc1_0h6FyRnIi_1.jpg.296x216.jpg
20201223,浦东,周浦,中楼层 电梯 高品质两房 管家式物业 三开间朝南房主自荐,465万,2室2厅 | 98.19平米 | 南 | 简装 | 低楼层(共18层) | 2015年建 | 板楼,http://image1.ljcdn.com/110000-inspection/pc1_oyEfsJgSm_1.jpg.296x216.jpg
20201223,浦东,周浦,18号线地铁口房源，带花园，精装修，临河边套房主自荐,325万,2室2厅 | 75.06平米 | 南 | 精装 | 低楼层(共16层) | 2013年建 | 板楼,http://image1.ljcdn.com/110000-inspection/pc1_7b1OZzK8A_1.jpg.296x216.jpg
20201223,浦东,周浦,周浦张江前滩+满五唯一+品质社区+双轨交通+精装自住房主自荐,280万,1室1厅 | 63.77平米 | 南 北 | 精装 | 低楼层(共16层) | 2011年建 | 板塔结合,http://image1.ljcdn.com/110000-inspection/pc1_GlNTZNQX5_1.jpg.296x216.jpg
20201223,浦东,周浦,汇枫公寓，品质三房，交通便利，居住舒适房主自荐,380万,3室1厅 | 95.27平米 | 南 北 | 精装 | 低楼层(共17层) | 2013年建 | 板楼,http://image1.ljcdn.com/110000-inspection/pc1_I08G1Ee0I_1.jpg.296x216.jpg
20201223,浦东,周浦,周浦张江前滩+满五+品质社区+双轨交通+精装自住房主自荐,320万,1室1厅 | 64.28平米 | 南 | 简装 | 高楼层(共14层) | 2011年建 | 板塔结合,http://image1.ljcdn.com/110000-inspection/pc1_PWcLNvMrE_1.jpg.296x216.jpg
20201223,浦东,周浦,店长推进 张江南 近三林前滩  有地下车位 价格另算房主自荐,430万,2室1厅 | 88.93平米 | 南 | 精装 | 低楼层(共18层) | 2011年建 | 板塔结合,http://image1.ljcdn.com/110000-inspection/pc1_WDwC851u8_1.jpg.296x216.jpg
20201223,浦东,周浦,总价低，高楼层视野好，配套齐全，交通便利房主自荐,207万,1室1厅 | 51.85平米 | 东 | 简装 | 高楼层(共5层) | 2007年建 | 板楼,http://image1.ljcdn.com/110000-inspection/pc1_JZwny1vIA_1.jpg.296x216.jpg
20201223,浦东,周浦,张江南板块，楼层和楼栋位置都很不错 无遮挡 精装修,495万,2室2厅 | 89.43平米 | 南 北 | 精装 | 低楼层(共18层) | 2011年建 | 板塔结合,http://image1.ljcdn.com/110000-inspection/pc1_4G83KCwCC_1.jpg.296x216.jpg
20201223,浦东,周浦,紧靠18号线，该楼层采光充足，视野宽阔，交通出行方便房主自荐,345万,2室1厅 | 77.96平米 | 南 | 精装 | 中楼层(共17层) | 2013年建 | 板楼,http://image1.ljcdn.com/110000-inspection/pc1_H2N3VEb9s_1.jpg.296x216.jpg
20201223,浦东,周浦,张江南 近前滩 精装修 业主ji 卖随时可以看房,420万,2室1厅 | 88.37平米 | 南 | 精装 | 低楼层(共18层) | 2009年建 | 板塔结合,http://image1.ljcdn.com/110000-inspection/pc1_sSIyrIJTJ_1.jpg.296x216.jpg
20201223,浦东,周浦,汇枫小区，交通便利。生活方便。配套齐全。,360万,2室1厅 | 74.5平米 | 南 | 精装 | 中楼层(共16层) | 2013年建 | 板楼,http://image1.ljcdn.com/110000-inspection/pc1_9pnNicE7y_1.jpg.296x216.jpg
20201223,浦东,周浦,18号线500米大两房，动迁毛坯大两房，空间大，户型正,330万,2室1厅 | 86.77平米 | 南 北 | 毛坯 | 高楼层(共14层) | 2007年建 | 板楼,http://image1.ljcdn.com/110000-inspection/pc1_hm8ujdUFV_1.jpg.296x216.jpg
20201223,浦东,周浦,双阳台+南北通+采光好+满5唯一+18号地铁沿线房主自荐,285万,2室2厅 | 78.02平米 | 南 北 | 精装 | 高楼层(共6层) | 2006年建 | 板楼,http://image1.ljcdn.com/110000-inspection/pc1_LjUzCLxMH_1.jpg.296x216.jpg
20201223,浦东,周浦,小区位置好，简装两室，南北通全明户型，诚意出售房主自荐,550万,2室2厅 | 88.8平米 | 南 北 | 简装 | 中楼层(共17层) | 2012年建 | 板楼,http://image1.ljcdn.com/110000-inspection/pc1_QFD02H1Qw_1.jpg.296x216.jpg
20201223,浦东,周浦,瑞和苑商品房，精装修，近18号线，16号线和18号线交轨房主自荐,265万,2室1厅 | 74.58平米 | 南 | 精装 | 中楼层(共14层)  | 板楼,http://image1.ljcdn.com/110000-inspection/pc1_OO7vMadWO_1.jpg.296x216.jpg
20201223,浦东,周浦,满五唯一，中间楼层采光好 交通便利房主自荐,195万,1室1厅 | 54平米 | 南 | 毛坯 | 低楼层(共6层) | 2006年建 | 板楼,http://image1.ljcdn.com/110000-inspection/pc1_2ZZ1KHB9L_1.jpg.296x216.jpg
20201223,浦东,周浦,大户型高品质  一梯一户  满五年唯一房主自荐,1050万,4室2厅 | 201.1平米 | 南 北 | 毛坯 | 高楼层(共18层) | 2012年建 | 板楼,http://image1.ljcdn.com/110000-inspection/pc1_1RqYrjPiT_1.jpg.296x216.jpg
20201223,浦东,周浦,南北正通大平层，高楼层中区，成功人士的选择！房主自荐,1100万,4室2厅 | 206平米 | 南 | 毛坯 | 中楼层(共21层) | 2013年建 | 板楼,http://image1.ljcdn.com/310000-inspection/prod-4392f20f-5ca2-46ec-9de4-6c3824a90f4f.jpg.296x216.jpg
20201223,浦东,周浦,品质小区，飞机户型，精装修，楼层好，采光充足房主自荐,700万,3室2厅 | 120.58平米 | 南 北 | 精装 | 低楼层(共18层)  | 板楼,http://image1.ljcdn.com/110000-inspection/pc1_KTXB1kX3h_1.jpg.296x216.jpg
20201223,浦东,周浦,楼层格局好 配套设施齐全 交通便利 南北通,600万,4室2厅 | 133.1平米 | 南 北 | 精装 | 中楼层(共9层) | 2005年建 | 板楼,http://image1.ljcdn.com/110000-inspection/pc1_TP2pb8sfZ_1.jpg.296x216.jpg
20201223,浦东,周浦,圣鑫苑 中等装修拎包入住 11 16 18地铁三轨交房主自荐,560万,3室2厅 | 130.33平米 | 南 北 | 简装 | 高楼层(共11层) | 2006年建 | 板楼,http://image1.ljcdn.com/110000-inspection/pc1_7BRlpxrDa_1.jpg.296x216.jpg
20201223,浦东,周浦,御沁园公寓   精装修一百多万  中间楼层 买进价高房主自荐,970万,3室2厅 | 161.3平米 | 南 北 | 精装 | 中楼层(共21层) | 2013年建 | 板楼,http://image1.ljcdn.com/110000-inspection/pc1_5cdeOAaqx_1.jpg.296x216.jpg
20201223,浦东,周浦,顶楼三层复式，视野开阔，业主诚心出售房主自荐,1160万,5室2厅 | 161平米 | 南 | 精装 | 高楼层(共18层) | 2007年建 | 板楼,http://image1.ljcdn.com/110000-inspection/pc1_gTZofpRey_2.jpg.296x216.jpg
20201223,浦东,周浦,底复 带敞亮地下室 加超大花园 有车位 精装修房主自荐,1300万,4室2厅 | 223.67平米 | 南 | 精装 | 低楼层(共10层)  | 板楼,http://image1.ljcdn.com/110000-inspection/pc1_MxGpui61j_1.jpg.296x216.jpg
20201223,浦东,周浦,张江南  南北通户型  精装拎包入住 看房方便,480万,2室2厅 | 90.76平米 | 南 北 | 精装 | 低楼层(共18层) | 2009年建 | 板塔结合,http://image1.ljcdn.com/110000-inspection/pc1_gafPDZkQ7_1.jpg.296x216.jpg
20201223,浦东,周浦,沈默花苑   2011年商品房  户型方正   大两房  不靠路房主自荐,530万,2室2厅 | 106平米 | 南 北 | 简装 | 中楼层(共19层) | 2011年建 | 板楼,http://image1.ljcdn.com/110000-inspection/pc1_DrLH5AdeX_1.jpg.296x216.jpg
20201223,浦东,周浦,近地铁18号线，楼层好，户型方正房主自荐,286万,2室1厅 | 71.76平米 | 南 北 | 精装 | 中楼层(共5层) | 2006年建 | 板楼,http://image1.ljcdn.com/110000-inspection/pc1_pKTfHen8U_1.jpg.296x216.jpg
20201223,浦东,周浦,满五唯一 精装修 配套完善 看房方便 采光足,290万,2室1厅 | 81.05平米 | 南 | 精装 | 高楼层(共6层) | 1997年建 | 板楼,http://image1.ljcdn.com/110000-inspection/pc1_Y9rts2O0U_1.jpg.296x216.jpg
20201223,浦东,周浦,周浦繁华地段，近万达  一手动迁，税费少，随时看房房主自荐,292万,2室1厅 | 64.85平米 | 南 北 | 精装 | 高楼层(共6层) | 2007年建 | 板楼,http://image1.ljcdn.com/110000-inspection/pc1_BVNReqIly_1.jpg.296x216.jpg
20201223,浦东,周浦,海通新村 近万达 近18号地铁 生活配套齐全房主自荐,220万,2室1厅 | 47.86平米 | 南 | 精装 | 高楼层(共6层) | 1997年建 | 板楼,http://image1.ljcdn.com/110000-inspection/pc1_5SEQeqY3b_1.jpg.296x216.jpg
20201223,浦东,周浦,18号线精选房源推荐：户型正气，装修好，南北通,305万,2室1厅 | 73.8平米 | 南 北 | 精装 | 高楼层(共6层) | 2006年建 | 板楼,http://image1.ljcdn.com/110000-inspection/pc1_S4bbMPyVa_1.jpg.296x216.jpg
20201223,浦东,周浦,中城苑，满五唯一税费少，装修保养好，户型好。房主自荐,293万,2室1厅 | 76.55平米 | 南 北 | 精装 | 高楼层(共5层) | 2006年建 | 板楼,http://image1.ljcdn.com/110000-inspection/pc1_4Ue83cF3g_1.jpg.296x216.jpg
20201223,浦东,周浦,张江南 印象春城 少有户型 精装修 中高层两居室房主自荐,363万,2室1厅 | 72.98平米 | 南 | 精装 | 中楼层(共18层) | 2009年建 | 板塔结合,http://image1.ljcdn.com/110000-inspection/pc1_QvUAEbdy5_1.jpg.296x216.jpg
20201223,浦东,周浦,小区唯一一套精装修中间楼层的两房，近地铁，配套全房主自荐,283万,2室1厅 | 73.94平米 | 南 | 精装 | 中楼层(共6层) | 2006年建 | 板楼,http://image1.ljcdn.com/110000-inspection/pc1_lE3j3fBAb_1.jpg.296x216.jpg
20201223,浦东,周浦,申雅苑 买进价高，税费少，业主诚心出售,250万,1室1厅 | 53平米 | 南 北 | 其他 | 低楼层(共6层) | 2008年建 | 板楼,http://image1.ljcdn.com/110000-inspection/pc1_yCIfAQpMi_1.jpg.296x216.jpg
20201223,浦东,周浦,双开间朝南+不靠变电站+临河景观+周浦中区房主自荐,380万,2室2厅 | 100.29平米 | 南 | 简装 | 低楼层(共18层) | 2008年建 | 板楼,http://image1.ljcdn.com/110000-inspection/pc1_AQXnP7VnX_1.jpg.296x216.jpg
20201223,浦东,周浦,品质小区，楼层好，户型正气  16.18双轨交汇房主自荐,465万,2室2厅 | 99.7平米 | 南 | 精装 | 中楼层(共18层)  | 板楼,http://image1.ljcdn.com/110000-inspection/pc1_8Isreb0wU_1.jpg.296x216.jpg
20201223,浦东,周浦,房东精装修大两房，拎包入住！！！房主自荐,335万,2室1厅 | 85.19平米 | 南 | 精装 | 低楼层(共14层) | 2007年建 | 板楼,http://image1.ljcdn.com/110000-inspection/pc1_8d1icpi3e_1.jpg.296x216.jpg
20201223,浦东,周浦,中城苑，两房，顶楼带阁楼，业主置换，诚心出售房主自荐,258万,2室2厅 | 71.76平米 | 南 | 简装 | 高楼层(共6层) | 2006年建 | 板楼,http://image1.ljcdn.com/110000-inspection/pc1_xKRrTcTew_1.jpg.296x216.jpg
20201223,浦东,周浦,店长推荐：双轨交，总价低，税费少,全明户型，带阁楼房主自荐,310万,2室2厅 | 68.69平米 | 南 | 简装 | 高楼层(共6层) | 2012年建 | 板楼,http://image1.ljcdn.com/110000-inspection/pc1_zRMTWUfVh_1.jpg.296x216.jpg
20201223,浦东,周浦,精装修+一房小户型+人车分流高品质小区+南北朝向一房房主自荐,340万,1室1厅 | 72.69平米 | 南 | 精装 | 中楼层(共19层)  | 板楼,http://image1.ljcdn.com/110000-inspection/pc1_wGBufyayh_1.jpg.296x216.jpg
20201223,浦东,周浦,安阁苑，南北通透两房，中间楼层，动迁税费少业主置换房主自荐,268万,2室2厅 | 72.82平米 | 南 北 | 简装 | 中楼层(共6层) | 2006年建 | 板楼,http://image1.ljcdn.com/110000-inspection/pc1_d1VSfMWnS_1.jpg.296x216.jpg
20201223,浦东,周浦,一手动迁，南北通，楼层好，视野开阔，采光充足房主自荐,310万,2室1厅 | 79.12平米 | 南 | 精装 | 高楼层(共14层) | 2007年建 | 板楼,http://image1.ljcdn.com/110000-inspection/pc1_Kbls9l9CR_1.jpg.296x216.jpg
20201223,浦东,周浦,18号线沈梅路站800米，一手动迁免增值税，诚意出售房主自荐,270万,2室1厅 | 72.27平米 | 南 北 | 简装 | 低楼层(共5层) | 2007年建 | 板楼,http://image1.ljcdn.com/110000-inspection/pc1_BQK8h81wC_1.jpg.296x216.jpg
20201223,浦东,周浦,满五唯一 两房朝南，客厅朝东 采光视野好 精装修自住,445万,2室1厅 | 88.37平米 | 南 | 精装 | 中楼层(共18层) | 2011年建 | 板塔结合,http://image1.ljcdn.com/110000-inspection/pc1_5dIHuQMKx_1.jpg.296x216.jpg
20201223,浦东,周浦,近18号线地铁1公里 一室一厅南北通透 满五唯一 精装修房主自荐,217万,1室1厅 | 54.29平米 | 南 北 | 精装 | 中楼层(共4层) | 2006年建 | 板楼,http://image1.ljcdn.com/110000-inspection/pc1_13av25Eps_1.jpg.296x216.jpg
20201223,浦东,周浦,一手动迁税费少，近地铁，南北通透户型正房主自荐,275万,2室2厅 | 76.98平米 | 南 北 | 毛坯 | 中楼层(共5层) | 2006年建 | 板楼,http://image1.ljcdn.com/110000-inspection/pc1_0zwuO4Ra4_1.jpg.296x216.jpg
20201223,浦东,周浦,一手动迁，税费少，楼层好，视野开阔，采光好，精装房主自荐,275万,2室2厅 | 79.12平米 | 南 | 简装 | 高楼层(共14层) | 2007年建 | 板楼,http://image1.ljcdn.com/110000-inspection/pc1_rKl60fwRP_1.jpg.296x216.jpg
20201223,浦东,周浦,一手动迁，税费少，楼层好，视野开阔，采光好房主自荐,285万,2室2厅 | 82.54平米 | 南 | 精装 | 高楼层(共14层) | 2007年建 | 板楼,http://image1.ljcdn.com/110000-inspection/pc1_vXF8ITr59_1.jpg.296x216.jpg
20201223,浦东,周浦,房子总价低，张江南，近前滩，高层采光好,280万,2室1厅 | 77.74平米 | 南 | 简装 | 中楼层(共6层) | 1998年建 | 板楼,http://image1.ljcdn.com/110000-inspection/pc1_YahPBqqC7_1.jpg.296x216.jpg
20201223,浦东,周浦,南北通两房 动迁 没有增值税 18号地铁口 高层房主自荐,326万,2室2厅 | 77.96平米 | 南 | 毛坯 | 高楼层(共17层) | 2013年建 | 板楼,http://image1.ljcdn.com/110000-inspection/pc1_vRLS8Pl9J_1.jpg.296x216.jpg
20201223,浦东,周浦,张江南，装修二房，满五年，户型方正！,350万,2室2厅 | 78.71平米 | 南 | 精装 | 低楼层(共6层) | 2006年建 | 板楼,http://image1.ljcdn.com/110000-inspection/pc1_M7472VJTm_1.jpg.296x216.jpg
20201223,浦东,周浦,电梯带阁楼，三开间朝南，南北通风，位置好房主自荐,580万,2室1厅 | 92.06平米 | 南 | 简装 | 高楼层(共11层) | 2011年建 | 板楼,http://image1.ljcdn.com/110000-inspection/pc1_1EWpXJiuA_1.jpg.296x216.jpg
20201223,浦东,周浦,莎海公寓 2室2厅 南,330万,2室2厅 | 97.86平米 | 南 | 其他 | 低楼层(共6层) | 2002年建 | 板楼,http://image1.ljcdn.com/110000-inspection/pc1_VVCJjLl1l_1.jpg.296x216.jpg
20201223,浦东,周浦,欧风家园大一房，低区出行方便，总价低,195万,1室1厅 | 53.91平米 | 南 北 | 毛坯 | 低楼层(共6层) | 2006年建 | 板楼,http://image1.ljcdn.com/110000-inspection/pc1_fwSctrtdU_1.jpg.296x216.jpg
20201223,浦东,周浦,带天井，双南户型，全天都有阳光，买进价高，税费少房主自荐,275万,2室1厅 | 73.85平米 | 南 | 精装 | 低楼层(共11层) | 2006年建 | 板楼,http://image1.ljcdn.com/110000-inspection/pc1_ZqqAxPnV4_1.jpg.296x216.jpg
20201223,浦东,周浦,不临街 不把边 中间楼层 精装修 A1 南北通2+1户型,495万,2室2厅 | 89.03平米 | 南 北 | 精装 | 中楼层(共18层) | 2011年建 | 板塔结合,http://image1.ljcdn.com/110000-inspection/pc1_qZyBTXAfU_1.jpg.296x216.jpg
20201223,浦东,周浦,18号线地铁大一房，景观楼层，诚心出售,235万,1室1厅 | 59.55平米 | 东 | 简装 | 中楼层(共14层) | 2007年建 | 板楼,http://image1.ljcdn.com/110000-inspection/pc1_YSBij9H1m_1.jpg.296x216.jpg
20201223,浦东,周浦,繁荣安居 精精装修 楼层好 业主诚意出售 随时好看房,245万,1室1厅 | 54.69平米 | 南 | 精装 | 高楼层(共6层) | 2012年建 | 板楼,http://image1.ljcdn.com/110000-inspection/pc1_6UORZqLIm_1.jpg.296x216.jpg
20201223,浦东,周浦,店长推荐：总价低，税费少，户型好，楼层好，采光好房主自荐,292万,2室1厅 | 69.67平米 | 南 北 | 精装 | 高楼层(共6层) | 2006年建 | 板楼,http://image1.ljcdn.com/110000-inspection/pc1_XXwLf4nHX_1.jpg.296x216.jpg
20201223,浦东,周浦,欧风家园中间楼层，精致装修，拎包入住，看房方便,230万,1室1厅 | 58.89平米 | 南 | 精装 | 中楼层(共5层) | 2006年建 | 板楼,http://image1.ljcdn.com/110000-inspection/pc1_ond3lL8p0_1.jpg.296x216.jpg
20201223,浦东,周浦,汇丽苑 精装 中间楼层 满五唯一  税费低,360万,2室2厅 | 78.16平米 | 南 北 | 精装 | 中楼层(共6层) | 2006年建 | 板楼,http://image1.ljcdn.com/110000-inspection/pc1_wHxBQZY90_1.jpg.296x216.jpg
20201223,浦东,周浦,沈默花苑    南北通透大两房   自住精装修  有垫高房主自荐,510万,2室2厅 | 106平米 | 南 北 | 精装 | 低楼层(共19层) | 2011年建 | 板楼,http://image1.ljcdn.com/110000-inspection/pc1_htFhrdloa_1.jpg.296x216.jpg
20201223,浦东,周浦,高品质小区！卧室转角大飘窗！全明户型房主自荐,745万,3室2厅 | 147平米 | 南 北 | 毛坯 | 低楼层(共21层) | 2013年建 | 板楼,http://image1.ljcdn.com/310000-inspection/prod-bd889669-f31d-43f8-bbfa-d97f7ca45a8e.jpg.296x216.jpg
20201223,浦东,周浦,此房满五年不唯一，南北通好格局，视野开阔，采光好。房主自荐,360万,5室3厅 | 115.72平米 | 南 | 毛坯 | 高楼层(共6层) | 1994年建 | 板楼,http://image1.ljcdn.com/310000-inspection/pc1_DBHJbtfmv_1.jpg.296x216.jpg
20201223,浦东,周浦,毛坯 三房 低楼层 自己设计装修,565万,3室2厅 | 118.41平米 | 南 | 毛坯 | 低楼层(共21层) | 2014年建 | 板楼,http://image1.ljcdn.com/110000-inspection/pc1_QknT8Irfy_1.jpg.296x216.jpg
20201223,浦东,周浦,绿地景汇佳苑三房    户型方正  通透性强  诚意出售房主自荐,536万,3室2厅 | 116.23平米 | 南 北 | 毛坯 | 低楼层(共21层) | 2014年建 | 板楼,http://image1.ljcdn.com/110000-inspection/pc1_SysOQq0RS_1.jpg.296x216.jpg
20201223,浦东,周浦,中金三期+沈梅路站1200米+南北直通+中间楼层房主自荐,520万,3室2厅 | 102平米 | 南 | 简装 | 中楼层(共18层) | 2016年建 | 板楼,http://image1.ljcdn.com/110000-inspection/pc1_Z3jm2Lw1G_1.jpg.296x216.jpg
20201223,浦东,周浦,本房为顶楼带80平大阁楼，楼下三间卧室都朝南房主自荐,360万,3室1厅 | 102.81平米 | 南 北 | 精装 | 高楼层(共6层) | 1997年建 | 板楼,http://image1.ljcdn.com/310000-inspection/prod-5f4dcc25-68c0-473f-ab23-1a41699e4a87.jpg.296x216.jpg
20201223,浦东,周浦,印象春城 低楼层简装房 看房方便，总价低房主自荐,410万,2室2厅 | 89.56平米 | 南 北 | 精装 | 低楼层(共15层) | 2011年建 | 板塔结合,http://image1.ljcdn.com/110000-inspection/pc1_B7JxguWjS_1.jpg.296x216.jpg
20201223,浦东,周浦,一手动迁，无增值税，户型方正，看房便利房主自荐,275万,2室2厅 | 83平米 | 南 | 简装 | 低楼层(共14层) | 2007年建 | 板楼,http://image1.ljcdn.com/110000-inspection/pc1_GLPQqMivu_1.jpg.296x216.jpg
20201223,浦东,周浦,御沁园南北通大三房，满五唯一税费低，带产权车位！房主自荐,950万,3室2厅 | 173.35平米 | 南 北 | 毛坯 | 中楼层(共21层) | 2014年建 | 板楼,http://image1.ljcdn.com/310000-inspection/pc1_mvLy4FEgP_1.jpg.296x216.jpg
20201223,浦东,周浦,18号线近地铁，毛坯，诚心出售。,260万,2室1厅 | 75.49平米 | 南 | 毛坯 | 高楼层(共14层) | 2008年建 | 板楼,http://image1.ljcdn.com/310000-inspection/test-dd3b9980-cb0e-4656-ae86-3fe559ce9479.png.296x216.jpg
20201223,浦东,周浦,满五唯一，经济好房，适宜居住，经济实用！,350万,1室2厅 | 59.74平米 | 南 北 | 精装 | 高楼层(共6层) | 2007年建 | 板楼,http://image1.ljcdn.com/110000-inspection/pc1_isubP6gDN_1.jpg.296x216.jpg
20201223,浦东,周浦,御沁园(公寓) 4室2厅 南新上,1210万,4室2厅 | 206.97平米 | 南 | 精装 | 高楼层(共21层) | 2014年建 | 板楼,http://image1.ljcdn.com/110000-inspection/pc1_5sQFPRiDW_1.jpg.296x216.jpg
20201223,浦东,周浦,南北通 低楼层 看房方便 小区环境优美 出行便利,485万,2室2厅 | 97.69平米 | 南 | 精装 | 低楼层(共14层) | 2007年建 | 板楼,http://image1.ljcdn.com/110000-inspection/pc1_lNbe93BG9_1.jpg.296x216.jpg
20201223,浦东,周浦,周浦万达广场旁，电梯高层景观房房主自荐,765万,4室2厅 | 170.64平米 | 南 北 | 精装 | 高楼层(共12层) | 2003年建 | 板楼,http://image1.ljcdn.com/110000-inspection/pc1_PdXZMA721_1.jpg.296x216.jpg
20201223,浦东,周浦,18号线地铁+万达广场，一路之隔， 看房方便房主自荐,655万,3室2厅 | 141.25平米 | 南 | 简装 | 低楼层(共8层) | 2009年建 | 板楼,http://image1.ljcdn.com/110000-inspection/pc1_ro2gPW0qH_1.jpg.296x216.jpg
20201223,浦东,周浦,小区中间位置，飞机户型，满五唯一，通风采光都好,335万,3室2厅 | 93平米 | 南 北 | 精装 | 高楼层(共6层) | 2006年建 | 板楼,http://image1.ljcdn.com/110000-inspection/pc1_cVL629R13_1.jpg.296x216.jpg
20201223,浦东,周浦,九龙仓兰廷人车分流配套完善品质小区看房有钥匙房主自荐,520万,3室1厅 | 89平米 | 南 | 精装 | 低楼层(共18层)  | 板楼,http://image1.ljcdn.com/110000-inspection/pc1_tfgWyUtHz_1.jpg.296x216.jpg
20201223,浦东,周浦,申雅苑 原始3房 南北通户型  欲购从速,409万,3室2厅 | 99.68平米 | 南 北 | 毛坯 | 高楼层(共6层) | 2008年建 | 板楼,http://image1.ljcdn.com/110000-inspection/pc1_7qRdotuO9_1.jpg.296x216.jpg
20201223,浦东,周浦,张江南板块，品质小区，16号线周浦东站一公里距离傅雷,660万,3室2厅 | 131平米 | 南 北 | 精装 | 低楼层(共18层) | 2009年建 | 板塔结合,http://image1.ljcdn.com/110000-inspection/pc1_YyFSYHR4H_1.jpg.296x216.jpg
20201223,浦东,周浦,张江南，周浦标杆小区， 2+1户型，带地暖，层高3.2米,520万,3室2厅 | 89.54平米 | 南 北 | 精装 | 低楼层(共18层)  | 板楼,http://image1.ljcdn.com/110000-inspection/pc1_aHP70MObi_1.jpg.296x216.jpg
20201223,浦东,周浦,精装修三房  总价低   满五年税少,600万,3室2厅 | 117.04平米 | 南 北 | 精装 | 低楼层(共20层) | 2012年建 | 板楼,http://image1.ljcdn.com/110000-inspection/pc1_t8mvIVRhh_1.jpg.296x216.jpg
20201223,浦东,周浦,动迁房 改好的两房 满5年唯一 方便看房 诚心出售,230万,2室1厅 | 53.99平米 | 南 | 精装 | 低楼层(共5层)  | 板楼,http://image1.ljcdn.com/110000-inspection/pc1_ZTHNgUTbK_1.jpg.296x216.jpg
20201223,浦东,周浦,南北通户型，自住装修，近地铁，楼层佳，业主诚意出售房主自荐,265万,2室1厅 | 72.71平米 | 南 | 精装 | 低楼层(共6层) | 2006年建 | 板楼,http://image1.ljcdn.com/310000-inspection/pc1_SghIS675D_1.jpg.296x216.jpg
20201223,浦东,周浦,18号线精选推荐，三开间朝南，三房两卫，户型方正。,360万,3室1厅 | 94.52平米 | 南 北 | 精装 | 低楼层(共5层) | 2006年建 | 板楼,http://image1.ljcdn.com/110000-inspection/pc1_TJqLVAkJI_1.jpg.296x216.jpg
20201223,浦东,周浦,周浦中.心&张江南，户型方正+阁楼+露台房主自荐,355万,3室2厅 | 77.01平米 | 南 北 | 简装 | 高楼层(共6层) | 2006年建 | 板楼,http://image1.ljcdn.com/310000-inspection/prod-fc6ad939-45bf-4afa-9c1f-fb3e4080bb3e.jpg.296x216.jpg
20201223,浦东,周浦,张江南 高楼层 景观房 全南户型 精装修房主自荐,432万,2室1厅 | 89.72平米 | 南 | 精装 | 高楼层(共18层) | 2011年建 | 板塔结合,http://image1.ljcdn.com/310000-inspection/pc1_TPDtHmeJO_1.jpg.296x216.jpg
20201223,浦东,周浦,18号线地铁，景观楼层，08年商品大一房，满五唯一。,215万,1室1厅 | 54.45平米 | 南 | 简装 | 中楼层(共14层) | 2008年建 | 板楼,http://image1.ljcdn.com/110000-inspection/pc1_reJGimaGy_1.jpg.296x216.jpg
20201223,浦东,周浦,18号线精选： 周浦镇上，南北2房，配套成熟，看房方便,343万,2室2厅 | 83.59平米 | 南 北 | 简装 | 高楼层(共6层) | 2009年建 | 板楼,http://image1.ljcdn.com/110000-inspection/pc1_TD9cekBzN_1.jpg.296x216.jpg
20201223,浦东,周浦,张江南，近万达，双规沿线，配套成熟，看房有钥匙,355万,2室2厅 | 77平米 | 南 北 | 精装 | 中楼层(共6层) | 2006年建 | 板楼,http://image1.ljcdn.com/110000-inspection/pc1_1W28Rzc7X_1.jpg.296x216.jpg
20201223,浦东,周浦,近18号地铁 中金三期 英伦墅质洋房  小区品质好档次高,640万,3室2厅 | 144.75平米 | 南 北 | 简装 | 低楼层(共7层)  | 板楼,http://image1.ljcdn.com/110000-inspection/pc1_vAlgSg2Df_1.jpg.296x216.jpg
20201223,浦东,周浦,景观花园位置 采光无遮挡 南北通户型 满五唯一房主自荐,540万,2室2厅 | 95.2平米 | 南 北 | 精装 | 中楼层(共14层) | 2007年建 | 板楼,http://image1.ljcdn.com/110000-inspection/pc1_01lfpqlbd_1.jpg.296x216.jpg
20201223,浦东,周浦,品质小区 人车分流 业主诚意出售 看房方便房主自荐,545万,3室1厅 | 89.18平米 | 南 | 精装 | 低楼层(共18层)  | 板楼,http://image1.ljcdn.com/110000-inspection/pc1_WzEbX9sGw_1.jpg.296x216.jpg
20201223,浦东,周浦,小区中间位置，精装修拎包入住，诚意出售，看房随时,740万,3室2厅 | 133.76平米 | 东 | 精装 | 中楼层(共18层) | 2007年建 | 板楼,http://image1.ljcdn.com/110000-inspection/pc1_cpnBPcdTz_1.jpg.296x216.jpg
20201223,浦东,周浦,三房南北通，满五年，房子户型好 采光好,355万,3室2厅 | 104.45平米 | 南 北 | 毛坯 | 高楼层(共6层) | 2007年建 | 板楼,http://image1.ljcdn.com/110000-inspection/pc1_Raaaafnr0_1.jpg.296x216.jpg
20201223,浦东,周浦,近观四期景，远眺万达楼，婚房精装99新！房主自荐,890万,3室2厅 | 144.07平米 | 南 北 | 精装 | 低楼层(共18层) | 2010年建 | 板楼,http://image1.ljcdn.com/110000-inspection/pc1_mNkXYb1L1_1.jpg.296x216.jpg
20201223,浦东,周浦,地铁18号线600米，精装修，楼层采光好，有阁楼房主自荐,375万,3室1厅 | 95.5平米 | 南 | 精装 | 高楼层(共5层) | 2007年建 | 板楼,http://image1.ljcdn.com/110000-inspection/pc1_Kdw68dZrq_1.jpg.296x216.jpg
20201223,浦东,周浦,次新房，花园洋房，中间楼层，户型方正,720万,3室2厅 | 131平米 | 南 北 | 精装 | 中楼层(共8层)  | 板楼,http://image1.ljcdn.com/110000-inspection/pc1_k8QFmQGhM_1.jpg.296x216.jpg
20201223,浦东,周浦,中金三期原始大四房，花园洋房，精装修，保养良好。,750万,4室2厅 | 157.66平米 | 南 | 精装 | 低楼层(共7层)  | 板楼,http://image1.ljcdn.com/110000-inspection/pc1_95diwPdZi_1.jpg.296x216.jpg
20201223,浦东,周浦,200米万达和地铁！双澧溪 高.性.价.比.精装修三房！！,425万,3室2厅 | 91.51平米 | 南 | 简装 | 中楼层(共6层) | 1995年建 | 板楼,http://image1.ljcdn.com/110000-inspection/pc1_do3E1cQQZ_1.jpg.296x216.jpg
20201223,浦东,周浦,汇丽苑 122平 大三房 楼层好  位置安静 精装修房主自荐,455万,3室2厅 | 122.18平米 | 南 | 精装 | 低楼层(共6层) | 2005年建 | 板楼,http://image1.ljcdn.com/110000-inspection/pc1_f87S5Ec12_1.jpg.296x216.jpg
20201223,浦东,周浦,张江南，近万达，配套成熟，交通方便，带院子,550万,3室2厅 | 147平米 | 北 南 | 精装 | 低楼层(共6层) | 2000年建 | 板楼,http://image1.ljcdn.com/110000-inspection/pc1_o2Th73jSH_1.jpg.296x216.jpg
20201223,浦东,周浦,南北通，前后无遮挡，看中可谈，诚意出售！,550万,2室1厅 | 100.95平米 | 南 | 精装 | 低楼层(共14层) | 2007年建 | 板楼,http://image1.ljcdn.com/110000-inspection/pc1_zd2ZWrGvU_1.jpg.296x216.jpg
20201223,浦东,周浦,大平层 南北通 带车位 精装修 诚意出售房主自荐,1210万,4室2厅 | 207平米 | 南 北 | 精装 | 高楼层(共21层) | 2013年建 | 板楼,http://image1.ljcdn.com/110000-inspection/pc1_I6inx0sHi_1.jpg.296x216.jpg
20201223,浦东,周浦,菱翔苑 3室2厅 南房主自荐,430万,3室2厅 | 91.51平米 | 南 | 简装 | 中楼层(共6层) | 1995年建 | 板楼,http://image1.ljcdn.com/110000-inspection/pc1_V4H34cnog_1.jpg.296x216.jpg
20201223,浦东,周浦,双开间朝南+不靠变电站+周浦中区+地铁三轨交汇处,410万,2室2厅 | 97.53平米 | 南 北 | 简装 | 高楼层(共18层) | 2008年建 | 板楼,http://image1.ljcdn.com/110000-inspection/pc1_zp1VRKs73_1.jpg.296x216.jpg
20201223,浦东,周浦,近地铁两房，中间楼层，南北通透户型好,285万,2室1厅 | 72.12平米 | 南 北 | 精装 | 中楼层(共6层) | 2007年建 | 板楼,http://image1.ljcdn.com/110000-inspection/pc1_EGUbwdF73_1.jpg.296x216.jpg
20201223,浦东,周浦,周浦镇品质小区+三轨交汇+自住装修+满五唯一户型好房主自荐,418万,2室2厅 | 110.97平米 | 南 北 | 简装 | 低楼层(共18层) | 2008年建 | 板楼,http://image1.ljcdn.com/110000-inspection/pc1_DZMZeLgbp_1.jpg.296x216.jpg
20201223,浦东,周浦,楼层格局好 配套设施齐全 交通便利 南北通房主自荐,540万,3室2厅 | 134.32平米 | 南 北 | 精装 | 低楼层(共6层) | 2005年建 | 板楼,http://image1.ljcdn.com/110000-inspection/pc1_P4lmowbc5_1.jpg.296x216.jpg
20201223,浦东,周浦,两房朝南带大花园 近万达 进地铁 交通便利购物方便房主自荐,290万,2室1厅 | 79.7平米 | 南 北 | 精装 | 低楼层(共6层) | 1997年建 | 板楼,http://image1.ljcdn.com/310000-inspection/pc1_xsdIy33OP_1.jpg.296x216.jpg
20201223,浦东,周浦,汇康公寓 多层三房 精装修 满五唯一,475万,3室2厅 | 114.9平米 | 南 | 精装 | 低楼层(共9层) | 2005年建 | 板楼,http://image1.ljcdn.com/310000-inspection/prod-afcbbf40-7301-47af-84ea-8d9c6709793e.jpg.296x216.jpg
20201223,浦东,周浦,小区中 心，西边套南北通ZY空调地暖，无遮挡，满阳光,850万,3室2厅 | 138.75平米 | 南 北 | 精装 | 低楼层(共14层) | 2010年建 | 板楼,http://image1.ljcdn.com/110000-inspection/pc1_3Ot3JDuts_1.jpg.296x216.jpg
20201223,浦东,周浦,简单装修，高楼层，视野开阔，采光好房主自荐,243万,2室1厅 | 68.88平米 | 南 北 | 简装 | 高楼层(共6层) | 2006年建 | 板楼,http://image1.ljcdn.com/310000-inspection/pc1_Zr4zmsjw1_1.jpg.296x216.jpg
20201223,浦东,周浦,精装修 电梯房 一手动迁 满五唯一 税费少房主自荐,305万,2室1厅 | 85.82平米 | 南 | 精装 | 低楼层(共14层) | 2007年建 | 板楼,http://image1.ljcdn.com/110000-inspection/pc1_NI0b871up_1.jpg.296x216.jpg
20201223,浦东,周浦,大一房，一手动迁，满五唯一，税费少,202万,1室1厅 | 58.74平米 | 南 | 简装 | 低楼层(共5层) | 2006年建 | 板楼,http://image1.ljcdn.com/110000-inspection/pc1_7wxbRZA90_1.jpg.296x216.jpg
20201223,浦东,周浦,圣鑫苑四期+位置好+楼层好+三轨交汇+交通便利房主自荐,485万,2室2厅 | 92.59平米 | 南 | 精装 | 中楼层(共13层) | 2011年建 | 板楼,http://image1.ljcdn.com/310000-inspection/test-7c609528-e45e-4660-98f3-dfef0887d4ed.png.296x216.jpg
20201223,浦东,周浦,此房满五年，南北通，高楼层，采光充足，配套设施齐全,468万,3室2厅 | 114.56平米 | 南 北 | 精装 | 高楼层(共6层) | 2007年建 | 板楼,http://image1.ljcdn.com/110000-inspection/pc1_qgyRmt8Sx_1.jpg.296x216.jpg
20201223,浦东,周浦,中城苑，一楼带大花园，出行便利，小区绿化高房主自荐,265万,2室1厅 | 71.85平米 | 南 | 简装 | 低楼层(共5层) | 2006年建 | 板楼,http://image1.ljcdn.com/310000-inspection/prod-5abdc01f-3bd1-4a17-8b7a-373d2cfc0f4a.jpg.296x216.jpg
20201223,浦东,周浦,此房满五唯一 免个税 双南南北通 自住装修,483万,2室2厅 | 96.4平米 | 南 | 精装 | 低楼层(共15层) | 2012年建 | 板楼,http://image1.ljcdn.com/110000-inspection/pc1_apjhHknHK_1.jpg.296x216.jpg
20201223,浦东,周浦,双轨交，一手动迁 满五唯一 总价低，税费少房主自荐,275万,2室1厅 | 69.47平米 | 南 | 精装 | 高楼层(共6层) | 2006年建 | 板楼,http://image1.ljcdn.com/110000-inspection/pc1_hjgMvEDpz_1.jpg.296x216.jpg
20201223,浦东,周浦,圣鑫苑小两房，不靠变电站和高压线 小区中间位房主自荐,307万,2室1厅 | 69.24平米 | 南 | 简装 | 中楼层(共6层) | 2006年建 | 板楼,http://image1.ljcdn.com/110000-inspection/pc1_v5A6PtfiQ_1.jpg.296x216.jpg
20201223,浦东,周浦,中间楼层+满五唯一+采光好+诚心出售房主自荐,199万,1室1厅 | 54.7平米 | 南 北 | 毛坯 | 中楼层(共5层) | 2006年建 | 板楼,http://image1.ljcdn.com/110000-inspection/pc1_b49VDlxJB_1.jpg.296x216.jpg
20201223,浦东,周浦,果园二村   装修两房    带两个朝南车库  价格包含房主自荐,510万,2室1厅 | 96平米 | 南 北 | 简装 | 低楼层(共5层) | 2004年建 | 板楼,http://image1.ljcdn.com/110000-inspection/pc1_uqjxCpKgN_1.jpg.296x216.jpg
20201223,浦东,周浦,精装南北通2房 高区采光好 满五唯一 另有车位 诚售！房主自荐,598万,2室2厅 | 97.46平米 | 南 北 | 精装 | 高楼层(共18层) | 2014年建 | 板楼,http://image1.ljcdn.com/110000-inspection/pc1_ZqPasBYF9_1.jpg.296x216.jpg
20201223,浦东,周浦,带阁楼，楼上平层 2个阳光房1个房间，近万达，急售房主自荐,265万,2室2厅 | 51.55平米 | 南 北 | 精装 | 高楼层(共6层) | 2012年建 | 板楼,http://image1.ljcdn.com/310000-inspection/pc1_x7vz41Ba5_1.jpg.296x216.jpg
20201223,浦东,周浦,瑞阳苑，品质小区，房东诚心出售，看房方便房主自荐,198万,1室1厅 | 59.94平米 | 南 北 | 简装 | 低楼层(共11层) | 2007年建 | 板楼,http://image1.ljcdn.com/310000-inspection/pc1_9lIXPSH6s_1.jpg.296x216.jpg
20201223,浦东,周浦,印象两房，双南户型，满五唯一，业主诚意出售,450万,2室2厅 | 88.37平米 | 南 | 简装 | 高楼层(共18层) | 2011年建 | 板塔结合,http://image1.ljcdn.com/110000-inspection/pc1_X508ZrozN_1.jpg.296x216.jpg
20201223,浦东,周浦,海通新村 可利用空间大 主卧带独立卫生间 顶楼带阁楼房主自荐,280万,2室2厅 | 87.48平米 | 南 | 简装 | 高楼层(共6层) | 1994年建 | 板楼,http://image1.ljcdn.com/310000-inspection/pc1_LJJiwtmm6_1.jpg.296x216.jpg
20201223,浦东,周浦,逸亭佳苑  次新小区 周浦繁华地段  配套齐全 好看房房主自荐,237万,1室1厅 | 56.51平米 | 南 | 毛坯 | 低楼层(共8层) | 2011年建 | 板楼,http://image1.ljcdn.com/110000-inspection/pc1_oZu037WMk_1.jpg.296x216.jpg
20201223,浦东,周浦,瑞阳苑两房双飘窗，楼层好，视野采光不错房主自荐,299万,2室2厅 | 80平米 | 南 北 | 精装 | 高楼层(共11层) | 2007年建 | 板楼,http://image1.ljcdn.com/110000-inspection/pc1_9w0PUb0uU_1.jpg.296x216.jpg
20201223,浦东,周浦,张江南 印象春城 南北通 满五唯一 采光视野好房主自荐,480万,2室2厅 | 89.65平米 | 南 北 | 精装 | 高楼层(共15层) | 2011年建 | 板塔结合,http://image1.ljcdn.com/110000-inspection/pc1_KPyPrR3MS_1.jpg.296x216.jpg
20201223,浦东,周浦,18号线精选推荐，位置好，满五唯一，装修保养很好,279万,2室2厅 | 73.9平米 | 南 | 精装 | 低楼层(共6层)  | 板楼,http://image1.ljcdn.com/110000-inspection/pc1_XllMDncGu_1.jpg.296x216.jpg
20201223,浦东,周浦,满五唯一税费少，临河，带阁楼，方便储物,197万,1室1厅 | 51.89平米 | 南 | 简装 | 高楼层(共5层) | 2007年建 | 板楼,http://image1.ljcdn.com/110000-inspection/pc1_xrXk74k9O_1.jpg.296x216.jpg
20201223,浦东,周浦,带花园，小区位置安静，满五唯一，户型正气房主自荐,205万,1室1厅 | 54.45平米 | 南 | 简装 | 低楼层(共14层) | 2008年建 | 板楼,http://image1.ljcdn.com/110000-inspection/pc1_CXs71nv2g_1.jpg.296x216.jpg
20201223,浦东,周浦,张江南 品质小区 精装1居室 拎包入住  诚心出售,335万,1室1厅 | 64.28平米 | 南 | 精装 | 高楼层(共14层) | 2011年建 | 板塔结合,http://image1.ljcdn.com/110000-inspection/pc1_b6Yz98A2v_1.jpg.296x216.jpg
20201223,浦东,周浦,18号线旁，中装，南北，店长推荐房主自荐,285万,2室1厅 | 75.08平米 | 南 北 | 精装 | 低楼层(共12层) | 2008年建 | 板楼,http://image1.ljcdn.com/110000-inspection/pc1_IJJ1AxdIA_1.jpg.296x216.jpg
20201223,浦东,周浦,张江南 南北通透  精装修  带车位,550万,2室2厅 | 115平米 | 南 北 | 精装 | 低楼层(共18层) | 2011年建 | 板塔结合,http://image1.ljcdn.com/110000-inspection/pc1_0ugbSSF7y_1.jpg.296x216.jpg
20201223,浦东,周浦,房子是一手动迁 满五年 目前房子出租 看房方便 一居室,230万,1室1厅 | 51.93平米 | 南 | 简装 | 低楼层(共6层) | 2008年建 | 板楼,http://image1.ljcdn.com/110000-inspection/pc1_ZiIB9WteC_1.jpg.296x216.jpg
20201223,浦东,周浦,满五唯一精装修自住，大面积，南北通，诚意出售,235万,1室1厅 | 63.12平米 | 南 | 精装 | 低楼层(共5层) | 2006年建 | 板楼,http://image1.ljcdn.com/110000-inspection/pc1_jaGwt8f1Q_1.jpg.296x216.jpg
20201223,浦东,周浦,金田花园 2室1厅 南 北,310万,2室1厅 | 83.5平米 | 南 北 | 精装 | 中楼层(共5层) | 2000年建 | 板楼,http://image1.ljcdn.com/110000-inspection/pc1_wkxMvcGqT_1.jpg.296x216.jpg
20201223,浦东,周浦,张江南满五唯一 品质小区 一房+地下产权车位 看房方便,300万,1室1厅 | 64.18平米 | 南 | 简装 | 低楼层(共16层) | 2011年建 | 板塔结合,http://image1.ljcdn.com/110000-inspection/pc1_FhGY15QWw_1.jpg.296x216.jpg
20201223,浦东,周浦,18号16号线地铁双轨，中间位置，精装修，中楼层房主自荐,285万,2室1厅 | 75.47平米 | 南 | 精装 | 中楼层(共14层)  | 板楼,http://image1.ljcdn.com/110000-inspection/pc1_fHUe4dOIT_1.jpg.296x216.jpg
20201223,浦东,周浦,18号线精选房源：欧风家园大两房，南北通透。,320万,2室1厅 | 76.44平米 | 南 | 精装 | 中楼层(共5层)  | 板楼,http://image1.ljcdn.com/110000-inspection/pc1_XfXPJDhn8_1.jpg.296x216.jpg
20201223,浦东,周浦,此房满五年，南北通户型! 采光充足，业主诚心出售房主自荐,480万,2室2厅 | 88.04平米 | 南 北 | 毛坯 | 低楼层(共14层) | 2010年建 | 板楼,http://image1.ljcdn.com/110000-inspection/pc1_5xeUuwZwN_1.jpg.296x216.jpg
20201223,浦东,周浦,精装修，税费少，看房方便，房东诚心出售，满五唯一,270万,2室1厅 | 71.97平米 | 南 | 精装 | 高楼层(共6层) | 2006年建 | 板楼,http://image1.ljcdn.com/110000-inspection/pc1_TKYO8esPN_1.jpg.296x216.jpg
20201223,浦东,周浦,满五唯一，税费少，带阁楼的，户型正气，采光好,405万,4室2厅 | 85.09平米 | 南 北 | 精装 | 高楼层(共5层) | 2006年建 | 板楼,http://image1.ljcdn.com/310000-inspection/pc1_DZ89eoZrg_1.jpg.296x216.jpg
20201223,浦东,周浦,果园二村   中装两房 户型好 楼层佳  带三个车库房主自荐,460万,2室2厅 | 88.24平米 | 南 北 | 精装 | 中楼层(共5层) | 2002年建 | 板楼,http://image1.ljcdn.com/110000-inspection/pc1_FUhBkifY4_1.jpg.296x216.jpg
20201223,浦东,周浦,一手动迁，税费首套1个点契税，二套3个点契税。,310万,2室1厅 | 77.64平米 | 南 | 毛坯 | 中楼层(共5层) | 2007年建 | 板楼,http://image1.ljcdn.com/110000-inspection/pc1_SNYbGutUY_1.jpg.296x216.jpg
20201223,浦东,周浦,电梯高层，一梯两户，大两房，诚心出售房主自荐,295万,2室1厅 | 85.72平米 | 南 | 精装 | 高楼层(共14层) | 2007年建 | 板楼,http://image1.ljcdn.com/110000-inspection/pc1_eLMIN2SZl_1.jpg.296x216.jpg
20201223,浦东,周浦,全明户型，功能间齐全，买入价高，税费低房主自荐,188万,1室1厅 | 47.92平米 | 南 | 精装 | 高楼层(共6层) | 1997年建 | 板楼,http://image1.ljcdn.com/110000-inspection/pc1_TKJiOdWxa_1.jpg.296x216.jpg
20201223,浦东,周浦,动迁满五，1/2唯一，少税费，中间楼层毛坯大两房房主自荐,285万,2室1厅 | 85.72平米 | 南 北 | 毛坯 | 低楼层(共14层) | 2007年建 | 板楼,http://image1.ljcdn.com/110000-inspection/pc1_3WBmJ0uLR_1.jpg.296x216.jpg
20201223,浦东,周浦,周浦镇中 11 16 18三线交轨 大一房房主自荐,300万,1室1厅 | 62.99平米 | 南 北 | 简装 | 中楼层(共18层) | 2008年建 | 板楼,http://image1.ljcdn.com/110000-inspection/pc1_4ooGwnmN0_1.jpg.296x216.jpg
20201223,浦东,周浦,18号线精选： 周浦镇上，小户型，总价低，看房方便房主自荐,238万,1室1厅 | 58.16平米 | 南 | 简装 | 低楼层(共11层) | 2012年建 | 板楼,http://image1.ljcdn.com/110000-inspection/pc1_VBArN0ZGT_1.jpg.296x216.jpg
20201223,浦东,周浦,电梯高区 南北户型 户型方正 诚意出售,500万,2室2厅 | 87.71平米 | 南 | 简装 | 中楼层(共7层) | 2006年建 | 板楼,http://image1.ljcdn.com/110000-inspection/pc1_4Sv39wRBS_1.jpg.296x216.jpg
20201223,浦东,周浦,桃园新城中城苑，一房，自住装修，位置好，看房方便房主自荐,205万,1室1厅 | 54.5平米 | 南 | 精装 | 低楼层(共4层) | 2006年建 | 板楼,http://image1.ljcdn.com/110000-inspection/pc1_2TCU085I8_1.jpg.296x216.jpg
20201223,浦东,周浦,房屋满两年，楼层好，视野开阔，税费少，看房便利,235万,1室1厅 | 52平米 | 南 | 精装 | 高楼层(共14层) | 2007年建 | 板楼,http://image1.ljcdn.com/110000-inspection/pc1_NDtYLecZ2_1.jpg.296x216.jpg
20201223,浦东,周浦,楼栋位置好，精装修楼层好，临别墅区，采光无遮挡,486万,2室2厅 | 98.19平米 | 南 | 简装 | 高楼层(共18层) | 2014年建 | 板楼,http://image1.ljcdn.com/110000-inspection/pc1_3JZ3MSP8a_1.jpg.296x216.jpg
20201223,浦东,周浦,近18号线沈梅路站一千米 两房南北通透，出行方便房主自荐,275万,2室1厅 | 71.32平米 | 南 北 | 精装 | 低楼层(共5层) | 2006年建 | 板楼,http://image1.ljcdn.com/110000-inspection/pc1_K7NEdwZNe_1.jpg.296x216.jpg
20201223,浦东,周浦,沈梅路地铁站800米 满五唯一 税费少 诚意出售房主自荐,274万,2室1厅 | 72.12平米 | 南 | 精装 | 低楼层(共6层) | 2007年建 | 板楼,http://image1.ljcdn.com/110000-inspection/pc1_HMHKPole9_1.jpg.296x216.jpg
20201223,浦东,周浦,满五唯一税费少，近地铁一房，总价低,190万,1室1厅 | 51.05平米 | 南 | 毛坯 | 低楼层(共5层) | 2006年建 | 板楼,http://image1.ljcdn.com/110000-inspection/pc1_oNRYRyATJ_1.jpg.296x216.jpg
20201223,浦东,周浦,欧风家园南区带花园，种花养草陶冶情操，自住看房方便,239万,1室1厅 | 69.61平米 | 南 | 其他 | 低楼层(共11层)  | 板楼,http://image1.ljcdn.com/110000-inspection/pc1_dG96zcSX2_1.jpg.296x216.jpg
20201223,浦东,周浦,婚房装修，全明户型，采光好，拎包入住，不费心,280万,2室1厅 | 76.7平米 | 南 | 精装 | 低楼层(共11层) | 2006年建 | 板楼,http://image1.ljcdn.com/110000-inspection/pc1_M0JaJasnq_1.jpg.296x216.jpg
20201223,浦东,周浦,总高5楼，精装修带阁楼。楼上空间很大。拎包入住,329万,2室1厅 | 72.1平米 | 东 | 精装 | 高楼层(共5层)  | 板楼,http://image1.ljcdn.com/110000-inspection/pc1_zOGAzdAIX_1.jpg.296x216.jpg
20201223,浦东,周浦,张江南印象春城刚出双南房 房东置换诚心出售看房方便,364万,2室1厅 | 88.23平米 | 南 | 简装 | 低楼层(共18层) | 2011年建 | 板塔结合,http://image1.ljcdn.com/110000-inspection/pc1_u8PSSfeDA_1.jpg.296x216.jpg
20201223,浦东,周浦,南临河小户+楼间距超大+三轨交汇+配套齐全,276万,1室1厅 | 62.99平米 | 南 | 精装 | 低楼层(共18层) | 2008年建 | 板楼,http://image1.ljcdn.com/110000-inspection/pc1_PJARJPXjA_1.jpg.296x216.jpg
20201223,浦东,周浦,次新装修，拎包入住。房子无任何遮挡，采光好！,265万,2室2厅 | 64.59平米 | 南 | 精装 | 中楼层(共11层) | 2006年建 | 板楼,http://image1.ljcdn.com/110000-inspection/pc1_tUiUqMJyY_1.jpg.296x216.jpg
20201223,浦东,周浦,一房改两房，小区中间位置，采光充足,197万,2室2厅 | 51.94平米 | 南 | 简装 | 低楼层(共5层) | 2007年建 | 板楼,http://image1.ljcdn.com/110000-inspection/pc1_KZbCrNneW_1.jpg.296x216.jpg
20201223,浦东,周浦,采光比较好，房源精装修，交通方便房主自荐,205万,1室1厅 | 54.67平米 | 南 | 精装 | 中楼层(共6层) | 2006年建 | 板楼,http://image1.ljcdn.com/110000-inspection/pc1_qlwXuXIFV_1.jpg.296x216.jpg
20201223,浦东,周浦,自住精装修 近地铁 配套成熟 随时看房房主自荐,273万,2室1厅 | 70平米 | 南 北 | 精装 | 低楼层(共6层)  | 板楼,http://image1.ljcdn.com/110000-inspection/pc1_4oyv9ouFC_1.jpg.296x216.jpg
20201223,浦东,周浦,三开间朝南 户型方正 满两年税费少 人车分流环境优美,450万,2室2厅 | 85平米 | 南 | 毛坯 | 低楼层(共21层) | 2016年建 | 板楼,http://image1.ljcdn.com/310000-inspection/pc1_hQoNvGRc1_1.jpg.296x216.jpg
20201223,浦东,周浦,小区地理位置好，交通便利，近菜市场，2008年的商品房房主自荐,260万,2室1厅 | 75.47平米 | 南 | 简装 | 低楼层(共14层)  | 板楼,http://image1.ljcdn.com/110000-inspection/pc1_vM7VG8PUz_1.jpg.296x216.jpg
20201223,浦东,周浦,18号线精选推荐，顶楼带阁楼，南北户型，动迁税费少房主自荐,305万,2室1厅 | 75.86平米 | 南 北 | 简装 | 高楼层(共5层)  | 板楼,http://image1.ljcdn.com/110000-inspection/pc1_VvaP4yIW8_1.jpg.296x216.jpg
20201223,浦东,周浦,房子楼层好 精装修  三房 房间带飘窗 满五唯一房主自荐,815万,3室2厅 | 146平米 | 东 南 北 | 精装 | 中楼层(共20层) | 2013年建 | 板楼,http://image1.ljcdn.com/110000-inspection/pc1_EjmXd2MIB_1.jpg.296x216.jpg
20201223,浦东,周浦,商品房 人车分流  三开间朝南 户型方正 采光通风俱佳房主自荐,450万,2室1厅 | 99.67平米 | 南 | 毛坯 | 低楼层(共18层)  | 板楼,http://image1.ljcdn.com/110000-inspection/pc1_NXmmtsNYZ_1.jpg.296x216.jpg
20201223,浦东,周浦,精装修，位置好，大阳台品质一房，楼层佳！,218万,2室1厅 | 55.25平米 | 南 | 精装 | 中楼层(共14层) | 2008年建 | 板楼,http://image1.ljcdn.com/110000-inspection/pc1_CN8i3fI0p_1.jpg.296x216.jpg
20201223,浦东,周浦,高楼层视野开阔，前后无遮挡，业主诚意出售，看房随时,305万,2室1厅 | 87.99平米 | 南 北 | 精装 | 高楼层(共6层) | 1994年建 | 板楼,http://image1.ljcdn.com/310000-inspection/pc1_C4KEECAnY_1.jpg.296x216.jpg
20201223,浦东,周浦,高区三房   采光 阳光直射  自己装修,650万,3室2厅 | 118.41平米 | 南 北 | 毛坯 | 中楼层(共21层) | 2014年建 | 板楼,http://image1.ljcdn.com/110000-inspection/pc1_MozbwSOXQ_1.jpg.296x216.jpg
20201223,浦东,周浦,格局明朗，户型方正，好房子静候您的来临,510万,3室2厅 | 123.81平米 | 南 | 精装 | 中楼层(共5层) | 2006年建 | 板楼,http://image1.ljcdn.com/110000-inspection/pc1_PhI6M9PEx_1.jpg.296x216.jpg
20201223,浦东,周浦,18号线近地铁，动迁全南大两房,315万,2室2厅 | 82.54平米 | 南 | 简装 | 高楼层(共14层) | 2007年建 | 板楼,http://image1.ljcdn.com/110000-inspection/pc1_YDwgB7luT_1.jpg.296x216.jpg
20201223,浦东,周浦,满4年，总价低，近地铁，交通便利，配套成熟房主自荐,220万,1室1厅 | 59.55平米 | 南 | 简装 | 低楼层(共14层) | 2007年建 | 板楼,http://image1.ljcdn.com/110000-inspection/pc1_pd6w3v9Gg_1.jpg.296x216.jpg
20201223,浦东,周浦,果园二村四房，顶楼带阁楼，楼上已经做两房，带露台房主自荐,570万,4室2厅 | 95.55平米 | 南 | 毛坯 | 高楼层(共4层) | 2004年建 | 板楼,http://image1.ljcdn.com/110000-inspection/pc1_Tw7hpx3Ks_1.jpg.296x216.jpg
20201223,浦东,周浦,御沁园 精装大三房 有车位 诚意出售 看房随时房主自荐,860万,3室2厅 | 149.87平米 | 南 北 | 精装 | 高楼层(共20层) | 2013年建 | 板楼,http://image1.ljcdn.com/110000-inspection/pc1_YBz9EKACH_1.jpg.296x216.jpg
20201223,浦东,周浦,小区中间位置，阳台开门，精装修两房，近18号地铁线房主自荐,278万,2室1厅 | 71.67平米 | 南 | 精装 | 低楼层(共6层) | 2006年建 | 板楼,http://image1.ljcdn.com/110000-inspection/pc1_i235DXkv8_1.jpg.296x216.jpg
20201223,浦东,周浦,此房产权清晰，无贷款无抵押大两房,400万,2室2厅 | 108.04平米 | 南 | 精装 | 高楼层(共6层) | 2003年建 | 板楼,http://image1.ljcdn.com/110000-inspection/pc1_UyZl7WbTu_1.jpg.296x216.jpg
20201223,浦东,周浦,绿地景汇佳苑 四开间朝南四房  大面积  诚意出售房主自荐,960万,4室2厅 | 334平米 | 南 北 | 精装 | 低楼层(共18层) | 2012年建 | 板楼,http://image1.ljcdn.com/310000-inspection/rsp_pic_uploadc44ca4ff-a7d6-4482-9155-97c38777734b.JPG.296x216.jpg
20201223,浦东,周浦,清水毛坯房 南进门北花园 临河位置 带地下室房主自荐,1380万,4室2厅 | 288平米 | 南 | 毛坯 | 3层 | 2012年建 | 板楼 | 联排别墅,http://image1.ljcdn.com/110000-inspection/6417f94da835cfca6ff29ff5b25067c9-093.jpg.296x216.jpg
20201223,浦东,周浦,精装修，拎包入住，可用面积大，看房效果极好房主自荐,880万,3室2厅 | 129.6平米 | 南 北 | 精装 | 低楼层(共18层) | 2011年建 | 板楼,http://image1.ljcdn.com/110000-inspection/1b89ec113f64c5f264630e09704f4418-096.jpg.296x216.jpg
20201223,浦东,周浦,116平大三房，单价低，房东诚意出售，价格可谈,356万,3室2厅 | 116平米 | 南 北 | 简装 | 低楼层(共6层) | 1993年建 | 板楼,http://image1.ljcdn.com/310000-inspection/70a8aa19-a2bd-41fa-ba65-27565fc3b831.JPG.296x216.jpg
20201223,浦东,周浦,张江南，近万达，南北通，精装118平3房 满五年唯一,345万,3室2厅 | 118.1平米 | 南 | 精装 | 中楼层(共6层) | 1993年建 | 板楼,http://image1.ljcdn.com/shfdfs-image/20171221/42b4b0f4-1c41-4c31-ba60-79a2d7391e11.jpg.296x216.jpg
20201223,浦东,周浦,御沁园别墅   临河大边套   精装修两百万  诚意出售房主自荐,1750万,5室2厅 | 328.63平米 | 南 | 精装 | 3层 | 2014年建 | 板楼 | 联排别墅,http://image1.ljcdn.com/110000-inspection/fa0a004a8ee0897bbe982c30b6ced763-028.jpg.296x216.jpg
20201223,浦东,周浦,御沁园别墅 南进门北花园 满五唯一 诚意出售房主自荐,1240万,4室2厅 | 232.32平米 | 南 北 | 毛坯 | 3层 | 2013年建 | 板楼 | 联排别墅,http://image1.ljcdn.com/110000-inspection/51ffbf47fe8581a1d084c9e8c586369d-072.jpg.296x216.jpg
20201223,浦东,周浦,中金联排别墅，近地铁小区人车分流，绿化高,1445万,5室2厅 | 240平米 | 南 | 毛坯 | 低楼层(共3层)  | 暂无数据,http://image1.ljcdn.com/110000-inspection/df134406a5bbc340c14868382426c6bd-085.jpg.296x216.jpg
20201223,浦东,周浦,御沁园五期人车分流，地下双车库，小区内就这一套！,1650万,4室2厅 | 324.74平米 | 南 | 毛坯 | 低楼层(共1层) | 2012年建 | 板楼,http://image1.ljcdn.com/110000-inspection/5575bfabe565f1111c93f3b36a374cfc-092.jpg.296x216.jpg
20201223,浦东,周浦,双南户型中间楼层，小区中间位置，一手动迁税费少。房主自荐,295万,2室1厅 | 74.5平米 | 南 | 毛坯 | 低楼层(共16层) | 2013年建 | 板楼,http://image1.ljcdn.com/110000-inspection/d6489a8a96a5cadfc52d5f9aeaf3dc89-059.jpg.296x216.jpg
20201223,浦东,周浦,御沁园临河全明边套，地面双车位，18号线地铁在建中,1600万,5室3厅 | 288平米 | 南 | 精装 | 3层 | 2013年建 | 板楼 | 联排别墅,http://image1.ljcdn.com/310000-inspection/985e3b7d-5480-45c4-ae45-85353daab199.JPG.296x216.jpg
20201223,浦东,周浦,绿地东上海一期，南北通透飞机户型,620万,3室2厅 | 124.94平米 | 南 北 | 精装 | 低楼层(共14层) | 2007年建 | 板楼,http://image1.ljcdn.com/shfdfs-image/20160828/fcfb9862-181c-456c-a365-71bddc68d6ef.jpg.296x216.jpg
20201223,浦东,周浦,御沁园(别墅) 4室2厅 南,1650万,4室2厅 | 316.32平米 | 南 | 精装 | 3层 | 2014年建 | 板楼 | 联排别墅,http://image1.ljcdn.com/110000-inspection/313c124cbeafb10bc654ec3c10b22f45-001.jpg.296x216.jpg
20201223,浦东,周浦,不靠路的边套，纯毛坯，地上私人专属双车位！房主自荐,1430万,4室2厅 | 264.85平米 | 南 | 毛坯 | 低楼层(共1层) | 2014年建 | 板楼,http://image1.ljcdn.com/110000-inspection/28d77b49f564b796725087039bf57b62-029.jpg.296x216.jpg
20201223,浦东,周浦,房子楼层高 离18号线地铁站800米 看房方便 诚意出售新上,355万,3室2厅 | 93平米 | 南 | 简装 | 高楼层(共5层) | 2007年建 | 板楼,
20201223,浦东,周浦,满五唯一 有车位 张江南板块，品质小区新上,650万,3室2厅 | 133平米 | 南 北 | 精装 | 低楼层(共16层) | 2009年建 | 板塔结合,http://image1.ljcdn.com/x-se/hdic-frame/f7b5f7af-666a-4b53-ace7-27d64845a8d5.png.296x216.jpg
20201223,浦东,周浦,瑞和苑 2室1厅 南新上,265万,2室1厅 | 75.49平米 | 南 | 简装 | 低楼层(共14层) | 2008年建 | 板楼,http://image1.ljcdn.com/x-se/hdic-frame/2d4ad6f2-6f26-4db8-9650-13e090e6bc4a.png.296x216.jpg
20201223,浦东,周浦,300万装修，保养好，边套户型,1600万,4室2厅 | 287平米 | 南 | 精装 | 3层 | 2014年建 | 板楼 | 联排别墅,http://image1.ljcdn.com/310000-inspection/2f620709-ad05-4da5-ad1f-b8fda9126c59.JPG.296x216.jpg
20201223,浦东,周浦,：莫奈庄园+中间套别墅+看房方便房主自荐,1600万,4室2厅 | 298.68平米 | 南 | 简装 | 3层 | 2012年建 | 板楼 | 联排别墅,http://image1.ljcdn.com/310000-inspection/6153db6b-cf57-46af-a2ca-b2e1e435387a.JPG.296x216.jpg
20201223,浦东,周浦,绿地顶楼复式 满五唯一 诚心出售 看房方便,1000万,4室2厅 | 186.93平米 | 南 北 | 简装 | 高楼层(共18层) | 2010年建 | 板楼,http://image1.ljcdn.com/310000-inspection/2235032b-5932-462e-be6b-6b691558e39b.JPG.296x216.jpg
20201223,浦东,周浦,满五唯一 无个税 临河位置 刷卡进出 安静安全,950万,4室1厅 | 180平米 | 南 | 精装 | 高楼层(共18层) | 2012年建 | 板楼,http://image1.ljcdn.com/110000-inspection/a9b65015d8845596bc8a5edeca977897-062.jpg.296x216.jpg
20201223,浦东,周浦,明天华城，南北通高楼层，户型合理，带等面积阁楼房主自荐,1050万,4室2厅 | 174.36平米 | 南 | 精装 | 高楼层(共16层) | 2011年建 | 板楼,http://image1.ljcdn.com/110000-inspection/97a70154471b6b9638b3282aed46c00d-052.jpg.296x216.jpg
20201223,浦东,周浦,绿地梧桐院(别墅) 4室2厅 南房主自荐,1550万,4室2厅 | 339平米 | 南 | 毛坯 | 2层 | 2013年建 | 板楼 | 联排别墅,http://image1.ljcdn.com/110000-inspection/2b490e08f693f295b421721e8b725b06-014.jpg.296x216.jpg
20201223,浦东,周浦,绿地大三房 高楼层 花园位置 满五唯一 诚心卖 近地铁房主自荐,758万,3室2厅 | 124.94平米 | 南 北 | 简装 | 高楼层(共14层) | 2007年建 | 板楼,http://image1.ljcdn.com/110000-inspection/626d9bf0-08d7-4c3c-879d-0b27ca9525f5.jpeg.296x216.jpg
20201223,浦东,周浦,一手动迁，税费少，看房方便，精装修，拎包入住新上,206万,1室1厅 | 56.5平米 | 南 | 简装 | 中楼层(共11层) | 2006年建 | 板楼,
20201223,浦东,周浦,满五唯一 中间楼层采光好   采光充足，配套齐全新上,275万,2室1厅 | 72.26平米 | 南 北 | 简装 | 中楼层(共4层) | 2006年建 | 板楼,http://image1.ljcdn.com/x-se/hdic-frame/f98cfa47-8094-45c5-9af1-c77011fd079a.png.296x216.jpg
20201223,浦东,周浦,九龙仓兰廷 4室2厅 南 北新上,865万,4室2厅 | 48969平米 | 南 北 | 精装 | 高楼层(共18层)  | 板楼,http://image1.ljcdn.com/x-se/hdic-frame/test-928bc965-567f-41e5-9429-50093e3be3ee.png.296x216.jpg
20201223,浦东,周浦,汇腾东苑 2室2厅 南 北新上,315万,2室2厅 | 82.54平米 | 南 北 | 精装 | 中楼层(共14层) | 2007年建 | 板楼,http://image1.ljcdn.com/x-se/hdic-frame/a41cd62c-6620-4a08-b16b-bef15157ebbe.png.296x216.jpg
20201223,浦东,周浦,满五唯一，税费少， 南进门北花园。房东诚心出售!!!房主自荐,1240万,4室1厅 | 232平米 | 南 北 | 毛坯 | 3层 | 2003年建 | 板楼 | 联排别墅,http://image1.ljcdn.com/310000-inspection/79806b3c-a1ba-4f46-9880-2fafb08b51c0.JPG.296x216.jpg
20201223,浦东,周浦,北进门南花园 南临河位置 带地下室 清水房房主自荐,1550万,4室2厅 | 316.7平米 | 南 | 简装 | 3层 | 2013年建 | 板楼 | 联排别墅,http://image1.ljcdn.com/110000-inspection/ca55ff592ecbff47efe29f7116cd3264-043.jpg.296x216.jpg
20201223,浦东,周浦,18号线，进地铁，业主诚心出售。新上,290万,2室1厅 | 75.49平米 | 南 | 精装 | 高楼层(共14层) | 2008年建 | 板楼,http://image1.ljcdn.com/x-se/hdic-frame/9b66db47-ae7e-4713-bb11-aff6a7c4cce9.png.296x216.jpg
20201223,浦东,周浦,品质小区  精装带车位 三开间朝南 24小时安保,480万,2室2厅 | 100.1平米 | 南 | 精装 | 低楼层(共19层)  | 板楼,http://image1.ljcdn.com/x-se/hdic-frame/9ea59f02-dd8b-4f05-9ed5-26a7017b98c2.png.296x216.jpg
20201223,浦东,周浦,小两房户型+圣鑫苑二期+临河位置+三轨交汇新上,330万,2室2厅 | 76.72平米 | 南 | 精装 | 低楼层(共18层) | 2008年建 | 板楼,http://image1.ljcdn.com/x-se/hdic-frame/59759663-71b3-4c49-a6f8-c15cf7deda80.png.296x216.jpg
20201223,浦东,周浦,简装南北通2房 中区采光好 前排无遮挡 车位另算 诚售新上,555万,2室2厅 | 90平米 | 南 | 简装 | 中楼层(共12层) | 2012年建 | 板楼,http://image1.ljcdn.com/x-se/hdic-frame/c7dcfd29-5568-41aa-8db4-cca46c7b804a.png.296x216.jpg
20201223,浦东,周浦,正宗两房南北通，南区中间位置，精装修满五唯一新上,270万,2室1厅 | 71.94平米 | 南 | 精装 | 低楼层(共10层)  | 板楼,http://image1.ljcdn.com/x-se/hdic-frame/c4e89a69-8fcd-48eb-8b48-8c359e2d0ab5.png.296x216.jpg
20201223,浦东,周浦,张江南，有地铁11号秀沿路，16号周浦东，18号周浦,560万,2室2厅 | 133.18平米 | 南 | 精装 | 高楼层(共16层) | 2008年建 | 板楼,http://image1.ljcdn.com/110000-inspection/af6bee438f7eb56db67bcce0fc764447-051.jpg.296x216.jpg
20201223,浦东,周浦,飞机三房，视野开阔，无抵押无户口无贷款新上,560万,3室2厅 | 130.81平米 | 南 | 简装 | 低楼层(共18层) | 2009年建 | 板楼,
20201223,浦东,周浦,印象春城 2室2厅 南新上,410万,2室2厅 | 88.5平米 | 南 | 精装 | 低楼层(共15层) | 2011年建 | 板塔结合,http://image1.ljcdn.com/x-se/hdic-frame/9960c42b-3361-4210-8b3f-8967ad303a19.png.296x216.jpg
20201223,浦东,周浦,南区低楼层一房，动迁满五唯一，税费少房主自荐,200万,1室1厅 | 54.02平米 | 南 | 毛坯 | 低楼层(共5层)  | 板楼,http://image1.ljcdn.com/x-se/hdic-frame/7b2f0848-a257-413a-99f5-0a2ba6555967.png.296x216.jpg
20201223,浦东,周浦,精装修，中间楼层，采光佳，看房方便,305万,2室2厅 | 85.33平米 | 南 | 精装 | 中楼层(共5层) | 1993年建 | 板楼,
20201223,浦东,周浦,大两房，房型正气，业主诚心出售，看房方便,302万,2室1厅 | 75.69平米 | 南 | 毛坯 | 高楼层(共11层) | 2007年建 | 板楼,http://image1.ljcdn.com/x-se/hdic-frame/beee7491-a34a-48ba-8ba2-9186f486b58b.png.296x216.jpg
20201223,浦东,周浦,周浦中 心三轨交汇处品质小区，精装大两房，顶楼复式房主自荐,460万,2室2厅 | 99.09平米 | 南 | 简装 | 高楼层(共11层) | 2008年建 | 板楼,
20201223,浦东,周浦,瑞阳苑南北简装大三房，业主诚心出售，一手动迁税费低房主自荐,370万,3室2厅 | 101.4平米 | 南 | 简装 | 高楼层(共14层) | 2007年建 | 板楼,http://image1.ljcdn.com/x-se/hdic-frame/783954a2-4e6b-473c-92ef-52cd8c1d3a79.png.296x216.jpg
20201223,浦东,周浦,双南户型中间楼层，小区中间位置，一手动迁税费少。房主自荐,295万,2室1厅 | 74.5平米 | 南 | 毛坯 | 低楼层(共16层) | 2013年建 | 板楼,http://image1.ljcdn.com/x-se/hdic-frame/aa0b2357-16bd-4470-8d2c-24f129a7a291.png.296x216.jpg
20201223,浦东,周浦,南北通格局 配套设施齐全 临河景观 视野宽阔 采光充足,680万,2室2厅 | 113.81平米 | 南 北 | 简装 | 低楼层(共18层) | 2007年建 | 板楼,http://image1.ljcdn.com/x-se/hdic-frame/0ecf817e-ddba-4ccb-af8e-993d2bfa9ba3.png.296x216.jpg
20201223,浦东,周浦,御沁园(别墅) 4室1厅 南 北房主自荐,1850万,4室1厅 | 350平米 | 南 北 | 精装 | 3层 | 2013年建 | 板楼 | 联排别墅,http://image1.ljcdn.com/310000-inspection/9e0ec1ed-02d6-49d0-8371-5f1ef4687c33.JPG.296x216.jpg
20201223,浦东,周浦,绿地东上海三期南北通户型，诚意出售,560万,2室2厅 | 89.71平米 | 南 北 | 简装 | 高楼层(共17层) | 2014年建 | 板楼,http://image1.ljcdn.com/x-se/310000-frame/rsp_pic_upload7b7f9aa2-5e61-4644-b0d2-5fe68ff8600a.jpg.296x216.jpg
20201223,浦东,周浦,一手动迁，满五，前后无遮挡，房东诚心出售，看房方便,253万,2室1厅 | 76.7平米 | 南 | 毛坯 | 低楼层(共11层) | 2006年建 | 板楼,http://image1.ljcdn.com/x-se/310000-frame/2e310fdc-1bb9-4efe-b2d3-39b45a5da609.png.296x216.jpg
20201223,浦东,周浦,中虹优质房源，飞机户型，诚意出售，价格可谈一些房主自荐,365万,3室2厅 | 103.7平米 | 南 北 | 毛坯 | 低楼层(共14层) | 2007年建 | 板楼,http://image1.ljcdn.com/x-se/hdic-frame/bf2cdd64-b942-48e5-a001-5aa2fdcbf691.png.296x216.jpg
20201223,浦东,周浦,本套房源满两年业主诚心出售品质小区品质物业环境优美,465万,2室2厅 | 98.35平米 | 南 | 简装 | 中楼层(共18层) | 2015年建 | 板楼,http://image1.ljcdn.com/x-se/hdic-frame/187ade70-53e3-4895-a877-6c007bfdaf41.png.296x216.jpg
20201223,浦东,周浦,南北通两房 精装修 高楼层 装修比较新 诚心出售,288万,2室1厅 | 78.21平米 | 南 北 | 精装 | 低楼层(共14层) | 2007年建 | 板楼,http://image1.ljcdn.com/x-se/hdic-frame/780e7ed1-b60e-4da0-8fe8-97bd633ad1d4.png.296x216.jpg
20201223,浦东,周浦,一期英式别墅+满两年+电梯+双车位+泳池+独门独院,1600万,5室3厅 | 494.81平米 | 东南 西北 南 北 | 其他 | 低楼层(共4层) | 2015年建 | 板楼,
20201223,浦东,周浦,原始动迁5+1税费少。精致装修看房方便，小区中间位置,315万,2室2厅 | 81.7平米 | 南 | 精装 | 低楼层(共12层)  | 板楼,http://image1.ljcdn.com/x-se/hdic-frame/3deb42ac-2737-4bcc-83ec-32073a2e2f7e.png.296x216.jpg
20201223,浦东,周浦,一手动迁，税费少，近18号线地铁，配套设施齐全房主自荐,290万,2室2厅 | 75平米 | 南 北 | 毛坯 | 高楼层(共5层) | 2007年建 | 板楼,
20201223,浦东,周浦,动迁房税费少，视野好，边套全明，欢迎大家带看,480万,2室1厅 | 84.52平米 | 南 | 简装 | 中楼层(共6层) | 2011年建 | 板楼,http://image1.ljcdn.com/x-se/hdic-frame/1d1ca312-bd74-422a-927b-73ff56e5718c.png.296x216.jpg
20201223,浦东,周浦,中金海棠湾一期精装修别墅! 业主诚心出售!看房预约房主自荐,1820万,4室2厅 | 465平米 | 南 | 精装 | 低楼层(共4层) | 2015年建 | 板楼,http://image1.ljcdn.com/310000-inspection/52fe0f39-3f3f-45a2-a832-a8d843be8d9a.JPG.296x216.jpg
20201223,浦东,周浦,小区中间不靠路，精致装修，满五年名下一套税费少房主自荐,309万,2室1厅 | 76.44平米 | 南 北 | 精装 | 中楼层(共5层)  | 板楼,http://image1.ljcdn.com/x-se/hdic-frame/42e1b827-4d91-4151-96b8-aadf52d9a67f.png.296x216.jpg
20201223,浦东,周浦,中金三期+沈梅路站1200米+南北直通两房+中间楼层,450万,2室2厅 | 91.75平米 | 南 | 简装 | 中楼层(共18层)  | 板楼,
20201223,浦东,周浦,距离地铁800米 小区中间位置  满二 税费少房主自荐,313万,2室2厅 | 77.55平米 | 南 | 简装 | 低楼层(共5层) | 2007年建 | 板楼,http://image1.ljcdn.com/x-se/hdic-frame/7f3aa74b-1ef1-4525-8766-174602fc7c00.png.296x216.jpg
20201223,浦东,周浦,明天华城新上双南，双阳台，精装大两房房主自荐,539.8万,2室2厅 | 89.76平米 | 南 | 精装 | 中楼层(共17层) | 2011年建 | 板楼,http://image1.ljcdn.com/x-se/310000-frame/33b55893-2d23-4f00-9f01-3e2feb810db1.jpg.296x216.jpg
20201223,浦东,周浦,印象全南高层，楼层佳，视野好，精装修,415万,2室2厅 | 91.59平米 | 南 | 精装 | 高楼层(共18层) | 2009年建 | 板塔结合,http://image1.ljcdn.com/x-se/hdic-frame/672bd51a-251d-4059-92f7-47ae2575ec76.png.296x216.jpg
20201223,浦东,周浦,莫奈庄园 法式别墅 闹中取静 环境优美,1700万,4室2厅 | 206.2平米 | 南 | 简装 | 3层 | 2012年建 | 板楼 | 联排别墅,http://image1.ljcdn.com/x-se/hdic-frame/04eefd34-f0ac-4aaf-8c8a-75b9f2b0f319.jpg.296x216.jpg
20201223,浦东,周浦,周浦中。心&张江南，楼梯正气大三房,465万,3室2厅 | 122.18平米 | 南 | 毛坯 | 高楼层(共6层) | 2005年建 | 板楼,
20201223,浦东,周浦,全南，高楼层采光好，精装修，房源介绍处有房子照片房主自荐,310万,2室2厅 | 81.7平米 | 南 北 | 精装 | 高楼层(共12层)  | 板楼,http://image1.ljcdn.com/x-se/hdic-frame/3deb42ac-2737-4bcc-83ec-32073a2e2f7e.png.296x216.jpg
20201223,浦东,周浦,18号线，店长推荐，采光好，通风好。房主自荐,250万,2室2厅 | 75.49平米 | 南 北 | 简装 | 高楼层(共14层) | 2008年建 | 板楼,http://image1.ljcdn.com/x-se/hdic-frame/2b6eeaf5-f026-4019-84ef-c0314ba81290.png.296x216.jpg
20201223,浦东,周浦,周浦张江前滩+满五唯一+品质社区+双轨交通+精装房主自荐,298万,1室1厅 | 64.09平米 | 南 | 精装 | 低楼层(共16层) | 2011年建 | 板塔结合,http://image1.ljcdn.com/x-se/hdic-frame/5c028630-6fc7-420a-b5d9-c1e49e3f613a.png.296x216.jpg
20201223,浦东,周浦,繁荣安居 南北通透 税费少 装修好 门口直达地铁,350万,2室2厅 | 83.52平米 | 南 北 | 简装 | 低楼层(共6层) | 2006年建 | 板楼,
20201223,浦东,周浦,18号线旁 自住装修 店长推荐房主自荐,258万,2室1厅 | 75.49平米 | 南 北 | 简装 | 低楼层(共14层)  | 板楼,http://image1.ljcdn.com/x-se/hdic-frame/3a70fe60-64f6-4e71-beef-2b54d6a98ee5.png.296x216.jpg
20201223,浦东,周浦,业主诚意出售三房 带有产权车位,510万,3室2厅 | 109平米 | 南 北 | 精装 | 中楼层(共5层) | 2002年建 | 板楼,
20201223,浦东,周浦,印象广场低价好房，税费第低，周 围交通便利,146万,1室1厅 | 41.84平米 | 北 | 精装 | 中楼层(共15层) | 2014年建 | 板楼,
20201223,浦东,周浦,精选房源：18号线地铁、2008年商品房，随时看,215万,1室1厅 | 54.45平米 | 南 | 精装 | 中楼层(共14层) | 2008年建 | 板楼,http://image1.ljcdn.com/x-se/hdic-frame/a3b3c771-bd5c-481a-aeeb-5288e6ef92b4.png.296x216.jpg
20201223,浦东,周浦,汇丽苑 2室2厅 南,460万,2室2厅 | 92.82平米 | 南 | 简装 | 中楼层(共11层) | 2006年建 | 板楼,
20201223,浦东,周浦,御沁园五期别墅，人车分流，唯一在售边套！,1550万,4室2厅 | 290平米 | 南 | 毛坯 | 3层 | 2014年建 | 板楼 | 联排别墅,
20201223,浦东,周浦,法式联排 精装修 带俩车位 自住精装修,1820万,4室2厅 | 286平米 | 南 | 精装 | 3层 | 2012年建 | 板楼 | 联排别墅,
20201223,浦东,周浦,中间楼层，三房，南北户型，自住装修，看房有钥匙,400万,3室1厅 | 112.67平米 | 南 | 简装 | 中楼层(共6层) | 1993年建 | 板楼,http://image1.ljcdn.com/110000-inspection/pc1_ooucclcUK_1.jpg.296x216.jpg
20201223,浦东,周浦,18号线精选商品房，户型方正，采光好。新上,290万,2室1厅 | 74.04平米 | 南 | 简装 | 低楼层(共14层)  | 板楼,http://image1.ljcdn.com/110000-inspection/pc1_rXAidM7yl_1.jpg.296x216.jpg
20201223,浦东,周浦,绿地品质 人车分流次新房 品牌装修 高楼层 近18号线新上,850万,3室2厅 | 126.94平米 | 南 北 | 精装 | 高楼层(共21层)  | 板楼,http://image1.ljcdn.com/110000-inspection/pc1_IAtQ4uZzS_1.jpg.296x216.jpg
20201223,浦东,周浦,房子位于顶楼，带阁楼，面积大，相当于双倍面积新上,635万,3室2厅 | 134.32平米 | 南 | 简装 | 高楼层(共6层) | 2005年建 | 板楼,http://image1.ljcdn.com/110000-inspection/pc1_M2KzjWoUc_1.jpg.296x216.jpg
20201223,浦东,周浦,南北正通 大阳台 采光无遮挡 南北双阳台新上,590万,2室2厅 | 114.18平米 | 南 北 | 精装 | 低楼层(共18层) | 2010年建 | 板楼,http://image1.ljcdn.com/110000-inspection/pc1_ojwj8dRTF_1.jpg.296x216.jpg
20201223,浦东,周浦,圣鑫苑 顶楼带阁楼 精装修 电梯房  看房方便房主自荐,538万,2室2厅 | 102.03平米 | 南 | 精装 | 高楼层(共11层) | 2008年建 | 板楼,http://image1.ljcdn.com/110000-inspection/pc1_yRBnNdkU4_1.jpg.296x216.jpg
20201223,浦东,周浦,小区临河位置+大一房户型+三轨交汇+交通便利房主自荐,315万,1室1厅 | 76.75平米 | 南 | 简装 | 低楼层(共18层) | 2008年建 | 板楼,http://image1.ljcdn.com/110000-inspection/pc1_c9FlObrYQ_1.jpg.296x216.jpg
20201223,浦东,周浦,菱翔苑 2室2厅 南新上,480万,2室2厅 | 90.12平米 | 南 | 精装 | 高楼层(共6层) | 2009年建 | 板楼,http://image1.ljcdn.com/110000-inspection/pc1_Er1KX7aBj_1.jpg.296x216.jpg
20201223,浦东,周浦,圣鑫苑  三层，完整层高  精装修 带露台 带产权车位,950万,5室2厅 | 157平米 | 南 北 | 精装 | 高楼层(共11层) | 2006年建 | 板楼,http://image1.ljcdn.com/110000-inspection/pc1_W7j5YpV6B_1.jpg.296x216.jpg
20201223,浦东,周浦,18号线商品房：全南户型，不靠高速不靠路,290万,2室1厅 | 75平米 | 南 | 精装 | 低楼层(共14层) | 2008年建 | 板楼,http://image1.ljcdn.com/110000-inspection/pc1_cZoIRppbL_1.jpg.296x216.jpg
20201223,浦东,周浦,此房业主诚心出售，中高楼层，采光无遮挡,410万,3室2厅 | 102.27平米 | 南 | 毛坯 | 低楼层(共14层) | 2007年建 | 板楼,http://image1.ljcdn.com/110000-inspection/pc1_fkG0J4wGE_1.jpg.296x216.jpg
20201223,浦东,周浦,圣鑫苑 精装修 电梯房  看房方便房主自荐,305万,2室1厅 | 76.39平米 | 南 | 简装 | 中楼层(共11层) | 2008年建 | 板楼,http://image1.ljcdn.com/110000-inspection/pc1_0NzGltiW6_1.jpg.296x216.jpg
20201223,浦东,周浦,印象三房 三期临花园 西边套 带车位 诚心购买价格可议房主自荐,589万,3室2厅 | 131.96平米 | 南 西 北 | 精装 | 低楼层(共18层) | 2011年建 | 板塔结合,http://image1.ljcdn.com/310000-inspection/prod-845794b0-1036-42a5-aca0-504ee524ced4.jpg.296x216.jpg
20201223,浦东,周浦,公司产权，楼梯三房，南北通透，拎包入住。房主自荐,360万,3室1厅 | 106.85平米 | 南 北 | 简装 | 高楼层(共6层) | 1994年建 | 板楼,http://image1.ljcdn.com/110000-inspection/pc1_FU3wzQmAK_1.jpg.296x216.jpg
20201223,浦东,周浦,圣鑫苑 精装修 电梯房  看房方便 临河景观,415万,2室2厅 | 100.41平米 | 南 北 | 简装 | 低楼层(共18层) | 2008年建 | 板楼,http://image1.ljcdn.com/110000-inspection/pc1_GyeswKHj3_1.jpg.296x216.jpg
20201223,浦东,周浦,中城苑，两房，婚房装修，房东自住，看房随时,300万,2室1厅 | 71.24平米 | 南 | 其他 | 高楼层(共6层) | 2006年建 | 板楼,http://image1.ljcdn.com/110000-inspection/pc1_5p7OGdk5g_1.jpg.296x216.jpg
20201223,浦东,周浦,桃园新城中城苑 3室1厅 南,380万,3室1厅 | 91.24平米 | 南 | 精装 | 高楼层(共6层) | 2006年建 | 板楼,http://image1.ljcdn.com/110000-inspection/pc1_DJzUOYysj_1.jpg.296x216.jpg
20201223,浦东,周浦,小两房户型+圣鑫苑二期+临河位置+三轨交汇新上,305万,2室1厅 | 76.72平米 | 南 | 精装 | 低楼层(共18层) | 2008年建 | 板楼,http://image1.ljcdn.com/110000-inspection/pc1_IVCGkfoYf_1.jpg.296x216.jpg
20201223,浦东,周浦,精装修，双南户型，产权清晰，满五唯一，看房随时,435万,2室1厅 | 88平米 | 南 | 精装 | 低楼层(共18层) | 2011年建 | 板塔结合,http://image1.ljcdn.com/110000-inspection/pc1_AtjGTcBjy_1.jpg.296x216.jpg
20201223,浦东,周浦,李嘉诚开发！大花园加地下室！190+平米，配套条件好！房主自荐,880万,4室2厅 | 194.5平米 | 南 | 毛坯 | 低楼层(共21层) | 2013年建 | 板楼,http://image1.ljcdn.com/110000-inspection/pc1_wvV84Taea_1.jpg.296x216.jpg
20201223,浦东,周浦,店长推介 周浦镇大三房  业主置换 诚心出售,598万,3室2厅 | 139.47平米 | 南 | 精装 | 低楼层(共9层) | 2006年建 | 板楼,http://image1.ljcdn.com/110000-inspection/pc1_1x3NeUtC3_1.jpg.296x216.jpg
20201223,浦东,周浦,张江南 品质小区 精装2居室 诚意出售 看房方便,385万,2室1厅 | 88.37平米 | 南 | 精装 | 低楼层(共18层) | 2011年建 | 板塔结合,http://image1.ljcdn.com/110000-inspection/pc1_HJce4hjSl_1.jpg.296x216.jpg
20201223,浦东,周浦,近万达，对口傅雷，固定车位，价格可谈 急售！,270万,2室1厅 | 79.56平米 | 南 | 其他 | 低楼层(共6层)  | 板楼,http://image1.ljcdn.com/110000-inspection/pc1_WsuHipkDj_1.jpg.296x216.jpg
20201223,浦东,周浦,精装小户复式+电梯复式+临河位置房主自荐,340万,2室1厅 | 56.9平米 | 南 | 精装 | 高楼层(共18层) | 2008年建 | 板楼,http://image1.ljcdn.com/110000-inspection/pc1_hxJjyREE5_1.jpg.296x216.jpg
20201223,浦东,周浦,全新精装修，拎包入住，中间楼层，采光佳,280万,2室2厅 | 80平米 | 南 | 精装 | 中楼层(共6层)  | 板楼,http://image1.ljcdn.com/110000-inspection/pc1_Qq0nMcQJi_1.jpg.296x216.jpg
20201223,浦东,周浦,顶楼复式，得房率高，有阳台，・・・,555万,3室1厅 | 109.46平米 | 南 | 简装 | 高楼层(共5层) | 2002年建 | 板楼,http://image1.ljcdn.com/110000-inspection/pc1_TUU3y72Xn_1.jpg.296x216.jpg
20201223,浦东,周浦,三房两厅两卫，可以拎包入住，近地铁。,350万,3室2厅 | 106.85平米 | 南 北 | 毛坯 | 高楼层(共6层) | 1994年建 | 板楼,http://image1.ljcdn.com/110000-inspection/pc1_TwdLSpdhY_1.jpg.296x216.jpg
20201223,浦东,周浦,海通新村近18号地铁+近万达+三房房主自荐,380万,3室1厅 | 115.58平米 | 南 | 精装 | 高楼层(共6层) | 1994年建 | 板楼,http://image1.ljcdn.com/110000-inspection/pc1_lRLYJ4HH7_1.jpg.296x216.jpg
20201223,浦东,周浦,绿地东上海二期 3室2厅 南,630万,3室2厅 | 132.71平米 | 南 | 毛坯 | 低楼层(共14层) | 2010年建 | 板楼,http://image1.ljcdn.com/110000-inspection/pc1_mQBtjltK1_1.jpg.296x216.jpg
20201223,浦东,周浦,品质小区 人车分流 户型正气 配套成熟精装修中 央空调,520万,3室1厅 | 89平米 | 南 | 精装 | 低楼层(共18层) | 2016年建 | 板楼,http://image1.ljcdn.com/110000-inspection/pc1_vS5hCpyBq_1.jpg.296x216.jpg
20201223,浦东,周浦,位置好，采光佳，看房方便提前预约，精装修。,569万,3室2厅 | 129.66平米 | 南 | 简装 | 低楼层(共11层) | 2008年建 | 板楼,http://image1.ljcdn.com/110000-inspection/pc1_BbcBuDW4K_1.jpg.296x216.jpg
20201223,浦东,周浦,18号线地铁商品房，全南户型，店长推荐,280万,3室1厅 | 75平米 | 南 | 简装 | 低楼层(共14层)  | 板楼,http://image1.ljcdn.com/110000-inspection/pc1_MPEONU6Mj_1.jpg.296x216.jpg
20201223,浦东,周浦,业主卖房置换 房子无贷款 无抵押 可以放心购买,330万,2室2厅 | 95.9平米 | 南 | 简装 | 高楼层(共6层) | 1993年建 | 板楼,http://image1.ljcdn.com/310000-inspection/pc1_EkIdIdQ8Q_1.jpg.296x216.jpg
20201223,浦东,周浦,四期一房户型，得房率高，视野开阔户型好。,295万,1室1厅 | 66.63平米 | 南 | 精装 | 低楼层(共11层) | 2011年建 | 板楼,http://image1.ljcdn.com/110000-inspection/fc6eeeb9-2756-436e-8214-2249aecd8738_1000.jpg.296x216.jpg
20201223,浦东,周浦,满五年，中等装修 采光好 楼层视野好,300万,2室1厅 | 72平米 | 南 | 简装 | 高楼层(共6层) | 1998年建 | 板楼,http://image1.ljcdn.com/110000-inspection/pc1_heMQKWWuU_1.jpg.296x216.jpg
20201223,浦东,周浦,满五唯一免个税，精装自住，拎包入住，看房方便房主自荐,320万,1室2厅 | 76.19平米 | 南 北 | 其他 | 低楼层(共18层) | 2012年建 | 板楼,http://image1.ljcdn.com/110000-inspection/pc1_xqjViRPNE_1.jpg.296x216.jpg
20201223,浦东,周浦,圣鑫苑带阁楼精装，户型方正，业主诚意卖,555万,4室3厅 | 100.41平米 | 南 北 | 精装 | 高楼层(共18层) | 2008年建 | 板楼,http://image1.ljcdn.com/310000-inspection/prod-44dc21db-ed6e-49eb-bdd0-2c181b6f04fb.jpg.296x216.jpg
20201223,浦东,周浦,带大花园！4.5米层高地下室！带大花园房主自荐,1180万,4室2厅 | 478平米 | 南 北 | 毛坯 | 低楼层(共21层) | 2013年建 | 板楼,http://image1.ljcdn.com/310000-inspection/9580f4da-ebcd-4a66-8802-cee2b40c7934.JPG.296x216.jpg
20201223,浦东,周浦,精装中间套，满五唯一，诚心出售房主自荐,1430万,5室3厅 | 233.18平米 | 南 北 | 精装 | 3层 | 2015年建 | 板楼 | 联排别墅,http://image1.ljcdn.com/310000-inspection/e2d5bc87-e092-4d56-b57b-64c4a5c4d243.JPG.296x216.jpg
20201223,浦东,周浦,北进门南花园，看房随时。毛坯随意装修。,1270万,4室2厅 | 233平米 | 南 | 简装 | 低楼层(共1层) | 2014年建 | 板楼,http://image1.ljcdn.com/110000-inspection/b42e0a077930606fed8f773f39dfa27d-031.jpg.296x216.jpg
20201223,浦东,周浦,一手动迁税费低 三开间大三房 看房方便 空关钥匙房,410万,3室1厅 | 101.4平米 | 南 | 毛坯 | 中楼层(共14层) | 2007年建 | 板楼,http://image1.ljcdn.com/x-se/hdic-frame/58da5bb4-6895-4d08-ac08-9409c602a939.png.296x216.jpg
20201223,浦东,周浦,九龙仓兰廷 3室2厅 南 北新上,860万,3室2厅 | 130平米 | 南 北 | 精装 | 高楼层(共18层)  | 板楼,http://image1.ljcdn.com/x-se/hdic-frame/74e9e255-bbe1-48d2-bdf2-015e46924838.png.296x216.jpg
20201223,浦东,周浦,店长推介 带阁楼 利用率高 随时看房新上,420万,2室1厅 | 83.5平米 | 南 | 精装 | 高楼层(共5层) | 2000年建 | 板楼,
20201223,浦东,周浦,南北通 中等楼层 采光好 现业主诚意出售新上,589万,3室2厅 | 122.21平米 | 南 北 | 精装 | 中楼层(共5层) | 2003年建 | 板楼,http://image1.ljcdn.com/110000-inspection/677178ad-0cfb-48b1-88db-323e0084aa4b.jpeg.296x216.jpg
20201223,浦东,周浦,纯人车分流次新小区 精装修 18号线地铁新上,820万,4室2厅 | 135.31平米 | 南 | 精装 | 低楼层(共21层) | 2014年建 | 板楼,
20201223,浦东,周浦,御沁园五期别墅，人车分流，带地下产权车位房主自荐,1600万,4室2厅 | 322.38平米 | 南 | 毛坯 | 低楼层(共1层) | 2015年建 | 板楼,
20201223,浦东,周浦,地段好，次新小区复式，精装修大露台房主自荐,880万,5室2厅 | 200.56平米 | 南 北 | 精装 | 高楼层(共7层) | 2011年建 | 板楼,http://image1.ljcdn.com/310000-inspection/c76990ee-ad1f-42e0-8a06-60811c3da4ad.JPG.296x216.jpg
20201223,浦东,周浦,印象生活广场 2室1厅 东新上,185万,2室1厅 | 58.8平米 | 东 | 其他 | 高楼层(共15层) | 2014年建 | 板楼,
20201223,浦东,周浦,周浦镇繁华地段，高区楼层，位置好 采光佳！新上,680万,4室2厅 | 152.65平米 | 南 | 毛坯 | 高楼层(共8层)  | 板楼,
20201223,浦东,周浦,此房现在满2年 临河位置好、全明户型、无遮挡房主自荐,860万,4室3厅 | 199.4平米 | 南 | 毛坯 | 高楼层(共8层) | 2008年建 | 板楼,http://image1.ljcdn.com/110000-inspection/165e59b0530b80b3511d6562e40a5560-094.jpg.296x216.jpg
20201223,浦东,周浦,豪..装100万  精装带地暖  视野采光好  格局通透,560万,2室2厅 | 114.08平米 | 南 北 | 精装 | 高楼层(共16层) | 2009年建 | 板塔结合,http://image1.ljcdn.com/x-se/hdic-frame/a64b1608-7181-4caf-a3b1-e10e7afe1b14.png.296x216.jpg
20201223,浦东,周浦,印象广场 业主诚意出售 看房提前预约有照片,154万,1室1厅 | 46.2平米 | 东 | 精装 | 高楼层(共15层) | 2014年建 | 板楼,
20201223,浦东,周浦,此房满两年，税费少 房子一楼带地下室，带花园。房主自荐,960万,3室2厅 | 229.77平米 | 南 | 毛坯 | 低楼层(共21层) | 2014年建 | 板楼,http://image1.ljcdn.com/x-se/310000-frame/a1cd8feb-0d00-42e8-84a7-2bff1db18f05.png.296x216.jpg
20201223,浦东,周浦,高品质  大四房适合一家三代人居住  带产权车位房主自荐,1050万,4室2厅 | 207.77平米 | 南 北 | 毛坯 | 低楼层(共21层) | 2013年建 | 板楼,http://image1.ljcdn.com/x-se/hdic-frame/4f90e94d-6da8-449e-a1dd-aa8bd2b53fd0.png.296x216.jpg
20201223,浦东,周浦,满五唯一 税费少 南北通大三房 通透性强房主自荐,925万,3室1厅 | 175.04平米 | 南 北 | 精装 | 低楼层(共21层) | 2013年建 | 板楼,http://image1.ljcdn.com/x-se/hdic-frame/prod-98d52d07-b186-44f9-918c-74c0640d6c97.png.296x216.jpg
20201223,浦东,周浦,满五唯一，户型南北通，楼层好，次新小区房主自荐,585万,3室2厅 | 107平米 | 南 北 | 精装 | 中楼层(共19层) | 2011年建 | 板楼,
20201223,浦东,周浦,业主诚心急售！100万精装修，御沁园四期边套,1540万,5室2厅 | 207平米 | 南 北 | 精装 | 低楼层(共1层) | 2014年建 | 板楼,http://image1.ljcdn.com/110000-inspection/aacd003e66aeb7712b02c67c0c015c22-078.jpg.296x216.jpg
20201223,浦东,周浦,方正户型，地铁沿线，两房朝南大三房,690万,3室2厅 | 124.79平米 | 南 | 简装 | 中楼层(共6层) | 2006年建 | 板楼,http://image1.ljcdn.com/110000-inspection/8bba9372-e397-439a-b2c3-e5d52092ffd2.jpeg.296x216.jpg
20201223,浦东,周浦,印象生活广场 1室1厅 东,150万,1室1厅 | 42.77平米 | 东 | 其他 | 高楼层(共15层) | 2014年建 | 板楼,
20201223,浦东,周浦,婚房装修  一天没有住过  品牌家电家具房主自荐,1450万,4室2厅 | 234.94平米 | 南 | 精装 | 3层 | 2013年建 | 板楼 | 联排别墅,http://image1.ljcdn.com/310000-inspection/44426047-8635-489e-9354-16418c909882.JPG.296x216.jpg
20201223,浦东,周浦,印象生活广场 1室1厅 东,150万,1室1厅 | 46.2平米 | 东 | 精装 | 中楼层(共15层) | 2014年建 | 板楼,http://image1.ljcdn.com/x-se/hdic-frame/prod-a0313607-e2b6-40b0-9f93-d39d72b1da37.png.296x216.jpg
20201223,浦东,周浦,印象生活广场 2室1厅 西,200万,2室1厅 | 58平米 | 西 | 其他 | 低楼层(共15层)  | 板楼,
20201223,浦东,周浦,房子是一手动迁 满五年 目前房子出租 看房方便,430万,3室2厅 | 107.41平米 | 南 北 | 简装 | 高楼层(共6层) | 2008年建 | 板楼,http://image1.ljcdn.com/x-se/hdic-frame/c1c14901-f236-471d-bb02-7b275b896201.png.296x216.jpg
20201223,浦东,周浦,印象广场 精装修带燃气 户型方正 看房方便 采光好,190万,1室1厅 | 57.44平米 | 南 | 其他 | 低楼层(共15层) | 2014年建 | 板楼,
20201223,浦东,周浦,印象生活广场 1室1厅 东,165万,1室1厅 | 60平米 | 东 | 其他 | 高楼层(共15层) | 2014年建 | 板楼,http://image1.ljcdn.com/x-se/hdic-frame/prod-8a1bdd53-8953-433c-b55b-27af20503074.png.296x216.jpg
20201223,浦东,周浦,印象生活广场 2室1厅 北,205万,2室1厅 | 67.71平米 | 北 | 其他 | 中楼层(共15层) | 2014年建 | 板楼,http://image1.ljcdn.com/x-se/hdic-frame/prod-b6a2c306-2bdb-47a7-a3a6-5ac314a2dab0.png.296x216.jpg
20201223,浦东,周浦,沈默花苑   loft类型住宅  70年产权   总价低房主自荐,260万,1室1厅 | 45平米 | 南 | 简装 | 高楼层(共5层) | 2011年建 | 板楼,http://image1.ljcdn.com/110000-inspection/fe2cfbff-2775-40fc-9ed7-f075e943908c.jpeg.296x216.jpg
20201223,浦东,周浦,顶楼复式，得房率高，有阳台，2个花园。,580万,3室2厅 | 109.46平米 | 南 | 精装 | 高楼层(共5层) | 2002年建 | 板楼,http://image1.ljcdn.com/x-se/hdic-frame/2fb92cbd-1545-4b38-b88e-ca361c0f7cad.png.296x216.jpg
20201223,浦东,周浦,纯毛坯 高楼层 好装修 直接可以装修・,1090万,4室2厅 | 207平米 | 南 北 | 毛坯 | 高楼层(共21层) | 2014年建 | 板楼,http://image1.ljcdn.com/x-se/hdic-frame/4f90e94d-6da8-449e-a1dd-aa8bd2b53fd0.png.296x216.jpg
20201223,浦东,周浦,精装修装修  诚心出售 中高楼层 品质小区,140万,1室1厅 | 41.84平米 | 北 | 精装 | 高楼层(共15层) | 2014年建 | 板楼,
20201223,浦东,周浦,印象生活广场 1室1厅 东,155万,1室1厅 | 46.2平米 | 东 | 精装 | 高楼层(共15层) | 2014年建 | 板楼,
20201223,浦东,周浦,印象广场 精装修带户型方正 看房方便 高层视野好,140万,1室1厅 | 41.84平米 | 北 | 精装 | 低楼层(共15层) | 2014年建 | 板楼,
20201223,浦东,周浦,瑞阳苑大两房 带装修 满五年税费少 看房方便房主自荐,320万,2室2厅 | 89.13平米 | 南 | 毛坯 | 低楼层(共14层) | 2007年建 | 板楼,http://image1.ljcdn.com/x-se/hdic-frame/8affa8c0-cc81-4082-81f4-5e71f7220411.png.296x216.jpg
20201223,浦东,周浦,印象广场面积大，价格低，采光好,180万,2室1厅 | 57.44平米 | 南 | 精装 | 低楼层(共15层) | 2014年建 | 板楼,
20201223,浦东,周浦,印象春城 户型方正 精装修 拎包入住 高楼层,330万,1室2厅 | 63.71平米 | 南 | 毛坯 | 高楼层(共18层) | 2009年建 | 板塔结合,http://image1.ljcdn.com/x-se/shfdfs-image/20171111/78a8a7a4-38f3-4c6a-8ebf-852bca7195f0.jpg.296x216.jpg
20201223,浦东,周浦,瑞和苑精装房源,家电家具全配,业主诚心出售房主自荐,215万,1室1厅 | 54.45平米 | 南 | 精装 | 低楼层(共14层) | 2008年建 | 板楼,http://image1.ljcdn.com/x-se/hdic-frame/a3b3c771-bd5c-481a-aeeb-5288e6ef92b4.png.296x216.jpg
20201223,浦东,周浦,印象生活广场 1室1厅 南,180万,1室1厅 | 49.86平米 | 南 | 其他 | 低楼层(共11层) | 2014年建 | 板楼,
20201223,浦东,周浦,印象生活广场 1室1厅 西,148万,1室1厅 | 46.2平米 | 西 | 精装 | 中楼层(共15层) | 2014年建 | 板楼,
20201223,浦东,周浦,满五年，有个地下产权车位，高楼层采光好,1090万,4室2厅 | 197.84平米 | 南 | 毛坯 | 高楼层(共21层) | 2013年建 | 板楼,
20201223,浦东,周浦,高楼层视野开阔，前后无遮挡，业主诚意出售,353万,3室2厅 | 106.85平米 | 南 北 | 毛坯 | 高楼层(共6层) | 1994年建 | 板楼,
20201223,浦东,周浦,位置好，楼层佳。业主买入不满两年出售，中意价格可谈,225万,2室1厅 | 54.45平米 | 南 | 简装 | 低楼层(共14层)  | 板楼,http://image1.ljcdn.com/x-se/hdic-frame/prod-28ce645c-dc42-43fc-a1e8-ee4e88e97950.png.296x216.jpg
20201223,浦东,周浦,18号线tie房 万达广场 澧溪大两房 南北通 户型方正,465万,2室2厅 | 94.96平米 | 南 | 简装 | 低楼层(共6层) | 2006年建 | 板楼,http://image1.ljcdn.com/x-se/hdic-frame/ee653870-6201-4b23-a149-a295b9719b86.png.296x216.jpg
20201223,浦东,周浦,印象生活广场 1室2厅 东,210万,1室2厅 | 58平米 | 东 | 其他 | 低楼层(共15层)  | 板楼,
20201223,浦东,周浦,印象生活广场 1室1厅 东,180万,1室1厅 | 50.4平米 | 东 | 其他 | 中楼层(共15层) | 2014年建 | 板楼,
20201223,浦东,周浦,印象生活广场 2室1厅 东,180万,2室1厅 | 58.05平米 | 东 | 其他 | 中楼层(共15层) | 2014年建 | 板楼,
20201223,浦东,周浦,新上房源 一楼带花园 精装修保养好 房东诚心出售新上,335万,2室2厅 | 76.92平米 | 南 | 精装 | 低楼层(共6层) | 2006年建 | 板楼,
