20201223,浦东,南码头,新上三房 高区视野好 二线江景  满五唯一 南北户型必看好房,920万,3室2厅 | 137.23平米 | 南 | 精装 | 中楼层(共32层) | 2004年建 | 板楼,http://image1.ljcdn.com/110000-inspection/pc1_UWSiVbUrb_1.jpg.296x216.jpg
20201223,浦东,南码头,锦南浦三小区 2室1厅 南必看好房,468万,2室1厅 | 81.53平米 | 南 | 精装 | 中楼层(共7层) | 1994年建 | 板楼,http://image1.ljcdn.com/110000-inspection/pc1_nvKFu33bR_1.jpg.296x216.jpg
20201223,浦东,南码头,杨高南路地铁口，双南户型，客厅带边窗，厨卫全明！必看好房,475万,2室1厅 | 74.44平米 | 南 | 精装 | 高楼层(共6层) | 1997年建 | 板楼,http://image1.ljcdn.com/110000-inspection/pc1_quO5mHqDq_1.jpg.296x216.jpg
20201223,浦东,南码头,中间楼层好房子，宝钢式大明户型，视野开阔，采光充足必看好房,218万,1室1厅 | 35.84平米 | 东南 | 简装 | 中楼层(共6层) | 1988年建 | 板楼,http://image1.ljcdn.com/110000-inspection/pc1_wDGgbTq2B_1.jpg.296x216.jpg
20201223,浦东,南码头,房型正，采光足，近地铁，业主诚心出售。必看好房,300万,2室1厅 | 53.23平米 | 南 | 精装 | 高楼层(共6层) | 1991年建 | 板楼,http://image1.ljcdn.com/110000-inspection/pc1_7cZGVpgCX_1.jpg.296x216.jpg
20201223,浦东,南码头,内环边、2010年房龄、免增值税，有钥匙随时可看必看好房,720万,3室2厅 | 108.88平米 | 南 | 毛坯 | 低楼层(共12层) | 2010年建 | 板楼,http://image1.ljcdn.com/110000-inspection/pc1_53z1HlvdG_1.jpg.296x216.jpg
20201223,浦东,南码头,精装一室 南北通风 采光充足 小区央座 拎包入住必看好房,208万,1室1厅 | 38.78平米 | 南 | 精装 | 高楼层(共6层) | 1985年建 | 板楼,http://image1.ljcdn.com/310000-inspection/pc1_L5xNWsrMb_1.jpg.296x216.jpg
20201223,浦东,南码头,南码头滨江版块  南北全明两房 诚意出售必看好房,260万,2室0厅 | 50.96平米 | 南 西南 | 精装 | 高楼层(共6层) | 1985年建 | 板楼,http://image1.ljcdn.com/110000-inspection/pc1_WsN8QnVFL_1.jpg.296x216.jpg
20201223,浦东,南码头,全明一室 中间楼层 采光充足 近滨江跑道 交通方便必看好房,208万,1室1厅 | 40.69平米 | 南 | 简装 | 中楼层(共6层) | 1979年建 | 板楼,http://image1.ljcdn.com/310000-inspection/prod-6df697dd-c53d-4f88-afcc-b6c144ccc064.jpg.296x216.jpg
20201223,浦东,南码头,房子是中间套户型，中间楼层，房东诚意出售，看房方便必看好房,208万,1室1厅 | 37.28平米 | 南 | 简装 | 中楼层(共6层) | 1986年建 | 板楼,http://image1.ljcdn.com/110000-inspection/pc1_pZDY6jEYa_1.jpg.296x216.jpg
20201223,浦东,南码头,户型方正，三房，采光好，业主诚意售必看好房,495万,3室1厅 | 80.86平米 | 南 | 简装 | 中楼层(共6层) | 2001年建 | 板楼,http://image1.ljcdn.com/110000-inspection/pc1_UxHdNjimW_1.jpg.296x216.jpg
20201223,浦东,南码头,全明户型，小面积，总价低，配套成熟，适合刚需过渡必看好房,180万,1室0厅 | 33.36平米 | 南 | 简装 | 高楼层(共6层) | 1982年建 | 板楼,http://image1.ljcdn.com/110000-inspection/pc1_4sTxjqgIt_1.jpg.296x216.jpg
20201223,浦东,南码头,满五唯一，高区采光好，户型方正必看好房,699万,2室2厅 | 84.02平米 | 南 | 精装 | 高楼层(共26层) | 2005年建 | 板楼,http://image1.ljcdn.com/x-se/hdic-frame/7dc08b71-98b1-414d-b799-7b24671f3715.png.296x216.jpg
20201223,浦东,南码头,内环边品质小区 一楼带花园 南北通4居室 小区央座安静房主自荐,1020万,4室2厅 | 164.1平米 | 南 | 简装 | 低楼层(共8层) | 1998年建 | 板楼,http://image1.ljcdn.com/310000-inspection/test-a8c25659-f1da-42b0-b5ab-dd43118f8ec6.png.296x216.jpg
20201223,浦东,南码头,近6号线 小区安静位置 南北全明 业主诚心出售,340万,2室1厅 | 57.05平米 | 南 北 | 简装 | 高楼层(共6层) | 1989年建 | 板楼,http://image1.ljcdn.com/110000-inspection/pc1_p3k5p2GWy_1.jpg.296x216.jpg
20201223,浦东,南码头,内环边，近地铁，中间楼层蝴蝶双南，精装修拎包入住房主自荐,340万,2室1厅 | 53.94平米 | 南 | 简装 | 中楼层(共6层) | 1988年建 | 板楼,http://image1.ljcdn.com/110000-inspection/pc1_ZnYIE5eLT_1.jpg.296x216.jpg
20201223,浦东,南码头,地铁口，精装修2房，一梯两户，全明户型，税费少,375万,2室1厅 | 64.31平米 | 南 | 精装 | 高楼层(共6层) | 1996年建 | 板楼,http://image1.ljcdn.com/110000-inspection/pc1_rL6tTsw7N_1.jpg.296x216.jpg
20201223,浦东,南码头,精装修南北两室半-带装修-业主诚意出售房主自荐,355万,2室1厅 | 58.43平米 | 南 | 精装 | 高楼层(共6层) | 1992年建 | 板楼,http://image1.ljcdn.com/110000-inspection/pc1_AgoPrDXSZ_1.jpg.296x216.jpg
20201223,浦东,南码头,品质小区   总高八楼  电梯六楼  户型通透,830万,2室2厅 | 120.76平米 | 南 北 | 精装 | 低楼层(共18层) | 2001年建 | 板楼,http://image1.ljcdn.com/110000-inspection/pc1_QEa108iie_1.jpg.296x216.jpg
20201223,浦东,南码头,拎包入住精装修两房+4楼边套全明+采光好出行方便,320万,2室1厅 | 52.36平米 | 东南 | 精装 | 中楼层(共6层) | 1986年建 | 板楼,http://image1.ljcdn.com/110000-inspection/pc1_yUEEmyELa_1.jpg.296x216.jpg
20201223,浦东,南码头,一梯两户+飞机户型+精装修+近地铁+满五税少+带车位,1320万,3室2厅 | 141.87平米 | 南 | 精装 | 中楼层(共14层) | 2005年建 | 板楼,http://image1.ljcdn.com/110000-inspection/pc1_0Z8BC6tgA_1.jpg.296x216.jpg
20201223,浦东,南码头,东方城市花园(二期) 3室2厅 南新上,980万,3室2厅 | 122.44平米 | 南 | 其他 | 低楼层(共14层) | 2005年建 | 板楼,http://image1.ljcdn.com/110000-inspection/pc1_harpXYdPl_1.jpg.296x216.jpg
20201223,浦东,南码头,内环旁，黄浦江畔电梯两房户型好房主自荐,378万,2室1厅 | 68.56平米 | 南 | 简装 | 中楼层(共18层) | 1992年建 | 塔楼,http://image1.ljcdn.com/110000-inspection/pc1_IWLsQOfzF_1.jpg.296x216.jpg
20201223,浦东,南码头,底层一室户 出行方便 诚意出售 地铁4/6号线,225万,1室1厅 | 37.31平米 | 南 | 简装 | 低楼层(共6层) | 1986年建 | 板楼,http://image1.ljcdn.com/110000-inspection/pc1_lucrL0lQ7_1.jpg.296x216.jpg
20201223,浦东,南码头,临沂三村 1室1厅 南,223万,1室1厅 | 39.6平米 | 南 | 简装 | 高楼层(共6层) | 1988年建 | 板楼,http://image1.ljcdn.com/110000-inspection/pc1_Z76WTrpA2_1.jpg.296x216.jpg
20201223,浦东,南码头,格局方正，得房率高，上下复式，使用面积大,820万,4室2厅 | 175.4平米 | 南 | 简装 | 高楼层(共6层) | 1998年建 | 板楼,http://image1.ljcdn.com/110000-inspection/pc1_zNQeaqgHR_1.jpg.296x216.jpg
20201223,浦东,南码头,好房精装修，安静采光棒，近地铁房主自荐,476万,2室1厅 | 74.85平米 | 南 | 精装 | 高楼层(共6层) | 1997年建 | 板楼,http://image1.ljcdn.com/110000-inspection/pc1_r2AkWMstR_1.jpg.296x216.jpg
20201223,浦东,南码头,北区花园位置，50万精装+地暖 5平方不计产证面积,1020万,2室2厅 | 119平米 | 南 | 精装 | 低楼层(共24层) | 2005年建 | 板楼,http://image1.ljcdn.com/110000-inspection/pc1_dIBbDJq6l_1.jpg.296x216.jpg
20201223,浦东,南码头,地铁口，一梯两户，经典一房，全明户型，税少,275万,1室1厅 | 51.19平米 | 南 | 简装 | 高楼层(共6层) | 1996年建 | 板楼,http://image1.ljcdn.com/110000-inspection/pc1_IKyCmJdOp_1.jpg.296x216.jpg
20201223,浦东,南码头,满五年，边套全明，南北两房，采光通风好,249万,2室1厅 | 46.52平米 | 南 | 简装 | 高楼层(共6层) | 1979年建 | 板楼,http://image1.ljcdn.com/310000-inspection/prod-598be006-5aeb-415c-af02-364b28b1ea49.jpg.296x216.jpg
20201223,浦东,南码头,一梯三户+五楼非顶楼+有钥匙看房方便+采光充足,198万,1室1厅 | 39.53平米 | 南 北 | 简装 | 高楼层(共6层) | 1980年建 | 板楼,http://image1.ljcdn.com/110000-inspection/pc1_1levcV5zI_1.jpg.296x216.jpg
20201223,浦东,南码头,低总价一室半，近地铁配套齐全，诚意出售房主自荐,188万,1室1厅 | 37.31平米 | 南 | 毛坯 | 高楼层(共6层) | 1992年建 | 板楼,http://image1.ljcdn.com/110000-inspection/pc1_Y53ZoxXNW_1.jpg.296x216.jpg
20201223,浦东,南码头,电梯朝南精装修双南两居室，户型方正业主诚意出售房主自荐,419万,2室1厅 | 74.62平米 | 南 | 精装 | 高楼层(共22层) | 1993年建 | 塔楼,http://image1.ljcdn.com/110000-inspection/pc1_4gtE197Fc_1.jpg.296x216.jpg
20201223,浦东,南码头,近地铁 双南精装 一梯两户 采光充足,303万,2室1厅 | 51.46平米 | 南 | 简装 | 高楼层(共6层) | 1992年建 | 板楼,http://image1.ljcdn.com/110000-inspection/pc1_TIeXzJzQX_1.jpg.296x216.jpg
20201223,浦东,南码头,双南大两房，交通便利出入方便，满五年看房方便！,330万,2室0厅 | 59平米 | 南 | 简装 | 高楼层(共6层) | 1985年建 | 板楼,http://image1.ljcdn.com/110000-inspection/pc1_85132xAT5_1.jpg.296x216.jpg
20201223,浦东,南码头,满五年唯一，3开间朝南，电梯高区景观房主自荐,1100万,4室2厅 | 170.76平米 | 南 | 简装 | 高楼层(共8层) | 1998年建 | 板楼,http://image1.ljcdn.com/110000-inspection/pc1_kAl7rs3Ql_1.jpg.296x216.jpg
20201223,浦东,南码头,售后公房税费少，小区位置好，近黄浦江,375万,3室1厅 | 64.47平米 | 南 | 精装 | 高楼层(共6层) | 1985年建 | 板楼,http://image1.ljcdn.com/110000-inspection/pc1_448RxdMTL_1.jpg.296x216.jpg
20201223,浦东,南码头,婚房装修，视野开阔，业主年轻人好沟通，周末看房房主自荐,355万,2室1厅 | 62.89平米 | 南 北 | 精装 | 高楼层(共7层) | 1995年建 | 板楼,http://image1.ljcdn.com/110000-inspection/pc1_5Nd0djmZU_1.jpg.296x216.jpg
20201223,浦东,南码头,此房是售后公房，没有增值税，一梯两户，双南的户型。房主自荐,385万,2室1厅 | 67.77平米 | 南 北 | 简装 | 高楼层(共6层) | 1995年建 | 板楼,http://image1.ljcdn.com/110000-inspection/pc1_MPxKYm76q_1.jpg.296x216.jpg
20201223,浦东,南码头,电梯两房 楼层好 视野好 采光佳房主自荐,460万,2室1厅 | 74.27平米 | 西南 | 简装 | 高楼层(共25层) | 1994年建 | 塔楼,http://image1.ljcdn.com/110000-inspection/pc1_aFj3s7aUc_1.jpg.296x216.jpg
20201223,浦东,南码头,沈家宅 2室1厅 南,375万,2室1厅 | 65.9平米 | 南 | 精装 | 中楼层(共6层) | 1996年建 | 板楼,http://image1.ljcdn.com/110000-inspection/pc1_80ZkaeXy0_1.jpg.296x216.jpg
20201223,浦东,南码头,7号线地铁，中低区双南两房，爬楼不费力，位置安静！,460万,2室1厅 | 74.3平米 | 南 北 | 简装 | 低楼层(共6层) | 1997年建 | 板楼,http://image1.ljcdn.com/110000-inspection/pc1_tlsfGwrgV_1.jpg.296x216.jpg
20201223,浦东,南码头,位置安静，南北通风两房，精装修，可直接入住,680万,2室2厅 | 85.92平米 | 南 | 精装 | 中楼层(共6层) | 1998年建 | 板楼,http://image1.ljcdn.com/110000-inspection/pc1_VF9hTW2X9_1.jpg.296x216.jpg
20201223,浦东,南码头,房子是两年前精装修的，房东诚意出售，看房提前预约新上,215万,1室1厅 | 38.97平米 | 南 | 精装 | 高楼层(共6层) | 1988年建 | 板楼,http://image1.ljcdn.com/110000-inspection/pc1_tUhDc77Uf_1.jpg.296x216.jpg
20201223,浦东,南码头,临沂七村精装修+全明户型+临沂新村站口+配套齐全房主自荐,213万,1室1厅 | 39.56平米 | 南 | 精装 | 高楼层(共6层) | 1990年建 | 板楼,http://image1.ljcdn.com/110000-inspection/pc1_7INWrUlx4_1.jpg.296x216.jpg
20201223,浦东,南码头,总价低，近黄浦江，配套成熟，业主诚心出售。,292万,2室1厅 | 58.66平米 | 南 | 简装 | 高楼层(共6层) | 1988年建 | 板楼,http://image1.ljcdn.com/110000-inspection/pc1_eiqpOMEdc_1.jpg.296x216.jpg
20201223,浦东,南码头,房子是中间套户型，中间楼层，房东诚意出售，看房方便房主自荐,208万,1室1厅 | 36.7平米 | 南 | 简装 | 中楼层(共6层) | 1987年建 | 板楼,http://image1.ljcdn.com/110000-inspection/pc1_uPYWU537w_1.jpg.296x216.jpg
20201223,浦东,南码头,东方丰甸苑(公寓) 3室2厅 南,790万,3室2厅 | 108.32平米 | 南 | 简装 | 高楼层(共6层) | 2001年建 | 板楼,http://image1.ljcdn.com/110000-inspection/pc1_fU5G9lKWy_1.jpg.296x216.jpg
20201223,浦东,南码头,6&7号线双轨，双南两室半，位置安静，诚心出售,340万,2室1厅 | 58.95平米 | 南 | 简装 | 高楼层(共6层) | 1991年建 | 板楼,http://image1.ljcdn.com/110000-inspection/pc1_UGkvNPetq_1.jpg.296x216.jpg
20201223,浦东,南码头,天意洲 3室2厅 南,830万,3室2厅 | 118.18平米 | 南 | 简装 | 低楼层(共12层) | 2003年建 | 板楼,http://image1.ljcdn.com/310000-inspection/prod-d74602b2-c975-4045-a152-f3473549c40d.jpg.296x216.jpg
20201223,浦东,南码头,内环边 两层复式+阁楼+露台 南北通4房 业主诚意出售房主自荐,950万,4室2厅 | 157.84平米 | 南 | 精装 | 高楼层(共6层) | 1998年建 | 板楼,http://image1.ljcdn.com/110000-inspection/pc1_vsNehPx78_1.jpg.296x216.jpg
20201223,浦东,南码头,安静双南近地铁   户型正气采光好新上,326万,2室0厅 | 58.38平米 | 南 | 简装 | 高楼层(共6层) | 1992年建 | 板楼,http://image1.ljcdn.com/110000-inspection/pc1_eOEknqwfS_1.jpg.296x216.jpg
20201223,浦东,南码头,内环边顶楼复式，挑空客厅四房朝南,1200万,5室2厅 | 168平米 | 南 | 简装 | 高楼层(共11层) | 2002年建 | 板楼,http://image1.ljcdn.com/110000-inspection/pc1_N1G9rtY8P_1.jpg.296x216.jpg
20201223,浦东,南码头,南区位置安静 婚房装修 户型正气 楼层高采光好,1300万,3室2厅 | 151.71平米 | 南 | 精装 | 中楼层(共31层) | 2009年建 | 板楼,http://image1.ljcdn.com/110000-inspection/pc1_1KytHWzXS_1.jpg.296x216.jpg
20201223,浦东,南码头,好房子，好楼层，总价低，原始户型，原始格局，诚意卖房主自荐,177万,1室1厅 | 30.7平米 | 南 | 毛坯 | 低楼层(共6层) | 1981年建 | 板楼,http://image1.ljcdn.com/110000-inspection/pc1_x06Cnmh9k_1.jpg.296x216.jpg
20201223,浦东,南码头,陆家嘴景观房全明户型总价低位置好房主自荐,290万,2室1厅 | 55.55平米 | 南 | 精装 | 高楼层(共6层) | 1990年建 | 板楼,http://image1.ljcdn.com/310000-inspection/prod-63bfd55d-6ac5-4740-bcda-53c4e123c3ec.jpg.296x216.jpg
20201223,浦东,南码头,6号线临沂新村地铁，南码头品质一房，内中环板块配套,195万,1室1厅 | 36.49平米 | 南 | 简装 | 高楼层(共6层) | 1989年建 | 板楼,http://image1.ljcdn.com/110000-inspection/pc1_Kcg0QRvgd_1.jpg.296x216.jpg
20201223,浦东,南码头,满五唯一税费少，6号7号双轨，出行便利，南北通两房。房主自荐,270万,2室1厅 | 51.53平米 | 南 | 简装 | 高楼层(共6层) | 1996年建 | 板楼,http://image1.ljcdn.com/110000-inspection/pc1_EU9crtFjJ_1.jpg.296x216.jpg
20201223,浦东,南码头,房东诚意出售，采光好，视野宽阔,268万,2室1厅 | 52平米 | 南 | 简装 | 高楼层(共6层) | 1996年建 | 板楼,http://image1.ljcdn.com/110000-inspection/pc1_3v4JWIiZX_1.jpg.296x216.jpg
20201223,浦东,南码头,胶南小区 2室0厅 南,270万,2室0厅 | 50.96平米 | 南 | 简装 | 中楼层(共6层) | 1985年建 | 板楼,http://image1.ljcdn.com/110000-inspection/pc1_jPu62SOqw_1.jpg.296x216.jpg
20201223,浦东,南码头,一室一厅 边套 采光通风好  面积大价格低 房东诚意,206万,1室1厅 | 40.9平米 | 南 | 简装 | 高楼层(共6层) | 1988年建 | 板楼,http://image1.ljcdn.com/310000-inspection/test-5597919c-8709-44ba-b202-50f13fcd37f5.png.296x216.jpg
20201223,浦东,南码头,双南正气两房，地铁6号线地铁口，正对小区花园位置房主自荐,438万,2室1厅 | 74.32平米 | 南 | 简装 | 低楼层(共25层) | 1994年建 | 塔楼,http://image1.ljcdn.com/110000-inspection/pc1_PyZskBCf3_1.jpg.296x216.jpg
20201223,浦东,南码头,内环边 复式2房2卫带11平露台 7号线杨高南路站口房主自荐,490万,2室2厅 | 88.22平米 | 南 北 | 简装 | 高楼层(共6层) | 2001年建 | 板楼,http://image1.ljcdn.com/110000-inspection/pc1_wvtehIxUE_1.jpg.296x216.jpg
20201223,浦东,南码头,港机新村大三房，看房方便。。。,550万,3室2厅 | 103.37平米 | 南 | 简装 | 高楼层(共5层) | 1999年建 | 板楼,http://image1.ljcdn.com/110000-inspection/pc1_1qgJcuEMz_1.jpg.296x216.jpg
20201223,浦东,南码头,商品房+6号线地铁口+大两房+安静位置+电梯高区,915万,2室2厅 | 136平米 | 南 北 | 精装 | 高楼层(共13层) | 1998年建 | 板楼,http://image1.ljcdn.com/110000-inspection/pc1_Y0FkMignX_1.jpg.296x216.jpg
20201223,浦东,南码头,满五唯一，楼层好，采光好，全明户型。,220万,1室1厅 | 40.16平米 | 南 | 简装 | 高楼层(共6层) | 1987年建 | 板楼,http://image1.ljcdn.com/110000-inspection/pc1_u1iOCZoe1_1.jpg.296x216.jpg
20201223,浦东,南码头,电梯房两居室，户型方正业主诚意出售房主自荐,410万,2室1厅 | 71.66平米 | 南 | 简装 | 中楼层(共22层) | 1993年建 | 塔楼,http://image1.ljcdn.com/110000-inspection/pc1_vwWER3Jx1_1.jpg.296x216.jpg
20201223,浦东,南码头,临沂二村 1室1厅 南,200万,1室1厅 | 39.77平米 | 南 | 简装 | 高楼层(共6层) | 1986年建 | 板楼,http://image1.ljcdn.com/110000-inspection/pc1_QnrjwrWh2_1.jpg.296x216.jpg
20201223,浦东,南码头,精品小区电梯房，双开间靠南，带花园，位置好，无遮挡新上,780万,2室2厅 | 97.5平米 | 南 | 精装 | 低楼层(共12层) | 2003年建 | 板楼,http://image1.ljcdn.com/110000-inspection/pc1_oB0dCWDeg_1.jpg.296x216.jpg
20201223,浦东,南码头,内环边 04年电梯商品房 南北通两室两厅 正对小区花园房主自荐,775万,2室2厅 | 107.35平米 | 南 北 | 简装 | 低楼层(共18层) | 2004年建 | 板楼,http://image1.ljcdn.com/310000-inspection/pc1_W8LviLeKD_1.jpg.296x216.jpg
20201223,浦东,南码头,内环边 滨江板块 品质小区 业主诚售,670万,2室2厅 | 106.47平米 | 南 北 | 精装 | 低楼层(共23层) | 2005年建 | 板楼,http://image1.ljcdn.com/110000-inspection/pc1_wsf3WvY1k_1.jpg.296x216.jpg
20201223,浦东,南码头,内环边2005年商品房、南北直通精装修、前后无遮挡,695万,2室2厅 | 106.34平米 | 南 | 精装 | 低楼层(共26层) | 2005年建 | 板楼,http://image1.ljcdn.com/110000-inspection/pc1_okyuSqBeJ_1.jpg.296x216.jpg
20201223,浦东,南码头,三房两厅两卫，户型方正业主诚意出售,977万,3室2厅 | 134.1平米 | 南 | 简装 | 高楼层(共18层) | 2003年建 | 板楼,http://image1.ljcdn.com/110000-inspection/pc1_3T9ZrsPtt_1.jpg.296x216.jpg
20201223,浦东,南码头,业主诚售 双卧朝南 采光充足 满五唯一 拎包入住房主自荐,340万,2室1厅 | 68.56平米 | 南 | 精装 | 低楼层(共18层) | 1992年建 | 塔楼,http://image1.ljcdn.com/110000-inspection/pc1_QOsCCIAHb_1.jpg.296x216.jpg
20201223,浦东,南码头,房子是满五唯一的，双南户型，地铁7号线杨高南路站房主自荐,355万,2室1厅 | 65.6平米 | 南 | 简装 | 高楼层(共6层) | 1996年建 | 板楼,http://image1.ljcdn.com/110000-inspection/pc1_KMXvEN32r_1.jpg.296x216.jpg
20201223,浦东,南码头,纯商品房，房屋结构好，板式户型，居住感受佳。,790万,3室2厅 | 104.49平米 | 南 | 精装 | 低楼层(共12层) | 2003年建 | 板楼,http://image1.ljcdn.com/110000-inspection/pc1_I3bXuxJMT_1.jpg.296x216.jpg
20201223,浦东,南码头,临沂新上电梯两房 近滨江跑道 近陆家嘴 近内环房主自荐,380万,2室1厅 | 67.4平米 | 南 北 | 简装 | 低楼层(共18层) | 1994年建 | 塔楼,http://image1.ljcdn.com/110000-inspection/pc1_fIUxDk8do_1.jpg.296x216.jpg
20201223,浦东,南码头,满五四分之三唯一，一梯一户，中间楼层,930万,3室2厅 | 143.57平米 | 南 北 | 简装 | 中楼层(共7层) | 2000年建 | 板楼,http://image1.ljcdn.com/110000-inspection/pc1_rYPnqsifk_1.jpg.296x216.jpg
20201223,浦东,南码头,内环边 底层两室户 老人不错的选择,335万,2室1厅 | 54.45平米 | 南 | 精装 | 低楼层(共6层) | 1988年建 | 板楼,http://image1.ljcdn.com/110000-inspection/pc1_HH2dzIFv6_1.jpg.296x216.jpg
20201223,浦东,南码头,临沂大楼 2室1厅 东 西房主自荐,530万,2室1厅 | 88.27平米 | 东 西 | 精装 | 低楼层(共25层) | 1992年建 | 塔楼,http://image1.ljcdn.com/110000-inspection/pc1_5OKZCMhuD_1.jpg.296x216.jpg
20201223,浦东,南码头,北区看河，二手买入，电梯高区，楼层好视野好，采光好,1020万,2室2厅 | 122平米 | 南 | 精装 | 中楼层(共24层) | 2005年建 | 板楼,http://image1.ljcdn.com/110000-inspection/pc1_YEijzuumy_1.jpg.296x216.jpg
20201223,浦东,南码头,西三小区 1室0厅 南,270万,1室0厅 | 42.93平米 | 南 | 简装 | 低楼层(共18层) | 1992年建 | 塔楼,http://image1.ljcdn.com/110000-inspection/pc1_nIKZUpUJh_1.jpg.296x216.jpg
20201223,浦东,南码头,黄浦江边，精装房源，全明户型，满五唯一，闹中取静房主自荐,288万,1室1厅 | 63.29平米 | 南 | 简装 | 中楼层(共7层) | 1994年建 | 板楼,http://image1.ljcdn.com/310000-inspection/pc1_sLYWvCWUn_1.jpg.296x216.jpg
20201223,浦东,南码头,边套一室 南北通风 采光充足 视野开阔 近滨江大道房主自荐,190万,1室1厅 | 35.75平米 | 南 | 简装 | 高楼层(共6层) | 1981年建 | 板楼,http://image1.ljcdn.com/310000-inspection/pc1_iI9YnbQI1_1.jpg.296x216.jpg
20201223,浦东,南码头,装修好，位置安静，交通便捷，一楼带大花园，看房方便房主自荐,730万,3室2厅 | 111.44平米 | 南 | 简装 | 低楼层(共6层) | 1998年建 | 板楼,http://image1.ljcdn.com/310000-inspection/prod-ef25fb99-b4e1-453d-9007-98849316ffd3.jpg.296x216.jpg
20201223,浦东,南码头,精装通透格局，楼层好，视野佳，诚意出售,187万,1室0厅 | 33.16平米 | 东 | 简装 | 中楼层(共6层) | 1995年建 | 板楼,http://image1.ljcdn.com/110000-inspection/pc1_hwbTn691a_1.jpg.296x216.jpg
20201223,浦东,南码头,底层带天井， 诚意出售 地铁4/6号线 配套设施齐全,200万,1室1厅 | 31.74平米 | 南 | 简装 | 低楼层(共6层) | 1982年建 | 板楼,http://image1.ljcdn.com/110000-inspection/pc1_1D8OxcJt7_1.jpg.296x216.jpg
20201223,浦东,南码头,边套一室 南北通风 小区央座 采光充足 带小院新上,235万,1室1厅 | 37.38平米 | 南 | 简装 | 低楼层(共6层) | 1989年建 | 板楼,http://image1.ljcdn.com/110000-inspection/pc1_swRZENiQF_1.jpg.296x216.jpg
20201223,浦东,南码头,景观房 近黄浦江边 视野好 采光足 随时看房,299万,1室1厅 | 63.29平米 | 南 | 简装 | 高楼层(共7层) | 1994年建 | 板楼,http://image1.ljcdn.com/110000-inspection/pc1_WYqzk6ErD_1.jpg.296x216.jpg
20201223,浦东,南码头,产权干净，无抵押无贷款，户型方正，近地铁出行方便房主自荐,180万,1室1厅 | 36.5平米 | 南 | 毛坯 | 高楼层(共6层) | 1987年建 | 板楼,http://image1.ljcdn.com/110000-inspection/pc1_NduTst8Hp_1.jpg.296x216.jpg
20201223,浦东,南码头,内环边+地铁口+双南两房+低总价房主自荐,395万,2室1厅 | 74.32平米 | 南 | 简装 | 低楼层(共25层) | 1992年建 | 塔楼,http://image1.ljcdn.com/110000-inspection/pc1_bjDcEydS1_1.jpg.296x216.jpg
20201223,浦东,南码头,临沂大楼 内环边 售后公房 近地铁房主自荐,425万,2室1厅 | 74.27平米 | 西南 西 | 简装 | 低楼层(共25层) | 1992年建 | 塔楼,http://image1.ljcdn.com/110000-inspection/pc1_sGypFvjS9_1.jpg.296x216.jpg
20201223,浦东,南码头,房子是一梯一户的，满五唯一，房东诚意卖。房主自荐,900万,3室2厅 | 143.57平米 | 南 | 简装 | 高楼层(共7层) | 2003年建 | 板楼,http://image1.ljcdn.com/110000-inspection/pc1_ow49s0312_1.jpg.296x216.jpg
20201223,浦东,南码头,一梯两户全明户型，通风好，近地铁。房主自荐,315万,2室1厅 | 56.53平米 | 南 | 精装 | 高楼层(共6层) | 1995年建 | 板楼,http://image1.ljcdn.com/110000-inspection/pc1_YoODSeYmy_1.jpg.296x216.jpg
20201223,浦东,南码头,江景房，楼层好，视野开阔，采光通风好，1993年房主自荐,395万,2室1厅 | 65.92平米 | 东 | 简装 | 高楼层(共18层) | 1993年建 | 塔楼,http://image1.ljcdn.com/110000-inspection/pc1_Q0AcZwvJk_1.jpg.296x216.jpg
20201223,浦东,南码头,黄浦江滨江好房+轨交6号线+配套齐全+南北通采光足房主自荐,708万,2室1厅 | 101.19平米 | 南 | 简装 | 高楼层(共7层) | 2000年建 | 板楼,http://image1.ljcdn.com/110000-inspection/pc1_DJBAvWAwX_1.jpg.296x216.jpg
20201223,浦东,南码头,满五唯一，含车位售，高区采光好，南北直通，通风佳,1230万,3室2厅 | 151.71平米 | 南 北 | 精装 | 高楼层(共31层) | 2009年建 | 板楼,http://image1.ljcdn.com/110000-inspection/pc1_2wOjMY5pS_1.jpg.296x216.jpg
20201223,浦东,南码头,品质小区+高区采光好+大四房满五唯一税费少+车位另算,1200万,4室2厅 | 153.96平米 | 南 | 精装 | 中楼层(共14层) | 2006年建 | 板楼,http://image1.ljcdn.com/110000-inspection/pc1_NKEPXxxPB_1.jpg.296x216.jpg
20201223,浦东,南码头,近地铁，通透格局，精装修，视野好房主自荐,998万,2室2厅 | 121.31平米 | 南 | 精装 | 中楼层(共24层) | 2005年建 | 板楼,http://image1.ljcdn.com/110000-inspection/pc1_P0ZblKseF_1.jpg.296x216.jpg
20201223,浦东,南码头,龙阳花苑三房，一梯两户房型好，小区中间位置房主自荐,895万,3室2厅 | 118.4平米 | 南 | 简装 | 低楼层(共6层) | 1999年建 | 板楼,http://image1.ljcdn.com/110000-inspection/pc1_dAtsEpK56_1.jpg.296x216.jpg
20201223,浦东,南码头,近地铁，一梯两户，南北两房，东边套,408万,2室1厅 | 61.93平米 | 南 | 简装 | 低楼层(共6层) | 1998年建 | 板楼,http://image1.ljcdn.com/110000-inspection/pc1_ortFx4VYK_1.jpg.296x216.jpg
20201223,浦东,南码头,满五唯一，五年婚装，近地铁，南北直通，带租赁车位房主自荐,525万,2室2厅 | 80.91平米 | 南 | 精装 | 高楼层(共6层) | 1998年建 | 板楼,http://image1.ljcdn.com/110000-inspection/pc1_oROc0kRi1_1.jpg.296x216.jpg
20201223,浦东,南码头,花园位置+婚房装修+车位另算+高区无遮挡+满五税少,1050万,2室2厅 | 116.79平米 | 南 北 | 精装 | 中楼层(共14层) | 2005年建 | 板楼,http://image1.ljcdn.com/110000-inspection/pc1_dQ7fT6ZHu_1.jpg.296x216.jpg
20201223,浦东,南码头,黄埔江边 95年的房龄 中楼层一室户 诚意出售,205万,1室1厅 | 37.07平米 | 东 | 简装 | 中楼层(共6层) | 1995年建 | 板楼,http://image1.ljcdn.com/110000-inspection/pc1_7wCwTcGyV_1.jpg.296x216.jpg
20201223,浦东,南码头,地铁一室户，配套齐全，前排无遮挡，视野采光很好房主自荐,210万,1室0厅 | 37.48平米 | 南 | 精装 | 高楼层(共6层) | 1991年建 | 板楼,http://image1.ljcdn.com/310000-inspection/pc1_v1YpT8nAm_1.jpg.296x216.jpg
20201223,浦东,南码头,此房满五年唯一，一房改两房精装修房主自荐,220万,2室0厅 | 44.76平米 | 南 | 精装 | 高楼层(共6层) | 1994年建 | 板楼,http://image1.ljcdn.com/110000-inspection/pc1_1QfNmLxNu_1.jpg.296x216.jpg
20201223,浦东,南码头,内环边 南北通4房2厅2卫 上下两层复式附阁楼有露台房主自荐,895万,4室2厅 | 157.84平米 | 南 | 简装 | 高楼层(共6层) | 1998年建 | 板楼,http://image1.ljcdn.com/110000-inspection/pc1_d7NZVll7l_1.jpg.296x216.jpg
20201223,浦东,南码头,临沂三村 1室1厅 南,215万,1室1厅 | 39.49平米 | 南 | 简装 | 高楼层(共6层) | 1989年建 | 板楼,http://image1.ljcdn.com/110000-inspection/pc1_2WIuPsF2r_1.jpg.296x216.jpg
20201223,浦东,南码头,6/7号线地铁边，1梯2户精装修双南两房，视野开阔,285万,2室1厅 | 53.46平米 | 南 | 精装 | 高楼层(共6层) | 1991年建 | 板楼,http://image1.ljcdn.com/310000-inspection/pc1_OYkdbY2u8_1.jpg.296x216.jpg
20201223,浦东,南码头,地铁6号线，业主诚意出售，看房方便。房主自荐,192万,1室1厅 | 39.88平米 | 南 | 简装 | 高楼层(共5层) | 1981年建 | 板楼,http://image1.ljcdn.com/110000-inspection/pc1_oD1MjMZwH_1.jpg.296x216.jpg
20201223,浦东,南码头,滨江板块 南北精装两房，全明户型北看江景房主自荐,315万,2室1厅 | 58.66平米 | 南 | 简装 | 高楼层(共6层) | 1988年建 | 板楼,http://image1.ljcdn.com/110000-inspection/pc1_58etFMm3G_1.jpg.296x216.jpg
20201223,浦东,南码头,低楼层宝钢式南北通边套，菜场，超市，地铁配套齐全房主自荐,306万,2室1厅 | 53.4平米 | 西南 | 简装 | 低楼层(共6层) | 1990年建 | 板楼,http://image1.ljcdn.com/110000-inspection/pc1_n8DcOg2t8_1.jpg.296x216.jpg
20201223,浦东,南码头,江景独好，电梯高区，二分之一唯一，看房方便,390万,2室1厅 | 69.85平米 | 南 | 简装 | 中楼层(共23层) | 1990年建 | 塔楼,http://image1.ljcdn.com/110000-inspection/pc1_vSk9ewWao_1.jpg.296x216.jpg
20201223,浦东,南码头,满五唯一，非顶楼，双南小两房，总价低,280万,2室1厅 | 48.9平米 | 南 | 简装 | 高楼层(共6层) | 1990年建 | 板楼,http://image1.ljcdn.com/110000-inspection/pc1_MS4PLV2I2_1.jpg.296x216.jpg
20201223,浦东,南码头,高区江景房，视野开阔无遮挡，茫茫人海待一有缘人房主自荐,370万,2室1厅 | 61.9平米 | 西 | 简装 | 高楼层(共18层) | 1993年建 | 塔楼,http://image1.ljcdn.com/110000-inspection/pc1_63cOtCz98_1.jpg.296x216.jpg
20201223,浦东,南码头,南码头低总价小两房 多层中区  楼层理想 边套全明房主自荐,270万,2室1厅 | 49.96平米 | 东南 | 简装 | 中楼层(共6层) | 1983年建 | 板楼,http://image1.ljcdn.com/110000-inspection/pc1_tis0ZPLzn_1.jpg.296x216.jpg
20201223,浦东,南码头,房子是中间套户型，房东诚意出售，看房方便,205万,1室1厅 | 36.78平米 | 南 | 简装 | 高楼层(共6层) | 1986年建 | 板楼,http://image1.ljcdn.com/110000-inspection/pc1_VzavUPHJe_1.jpg.296x216.jpg
20201223,浦东,南码头,双南婚房装修，中间楼层，房东诚意出售,300万,2室0厅 | 51.11平米 | 南 | 精装 | 中楼层(共6层) | 1981年建 | 板楼,http://image1.ljcdn.com/110000-inspection/pc1_DUrnHL3ln_1.jpg.296x216.jpg
20201223,浦东,南码头,低楼层，一房带厅，户型方正得房率高，亮点在于客厅。,240万,1室1厅 | 42.2平米 | 南 | 精装 | 低楼层(共5层) | 1980年建 | 板楼,http://image1.ljcdn.com/110000-inspection/pc1_tPSGxJT3Q_1.jpg.296x216.jpg
20201223,浦东,南码头,西三小区精装两房，主卧朝西对着黄浦江房主自荐,335万,2室1厅 | 58.35平米 | 南 西北 | 精装 | 低楼层(共18层) | 1993年建 | 塔楼,http://image1.ljcdn.com/310000-inspection/prod-75d2aa8e-e62d-45a3-a42b-5364d2d3a214.jpg.296x216.jpg
20201223,浦东,南码头,近地铁，无遮挡采光很好，使用面积大，房东诚意出售房主自荐,193万,1室1厅 | 40.63平米 | 南 | 简装 | 高楼层(共6层) | 1990年建 | 板楼,http://image1.ljcdn.com/110000-inspection/pc1_kVBgNVucP_1.jpg.296x216.jpg
20201223,浦东,南码头,南码头一室半，楼层采光无遮挡，南北通，业主诚意,213万,1室1厅 | 40.39平米 | 南 | 简装 | 高楼层(共6层) | 1979年建 | 板楼,http://image1.ljcdn.com/110000-inspection/pc1_VemEYJSPv_1.jpg.296x216.jpg
20201223,浦东,南码头,沂南路54弄 2室1厅 东南,275万,2室1厅 | 49.48平米 | 东南 | 简装 | 低楼层(共6层) | 1983年建 | 板楼,http://image1.ljcdn.com/110000-inspection/pc1_xNPPbVtYG_1.jpg.296x216.jpg
20201223,浦东,南码头,临沂七村新上，小区花园位置，满五唯一,198万,1室1厅 | 36.61平米 | 南 | 简装 | 高楼层(共6层) | 1990年建 | 板楼,http://image1.ljcdn.com/110000-inspection/pc1_uK1pzfhpw_1.jpg.296x216.jpg
20201223,浦东,南码头,南浦大桥旁 近内环 交通方便 配套成熟 业主诚心出售,328万,2室0厅 | 72.94平米 | 南 | 简装 | 低楼层(共19层) | 1990年建 | 塔楼,http://image1.ljcdn.com/110000-inspection/pc1_icwjvng5Z_1.jpg.296x216.jpg
20201223,浦东,南码头,紧靠六号线  人流量大 生活便利房主自荐,220万,1室1厅 | 40.26平米 | 南 | 简装 | 高楼层(共6层) | 1989年建 | 板楼,http://image1.ljcdn.com/110000-inspection/pc1_QVgj3FWcu_1.jpg.296x216.jpg
20201223,浦东,南码头,96年边套南北两房，总价低非顶楼，有钥匙看房方便房主自荐,265万,2室0厅 | 51.53平米 | 南 | 毛坯 | 高楼层(共6层) | 1996年建 | 板楼,http://image1.ljcdn.com/110000-inspection/pc1_rVNX2otcE_1.jpg.296x216.jpg
20201223,浦东,南码头,总价便宜 配套完善 地段好 老装修,168万,1室1厅 | 33.81平米 | 南 | 简装 | 高楼层(共5层) | 1975年建 | 板楼,http://image1.ljcdn.com/110000-inspection/pc1_FEyJxNrHf_1.jpg.296x216.jpg
20201223,浦东,南码头,内环边、6号线旁，双南两房，业主置换诚售,355万,2室1厅 | 56.19平米 | 南 | 精装 | 高楼层(共6层) | 1988年建 | 板楼,http://image1.ljcdn.com/110000-inspection/pc1_N9hRATIT5_1.jpg.296x216.jpg
20201223,浦东,南码头,南北通透+自住装修+交通便利+配套齐全,275万,1室1厅 | 50.92平米 | 南 | 简装 | 高楼层(共6层) | 1997年建 | 板楼,http://image1.ljcdn.com/110000-inspection/pc1_Hfya3U0jv_1.jpg.296x216.jpg
20201223,浦东,南码头,精装一室 视野开阔 采光充足 近6号线 交通方便房主自荐,213万,1室1厅 | 36.9平米 | 南 | 精装 | 高楼层(共6层) | 1985年建 | 板楼,http://image1.ljcdn.com/110000-inspection/pc1_ZM1cd84YK_1.jpg.296x216.jpg
20201223,浦东,南码头,黄浦江边，奢华装修，业主诚意出售,260万,1室1厅 | 40.39平米 | 南 | 精装 | 中楼层(共6层) | 1986年建 | 板楼,http://image1.ljcdn.com/110000-inspection/pc1_DjPil10vp_1.jpg.296x216.jpg
20201223,浦东,南码头,边套户型采光充足通风好，业主诚意出售，近地铁位置好房主自荐,214万,1室1厅 | 38.97平米 | 南 | 简装 | 高楼层(共6层) | 1988年建 | 板楼,http://image1.ljcdn.com/110000-inspection/pc1_geG0sY6xk_1.jpg.296x216.jpg
20201223,浦东,南码头,全明户型 户型好 采光佳 通风优良 拎包入住，,208万,1室1厅 | 40.7平米 | 南 | 精装 | 高楼层(共6层) | 1979年建 | 板楼,http://image1.ljcdn.com/110000-inspection/pc1_5p3V7ApxJ_1.jpg.296x216.jpg
20201223,浦东,南码头,近地铁，蝴蝶双南户型，精装修拎包入住房主自荐,320万,2室1厅 | 53.7平米 | 南 | 精装 | 高楼层(共6层) | 1990年建 | 板楼,http://image1.ljcdn.com/110000-inspection/pc1_TmoML7ym5_1.jpg.296x216.jpg
20201223,浦东,南码头,南北两房，户型方正业主诚意出售房主自荐,275万,2室1厅 | 49.24平米 | 南 | 精装 | 高楼层(共5层) | 1980年建 | 板楼,http://image1.ljcdn.com/110000-inspection/pc1_0kIDpHBnb_1.jpg.296x216.jpg
20201223,浦东,南码头,此房视野开阔，装修精良，户型方正，业主诚意出售。,685万,1室2厅 | 77.92平米 | 南 | 精装 | 低楼层(共24层) | 2005年建 | 板楼,http://image1.ljcdn.com/110000-inspection/pc1_a221KxnKY_1.jpg.296x216.jpg
20201223,浦东,南码头,满五唯一，低楼层，近地铁，面积利用合理,362万,2室1厅 | 57.77平米 | 南 | 简装 | 低楼层(共6层) | 1990年建 | 板楼,http://image1.ljcdn.com/110000-inspection/pc1_dBO1wBDmE_1.jpg.296x216.jpg
20201223,浦东,南码头,户型方正，两房一厅。售后公房没有增值税税费相对较少,408万,2室1厅 | 71.66平米 | 南 北 | 简装 | 中楼层(共22层) | 1990年建 | 塔楼,http://image1.ljcdn.com/110000-inspection/pc1_MseBE7bqn_1.jpg.296x216.jpg
20201223,浦东,南码头,温馨俩房 地铁700 精装 停车方便,605万,2室1厅 | 79.45平米 | 南 | 精装 | 高楼层(共30层) | 2010年建 | 板楼,http://image1.ljcdn.com/110000-inspection/pc1_QcwAXvidb_1.jpg.296x216.jpg
20201223,浦东,南码头,塘南小区 2室0厅 南,235万,2室0厅 | 42.98平米 | 南 | 简装 | 中楼层(共5层) | 1975年建 | 板楼,http://image1.ljcdn.com/110000-inspection/pc1_byrzlTcno_1.jpg.296x216.jpg
20201223,浦东,南码头,房子是边套户型，自住装修，房东诚意出售，看房方便,198万,1室1厅 | 39.41平米 | 东南 南 | 简装 | 高楼层(共6层) | 1987年建 | 板楼,http://image1.ljcdn.com/110000-inspection/pc1_PewMOTSWW_1.jpg.296x216.jpg
20201223,浦东,南码头,小区外有地铁 户型方正 房间朝南 无遮挡 采光通风好,205万,1室0厅 | 40.25平米 | 南 | 其他 | 高楼层(共6层) | 1992年建 | 板楼,http://image1.ljcdn.com/110000-inspection/pc1_1ofh92CkL_1.jpg.296x216.jpg
20201223,浦东,南码头,一室半，五年婚房装修，满五年唯一， 诚意出售,189万,1室1厅 | 36.97平米 | 南 | 精装 | 高楼层(共6层) | 1982年建 | 板楼,http://image1.ljcdn.com/110000-inspection/pc1_Vku9EVr2l_1.jpg.296x216.jpg
20201223,浦东,南码头,满五唯一 近地铁 双南采光充足 视野开阔,270万,2室1厅 | 50.82平米 | 南 | 简装 | 高楼层(共6层) | 1991年建 | 板楼,http://image1.ljcdn.com/110000-inspection/pc1_wmNJqhXrp_1.jpg.296x216.jpg
20201223,浦东,南码头,房子单价低，总价低，，小区配套设施齐全,205万,1室1厅 | 38.77平米 | 南 | 简装 | 低楼层(共5层) | 1975年建 | 板楼,http://image1.ljcdn.com/110000-inspection/pc1_IWg9XA8ya_1.jpg.296x216.jpg
20201223,浦东,南码头,内环线，小区经典2房，边套全明户型，精装修，地铁近,599万,2室2厅 | 91.45平米 | 南 北 | 精装 | 高楼层(共6层) | 1998年建 | 板楼,http://image1.ljcdn.com/110000-inspection/pc1_AmjT0leHN_1.jpg.296x216.jpg
20201223,浦东,南码头,近地铁，精装修，采光通风好，配套齐全，生活便利,224万,1室1厅 | 38.08平米 | 南 | 精装 | 高楼层(共6层) | 1989年建 | 板楼,http://image1.ljcdn.com/110000-inspection/pc1_lJq4n02Ao_1.jpg.296x216.jpg
20201223,浦东,南码头,交通方便，中楼层，好户型，精装修宜居住,205万,1室1厅 | 34平米 | 南 北 | 精装 | 中楼层(共6层) | 1990年建 | 板楼,http://image1.ljcdn.com/110000-inspection/pc1_U9vt6F8EX_1.jpg.296x216.jpg
20201223,浦东,南码头,河景房，精装修带暖气，楼栋位置安静，动静分离户型房主自荐,1200万,3室2厅 | 151.71平米 | 南 | 精装 | 低楼层(共31层) | 2009年建 | 板楼,http://image1.ljcdn.com/310000-inspection/prod-a4066fbb-02d1-4bc8-b010-5ce6aefcf482.jpg.296x216.jpg
20201223,浦东,南码头,一楼小户型，中环地段，交通便利，总价低。,192万,1室1厅 | 40.21平米 | 南 | 简装 | 低楼层(共5层) | 1954年建 | 板楼,http://image1.ljcdn.com/110000-inspection/pc1_MroiXWINW_1.jpg.296x216.jpg
20201223,浦东,南码头,精装朝南一居室，电梯中间楼层，满五唯一税费少,306万,1室1厅 | 60.5平米 | 南 | 简装 | 中楼层(共22层)  | 塔楼,http://image1.ljcdn.com/110000-inspection/pc1_IL9puO68g_1.jpg.296x216.jpg
20201223,浦东,南码头,居家装修 户型好 采光佳 业主诚意卖,215万,1室1厅 | 37.85平米 | 南 | 简装 | 高楼层(共6层) | 1988年建 | 板楼,http://image1.ljcdn.com/110000-inspection/pc1_xbLaTIvzI_1.jpg.296x216.jpg
20201223,浦东,南码头,一梯两户，婚房装修，高品质装修材质，拎包入住。,219万,1室1厅 | 39.28平米 | 南 | 精装 | 高楼层(共6层) | 1994年建 | 板楼,http://image1.ljcdn.com/110000-inspection/pc1_B7ixjPhTs_1.jpg.296x216.jpg
20201223,浦东,南码头,此房满五年，楼层好，视野开阔，产权清晰，无户口。房主自荐,205万,1室1厅 | 39.59平米 | 南 | 简装 | 高楼层(共6层) | 1987年建 | 板楼,http://image1.ljcdn.com/310000-inspection/pc1_sVIJ4szde_1.jpg.296x216.jpg
20201223,浦东,南码头,业主诚售，次顶楼采光充足，不临街，随时可签,202万,1室1厅 | 38.78平米 | 南 | 简装 | 高楼层(共6层) | 1985年建 | 板楼,http://image1.ljcdn.com/310000-inspection/pc1_RK1mfaSs7_1.jpg.296x216.jpg
20201223,浦东,南码头,世博园旁,黄浦滨江，满五唯一，诚意出售房主自荐,920万,3室2厅 | 139.4平米 | 南 | 精装 | 低楼层(共18层) | 2001年建 | 板楼,http://image1.ljcdn.com/310000-inspection/prod-a26bf70f-6127-4b26-9eb7-62e140f5b27b.jpg.296x216.jpg
20201223,浦东,南码头,临沂新村地铁站+满五唯一少税费+拎包入住房主自荐,475万,2室2厅 | 78.58平米 | 南 | 精装 | 中楼层(共6层) | 1990年建 | 板楼,http://image1.ljcdn.com/310000-inspection/pc1_ZBofTfRzv_1.jpg.296x216.jpg
20201223,浦东,南码头,双南两房+全明户型+采光通风不错+诚意出售房主自荐,306万,2室1厅 | 60.67平米 | 南 | 简装 | 高楼层(共6层) | 1979年建 | 板楼,http://image1.ljcdn.com/310000-inspection/pc1_RgMtb6yXx_1.jpg.296x216.jpg
20201223,浦东,南码头,此房近地铁6号线，出入方便，边套全明，户型好房主自荐,195万,1室1厅 | 40.26平米 | 南 | 毛坯 | 高楼层(共6层) | 1989年建 | 板楼,http://image1.ljcdn.com/110000-inspection/pc1_crsqs4L1K_1.jpg.296x216.jpg
20201223,浦东,南码头,轨交6号线+总价低+税费少+诚意售房主自荐,192万,1室1厅 | 35.81平米 | 南 | 简装 | 高楼层(共6层) | 1990年建 | 板楼,http://image1.ljcdn.com/110000-inspection/pc1_JTCokCffy_1.jpg.296x216.jpg
20201223,浦东,南码头,临沂新村 地铁三房 自住精装 户型方正 诚意出售,440万,3室1厅 | 78.11平米 | 南 | 简装 | 高楼层(共6层) | 1990年建 | 板楼,http://image1.ljcdn.com/110000-inspection/pc1_6j27Cmkj2_1.jpg.296x216.jpg
20201223,浦东,南码头,华丰大楼，满五唯一，售后公房，房东诚意出售房主自荐,630万,3室2厅 | 98.63平米 | 南 | 简装 | 低楼层(共18层) | 1992年建 | 塔楼,http://image1.ljcdn.com/110000-inspection/pc1_6K2kjyanA_1.jpg.296x216.jpg
20201223,浦东,南码头,近内环 精装一房 拎包入住 低总价小一房房主自荐,185万,1室1厅 | 36.96平米 | 南 | 精装 | 高楼层(共6层) | 1983年建 | 板楼,http://image1.ljcdn.com/110000-inspection/pc1_3nuzpEHcm_1.jpg.296x216.jpg
20201223,浦东,南码头,多层中区 位置好 满5唯1税费少,222万,1室1厅 | 40.31平米 | 南 | 简装 | 中楼层(共6层) | 1986年建 | 板楼,http://image1.ljcdn.com/110000-inspection/pc1_2W8utJvxW_1.jpg.296x216.jpg
20201223,浦东,南码头,中间楼层边套  朝南一居室 近地铁,225万,1室1厅 | 40.54平米 | 南 | 毛坯 | 中楼层(共6层) | 1991年建 | 板楼,http://image1.ljcdn.com/110000-inspection/pc1_G8pjMrN9k_1.jpg.296x216.jpg
20201223,浦东,南码头,一室半户型，总价低，诚意出售，交通便利,195万,1室1厅 | 36.66平米 | 南 | 简装 | 高楼层(共6层) | 1989年建 | 板楼,http://image1.ljcdn.com/110000-inspection/pc1_rjvomJ5Ac_1.jpg.296x216.jpg
20201223,浦东,南码头,渡口旁边的小区，95年房龄，总房价低,175万,1室1厅 | 36.7平米 | 南 | 简装 | 高楼层(共7层) | 1995年建 | 板楼,http://image1.ljcdn.com/110000-inspection/pc1_yEiGu5nKR_1.jpg.296x216.jpg
20201223,浦东,南码头,7号线地铁，凯德花园小区，正四房看水景绿化。房主自荐,1560万,4室2厅 | 174.52平米 | 南 北 | 精装 | 低楼层(共16层) | 2015年建 | 板楼,http://image1.ljcdn.com/310000-inspection/prod-0a5e36de-8e1b-47db-b5a8-25c4305b3ef3.jpg.296x216.jpg
20201223,浦东,南码头,满五唯一，一楼边套，全明户型，适宜老人房主自荐,188万,1室1厅 | 33.91平米 | 南 | 简装 | 低楼层(共6层) | 1981年建 | 板楼,http://image1.ljcdn.com/110000-inspection/pc1_RXvj6ZMlf_1.jpg.296x216.jpg
20201223,浦东,南码头,精装修+内环边+采光好+位置安静,480万,2室1厅 | 88.27平米 | 东 | 简装 | 低楼层(共25层) | 1993年建 | 塔楼,http://image1.ljcdn.com/310000-inspection/pc1_PTZvl9GTN_1.jpg.296x216.jpg
20201223,浦东,南码头,边套，全明户型，看方方便，采光好，房主自荐,198万,1室1厅 | 40.54平米 | 南 | 简装 | 高楼层(共6层) | 1980年建 | 板楼,http://image1.ljcdn.com/110000-inspection/pc1_tdYuNZtJT_1.jpg.296x216.jpg
20201223,浦东,南码头,生活配套成熟+六号线轨交+看房方便+精装修房主自荐,215万,1室1厅 | 36.49平米 | 南 | 简装 | 低楼层(共6层) | 1989年建 | 板楼,http://image1.ljcdn.com/110000-inspection/pc1_WRYNxmnj4_1.jpg.296x216.jpg
20201223,浦东,南码头,小区经典顶楼大复式，地铁口，带露台，总价低,960万,4室2厅 | 159.29平米 | 南 | 精装 | 高楼层(共6层) | 2002年建 | 板楼,http://image1.ljcdn.com/310000-inspection/prod-c57565ca-5975-4ffb-bec2-55ac82471958.jpg.296x216.jpg
20201223,浦东,南码头,此房满五不唯一，非顶楼楼层好，视野宽阔，采光充足,220万,1室1厅 | 44.76平米 | 南 | 简装 | 中楼层(共7层) | 1993年建 | 板楼,http://image1.ljcdn.com/310000-inspection/bd2073d9-3e9f-4372-aa60-1e68437b7e24_1000.jpg.296x216.jpg
20201223,浦东,南码头,高区景观 视野开阔 交通便利 出行方便,186万,1室0厅 | 33.74平米 | 南 | 简装 | 高楼层(共6层) | 1982年建 | 板楼,http://image1.ljcdn.com/110000-inspection/pc1_OO672ikaU_1.jpg.296x216.jpg
20201223,浦东,南码头,边套一室户，南北通，采光充足视野无遮挡房主自荐,225万,1室1厅 | 41.32平米 | 南 | 简装 | 高楼层(共6层) | 1990年建 | 板楼,http://image1.ljcdn.com/110000-inspection/pc1_6tMv9KW5d_1.jpg.296x216.jpg
20201223,浦东,南码头,黄埔江边一房，单价低，总价低，满五唯一。,170万,1室0厅 | 34.53平米 | 南 | 毛坯 | 高楼层(共5层) | 1975年建 | 板楼,http://image1.ljcdn.com/110000-inspection/pc1_FDUqLxq9n_1.jpg.296x216.jpg
20201223,浦东,南码头,店长推荐 内环旁 近地铁 小区央座 采光充足 业主诚售,325万,2室1厅 | 55.97平米 | 西 | 简装 | 中楼层(共6层) | 1988年建 | 板楼,http://image1.ljcdn.com/110000-inspection/pc1_JJmSZx6F9_1.jpg.296x216.jpg
20201223,浦东,南码头,临沂三村 1室1厅 南新上,202万,1室1厅 | 34.33平米 | 南 | 简装 | 低楼层(共6层) | 1987年建 | 板楼,http://image1.ljcdn.com/110000-inspection/pc1_vmB5iSgDp_1.jpg.296x216.jpg
20201223,浦东,南码头,近内环 精装实用小户型 户型方正 装修清爽保养良好房主自荐,199万,1室1厅 | 37.17平米 | 南 | 精装 | 高楼层(共6层) | 1987年建 | 板楼,http://image1.ljcdn.com/310000-inspection/65b2093f-f31e-40b0-9f3c-6717fc69e3de.jpg.296x216.jpg
20201223,浦东,南码头,近地铁，边套一室，采光充足，视野开阔。新上,225万,1室1厅 | 39.45平米 | 南 | 简装 | 高楼层(共6层) | 1989年建 | 板楼,http://image1.ljcdn.com/x-se/hdic-frame/4883c4f0-dbf5-4f45-9e65-4b0bbca4eb57.png.296x216.jpg
20201223,浦东,南码头,北区看河，满五唯一，位置好视野好，采光好。新上,970万,3室2厅 | 122.45平米 | 南 | 简装 | 低楼层(共14层) | 2005年建 | 板楼,http://image1.ljcdn.com/x-se/hdic-frame/standard_3f037b95-a33a-4457-a76f-e2d0c07c7431.png.296x216.jpg
20201223,浦东,南码头,海博大厦 2房间1卫 322万,322万,1室1厅 | 73.78平米 | 暂无数据 | 其他 | 高楼层(共24层) | 1998年建 | 塔楼,
20201223,浦东,南码头,内环边，品质龙阳，1梯1户，南北两房，,629万,2室2厅 | 80.67平米 | 南 | 简装 | 高楼层(共6层)  | 板楼,http://image1.ljcdn.com/x-se/hdic-frame/prod-d5589dff-bb9e-46c1-9030-b6d090d6fd41.png.296x216.jpg
20201223,浦东,南码头,全明两居室，户型方正业主诚意出售,275万,2室1厅 | 54.16平米 | 东 | 简装 | 高楼层(共6层) | 1985年建 | 板楼,http://image1.ljcdn.com/x-se/hdic-frame/test-5bbc92ee-9a6d-464b-afbe-e1f77f8f0e12.png.296x216.jpg
20201223,浦东,南码头,复式户型  交通便利 视野开阔  一梯两户 居家装修,1180万,4室2厅 | 194.31平米 | 南 | 简装 | 高楼层(共6层) | 2001年建 | 板楼,http://image1.ljcdn.com/310000-inspection/faf991ca-c4aa-430f-9566-8adad070469c.jpg.296x216.jpg
20201223,浦东,南码头,一楼带花园，贴近内环，两改三，业主诚意出售,752万,2室2厅 | 99.64平米 | 南 | 简装 | 低楼层(共11层) | 2002年建 | 板楼,
20201223,浦东,南码头,楼层好，采光好，视野无遮挡，房东诚意出售房主自荐,225万,2室1厅 | 48.77平米 | 南 | 简装 | 高楼层(共6层) | 1979年建 | 板楼,
20201223,浦东,南码头,东方佳苑 2室2厅 南 北,730万,2室2厅 | 93平米 | 南 北 | 其他 | 低楼层(共6层) | 2001年建 | 板楼,
20201223,浦东,南码头,鹏欣家园 2室2厅 南,485万,2室2厅 | 81.18平米 | 南 | 精装 | 高楼层(共6层) | 1998年建 | 板楼,http://image1.ljcdn.com/x-se/hdic-frame/a5bbbc50-7d4e-45e7-a50b-2b0f1432f3c1.png.296x216.jpg
20201223,浦东,南码头,东方城市花园(二期) 3室2厅 南,1335万,3室2厅 | 152.21平米 | 南 | 精装 | 高楼层(共24层) | 2005年建 | 板楼,
20201223,浦东,南码头,新上房源 ，满五唯一，采光充足视野好，南北通透格局,990万,5室2厅 | 155平米 | 南 北 | 精装 | 高楼层(共6层) | 1998年建 | 板楼,http://image1.ljcdn.com/110000-inspection/pc1_wNBHgZzsm_1.jpg.296x216.jpg
20201223,浦东,南码头,建业新村 3室1厅 南新上,460万,3室1厅 | 81.2平米 | 南 | 简装 | 中楼层(共6层) | 1998年建 | 板楼,http://image1.ljcdn.com/110000-inspection/pc1_RJ9T1cjzX_1.jpg.296x216.jpg
20201223,浦东,南码头,临沂六村 1室0厅 南新上,200万,1室0厅 | 34.09平米 | 南 | 简装 | 低楼层(共6层) | 1990年建 | 板楼,http://image1.ljcdn.com/110000-inspection/pc1_vJUeqtNBz_1.jpg.296x216.jpg
20201223,浦东,南码头,中间楼层 低总价一室半  采光好无遮挡，近地铁房主自荐,200万,1室0厅 | 37.7平米 | 南 | 简装 | 中楼层(共6层) | 1992年建 | 板楼,http://image1.ljcdn.com/110000-inspection/pc1_AVhXePrtK_1.jpg.296x216.jpg
20201223,浦东,南码头,中等楼层，近地铁，房东诚意出售,225万,1室1厅 | 37.66平米 | 南 | 简装 | 中楼层(共6层) | 1990年建 | 板楼,http://image1.ljcdn.com/110000-inspection/pc1_Kcmj14lN5_1.jpg.296x216.jpg
20201223,浦东,南码头,临沂六村 1室1厅 南新上,258万,1室1厅 | 40.63平米 | 南 | 其他 | 中楼层(共6层) | 1990年建 | 板楼,http://image1.ljcdn.com/110000-inspection/pc1_1BdT1VGDk_1.jpg.296x216.jpg
20201223,浦东,南码头,满五唯一，配套成熟，南北直通，闹中取静房主自荐,960万,3室2厅 | 134.04平米 | 东 南 北 | 精装 | 低楼层(共24层) | 2003年建 | 板楼,http://image1.ljcdn.com/110000-inspection/pc1_FDcCPDSR0_1.jpg.296x216.jpg
20201223,浦东,南码头,房子是95年的房子，一梯两户，高楼层，前无遮挡,290万,2室1厅 | 55.46平米 | 南 | 精装 | 高楼层(共6层) | 1995年建 | 板楼,http://image1.ljcdn.com/110000-inspection/pc1_lHJCQTWPw_1.jpg.296x216.jpg
20201223,浦东,南码头,满五唯一，三房户型，位置安静不吵闹，采光好，楼层佳,320万,3室0厅 | 54.58平米 | 南 | 简装 | 低楼层(共6层) | 1991年建 | 板楼,http://image1.ljcdn.com/110000-inspection/pc1_JdXTc0ena_1.jpg.296x216.jpg
20201223,浦东,南码头,海博大厦 1室1厅 南,170万,1室1厅 | 34.64平米 | 南 | 其他 | 低楼层(共24层) | 1998年建 | 塔楼,http://image1.ljcdn.com/x-se/hdic-frame/prod-aa9fa0f9-326c-4fa7-87e6-3cd1ccc052cb.png.296x216.jpg
20201223,浦东,南码头,海博大厦 1室1厅 南,151万,1室1厅 | 38.55平米 | 南 | 精装 | 低楼层(共24层) | 1998年建 | 塔楼,http://image1.ljcdn.com/x-se/hdic-frame/prod-23f95603-c536-4abb-a912-1964840f0891.png.296x216.jpg
20201223,浦东,南码头,浦三路601弄 1室1厅 南,228万,1室1厅 | 40.92平米 | 南 | 其他 | 低楼层(共2层) | 1993年建 | 板楼,http://image1.ljcdn.com/x-se/hdic-frame/A7AAB4106C454F759C2F2D879AEA6AD0___8f99dbfab41223dc395e260d78cac37f.jpg.296x216.jpg
20201223,浦东,南码头,海博大厦 2房间1卫 240万,240万,1室1厅 | 80.73平米 | 南 | 其他 | 低楼层(共24层) | 1998年建 | 塔楼,
20201223,浦东,南码头,海博大厦 1室0厅 西北,215万,1室0厅 | 38.43平米 | 西北 | 其他 | 低楼层(共24层) | 1998年建 | 塔楼,
20201223,浦东,南码头,海博大厦 1室1厅 南房主自荐,210万,1室1厅 | 53.82平米 | 南 | 其他 | 中楼层(共24层) | 1998年建 | 塔楼,
20201223,浦东,南码头,满五年，无增值税，挑高不潮湿，位置安静。,215万,1室1厅 | 37.67平米 | 南 | 简装 | 低楼层(共6层) | 1992年建 | 板楼,
20201223,浦东,南码头,海博大厦 1室1厅 南,310万,1室1厅 | 65.05平米 | 南 | 其他 | 中楼层(共24层) | 1998年建 | 塔楼,
20201223,浦东,南码头,海博大厦 1室1厅 南,310万,1室1厅 | 65.05平米 | 南 | 简装 | 中楼层(共24层) | 1998年建 | 塔楼,http://image1.ljcdn.com/x-se/hdic-frame/prod-fc7c77a9-0548-4e08-8df9-f7335ed044f4.png.296x216.jpg
20201223,浦东,南码头,房子是常规边套户型，房东诚意出售，看房提前预约,220万,1室1厅 | 39.59平米 | 南 | 精装 | 高楼层(共6层) | 1987年建 | 板楼,http://image1.ljcdn.com/x-se/hdic-frame/e221c46a-3c25-429e-9293-d3037b54f9d4.png.296x216.jpg
20201223,浦东,南码头,售后公房  双南两房 近地铁  楼层佳  急售,350万,2室1厅 | 61.1平米 | 南 | 毛坯 | 中楼层(共5层) | 1982年建 | 板楼,
20201223,浦东,南码头,内环边，南北通两房，浦西一站路，中间楼层，交通便利,630万,2室2厅 | 86.9平米 | 南 | 简装 | 中楼层(共6层) | 1998年建 | 板楼,
