20201223,浦东,唐镇,金利公寓新上架二房，安静位置，产证在手，随时可以签必看好房,398万,2室2厅 | 88.3平米 | 南 | 简装 | 中楼层(共6层) | 2008年建 | 板楼,http://image1.ljcdn.com/110000-inspection/pc1_JpnlYnRzf_1.jpg.296x216.jpg
20201223,浦东,唐镇,户型方正，采光通风好，看房方便，诚意出售，带阁楼必看好房,400万,2室2厅 | 89.06平米 | 南 | 毛坯 | 高楼层(共6层) | 2006年建 | 板楼,http://image1.ljcdn.com/110000-inspection/70ad3408-70eb-42d1-a0b8-8e72ef6c1b47_1000.jpg.296x216.jpg
20201223,浦东,唐镇,此房满五唯一，南北直通，全明户型，阁楼附加面积大必看好房,365万,2室1厅 | 77.53平米 | 南 | 精装 | 高楼层(共6层) | 2008年建 | 板楼,http://image1.ljcdn.com/110000-inspection/f0b717ab-958d-4f08-94d3-f2e7d7cda665_1000.jpg.296x216.jpg
20201223,浦东,唐镇,精装修，大院子，户型正，看房方便必看好房,490万,3室2厅 | 122.96平米 | 南 北 | 精装 | 低楼层(共6层) | 2008年建 | 板楼,http://image1.ljcdn.com/110000-inspection/pc1_J5IbWCCnH_1.jpg.296x216.jpg
20201223,浦东,唐镇,此房满五年 户型方正 视野开阔，采光充足，交通方便必看好房,280万,2室2厅 | 72.13平米 | 南 | 精装 | 低楼层(共11层) | 2011年建 | 板楼,http://image1.ljcdn.com/110000-inspection/pc1_9bky5s0y2_1.jpg.296x216.jpg
20201223,浦东,唐镇,卡园热门小区 一手动迁 税费少 毛坯可自行装修必看好房,434万,3室2厅 | 125.97平米 | 南 | 毛坯 | 中楼层(共6层) | 2006年建 | 板楼,http://image1.ljcdn.com/110000-inspection/pc1_RmTD0vdeP_1.jpg.296x216.jpg
20201223,浦东,唐镇,小区安静位置，中楼层，南北通大三房，精装修必看好房,457万,3室2厅 | 112.17平米 | 南 | 精装 | 中楼层(共6层) | 2006年建 | 板楼,http://image1.ljcdn.com/110000-inspection/pc1_nen8pkRLA_1.jpg.296x216.jpg
20201223,浦东,唐镇,精装修，拎包入住，位置好，出行方便，买入高，税费少必看好房,400万,1室1厅 | 66.21平米 | 南 | 精装 | 8层 | 2010年建 | 板楼,http://image1.ljcdn.com/110000-inspection/pc1_Oie3uiDJd_1.jpg.296x216.jpg
20201223,浦东,唐镇,精装修 带车位 诚意出售 满五年 拎包入住必看好房,536万,2室1厅 | 91.59平米 | 南 北 | 精装 | 中楼层(共14层) | 2009年建 | 板楼,http://image1.ljcdn.com/110000-inspection/pc1_ap9bBXLcJ_1.jpg.296x216.jpg
20201223,浦东,唐镇,南北通一房，业主诚意卖，位置好，带院子，看房有钥匙必看好房,350万,1室2厅 | 66.76平米 | 南 | 简装 | 低楼层(共11层) | 2009年建 | 板楼,http://image1.ljcdn.com/110000-inspection/pc1_7WQSwyLwa_1.jpg.296x216.jpg
20201223,浦东,唐镇,此房一手动迁，税费少，房龄新楼间距大，小区环境好必看好房,370万,2室2厅 | 90.81平米 | 南 | 精装 | 低楼层(共8层) | 2013年建 | 板楼,http://image1.ljcdn.com/110000-inspection/pc1_JsKDwaPzh_1.jpg.296x216.jpg
20201223,浦东,唐镇,小区 近2号线唐镇站地铁交通便利 商场 配套设施齐全。必看好房,410万,2室2厅 | 87.61平米 | 南 北 | 精装 | 中楼层(共6层) | 2002年建 | 板楼,http://image1.ljcdn.com/110000-inspection/pc1_96wyAf4cd_1.jpg.296x216.jpg
20201223,浦东,唐镇,精装修满五年唯一税费少，景观楼层，视野开阔！必看好房,530万,2室2厅 | 86.15平米 | 南 北 | 精装 | 高楼层(共14层) | 2009年建 | 板楼,http://image1.ljcdn.com/110000-inspection/pc1_sCqtZQWuC_1.jpg.296x216.jpg
20201223,浦东,唐镇,金融家16年品质小区 人车分流 中高楼层 户型正气必看好房,670万,3室2厅 | 125.41平米 | 南 北 | 精装 | 中楼层(共8层)  | 板楼,http://image1.ljcdn.com/110000-inspection/pc1_LffAj3IZo_1.jpg.296x216.jpg
20201223,浦东,唐镇,绿城标杆，满两年，唯一，带车位必看好房,1980万,3室2厅 | 553.98平米 | 南 | 精装 | 低楼层(共5层) | 2012年建 | 板楼,http://image1.ljcdn.com/110000-inspection/pc1_HjdsHL2in_1.jpg.296x216.jpg
20201223,浦东,唐镇,满五唯一，楼层佳，看房方便，诚意卖必看好房,235万,1室1厅 | 59.88平米 | 南 | 简装 | 中楼层(共6层) | 2004年建 | 板楼,http://image1.ljcdn.com/110000-inspection/pc1_32cwesHjt_1.jpg.296x216.jpg
20201223,浦东,唐镇,税费少 楼层好 户型正 有车位 诚意卖 随时看房必看好房,475万,2室2厅 | 81.37平米 | 南 | 精装 | 高楼层(共11层) | 2009年建 | 板楼,http://image1.ljcdn.com/110000-inspection/pc1_9fpiRfsjJ_1.jpg.296x216.jpg
20201223,浦东,唐镇,低总价，原3房，满五唯一，精装修，看房方便必看好房,348万,3室2厅 | 84.35平米 | 东 | 精装 | 中楼层(共6层) | 1995年建 | 板楼,http://image1.ljcdn.com/110000-inspection/pc1_ANFe1TT1i_1.jpg.296x216.jpg
20201223,浦东,唐镇,业主打算移民海外，现诚意出售，开发商统一装修必看好房,1300万,3室2厅 | 169.55平米 | 南 | 精装 | 中楼层(共5层) | 2015年建 | 板楼,http://image1.ljcdn.com/110000-inspection/pc1_XCYX6PvxK_1.jpg.296x216.jpg
20201223,浦东,唐镇,采光充足，中高位置，视野开阔，买入价高税费少必看好房,402万,1室1厅 | 60.03平米 | 南 | 简装 | 8层 | 2010年建 | 板楼,http://image1.ljcdn.com/110000-inspection/pc1_UKPPe509i_1.jpg.296x216.jpg
20201223,浦东,唐镇,满五唯一，楼层好，南北通透，适合有老人必看好房,293万,2室2厅 | 80平米 | 南 北 | 简装 | 低楼层(共6层) | 2006年建 | 板楼,http://image1.ljcdn.com/110000-inspection/pc1_jUKoDptHr_1.jpg.296x216.jpg
20201223,浦东,唐镇,满五年唯一，房东诚心出售，看房方便，配套好交通方便必看好房,310万,2室1厅 | 59.14平米 | 南 | 精装 | 高楼层(共6层) | 2002年建 | 板楼,http://image1.ljcdn.com/110000-inspection/pc1_hBCpgWY2s_1.jpg.296x216.jpg
20201223,浦东,唐镇,好楼层好位置，业主自住精装修，诚意出售。必看好房,280万,2室2厅 | 72.13平米 | 南 | 精装 | 中楼层(共11层) | 2011年建 | 板楼,http://image1.ljcdn.com/110000-inspection/pc1_fDdS5Qvfu_1.jpg.296x216.jpg
20201223,浦东,唐镇,买进价高 高区 有车位 视野佳 诚意卖 满五唯一必看好房,480万,2室2厅 | 89.87平米 | 南 北 | 简装 | 高楼层(共13层) | 2009年建 | 板楼,http://image1.ljcdn.com/110000-inspection/pc1_C6VAaUXVd_1.jpg.296x216.jpg
20201223,浦东,唐镇,小两房   精装修    税费低必看好房,438万,2室1厅 | 66.34平米 | 南 | 精装 | 8层 | 2010年建 | 板楼,http://image1.ljcdn.com/x-se/hdic-frame/1e3da813-4984-44f1-ae6f-d23cca01b78c.png.296x216.jpg
20201223,浦东,唐镇,高档花园小区，房源精装修，配套好必看好房,1700万,3室2厅 | 182.09平米 | 南 | 精装 | 低楼层(共2层)  | 板楼,
20201223,浦东,唐镇,此房一首动迁，全明户型，通透户型，位置好，楼层好。新上,480万,3室2厅 | 126.34平米 | 南 | 简装 | 低楼层(共6层) | 2008年建 | 板楼,http://image1.ljcdn.com/110000-inspection/pc1_810QQS2h8_1.jpg.296x216.jpg
20201223,浦东,唐镇,带装修，买入价高，满两年，税费低新上,430万,1室1厅 | 66.21平米 | 南 | 简装 | 8层 | 2010年建 | 板楼,http://image1.ljcdn.com/110000-inspection/pc1_S9WT7oT3Z_1.jpg.296x216.jpg
20201223,浦东,唐镇,中间位置，3+1户型，三房朝南，视野开阔，景观很好！新上,1450万,4室2厅 | 165.92平米 | 南 北 | 精装 | 低楼层(共18层)  | 板楼,http://image1.ljcdn.com/110000-inspection/pc1_YDc7e2Vyw_1.jpg.296x216.jpg
20201223,浦东,唐镇,两年精装，领包入住，方便看房，安静不临路，方便看房房主自荐,395万,2室2厅 | 87.15平米 | 南 | 精装 | 高楼层(共6层) | 2009年建 | 板楼,http://image1.ljcdn.com/110000-inspection/pc1_YyuoAdz3p_1.jpg.296x216.jpg
20201223,浦东,唐镇,配套齐全，房型方正，南北格局，交通便利，看房方便,308万,1室2厅 | 59.07平米 | 南 | 简装 | 高楼层(共6层) | 2006年建 | 板楼,http://image1.ljcdn.com/110000-inspection/pc1_PI4dnRWfM_1.jpg.296x216.jpg
20201223,浦东,唐镇,地铁大四房 楼层位置佳 采光通透好  业主诚意卖房主自荐,460万,4室2厅 | 131平米 | 南 | 简装 | 高楼层(共6层) | 1999年建 | 板楼,http://image1.ljcdn.com/310000-inspection/test-2883d2b0-6cbd-4fec-9ecd-202dfa55f51c.png.296x216.jpg
20201223,浦东,唐镇,楼层采光佳，精装修，高得房率，满五唯一新上,380万,1室2厅 | 64.18平米 | 南 北 | 精装 | 中楼层(共6层) | 2009年建 | 板楼,http://image1.ljcdn.com/110000-inspection/pc1_LJQKTIDXK_1.jpg.296x216.jpg
20201223,浦东,唐镇,2013年新小区，电梯正气大三房，一手动迁税费少房主自荐,500万,3室2厅 | 115.2平米 | 南 北 | 简装 | 低楼层(共11层) | 2013年建 | 板楼,http://image1.ljcdn.com/110000-inspection/pc1_FWVyOwK4V_1.jpg.296x216.jpg
20201223,浦东,唐镇,大三房，小区中间位置中间楼层诚意出售,550万,3室2厅 | 120.15平米 | 南 | 简装 | 中楼层(共6层) | 2004年建 | 板楼,http://image1.ljcdn.com/110000-inspection/pc1_ga0iT5lZ0_1.jpg.296x216.jpg
20201223,浦东,唐镇,保利2房+婚房装修+中层+位置好+满5唯一+南北通+诚意新上,468万,2室2厅 | 82.4平米 | 南 北 | 精装 | 中楼层(共6层) | 2008年建 | 板楼,http://image1.ljcdn.com/110000-inspection/pc1_zk4FtHLC0_1.jpg.296x216.jpg
20201223,浦东,唐镇,新挂牌中间楼层 不靠路 可以满五唯一 买入价高 税费少,298万,1室1厅 | 60.59平米 | 南 | 精装 | 中楼层(共6层) | 2006年建 | 板楼,http://image1.ljcdn.com/110000-inspection/pc1_5UZhVyuw3_1.jpg.296x216.jpg
20201223,浦东,唐镇,业主急售 精装 位置好顶复 满五唯一房主自荐,414万,2室1厅 | 79.9平米 | 南 | 精装 | 高楼层(共6层) | 2006年建 | 板楼,http://image1.ljcdn.com/110000-inspection/pc1_18pXR3uAe_1.jpg.296x216.jpg
20201223,浦东,唐镇,稀有一楼带地下室 满5年唯一  新精装修地暖 带车位房主自荐,450万,2室1厅 | 67.5平米 | 南 北 | 精装 | 低楼层(共10层) | 2009年建 | 板楼,http://image1.ljcdn.com/110000-inspection/pc1_cHzMjPgQA_1.jpg.296x216.jpg
20201223,浦东,唐镇,一手动迁税费少 小区新 一梯两户 地铁2号创新中路地铁房主自荐,368万,2室1厅 | 80.69平米 | 南 | 毛坯 | 高楼层(共14层) | 2014年建 | 板楼,http://image1.ljcdn.com/110000-inspection/pc1_sf0QDQi71_1.jpg.296x216.jpg
20201223,浦东,唐镇,一手动迁税费少，中高楼层，采光通风好，小区安静位置房主自荐,255万,1室1厅 | 55.03平米 | 南 | 简装 | 中楼层(共5层) | 2008年建 | 板楼,http://image1.ljcdn.com/110000-inspection/pc1_k4nU5mWbq_1.jpg.296x216.jpg
20201223,浦东,唐镇,一手动迁+税费少+诚意出售+交通便利+物业水平高房主自荐,490万,3室2厅 | 119.1平米 | 南 | 毛坯 | 低楼层(共14层) | 2014年建 | 板楼,http://image1.ljcdn.com/110000-inspection/pc1_x6d9ERXCH_1.jpg.296x216.jpg
20201223,浦东,唐镇,顶楼复式，面积大，使用大。一手动迁，税少，大户型。,450万,3室2厅 | 122.01平米 | 南 | 毛坯 | 高楼层(共6层) | 2008年建 | 板楼,http://image1.ljcdn.com/110000-inspection/pc1_BxZ4h81CK_1.jpg.296x216.jpg
20201223,浦东,唐镇,房子产权清晰，无任何不良，处理闲置房产，诚意出售,260万,1室2厅 | 60平米 | 南 | 简装 | 低楼层(共6层) | 2004年建 | 板楼,http://image1.ljcdn.com/110000-inspection/pc1_HLzwlNJPZ_1.jpg.296x216.jpg
20201223,浦东,唐镇,满五唯一，近地铁，空调+地暖+新风新上,1400万,5室1厅 | 191.35平米 | 南 | 精装 | 中楼层(共13层) | 2013年建 | 板楼,http://image1.ljcdn.com/110000-inspection/pc1_8YcEwkMHv_1.jpg.296x216.jpg
20201223,浦东,唐镇,绿波城 3室2厅 南新上,580万,3室2厅 | 123.93平米 | 南 | 毛坯 | 中楼层(共6层) | 2006年建 | 板楼,http://image1.ljcdn.com/110000-inspection/pc1_FakfU6RBI_1.jpg.296x216.jpg
20201223,浦东,唐镇,买入价高 税费基本无 诚意出售房主自荐,270万,2室1厅 | 57平米 | 南 | 精装 | 低楼层(共6层) | 2009年建 | 板楼,http://image1.ljcdn.com/110000-inspection/pc1_h227oNAjI_1.jpg.296x216.jpg
20201223,浦东,唐镇,大户型独栋 下沉式大花园 精装修 业主诚意卖，有钥匙,3999万,5室3厅 | 721.19平米 | 南 | 精装 | 3层 | 2004年建 | 板楼 | 独栋别墅,http://image1.ljcdn.com/110000-inspection/pc1_uoul6HLsU_1.jpg.296x216.jpg
20201223,浦东,唐镇,金大元大三房，中间楼层，附车位，即将满两年税费少,1500万,3室2厅 | 219平米 | 南 北 | 精装 | 12层 | 2013年建 | 板楼,http://image1.ljcdn.com/310000-inspection/prod-f2724101-f91f-4bc9-a6c8-587b573c918e.jpg.296x216.jpg
20201223,浦东,唐镇,视野宽广，采光充足，前边没有遮挡，带花园，看房方便房主自荐,1700万,5室2厅 | 287.52平米 | 南 | 毛坯 | 中楼层(共6层) | 2015年建 | 板楼,http://image1.ljcdn.com/110000-inspection/pc1_g81txBHUb_1.jpg.296x216.jpg
20201223,浦东,唐镇,精装修两房，买进价高，唯一，税少，诚意卖房主自荐,270万,2室1厅 | 49.77平米 | 南 | 精装 | 中楼层(共6层) | 2006年建 | 板楼,http://image1.ljcdn.com/110000-inspection/pc1_J2CpYhR0L_1.jpg.296x216.jpg
20201223,浦东,唐镇,一手动迁 楼层采光好 税费少 精装修 诚意出售看房方便,500万,3室2厅 | 124.82平米 | 南 | 精装 | 低楼层(共6层) | 2004年建 | 板楼,http://image1.ljcdn.com/110000-inspection/pc1_8OqZQYFMK_1.jpg.296x216.jpg
20201223,浦东,唐镇,飞机户型，南北格局，全明户型，业主诚意，有大阁楼,600万,3室2厅 | 123.67平米 | 南 北 | 简装 | 高楼层(共6层) | 2006年建 | 板楼,http://image1.ljcdn.com/110000-inspection/pc1_f08YlE4yZ_1.jpg.296x216.jpg
20201223,浦东,唐镇,业主诚意出售，含产权车位，满两年税费少，精装修,439万,2室1厅 | 92平米 | 南 | 精装 | 低楼层(共16层) | 2015年建 | 板楼,http://image1.ljcdn.com/110000-inspection/pc1_UvoRyQ8LP_1.jpg.296x216.jpg
20201223,浦东,唐镇,第四代国际社区  精装修 拎包入住 带地下室 空间大房主自荐,1580万,5室2厅 | 185平米 | 南 | 精装 | 低楼层(共16层) | 2013年建 | 板楼,http://image1.ljcdn.com/110000-inspection/pc1_I2BgTBb3i_1.jpg.296x216.jpg
20201223,浦东,唐镇,此房户型方正，全明户型 精装修，满5年唯一房主自荐,315万,2室1厅 | 58.58平米 | 南 | 精装 | 高楼层(共6层) | 2002年建 | 板楼,http://image1.ljcdn.com/110000-inspection/pc1_IOckxxYeK_1.jpg.296x216.jpg
20201223,浦东,唐镇,十字户型明厅，客厅两扇窗子，视野优秀,380万,2室2厅 | 89.21平米 | 北 南 | 简装 | 高楼层(共11层) | 2009年建 | 板楼,http://image1.ljcdn.com/110000-inspection/pc1_e8u0P0zQO_1.jpg.296x216.jpg
20201223,浦东,唐镇,一手动迁中间楼层，中间位置，带车位，拎包入住。,375万,2室1厅 | 77.81平米 | 南 | 简装 | 中楼层(共6层) | 2008年建 | 板楼,http://image1.ljcdn.com/110000-inspection/pc1_FdD4ZqixQ_1.jpg.296x216.jpg
20201223,浦东,唐镇,小区安静位置，中高楼层，采光通风好，精装修拎包入住房主自荐,378万,2室1厅 | 76.37平米 | 南 北 | 精装 | 高楼层(共6层) | 2006年建 | 板楼,http://image1.ljcdn.com/110000-inspection/pc1_8x2Bb4TxM_1.jpg.296x216.jpg
20201223,浦东,唐镇,新上   精装   南北两房    满五唯一    看房方便房主自荐,380万,2室1厅 | 77.08平米 | 南 北 | 精装 | 高楼层(共6层) | 2006年建 | 板楼,http://image1.ljcdn.com/110000-inspection/pc1_p70sXKL1T_1.jpg.296x216.jpg
20201223,浦东,唐镇,小区中间位置，中间楼层原始两房，户型方正，业主诚意新上,350万,2室1厅 | 77.53平米 | 南 北 | 简装 | 中楼层(共6层) | 2008年建 | 板楼,http://image1.ljcdn.com/110000-inspection/pc1_azsz7oSQ7_1.jpg.296x216.jpg
20201223,浦东,唐镇,小区中间位置，邻水独栋，300万精装修，视野开阔 水景,3199万,4室2厅 | 365平米 | 南 | 精装 | 3层 | 2003年建 | 板楼 | 独栋别墅,http://image1.ljcdn.com/110000-inspection/pc1_Q3GSan6f7_1.jpg.296x216.jpg
20201223,浦东,唐镇,楼层好，毛坯房。看房方便！户型方正！,308万,1室1厅 | 60.47平米 | 南 | 毛坯 | 中楼层(共5层) | 2008年建 | 板楼,http://image1.ljcdn.com/310000-inspection/prod-795c61c7-7c3c-422f-884e-447a415c757c.jpg.296x216.jpg
20201223,浦东,唐镇,满五唯一，税费少，重金装修，保养好，诚意出售,550万,3室2厅 | 121.59平米 | 南 | 精装 | 高楼层(共6层) | 2004年建 | 板楼,http://image1.ljcdn.com/110000-inspection/pc1_CsWEt97f2_1.jpg.296x216.jpg
20201223,浦东,唐镇,南北通全明户型，客厅空间大，很方正,530万,2室2厅 | 106.8平米 | 南 | 简装 | 低楼层(共6层) | 2006年建 | 板楼,http://image1.ljcdn.com/110000-inspection/pc1_1sn1HAsIK_1.jpg.296x216.jpg
20201223,浦东,唐镇,户型好满四年唯一精装修品质小区，看房子提前联系我房主自荐,680万,2室2厅 | 112.61平米 | 南 北 | 精装 | 低楼层(共17层) | 2013年建 | 板楼,http://image1.ljcdn.com/110000-inspection/pc1_v9Tt2UU1b_1.jpg.296x216.jpg
20201223,浦东,唐镇,金融家，位置好，带大花园带车位，精装可拎包入住房主自荐,550万,2室2厅 | 92平米 | 南 | 精装 | 低楼层(共8层) | 2015年建 | 板楼,http://image1.ljcdn.com/110000-inspection/pc1_UWkOxtm39_1.jpg.296x216.jpg
20201223,浦东,唐镇,满二年,小区品质高 高素质人群房主自荐,430万,2室2厅 | 93平米 | 南 | 精装 | 低楼层(共16层) | 2015年建 | 板楼,http://image1.ljcdn.com/110000-inspection/pc1_IquAdzYR4_1.jpg.296x216.jpg
20201223,浦东,唐镇,户型方正，南北格局，全明户型，交通便利。房主自荐,600万,3室2厅 | 123.67平米 | 南 北 | 精装 | 低楼层(共6层) | 2006年建 | 板楼,http://image1.ljcdn.com/110000-inspection/pc1_8QpajmtrW_1.jpg.296x216.jpg
20201223,浦东,唐镇,业主诚意出售 联排别墅 位置安静  精装修 满五唯一房主自荐,1500万,4室2厅 | 242.27平米 | 南 | 精装 | 3层 | 2010年建 | 板楼 | 联排别墅,http://image1.ljcdn.com/110000-inspection/pc1_ooRcTTXVl_1.jpg.296x216.jpg
20201223,浦东,唐镇,视野开阔，采光充足，满两年税费少，业主诚意卖房主自荐,1750万,4室2厅 | 220.35平米 | 南 北 | 精装 | 中楼层(共12层)  | 板楼,http://image1.ljcdn.com/110000-inspection/pc1_X4kpGTbw1_1.jpg.296x216.jpg
20201223,浦东,唐镇,满五唯一，精装修好房，F户型，南进门好位置,3200万,4室3厅 | 425.7平米 | 南 | 精装 | 3层 | 2005年建 | 板楼 | 独栋别墅,http://image1.ljcdn.com/110000-inspection/pc1_OmzIUOcsV_1.jpg.296x216.jpg
20201223,浦东,唐镇,商品房，带阁楼，视野宽敞，采光好房主自荐,420万,3室2厅 | 146.64平米 | 南 | 精装 | 高楼层(共6层) | 2004年建 | 板楼,http://image1.ljcdn.com/310000-inspection/pc1_OusggPzQz_1.jpg.296x216.jpg
20201223,浦东,唐镇,精装修，南北通透，拎包入住，适合一家3口居住,431万,2室2厅 | 89.21平米 | 南 北 | 精装 | 低楼层(共16层) | 2015年建 | 板楼,http://image1.ljcdn.com/110000-inspection/pc1_sSfliPrrk_1.jpg.296x216.jpg
20201223,浦东,唐镇,低区一房，业主自住，装修，红木家具，看房预约房主自荐,266万,1室2厅 | 70.66平米 | 南 | 精装 | 低楼层(共11层) | 2009年建 | 板楼,http://image1.ljcdn.com/310000-inspection/test-fc4d602c-f36f-475c-a8b2-fb7b53e2c0c4.png.296x216.jpg
20201223,浦东,唐镇,唐人苑原始两房,顶楼带阁楼.诚意出售房主自荐,395万,2室2厅 | 91.66平米 | 南 | 精装 | 高楼层(共6层) | 2002年建 | 板楼,http://image1.ljcdn.com/110000-inspection/pc1_Rz7BBVyP0_1.jpg.296x216.jpg
20201223,浦东,唐镇,边套一房，中间楼层，采光通风好房主自荐,230万,1室1厅 | 59.32平米 | 南 | 毛坯 | 中楼层(共6层) | 2006年建 | 板楼,http://image1.ljcdn.com/110000-inspection/pc1_afoRtFiVo_1.jpg.296x216.jpg
20201223,浦东,唐镇,次新房  中间位置 +产权车位 +大四房 保养好 税费少！房主自荐,1680万,4室2厅 | 178平米 | 南 北 | 精装 | 中楼层(共13层)  | 板楼,http://image1.ljcdn.com/110000-inspection/pc1_skGyD68XJ_1.jpg.296x216.jpg
20201223,浦东,唐镇,地铁2号线500米 绿城 南北通 精装三房 满2年新上,1080万,3室2厅 | 106.75平米 | 南 北 | 精装 | 中楼层(共15层) | 2014年建 | 板楼,http://image1.ljcdn.com/110000-inspection/pc1_MIOPI2N8I_1.jpg.296x216.jpg
20201223,浦东,唐镇,2号线唐镇，满五唯一大两房，南北格局，采光好房主自荐,430万,2室1厅 | 87.03平米 | 南 | 精装 | 高楼层(共6层) | 2006年建 | 板楼,http://image1.ljcdn.com/110000-inspection/pc1_1t7bXqFkf_1.jpg.296x216.jpg
20201223,浦东,唐镇,高品质小区，通透户型，得房率超高，居住舒适房主自荐,1100万,3室2厅 | 130.54平米 | 南 北 | 毛坯 | 低楼层(共12层)  | 板楼,http://image1.ljcdn.com/110000-inspection/pc1_QXTTCs5il_1.jpg.296x216.jpg
20201223,浦东,唐镇,大面宽27米，占地两亩，全户型朝南，南面临大河,5600万,5室3厅 | 1103.44平米 | 南 | 精装 | 3层 | 2003年建 | 板楼 | 独栋别墅,http://image1.ljcdn.com/110000-inspection/pc1_9koCHK5cR_1.jpg.296x216.jpg
20201223,浦东,唐镇,毛坯房原户型无改动，小区景观位置，有产权车位房主自荐,1350万,4室2厅 | 191平米 | 南 | 毛坯 | 中楼层(共12层) | 2013年建 | 板楼,http://image1.ljcdn.com/110000-inspection/pc1_7A80vR3IR_1.jpg.296x216.jpg
20201223,浦东,唐镇,高楼层，采光透亮，十字通透户型，精装修，热门户型房主自荐,357.5万,2室1厅 | 89.95平米 | 南 | 精装 | 高楼层(共11层) | 2009年建 | 板楼,http://image1.ljcdn.com/110000-inspection/pc1_2pZNpThuQ_1.jpg.296x216.jpg
20201223,浦东,唐镇,一手动迁，中间楼层，采光充足，看中可谈房主自荐,268万,3室1厅 | 94.21平米 | 南 | 简装 | 中楼层(共6层) | 1995年建 | 板楼,http://image1.ljcdn.com/110000-inspection/pc1_KGBRemwus_1.jpg.296x216.jpg
20201223,浦东,唐镇,顶楼带阁楼，装修精美，复式风格，可拎包入住。房主自荐,480万,3室2厅 | 121.95平米 | 南 北 | 精装 | 高楼层(共6层) | 2008年建 | 板楼,http://image1.ljcdn.com/310000-inspection/pc1_FcpXpDTMq_1.jpg.296x216.jpg
20201223,浦东,唐镇,仁恒二期，高区四房，保养很好，满2年，税费少！房主自荐,1550万,4室2厅 | 177.8平米 | 南 北 | 精装 | 高楼层(共13层)  | 板楼,http://image1.ljcdn.com/110000-inspection/pc1_23FVOVd80_1.jpg.296x216.jpg
20201223,浦东,唐镇,业主诚意出售 精装修 位置好 户型方正 采光通风好房主自荐,480万,3室2厅 | 122.01平米 | 南 | 精装 | 高楼层(共6层) | 2008年建 | 板楼,http://image1.ljcdn.com/310000-inspection/pc1_vtZZ1Ma2j_1.jpg.296x216.jpg
20201223,浦东,唐镇,精装大三房 户型方正 带阁楼 诚意出售房主自荐,468万,3室2厅 | 111.8平米 | 南 北 | 精装 | 高楼层(共6层) | 2006年建 | 板楼,http://image1.ljcdn.com/110000-inspection/pc1_12l8r9A0Q_1.jpg.296x216.jpg
20201223,浦东,唐镇,小区04年的房子 近2号线唐镇站地铁 商场 配套成熟房主自荐,435万,2室2厅 | 94平米 | 南 | 精装 | 高楼层(共6层) | 2004年建 | 板楼,http://image1.ljcdn.com/110000-inspection/pc1_LCZnuOoHU_1.jpg.296x216.jpg
20201223,浦东,唐镇,带中间套阁楼，位置好，诚意出售，满五年，看房方便,455万,2室2厅 | 86.6平米 | 南 | 精装 | 高楼层(共6层) | 2006年建 | 板楼,http://image1.ljcdn.com/110000-inspection/pc1_9SuJ6kYmP_1.jpg.296x216.jpg
20201223,浦东,唐镇,低总价，高楼层三房，视野开阔。,560万,3室2厅 | 113.08平米 | 南 北 | 精装 | 高楼层(共16层) | 2015年建 | 板楼,http://image1.ljcdn.com/110000-inspection/pc1_ACj5F9wAb_1.jpg.296x216.jpg
20201223,浦东,唐镇,东边套，紫气东来，采光好，日照时间长房主自荐,315万,2室2厅 | 85.43平米 | 南 | 简装 | 低楼层(共11层) | 2009年建 | 板楼,http://image1.ljcdn.com/110000-inspection/pc1_6tn8kDjH3_1.jpg.296x216.jpg
20201223,浦东,唐镇,小区中间位置，精装修，楼层好！,576万,3室2厅 | 129.01平米 | 南 | 精装 | 中楼层(共6层) | 2008年建 | 板楼,http://image1.ljcdn.com/110000-inspection/pc1_F18D3Znir_1.jpg.296x216.jpg
20201223,浦东,唐镇,东唐苑原始三房 近2号线唐镇站地铁 商场 配套成熟房主自荐,345万,3室1厅 | 84.35平米 | 东 | 精装 | 高楼层(共6层) | 1994年建 | 板楼,http://image1.ljcdn.com/110000-inspection/pc1_EWQPzTHrs_1.jpg.296x216.jpg
20201223,浦东,唐镇,满两年 税费少 带花园，精装修带地暖房主自荐,416万,2室2厅 | 71.12平米 | 南 | 精装 | 低楼层(共11层) | 2009年建 | 板楼,http://image1.ljcdn.com/110000-inspection/pc1_rZbKSjPUq_1.jpg.296x216.jpg
20201223,浦东,唐镇,商品电梯品质住宅   视野宽阔通风采光好  诚意出售房主自荐,408万,3室2厅 | 93.24平米 | 南 | 精装 | 低楼层(共11层) | 2011年建 | 板楼,http://image1.ljcdn.com/110000-inspection/pc1_W1XJgctrN_1.jpg.296x216.jpg
20201223,浦东,唐镇,唐镇壹号15年品质小区 户型正气不靠马路位置好楼层好,558万,3室2厅 | 113平米 | 南 北 | 精装 | 高楼层(共16层) | 2015年建 | 板楼,http://image1.ljcdn.com/110000-inspection/pc1_KLVfWZCsT_1.jpg.296x216.jpg
20201223,浦东,唐镇,大两房带独卫，两房两卫带院子，,370万,2室2厅 | 115.74平米 | 南 | 简装 | 低楼层(共6层) | 2004年建 | 板楼,http://image1.ljcdn.com/110000-inspection/pc1_tM6Bbfhzd_1.jpg.296x216.jpg
20201223,浦东,唐镇,中间位置 满5年唯一  精装修  诚意急卖房主自荐,430万,2室2厅 | 81.96平米 | 南 | 精装 | 低楼层(共6层) | 2008年建 | 板楼,http://image1.ljcdn.com/110000-inspection/pc1_eoQdTtPd1_1.jpg.296x216.jpg
20201223,浦东,唐镇,满五唯一 税费少 精装修 采光好 视野佳,336万,2室1厅 | 86.28平米 | 南 | 简装 | 高楼层(共11层) | 2011年建 | 板楼,http://image1.ljcdn.com/110000-inspection/pc1_LKUgmA7p4_1.jpg.296x216.jpg
20201223,浦东,唐镇,近地铁 大花园 精装修 近商场 位置好 采光充足房主自荐,438万,2室2厅 | 92.37平米 | 南 | 精装 | 低楼层(共6层) | 2004年建 | 板楼,http://image1.ljcdn.com/110000-inspection/pc1_KCE6z4Bsf_1.jpg.296x216.jpg
20201223,浦东,唐镇,2015年次新房小区 中间楼层 采光号 视野佳房主自荐,560万,3室2厅 | 113平米 | 南 北 | 精装 | 中楼层(共16层) | 2015年建 | 板楼,http://image1.ljcdn.com/110000-inspection/pc1_OtfToHqri_1.jpg.296x216.jpg
20201223,浦东,唐镇,精装空调地暖，大三房，方便看，诚意售，大车位另算,610万,3室2厅 | 128.87平米 | 南 | 精装 | 低楼层(共16层) | 2015年建 | 板楼,http://image1.ljcdn.com/110000-inspection/pc1_fVj5FpBYp_1.jpg.296x216.jpg
20201223,浦东,唐镇,此房满五，原始两房，两室朝南，采光通风好,205万,2室1厅 | 74.16平米 | 南 | 简装 | 高楼层(共6层) | 1994年建 | 板楼,http://image1.ljcdn.com/110000-inspection/pc1_UhSCBzdeJ_1.jpg.296x216.jpg
20201223,浦东,唐镇,保利三房，户型稀有，精装修，一梯一户，有3个阳台房主自荐,540万,3室2厅 | 109.53平米 | 南 | 精装 | 中楼层(共5层) | 2008年建 | 板楼,http://image1.ljcdn.com/110000-inspection/pc1_ANwxDtKO8_1.jpg.296x216.jpg
20201223,浦东,唐镇,小区中间位置，高楼层，保养好，满两年，税费少！房主自荐,1720万,4室2厅 | 177.05平米 | 南 北 | 精装 | 中楼层(共13层) | 2016年建 | 板楼,http://image1.ljcdn.com/110000-inspection/pc1_3LR5IPQbI_1.jpg.296x216.jpg
20201223,浦东,唐镇,四房设计，一梯一户，不靠马路，次新房  保养很好。房主自荐,1400万,4室2厅 | 155.83平米 | 南 北 | 精装 | 中楼层(共13层)  | 板楼,http://image1.ljcdn.com/110000-inspection/pc1_oZdw1K0jR_1.jpg.296x216.jpg
20201223,浦东,唐镇,此房满五年唯一，户型方正视野开阔采光充足诚意急卖！,580万,3室2厅 | 129.81平米 | 南 | 简装 | 中楼层(共11层) | 2009年建 | 板楼,http://image1.ljcdn.com/110000-inspection/pc1_evOCQBivf_1.jpg.296x216.jpg
20201223,浦东,唐镇,保利三房，户型方正，位置楼层俱佳，自住精装修房主自荐,556万,3室2厅 | 97.76平米 | 南 | 精装 | 低楼层(共6层) | 2008年建 | 板楼,http://image1.ljcdn.com/110000-inspection/pc1_miFhvrBkY_1.jpg.296x216.jpg
20201223,浦东,唐镇,中间位置  高区景观房  直通户型  满5年唯一房主自荐,525万,2室2厅 | 84.85平米 | 南 | 精装 | 高楼层(共14层) | 2009年建 | 板楼,http://image1.ljcdn.com/110000-inspection/pc1_KyeDrl6mu_1.jpg.296x216.jpg
20201223,浦东,唐镇,精装修 满五唯一税费少 得房率高房主自荐,415万,3室2厅 | 93.48平米 | 南 | 简装 | 低楼层(共11层) | 2011年建 | 板楼,http://image1.ljcdn.com/110000-inspection/pc1_pA62ii4VE_1.jpg.296x216.jpg
20201223,浦东,唐镇,本房得房率超高，装修很好，居住体验好房主自荐,1250万,3室2厅 | 129.01平米 | 南 | 精装 | 中楼层(共15层)  | 板楼,http://image1.ljcdn.com/110000-inspection/pc1_1krB93NN6_1.jpg.296x216.jpg
20201223,浦东,唐镇,满二年 保养好 有车位 税费少 主要业主诚意 周期谈,1880万,4室2厅 | 297平米 | 南 | 精装 | 12层 | 2015年建 | 板楼,http://image1.ljcdn.com/110000-inspection/pc1_ugPWmGY8Y_1.jpg.296x216.jpg
20201223,浦东,唐镇,满二年 双产权车位 保养新 入住半年 周期可谈 视野强,1880万,4室2厅 | 299平米 | 南 | 精装 | 11层 | 2015年建 | 板楼,http://image1.ljcdn.com/110000-inspection/pc1_MsB526sOr_1.jpg.296x216.jpg
20201223,浦东,唐镇,唐镇壹号开发商一手精装，空调带地暖，看房方便,330万,1室2厅 | 69.1平米 | 南 | 精装 | 低楼层(共16层) | 2015年建 | 板楼,http://image1.ljcdn.com/310000-inspection/prod-51bd136b-d2f1-47c4-bbdb-985d97ec664f.jpg.296x216.jpg
20201223,浦东,唐镇,独栋别墅，南进门北花园，精装修，满2年,3080万,5室2厅 | 435.79平米 | 南 | 精装 | 3层 | 2008年建 | 板楼 | 独栋别墅,http://image1.ljcdn.com/110000-inspection/pc1_XwSH8ZzGh_1.jpg.296x216.jpg
20201223,浦东,唐镇,双南2房，小区居中位置！房本满五唯一，随时看房！急,385万,2室2厅 | 91平米 | 南 北 | 精装 | 中楼层(共11层) | 2011年建 | 板楼,http://image1.ljcdn.com/310000-inspection/prod-5d249c64-55ab-4c40-a96e-46d6664fad67.jpg.296x216.jpg
20201223,浦东,唐镇,位置好，楼层好采光好，双南户型,500万,2室2厅 | 92.6平米 | 南 | 简装 | 中楼层(共8层) | 2015年建 | 板楼,http://image1.ljcdn.com/110000-inspection/pc1_OzjNTuXHY_1.jpg.296x216.jpg
20201223,浦东,唐镇,南北通，保利精装小三房，视野开阔得房率高房主自荐,610万,3室2厅 | 86.79平米 | 南 北 | 精装 | 高楼层(共11层) | 2009年建 | 板楼,http://image1.ljcdn.com/110000-inspection/pc1_dDXDzsENX_1.jpg.296x216.jpg
20201223,浦东,唐镇,1楼带花园，使用面积大，一手动迁，税少，南边通透,325万,2室1厅 | 74.68平米 | 南 | 毛坯 | 低楼层(共6层) | 2008年建 | 板楼,http://image1.ljcdn.com/110000-inspection/pc1_RkIfb7Hhb_1.jpg.296x216.jpg
20201223,浦东,唐镇,楼层好 视野宽阔，采光充足，配套设施齐全 交通便利房主自荐,920万,3室2厅 | 90.5平米 | 南 | 精装 | 中楼层(共16层) | 2014年建 | 板楼,http://image1.ljcdn.com/110000-inspection/pc1_PkH4Jv5C4_1.jpg.296x216.jpg
20201223,浦东,唐镇,诚意出售，户型方正，双阳台高层采光好，满五不唯一房主自荐,395万,2室2厅 | 89.21平米 | 南 | 精装 | 中楼层(共11层) | 2009年建 | 板楼,http://image1.ljcdn.com/110000-inspection/pc1_Zgkn92Duz_1.jpg.296x216.jpg
20201223,浦东,唐镇,此房满五年 户型方正 视野开阔，采光充足。房主自荐,264万,2室1厅 | 71.33平米 | 南 | 精装 | 低楼层(共11层) | 2012年建 | 板楼,http://image1.ljcdn.com/310000-inspection/prod-95bdfb8e-ecf3-4921-a82d-b806fe63beae.jpg.296x216.jpg
20201223,浦东,唐镇,二期大宅，中间邻水独栋，大花园，满五唯一，安静宜居,4299万,6室3厅 | 733.88平米 | 南 | 毛坯 | 3层 | 2004年建 | 板楼 | 独栋别墅,http://image1.ljcdn.com/110000-inspection/pc1_Dvh46D0wd_1.jpg.296x216.jpg
20201223,浦东,唐镇,未住过人的二手房   装修别致  楼层佳 稀有大平层房主自荐,1650万,4室2厅 | 261平米 | 南 北 | 精装 | 15层 | 2015年建 | 板楼,http://image1.ljcdn.com/110000-inspection/pc1_BFBeOrAHS_1.jpg.296x216.jpg
20201223,浦东,唐镇,此房精装修，户型好，采光好，东边套带大花园房主自荐,1350万,6室2厅 | 277.49平米 | 南 | 精装 | 1层 | 2004年建 | 板楼 | 联排别墅,http://image1.ljcdn.com/110000-inspection/pc1_yhYMTLMpc_1.jpg.296x216.jpg
20201223,浦东,唐镇,白金瀚宫 4室2厅 南,3380万,4室2厅 | 377.69平米 | 南 | 简装 | 3层 | 2006年建 | 板楼 | 独栋别墅,http://image1.ljcdn.com/110000-inspection/pc1_Md6ze4CAf_1.jpg.296x216.jpg
20201223,浦东,唐镇,此房满五唯一，税费少，精装修，免去装修费用房主自荐,738万,4室3厅 | 158.24平米 | 南 | 精装 | 低楼层(共13层) | 2011年建 | 板楼,http://image1.ljcdn.com/110000-inspection/pc1_4tw4UNSTO_1.jpg.296x216.jpg
20201223,浦东,唐镇,品质小区满二年 有车位 业主诚意出售 保养如新房主自荐,1720万,4室2厅 | 260平米 | 南 | 精装 | 15层 | 2015年建 | 板楼,http://image1.ljcdn.com/110000-inspection/pc1_deKPdHfqQ_1.jpg.296x216.jpg
20201223,浦东,唐镇,棕榈泉花园 4室2厅 南,2480万,4室2厅 | 281.66平米 | 南 | 精装 | 3层 | 2003年建 | 板楼 | 独栋别墅,http://image1.ljcdn.com/110000-inspection/pc1_NhhQAfxpH_1.jpg.296x216.jpg
20201223,浦东,唐镇,三房朝南一房朝北，层高3.25，无遮挡，带车位房主自荐,1250万,4室2厅 | 153.12平米 | 南 | 精装 | 低楼层(共12层)  | 板楼,http://image1.ljcdn.com/110000-inspection/pc1_8Y2R9ERNZ_1.jpg.296x216.jpg
20201223,浦东,唐镇,省钱好房，满五年唯一，房东卖掉可以正常款清交房！,348万,2室2厅 | 91.2平米 | 南 | 精装 | 中楼层(共11层) | 2009年建 | 板楼,http://image1.ljcdn.com/110000-inspection/pc1_U93Cr7GQD_1.jpg.296x216.jpg
20201223,浦东,唐镇,一手动迁，三楼满五年南北通户型，产权清晰,380万,2室1厅 | 81.46平米 | 南 | 毛坯 | 中楼层(共6层) | 2008年建 | 板楼,http://image1.ljcdn.com/110000-inspection/pc1_sJwOYbRGu_1.jpg.296x216.jpg
20201223,浦东,唐镇,满五年唯一，业主诚心出售，看房子提前联系，近地铁,290万,2室1厅 | 64.72平米 | 南 | 精装 | 高楼层(共6层) | 1994年建 | 板楼,http://image1.ljcdn.com/110000-inspection/pc1_JEkippjEr_1.jpg.296x216.jpg
20201223,浦东,唐镇,业主急售买入价高 保利经典作品房主自荐,405万,2室1厅 | 72.68平米 | 南 | 毛坯 | 低楼层(共12层) | 2012年建 | 板楼,http://image1.ljcdn.com/110000-inspection/pc1_ddfMYLUAl_1.jpg.296x216.jpg
20201223,浦东,唐镇,北临河景观楼层、西临别墅、安静舒适、带阁楼、采光好房主自荐,505万,2室1厅 | 80.32平米 | 南 | 精装 | 高楼层(共6层) | 2008年建 | 板楼,http://image1.ljcdn.com/110000-inspection/pc1_YWKy615GH_1.jpg.296x216.jpg
20201223,浦东,唐镇,店长推荐：本房顶楼带阁楼，采光好，视野开阔,260万,1室1厅 | 52.73平米 | 南 | 简装 | 高楼层(共6层) | 2008年建 | 板楼,http://image1.ljcdn.com/110000-inspection/pc1_5fIBq2hSh_1.jpg.296x216.jpg
20201223,浦东,唐镇,满五年，税费少，位置安静，采光好,215万,1室1厅 | 52.51平米 | 南 | 简装 | 高楼层(共6层) | 2006年建 | 板楼,http://image1.ljcdn.com/110000-inspection/pc1_k6eHeJCUF_1.jpg.296x216.jpg
20201223,浦东,唐镇,带花园，小两房，采光好位置佳，房东诚意出售,193万,2室1厅 | 59.02平米 | 南 北 | 简装 | 低楼层(共6层) | 1996年建 | 板楼,http://image1.ljcdn.com/110000-inspection/pc1_kNPEnH0gy_1.jpg.296x216.jpg
20201223,浦东,唐镇,唐镇2号900米 一手动迁税费少,275万,1室2厅 | 59.1平米 | 南 | 毛坯 | 低楼层(共6层) | 2006年建 | 板楼,http://image1.ljcdn.com/110000-inspection/pc1_xNHuVNKrl_1.jpg.296x216.jpg
20201223,浦东,唐镇,满五唯一，拎包入住，开放式厨房，诚意换房，产权清晰房主自荐,255万,1室1厅 | 48.71平米 | 南 | 精装 | 高楼层(共6层) | 2008年建 | 板楼,http://image1.ljcdn.com/110000-inspection/pc1_QLsWHMWNB_1.jpg.296x216.jpg
20201223,浦东,唐镇,不靠路，税费少，户型好，拎包入住，诚意出售房主自荐,243万,1室1厅 | 48.87平米 | 南 北 | 精装 | 低楼层(共6层) | 2008年建 | 板楼,http://image1.ljcdn.com/110000-inspection/pc1_6vfJ2rbAi_1.jpg.296x216.jpg
20201223,浦东,唐镇,金枫公寓两房带花园，户型方正，诚意出售，看房随时房主自荐,325万,2室2厅 | 96.96平米 | 南 | 简装 | 低楼层(共6层) | 2004年建 | 板楼,http://image1.ljcdn.com/110000-inspection/pc1_zRFLkY1jx_1.jpg.296x216.jpg
20201223,浦东,唐镇,保利商品房+4米层高的阁楼+使用面积大+精装修+阁楼高,550万,2室2厅 | 81平米 | 南 | 精装 | 高楼层(共5层) | 2008年建 | 板楼,http://image1.ljcdn.com/110000-inspection/pc1_A0g6ffRVW_1.jpg.296x216.jpg
20201223,浦东,唐镇,保利金爵两房朝南，户型很好，位置临河，房东诚心卖。房主自荐,475万,2室2厅 | 90.17平米 | 南 | 简装 | 低楼层(共14层) | 2009年建 | 板楼,http://image1.ljcdn.com/110000-inspection/pc1_Jiv7FP4OZ_1.jpg.296x216.jpg
20201223,浦东,唐镇,位置好，楼层好，户型好，采光充足。,585万,3室2厅 | 115.91平米 | 南 | 毛坯 | 中楼层(共8层) | 2015年建 | 板楼,http://image1.ljcdn.com/110000-inspection/pc1_AOmj3Zbai_1.jpg.296x216.jpg
20201223,浦东,唐镇,得房率高，楼层好，小区优质位置，楼下公园。房主自荐,225万,3室1厅 | 74.06平米 | 南 | 简装 | 中楼层(共6层) | 1994年建 | 板楼,http://image1.ljcdn.com/110000-inspection/pc1_F3QByW9tg_1.jpg.296x216.jpg
20201223,浦东,唐镇,满五 精装修 拎包入住 不靠路 花园位置 诚心出售！房主自荐,324万,2室2厅 | 85.11平米 | 南 | 精装 | 中楼层(共11层) | 2009年建 | 板楼,http://image1.ljcdn.com/110000-inspection/pc1_OhInkmIHQ_1.jpg.296x216.jpg
20201223,浦东,唐镇,齐爱佳苑 2室2厅 南 北新上,410万,2室2厅 | 82.6平米 | 南 北 | 精装 | 高楼层(共6层) | 2008年建 | 板楼,http://image1.ljcdn.com/110000-inspection/pc1_A6RcqXhNe_1.jpg.296x216.jpg
20201223,浦东,唐镇,金领小区南北2居室，满五唯一，随时看房，业主自住,308万,2室2厅 | 85.43平米 | 东 南 北 | 精装 | 低楼层(共11层) | 2009年建 | 板楼,http://image1.ljcdn.com/110000-inspection/pc1_yvL9fxpcH_1.jpg.296x216.jpg
20201223,浦东,唐镇,复式自住精装修大3房 中间位置 户型方正 有80平米阁楼房主自荐,550万,3室2厅 | 120.15平米 | 南 | 精装 | 高楼层(共6层) | 2004年建 | 板楼,http://image1.ljcdn.com/110000-inspection/pc1_AwzzUedZt_1.jpg.296x216.jpg
20201223,浦东,唐镇,家中老人亲自装修 租房半年 用材考究,750万,3室2厅 | 122.71平米 | 南 | 精装 | 低楼层(共11层) | 2009年建 | 板楼,http://image1.ljcdn.com/110000-inspection/pc1_cNZOeD0c7_1.jpg.296x216.jpg
20201223,浦东,唐镇,小区位置好  满五年  业主装修好 诚意售,950万,3室2厅 | 135.07平米 | 南 北 | 精装 | 低楼层(共17层) | 2011年建 | 板楼,http://image1.ljcdn.com/110000-inspection/pc1_zzgPpOy7Y_1.jpg.296x216.jpg
20201223,浦东,唐镇,此房满五年唯一，一楼带花园，采光充足，视野开阔！房主自荐,370万,2室1厅 | 71.37平米 | 南 | 简装 | 低楼层(共14层) | 2009年建 | 板楼,http://image1.ljcdn.com/110000-inspection/pc1_ycRpTLM0F_1.jpg.296x216.jpg
20201223,浦东,唐镇,品质小区，精装带地暖，诚意出售，带产权车位房主自荐,840万,3室2厅 | 135平米 | 南 | 精装 | 低楼层(共17层) | 2011年建 | 板楼,http://image1.ljcdn.com/110000-inspection/pc1_yD9IaXlwB_1.jpg.296x216.jpg
20201223,浦东,唐镇,保利金色唐城新上边套两房，中间位置采光好，精装修房主自荐,440万,2室1厅 | 84.71平米 | 南 | 精装 | 低楼层(共6层) | 2008年建 | 板楼,http://image1.ljcdn.com/310000-inspection/prod-f6be0227-df03-4c12-99aa-2a6bb0809312.jpg.296x216.jpg
20201223,浦东,唐镇,一手动迁，满五年唯一，中间楼层，不靠路,260万,3室1厅 | 93.6平米 | 南 | 简装 | 中楼层(共6层) | 1995年建 | 板楼,http://image1.ljcdn.com/110000-inspection/pc1_Wci5KshJP_1.jpg.296x216.jpg
20201223,浦东,唐镇,满二唯一 税费少 精装修 楼层好 位置佳房主自荐,335万,2室1厅 | 86.58平米 | 西南 | 简装 | 高楼层(共10层) | 2011年建 | 板楼,http://image1.ljcdn.com/110000-inspection/pc1_0MD6BlkWw_1.jpg.296x216.jpg
20201223,浦东,唐镇,南北两房，全明户型，通风采光好 ！房主自荐,315万,2室1厅 | 85.64平米 | 南 | 简装 | 11层 | 2009年建 | 板楼,http://image1.ljcdn.com/110000-inspection/pc1_ZPiiAbE75_1.jpg.296x216.jpg
20201223,浦东,唐镇,唐镇王港小户型两房，总价低，中间楼层税费少,205万,2室1厅 | 66.29平米 | 南 | 毛坯 | 低楼层(共6层) | 1995年建 | 板楼,http://image1.ljcdn.com/110000-inspection/pc1_gCL8Fmmzj_1.jpg.296x216.jpg
20201223,浦东,唐镇,王桥小区精装3房，业主置换，诚意出售。房主自荐,220万,3室1厅 | 73.05平米 | 南 | 简装 | 高楼层(共6层) | 1993年建 | 板楼,http://image1.ljcdn.com/310000-inspection/prod-52deb8a3-2bc0-4e8d-859a-8054af8317cc.jpg.296x216.jpg
20201223,浦东,唐镇,一楼带地下室，使用面积大，毛坯，节约装修成本,530万,2室2厅 | 89.24平米 | 南 北 | 毛坯 | 低楼层(共13层) | 2009年建 | 板楼,http://image1.ljcdn.com/310000-inspection/pc1_R0EnhluTJ_1.jpg.296x216.jpg
20201223,浦东,唐镇,一手动迁满五年，小区中间位置，中间楼层，采光充足房主自荐,247万,3室1厅 | 93.35平米 | 南 | 简装 | 中楼层(共6层) | 1995年建 | 板楼,http://image1.ljcdn.com/110000-inspection/pc1_QJ3YBJPdI_1.jpg.296x216.jpg
20201223,浦东,唐镇,此房双南户型，楼层适中，采光好房主自荐,500万,2室2厅 | 99.63平米 | 南 | 简装 | 低楼层(共8层) | 2015年建 | 板楼,http://image1.ljcdn.com/110000-inspection/pc1_9D6s8qmmQ_1.jpg.296x216.jpg
20201223,浦东,唐镇,金爵两房带阁楼户型 边套有露台 自住装修 87%得房率,505万,2室2厅 | 88.4平米 | 南 | 精装 | 高楼层(共6层) | 2009年建 | 板楼,http://image1.ljcdn.com/110000-inspection/pc1_vthd2qzwr_2.jpg.296x216.jpg
20201223,浦东,唐镇,有产权车位，满两年税费少，中间位置,430万,2室2厅 | 86.02平米 | 南 | 精装 | 中楼层(共16层) | 2015年建 | 板楼,http://image1.ljcdn.com/110000-inspection/pc1_2WcM0af7G_1.jpg.296x216.jpg
20201223,浦东,唐镇,金爵特殊户型两房带地下室，诚意卖房主自荐,540万,2室2厅 | 88平米 | 南 | 简装 | 低楼层(共11层) | 2009年建 | 板楼,http://image1.ljcdn.com/110000-inspection/pc1_3OFMJNx6P_1.jpg.296x216.jpg
20201223,浦东,唐镇,楼层好，视野开阔，精装修，拎包入住,235万,2室2厅 | 80.62平米 | 南 | 精装 | 高楼层(共6层) | 1994年建 | 板楼,http://image1.ljcdn.com/110000-inspection/pc1_GJSgFbqOK_1.jpg.296x216.jpg
20201223,浦东,唐镇,三南一北+保姆房+高区热门房源+边套视野佳+精装品质,1790万,4室2厅 | 220平米 | 南 北 | 精装 | 高楼层(共12层)  | 板楼,http://image1.ljcdn.com/110000-inspection/pc1_t5d949LF6_1.jpg.296x216.jpg
20201223,浦东,唐镇,小区中间位置，背靠公园，采光充足，得房率高,270万,3室1厅 | 93.6平米 | 南 北 | 简装 | 高楼层(共6层) | 1995年建 | 板楼,http://image1.ljcdn.com/110000-inspection/pc1_qgYvdnnkp_1.jpg.296x216.jpg
20201223,浦东,唐镇,东边套，紫气东来 采光足，视野宽阔、前后无遮挡、房主自荐,330万,2室2厅 | 84.84平米 | 南 | 简装 | 中楼层(共11层) | 2009年建 | 板楼,http://image1.ljcdn.com/110000-inspection/pc1_gIy5dB8wf_1.jpg.296x216.jpg
20201223,浦东,唐镇,楼层好 位置佳 精装修 税费少,335万,2室1厅 | 85平米 | 南 北 | 精装 | 高楼层(共11层) | 2009年建 | 板楼,http://image1.ljcdn.com/110000-inspection/pc1_uhtR5CzP1_1.jpg.296x216.jpg
20201223,浦东,唐镇,此房满五唯一，小区中间位置，自住精装，看重价格可谈,345万,2室2厅 | 89平米 | 南 北 | 精装 | 低楼层(共11层) | 2011年建 | 板楼,http://image1.ljcdn.com/110000-inspection/pc1_v9ZvRPoto_1.jpg.296x216.jpg
20201223,浦东,唐镇,精装修，大三房，高楼层，采光好，品质小区,540万,3室2厅 | 112平米 | 南 北 | 精装 | 高楼层(共16层) | 2015年建 | 板楼,http://image1.ljcdn.com/110000-inspection/pc1_FNhCl7ggM_1.jpg.296x216.jpg
20201223,浦东,唐镇,近小区大门出行方便，带产权车位！,330万,2室2厅 | 85.11平米 | 南 北 | 简装 | 低楼层(共11层) | 2009年建 | 板楼,http://image1.ljcdn.com/110000-inspection/pc1_1Taci1YV9_1.jpg.296x216.jpg
20201223,浦东,唐镇,超大露台，楼层好，得房率高，适合有老人的家庭居住,260万,2室1厅 | 65.57平米 | 南 | 简装 | 低楼层(共6层) | 1994年建 | 板楼,http://image1.ljcdn.com/110000-inspection/pc1_Yxjj7ClYd_1.jpg.296x216.jpg
20201223,浦东,唐镇,南北朝向，视野开阔，中间楼层，税费少，采光充足,220万,3室1厅 | 74.06平米 | 东 | 简装 | 中楼层(共6层) | 1994年建 | 板楼,http://image1.ljcdn.com/110000-inspection/pc1_Up5J60vzd_1.jpg.296x216.jpg
20201223,浦东,唐镇,南北两房，全明户型，通风采光好 ！,318万,2室1厅 | 84.04平米 | 南 | 精装 | 低楼层(共11层) | 2009年建 | 板楼,http://image1.ljcdn.com/110000-inspection/pc1_mTbFMnRlJ_1.jpg.296x216.jpg
20201223,浦东,唐镇,保利商品房，2房，婚房装修，满5唯一中间楼层，位置好,440万,2室2厅 | 76平米 | 南 | 精装 | 中楼层(共6层) | 2008年建 | 板楼,http://image1.ljcdn.com/110000-inspection/pc1_qPwG6hEUP_1.jpg.296x216.jpg
20201223,浦东,唐镇,户型方正，空气流通好，小区边套，采光效果佳,420万,2室2厅 | 78.89平米 | 南 | 简装 | 低楼层(共6层) | 2008年建 | 板楼,http://image1.ljcdn.com/310000-inspection/prod-eaca055a-98cf-470d-8494-720312689b78.jpg.296x216.jpg
20201223,浦东,唐镇,虹盛小区一室一厅一厨一卫  楼层好 采光充足房主自荐,168万,1室1厅 | 51.35平米 | 南 | 毛坯 | 高楼层(共6层) | 1996年建 | 板楼,http://image1.ljcdn.com/310000-inspection/pc1_marcNnGOf_1.jpg.296x216.jpg
20201223,浦东,唐镇,此房为新小区满两年，精装吊顶空调＋地暖 看房方便房主自荐,330万,1室1厅 | 68.25平米 | 南 | 精装 | 中楼层(共16层) | 2015年建 | 板楼,http://image1.ljcdn.com/110000-inspection/pc1_oUEudegMl_1.jpg.296x216.jpg
20201223,浦东,唐镇,3+1 次新房，从未自住和出租 满两年，附车位！,1850万,4室2厅 | 257平米 | 南 北 | 精装 | 12层 | 2015年建 | 板楼,http://image1.ljcdn.com/310000-inspection/pc1_dtE6mmCbu_1.jpg.296x216.jpg
20201223,浦东,唐镇,满五唯一，小区中间位置，双南户型房主自荐,458万,2室1厅 | 90.67平米 | 南 | 精装 | 低楼层(共14层) | 2009年建 | 板楼,http://image1.ljcdn.com/310000-inspection/pc1_RseorTPq7_1.jpg.296x216.jpg
20201223,浦东,唐镇,绿城品质2+1紧凑三居 户型通透 花园住宅,855万,3室2厅 | 89.73平米 | 南 | 精装 | 中楼层(共9层) | 2015年建 | 板楼,http://image1.ljcdn.com/110000-inspection/pc1_gM67Z6luz_1.jpg.296x216.jpg
20201223,浦东,唐镇,小区唯一在卖平层户型，满五唯一税费少，诚意出售房主自荐,1660万,4室2厅 | 199.9平米 | 南 | 精装 | 中楼层(共4层) | 2014年建 | 板楼,http://image1.ljcdn.com/110000-inspection/pc1_nafr1zVD6_1.jpg.296x216.jpg
20201223,浦东,唐镇,2号线唐镇，商品房两房，精装带车位诚意卖,428万,2室1厅 | 76.02平米 | 南 | 精装 | 中楼层(共6层) | 2008年建 | 板楼,http://image1.ljcdn.com/110000-inspection/pc1_cfGjSIXZb_1.jpg.296x216.jpg
20201223,浦东,唐镇,大花园独栋，精装修，客厅朝南，宽敞明亮，诚意卖,2150万,4室2厅 | 292.62平米 | 南 | 精装 | 3层 | 2003年建 | 板楼 | 独栋别墅,http://image1.ljcdn.com/110000-inspection/pc1_WxpJl1YZB_1.jpg.296x216.jpg
20201223,浦东,唐镇,业主精心设计 百安居跟进 处处都是细节看房随时安排,850万,3室2厅 | 135.07平米 | 南 北 | 精装 | 低楼层(共17层) | 2011年建 | 板楼,http://image1.ljcdn.com/110000-inspection/pc1_5JfbobZwG_1.jpg.296x216.jpg
20201223,浦东,唐镇,虹盛小区精装婚房，满两年税费少，看房随时，业主诚售房主自荐,215万,2室1厅 | 69.72平米 | 南 | 精装 | 高楼层(共6层) | 1996年建 | 板楼,http://image1.ljcdn.com/310000-inspection/prod-ca30070d-5342-40a5-8c2a-53a3adcd0bda.jpg.296x216.jpg
20201223,浦东,唐镇,楼层好，视野宽敞，采光好，适合上班白领房主自荐,400万,4室2厅 | 146.64平米 | 南 | 简装 | 高楼层(共6层) | 2004年建 | 板楼,http://image1.ljcdn.com/310000-inspection/pc1_fe42pPtl1.jpg.296x216.jpg
20201223,浦东,唐镇,金利一房，税费低，房型正，适合年轻人居住,250万,1室1厅 | 54.36平米 | 南 | 简装 | 高楼层(共6层) | 2008年建 | 板楼,http://image1.ljcdn.com/310000-inspection/pc1_Uct7oelk6_1.jpg.296x216.jpg
20201223,浦东,唐镇,保利商品房 两房带阁楼 自住装修好 功能性齐全,550万,2室2厅 | 80.84平米 | 南 | 精装 | 高楼层(共6层) | 2008年建 | 板楼,http://image1.ljcdn.com/110000-inspection/pc1_c7zSonyhL_1.jpg.296x216.jpg
20201223,浦东,唐镇,税费较少，刚装修完，房屋格局有改动。房主自荐,373万,2室2厅 | 85.11平米 | 东南 | 精装 | 中楼层(共11层) | 2009年建 | 板楼,http://image1.ljcdn.com/110000-inspection/pc1_KDWRUH9xw_1.jpg.296x216.jpg
20201223,浦东,唐镇,金爵自住装修，满五唯一，房东诚意卖房主自荐,538万,2室2厅 | 91.53平米 | 南 | 精装 | 高楼层(共14层) | 2009年建 | 板楼,http://image1.ljcdn.com/110000-inspection/pc1_7c5KoHH3T_1.jpg.296x216.jpg
20201223,浦东,唐镇,08年商品房 精装修 中间楼层 采光好,458万,2室2厅 | 82平米 | 南 | 精装 | 低楼层(共6层) | 2008年建 | 板楼,http://image1.ljcdn.com/110000-inspection/pc1_yT8YgLSEv_1.jpg.296x216.jpg
20201223,浦东,唐镇,楼层好 视野开阔 采光良好，业主诚心出售，,201万,2室1厅 | 65.57平米 | 南 | 简装 | 高楼层(共6层) | 1994年建 | 板楼,http://image1.ljcdn.com/110000-inspection/pc1_Z5ffsTZM6_1.jpg.296x216.jpg
20201223,浦东,唐镇,中高楼层，景观视野好，小区中间位置，业主诚心出售！,325万,2室2厅 | 84.55平米 | 南 | 简装 | 中楼层(共11层) | 2009年建 | 板楼,http://image1.ljcdn.com/110000-inspection/pc1_5RNhfPIqi_1.jpg.296x216.jpg
20201223,浦东,唐镇,楼层好，视野宽敞，采光好，税费少,210万,2室1厅 | 69.72平米 | 南 | 简装 | 高楼层(共6层) | 1996年建 | 板楼,http://image1.ljcdn.com/110000-inspection/pc1_C7Es0qKqA_1.jpg.296x216.jpg
20201223,浦东,唐镇,鑫港苑 正宗一房一厅位置好不靠马路，价格可谈房主自荐,229万,1室1厅 | 59.32平米 | 南 | 简装 | 高楼层(共6层) | 2006年建 | 板楼,http://image1.ljcdn.com/110000-inspection/pc1_PpbeAerOW_1.jpg.296x216.jpg
20201223,浦东,唐镇,高层小两房 优质位置 不靠路 看房方便 业主诚心出售,275万,2室1厅 | 71.37平米 | 南 | 简装 | 高楼层(共11层) | 2011年建 | 板楼,http://image1.ljcdn.com/110000-inspection/pc1_Ea83l0xqn_1.jpg.296x216.jpg
20201223,浦东,唐镇,花园洋房，中间楼层采光好，户型通透 花园住宅,790万,2室2厅 | 91平米 | 南 | 精装 | 低楼层(共10层) | 2015年建 | 板楼,http://image1.ljcdn.com/110000-inspection/pc1_ZYsmrgIkh_1.jpg.296x216.jpg
20201223,浦东,唐镇,保利商品房，2房，满5唯一，毛坯，产权清晰，楼层好，房主自荐,430万,2室2厅 | 81.21平米 | 南 | 毛坯 | 低楼层(共6层) | 2008年建 | 板楼,http://image1.ljcdn.com/110000-inspection/pc1_ZbhFVmmzO_1.jpg.296x216.jpg
20201223,浦东,唐镇,标准一房户型，采光好，适合刚需居住,235万,1室1厅 | 59.42平米 | 南 北 | 精装 | 高楼层(共6层) | 2006年建 | 板楼,http://image1.ljcdn.com/110000-inspection/pc1_ZXfiLbTiO_1.jpg.296x216.jpg
20201223,浦东,唐镇,满五唯一 采光充足 税费少 得房率高 已经改好两房房主自荐,192万,2室1厅 | 63平米 | 南 | 简装 | 高楼层(共6层) | 1995年建 | 板楼,http://image1.ljcdn.com/110000-inspection/pc1_OkJH7sL2x_1.jpg.296x216.jpg
20201223,浦东,唐镇,精装修 满二唯一 采光好视野佳房主自荐,273万,1室2厅 | 69.96平米 | 南 | 精装 | 低楼层(共6层) | 2012年建 | 板楼,http://image1.ljcdn.com/110000-inspection/pc1_CH41dmE20_1.jpg.296x216.jpg
20201223,浦东,唐镇,一手动迁 纯毛坯 可以按照自己喜欢的风格装修,380万,2室2厅 | 86.6平米 | 南 | 毛坯 | 低楼层(共6层) | 2006年建 | 板楼,http://image1.ljcdn.com/110000-inspection/pc1_Lk47lRL6l_1.jpg.296x216.jpg
20201223,浦东,唐镇,保利金色唐城原始两房，自带朝南大露台房主自荐,420万,2室1厅 | 82.94平米 | 南 | 精装 | 中楼层(共4层) | 2008年建 | 板楼,http://image1.ljcdn.com/310000-inspection/prod-2b2e0996-b92b-4d57-8f88-fd0f70a2f883.jpg.296x216.jpg
20201223,浦东,唐镇,诚意出售， 两房带花园。精装修房主自荐,490万,2室1厅 | 90.21平米 | 南 | 精装 | 低楼层(共14层) | 2009年建 | 板楼,http://image1.ljcdn.com/110000-inspection/pc1_aUqIUMaMH_1.jpg.296x216.jpg
20201223,浦东,唐镇,大平层 精致装修 位置好 私密性强 双车位房主自荐,1100万,4室2厅 | 194.84平米 | 南 | 精装 | 低楼层(共4层) | 2012年建 | 板楼,http://image1.ljcdn.com/310000-inspection/prod-95fae518-2880-4bc0-9c66-000371d80996.jpg.296x216.jpg
20201223,浦东,唐镇,11年商品房，精装修，楼层位置好 采光通风视野好！,285万,1室1厅 | 72.13平米 | 南 | 精装 | 高楼层(共11层) | 2011年建 | 板楼,http://image1.ljcdn.com/310000-inspection/pc1_pRCrrcNTG_1.jpg.296x216.jpg
20201223,浦东,唐镇,一手动迁，税费少，楼层好，视野宽阔，采光充足。,400万,2室1厅 | 82.15平米 | 南 | 毛坯 | 高楼层(共14层) | 2014年建 | 板楼,http://image1.ljcdn.com/310000-inspection/prod-6c115dba-b309-4cab-9c42-c0bba50d115d.jpg.296x216.jpg
20201223,浦东,唐镇,楼层好，总价低，采光充足，出行方便,225万,2室1厅 | 77.64平米 | 南 | 毛坯 | 低楼层(共6层) | 1995年建 | 板楼,http://image1.ljcdn.com/110000-inspection/pc1_RDzYQMHUP_1.jpg.296x216.jpg
20201223,浦东,唐镇,边套户型，采光好 精装修 户型方正得房率高,570万,2室1厅 | 93.34平米 | 南 北 | 精装 | 8层 | 2010年建 | 板楼,http://image1.ljcdn.com/110000-inspection/pc1_dm8c5Re5c_1.jpg.296x216.jpg
20201223,浦东,唐镇,诚意出售 小三房  中间楼层   采光好  视野佳,225万,3室1厅 | 74.1平米 | 南 | 简装 | 中楼层(共5层) | 1994年建 | 板楼,http://image1.ljcdn.com/110000-inspection/pc1_c0UJ5HyWP_1.jpg.296x216.jpg
20201223,浦东,唐镇,13年的小区 电梯房 南北户型 无增值税房主自荐,393万,2室2厅 | 87.27平米 | 南 | 毛坯 | 低楼层(共11层) | 2013年建 | 板楼,http://image1.ljcdn.com/110000-inspection/pc1_VcGtobjF3_1.jpg.296x216.jpg
20201223,浦东,唐镇,满五年唯一，无个税，看房方便，随时签约，精装修,510万,2室2厅 | 87.86平米 | 南 | 精装 | 中楼层(共14层) | 2009年建 | 板楼,http://image1.ljcdn.com/110000-inspection/pc1_yUNIDOgu5_2.jpg.296x216.jpg
20201223,浦东,唐镇,近地铁2号线，精装南北三房，带车位，可上东方幼儿园房主自荐,1365万,3室2厅 | 146.68平米 | 南 | 精装 | 高楼层(共16层) | 2014年建 | 板楼,http://image1.ljcdn.com/310000-inspection/test-e5039a71-88c7-4322-b83e-ea0dab71c760.png.296x216.jpg
20201223,浦东,唐镇,此房满两年，买入价格高，看房方便，房主自荐,2850万,4室2厅 | 330.7平米 | 南 | 精装 | 中楼层(共5层) | 2012年建 | 板楼,http://image1.ljcdn.com/110000-inspection/pc1_Vf7zGZIUu_1.jpg.296x216.jpg
20201223,浦东,唐镇,此房满五年唯一，精装修，可直接拎包入住！,255万,1室1厅 | 71.09平米 | 南 | 精装 | 低楼层(共10层) | 2009年建 | 板楼,http://image1.ljcdn.com/310000-inspection/test-af152db8-2303-45ff-8385-aff254a64811.png.296x216.jpg
20201223,浦东,唐镇,楼上137平 楼下137平 超大户型 南北通透 采光充足,980万,6室4厅 | 232.15平米 | 南 北 | 毛坯 | 8层 | 2010年建 | 板楼,http://image1.ljcdn.com/shfdfs-image/20160409/3feee03d-0112-48d3-a880-4481abc178cf.jpg.296x216.jpg
20201223,浦东,唐镇,6楼小区中间位置！满五年！南北通透3房2厅2卫，急售房,575万,3室2厅 | 129.81平米 | 南 西 西北 北 | 精装 | 中楼层(共11层) | 2009年建 | 板楼,http://image1.ljcdn.com/shfdfs-image/20160828/8f889a2a-b50e-4f14-8a06-0e0db3c6e330.jpg.296x216.jpg
20201223,浦东,唐镇,干净整洁保养好，房间全部朝南，花园集中，打理精致房主自荐,2150万,5室2厅 | 293.61平米 | 南 | 精装 | 3层 | 2005年建 | 板楼 | 双拼别墅,http://image1.ljcdn.com/310000-inspection/7e6b366f-a7cf-4a7f-b422-367164b1d747.jpg.296x216.jpg
20201223,浦东,唐镇,房东诚心出售，开发商统一精装修,2020万,4室2厅 | 208.9平米 | 南 | 精装 | 低楼层(共2层) | 2015年建 | 板楼,http://image1.ljcdn.com/310000-inspection/4155bf52-c3da-44f4-a408-f48765af872c.jpg.296x216.jpg
20201223,浦东,唐镇,此房满五年，户型 南北 通风好 有阁楼 出行方便房主自荐,410万,4室2厅 | 135.67平米 | 南 北 | 简装 | 高楼层(共6层) | 2004年建 | 板楼,http://image1.ljcdn.com/310000-inspection/4f9a2b63-a038-45a7-8d93-90cf99714516.jpg.296x216.jpg
20201223,浦东,唐镇,两房带阁楼 小区中间位置 近2号线唐镇站商场 生活便利房主自荐,415万,2室2厅 | 92.57平米 | 南 | 简装 | 高楼层(共6层) | 2002年建 | 板楼,http://image1.ljcdn.com/110000-inspection/5876ed1031bc61ae04f1738585a2ca35-077.jpg.296x216.jpg
20201223,浦东,唐镇,2006年动迁税费少 户型正 楼距宽 采光足 配套齐全,279万,2室2厅 | 80平米 | 南 | 简装 | 高楼层(共6层) | 2006年建 | 板楼,http://image1.ljcdn.com/shfdfs-image/20171008/f7f6a297-c2aa-44b9-a81e-34dbdbd37866.jpg.296x216.jpg
20201223,浦东,唐镇,独栋别墅社区，精装修，带车位，带大花园,3350万,6室3厅 | 425.7平米 | 南 | 精装 | 3层 | 2005年建 | 板楼 | 独栋别墅,http://image1.ljcdn.com/shfdfs-image/20160721/44503e2b-f697-441f-af1a-ef59774e617e.jpg.296x216.jpg
20201223,浦东,唐镇,唐镇好位置大独栋别墅，朝向正气，户型方正，位置安静,2900万,4室2厅 | 365平米 | 南 | 毛坯 | 3层 | 2003年建 | 板楼 | 独栋别墅,http://image1.ljcdn.com/shfdfs-image/20160229/d26f7f83-93f0-4573-a496-eed85a7a240c.jpg.296x216.jpg
20201223,浦东,唐镇,双拼别墅，拎包入住，装修好，随时入住，诚意出售,2000万,5室2厅 | 293.61平米 | 南 | 精装 | 3层 | 2005年建 | 板楼 | 独栋别墅,http://image1.ljcdn.com/310000-inspection/56f9c250-360e-4544-bbc3-1258a0afd0ee.jpg.296x216.jpg
20201223,浦东,唐镇,挑高客厅朝南，花园600平，平整漂亮体面/小区中间位置,3100万,5室3厅 | 367.13平米 | 南 | 毛坯 | 3层 | 2003年建 | 板楼 | 独栋别墅,http://image1.ljcdn.com/310000-inspection/e83da9b0-2df2-4574-bed1-fcaa51391945.jpg.296x216.jpg
20201223,浦东,唐镇,少见的双拼别墅，出行方便，精 装 修，钥匙房。,2250万,5室3厅 | 293.61平米 | 南 | 精装 | 3层 | 2005年建 | 板楼 | 双拼别墅,http://image1.ljcdn.com/shfdfs-image/20151013/ecaa0bd2-d6b3-499d-b6f2-ce8f8b70c420.jpg.296x216.jpg
20201223,浦东,唐镇,一手动迁 电梯房 业主诚意出售 看房方便 临河位置,365万,2室1厅 | 76.29平米 | 南 | 简装 | 低楼层(共11层) | 2013年建 | 板楼,http://image1.ljcdn.com/310000-inspection/35e8c4d7-5b4b-428c-8a12-79af046b54e5.jpg.296x216.jpg
20201223,浦东,唐镇,边套三面采光，自住精装，诚意出售看房方便。,1850万,5室3厅 | 317平米 | 南 | 精装 | 3层 | 2011年建 | 板楼 | 联排别墅,http://image1.ljcdn.com/310000-inspection/ccbbcfbd-a339-43a4-8463-133f60de81a0.jpg.296x216.jpg
20201223,浦东,唐镇,小区中间位置， 东南临河，朝南15米面宽精装大宅,3600万,5室3厅 | 435.26平米 | 北 | 精装 | 3层 | 2005年建 | 板楼 | 独栋别墅,http://image1.ljcdn.com/310000-inspection/e1e892dc-6f2e-427e-b772-f500651011ec.jpg.296x216.jpg
20201223,浦东,唐镇,保利御樽苑 使用空间大 位置好地上三层 加地下室,2200万,7室2厅 | 422平米 | 南 北 | 精装 | 3层 | 2011年建 | 板楼 | 双拼别墅,http://image1.ljcdn.com/310000-inspection/2c458298-9202-432a-ad2b-627c80da3226.jpg.296x216.jpg
20201223,浦东,唐镇,新挂牌，小区正中间位置，装修保养好。可预约看房！,3220万,4室2厅 | 292.62平米 | 南 | 精装 | 3层 | 2003年建 | 板楼 | 独栋别墅,http://image1.ljcdn.com/310000-inspection/ac875673-4bb6-485d-931c-48713d43cc70.jpg.296x216.jpg
20201223,浦东,唐镇,安静位置联排中间套，地上四层+地下两层，南北花园！,2500万,4室3厅 | 518.32平米 | 南 | 毛坯 | 4层 | 2015年建 | 板楼 | 联排别墅,http://image1.ljcdn.com/110000-inspection/be342af977b567b880ca94b6b2ee0677-078.jpg.296x216.jpg
20201223,浦东,唐镇,三层别墅，后带大花园，双南户型，一个车库和一个车位,880万,4室2厅 | 192.49平米 | 南 | 精装 | 1层 | 2004年建 | 板楼 | 联排别墅,http://image1.ljcdn.com/310000-inspection/rsp_pic_upload708bdc31-5368-4729-88b0-c46e301f43a5.jpg.296x216.jpg
20201223,浦东,唐镇,满五唯一，南面临河，拎包入住，两个车位。房主自荐,2900万,4室2厅 | 365.57平米 | 南 北 | 精装 | 中楼层(共5层) | 2012年建 | 板楼,http://image1.ljcdn.com/310000-inspection/ce9d7038-9176-434f-9f89-c34ad41a41dd.jpg.296x216.jpg
20201223,浦东,唐镇,此房满五唯一，业主诚意出售，看房也比较方便,730万,3室2厅 | 150平米 | 南 | 精装 | 低楼层(共11层) | 2011年建 | 板楼,http://image1.ljcdn.com/310000-inspection/de5e89b7-aefc-4922-bf53-8a84f5b03616.jpg.296x216.jpg
20201223,浦东,唐镇,占地800平，三期中间位置，毛坯随心装修,3000万,5室2厅 | 377.69平米 | 南 | 毛坯 | 3层 | 2008年建 | 板楼 | 独栋别墅,http://image1.ljcdn.com/shfdfs-image/20151222/8b07e749-c8c6-4500-b53b-11851d85a169.jpg.296x216.jpg
20201223,浦东,唐镇,保利商品房+保利物业+婚房装修+好位置高楼层+直接住新上,550万,2室2厅 | 89.58平米 | 南 | 精装 | 高楼层(共14层) | 2009年建 | 板楼,http://image1.ljcdn.com/x-se/hdic-frame/58be1c89-b28d-4bca-8b70-9770b438e7ba.png.296x216.jpg
20201223,浦东,唐镇,大湾名苑 1室1厅 南新上,208万,1室1厅 | 58.1平米 | 南 | 毛坯 | 高楼层(共6层) | 2011年建 | 板楼,http://image1.ljcdn.com/x-se/hdic-frame/fe0e90c9-4520-4761-8f82-12e824cefd13.png.296x216.jpg
20201223,浦东,唐镇,清水房，从未入住过，邻水独栋别墅,2950万,5室2厅 | 435.79平米 | 南 | 毛坯 | 3层 | 2008年建 | 板楼 | 独栋别墅,http://image1.ljcdn.com/shfdfs-image/20151227/60a4aee0-18ad-44de-b418-a7cece1ff62d.jpg.296x216.jpg
20201223,浦东,唐镇,700万装修带地暖，临河千平南花园，诚意出售,4500万,9室2厅 | 367.13平米 | 南 | 精装 | 3层 | 2003年建 | 板楼 | 独栋别墅,http://image1.ljcdn.com/shfdfs-image/20170616/819d1849-e484-4a50-82e6-07bd8444e663.jpg.296x216.jpg
20201223,浦东,唐镇,稀有一楼带2层地下室，带院子 诚意急卖,1800万,5室2厅 | 780平米 | 南 北 | 其他 | 11层 | 2015年建 | 板楼,http://image1.ljcdn.com/110000-inspection/44e838aa84cb0500eee97a433b786f02-088.jpg.296x216.jpg
20201223,浦东,唐镇,小区中间位置，中间楼层，精装修，保养的比较好房主自荐,650万,4室2厅 | 162.64平米 | 南 | 精装 | 中楼层(共6层) | 2004年建 | 板楼,
20201223,浦东,唐镇,花园洋房，中间位置，客厅面宽7.5米，满两年,1430万,3室2厅 | 170.3平米 | 北 南 | 精装 | 中楼层(共5层) | 2015年建 | 板楼,
20201223,浦东,唐镇,复式公寓，装修精致，看房方便，诚意出售，独特风格,225万,1室1厅 | 38.75平米 | 南 西 | 精装 | 中楼层(共22层)  | 塔楼,http://image1.ljcdn.com/x-se/hdic-frame/f0593c4d-592d-437b-9772-c7d659ee9566.png.296x216.jpg
20201223,浦东,唐镇,精装修，满五不唯一，自住，看房提前约房主自荐,950万,4室2厅 | 196.91平米 | 南 | 精装 | 1层 | 2004年建 | 板楼 | 联排别墅,http://image1.ljcdn.com/310000-inspection/f19df09b-0ab3-404c-a184-92343a4b8e6b.jpg.296x216.jpg
20201223,浦东,唐镇,仁恒东郊花园 4室2厅 南新上,1600万,4室2厅 | 178.2平米 | 南 | 精装 | 高楼层(共13层)  | 板楼,
20201223,浦东,唐镇,大名城紫金九号2期 3室2厅 南新上,1130万,3室2厅 | 127.34平米 | 南 | 毛坯 | 低楼层(共12层)  | 板楼,http://image1.ljcdn.com/x-se/hdic-frame/5addcc70-fdfe-4a5a-91d7-5e2f74fee947.jpg.296x216.jpg
20201223,浦东,唐镇,地铁上复式公寓，看房方便，精装修，看房方便,330万,2室2厅 | 59平米 | 西南 | 精装 | 高楼层(共26层) | 2016年建 | 塔楼,http://image1.ljcdn.com/x-se/hdic-frame/e16a4e64-fce3-4128-8aa1-a5f3dda68f52.png.296x216.jpg
20201223,浦东,唐镇,棕榈泉一期双临河大花园独栋别墅，毛坯户型，诚意出售,7200万,6室3厅 | 673.44平米 | 南 | 毛坯 | 3层 | 2003年建 | 板楼 | 独栋别墅,http://image1.ljcdn.com/shfdfs-image/20151226/bc21a87c-ba8e-4e1a-a947-13ed24724600.jpg.296x216.jpg
20201223,浦东,唐镇,04年房子，近地铁，满五唯一，税费少，业主诚意出售房主自荐,445万,2室2厅 | 95.76平米 | 南 | 毛坯 | 中楼层(共6层) | 2004年建 | 板楼,http://image1.ljcdn.com/110000-inspection/a712d296-46b1-41b7-aa1d-992e2d21e93f.jpeg.296x216.jpg
20201223,浦东,唐镇,阳光城魔都 1室1厅 东南,215万,1室1厅 | 39.76平米 | 东南 | 精装 | 中楼层(共26层) | 2016年建 | 塔楼,
20201223,浦东,唐镇,大三房六楼带阁楼，一手动迁，小区中间位置,518万,3室2厅 | 122.01平米 | 南 | 毛坯 | 高楼层(共6层) | 2008年建 | 板楼,http://image1.ljcdn.com/x-se/hdic-frame/cf676fa3-e236-412a-9ba1-77feee1f6d31.png.296x216.jpg
20201223,浦东,唐镇,顶楼带阁楼，使用空间大，一手动迁，税费少。,480万,3室2厅 | 114.6平米 | 南 | 简装 | 高楼层(共6层) | 2006年建 | 板楼,http://image1.ljcdn.com/x-se/hdic-frame/b6b5a44b-95e8-4014-a7b1-542733a4a9ce.png.296x216.jpg
20201223,浦东,唐镇,此房是一手动迁，大三房，看房提前约，业主诚心出售,455万,3室1厅 | 107.51平米 | 南 | 简装 | 高楼层(共6层) | 2002年建 | 板楼,http://image1.ljcdn.com/x-se/hdic-frame/b0b2585e-71c5-47a0-813b-f7fafd9681c0.png.296x216.jpg
20201223,浦东,唐镇,一手动迁，高楼层视野好，诚意出售房主自荐,360万,2室2厅 | 78.26平米 | 南 | 简装 | 中楼层(共14层) | 2014年建 | 板楼,http://image1.ljcdn.com/x-se/310000-frame/rsp_pic_upload46c27deb-71ea-4157-9bdd-0c80b65461e6.jpg.296x216.jpg
20201223,浦东,唐镇,唐镇总价低独栋别墅 满五唯一个税少 诚意出售,1850万,4室2厅 | 292.62平米 | 南 | 精装 | 3层 | 2003年建 | 板楼 | 独栋别墅,
20201223,浦东,唐镇,地铁2号线，复式精装修，诚意出售,215万,1室1厅 | 39.7平米 | 南 西 | 精装 | 中楼层(共26层) | 2016年建 | 塔楼,
20201223,浦东,唐镇,楼层好，前无遮挡，采光通风好，业主诚意卖,310万,1室1厅 | 60.08平米 | 南 | 简装 | 低楼层(共6层) | 2008年建 | 板楼,http://image1.ljcdn.com/x-se/310000-frame/5380fd21-8f9c-4ad3-9e83-eeaa9d304bb5.png.296x216.jpg
20201223,浦东,唐镇,一手动迁，税费少，小区中间位置，中楼层房主自荐,460万,3室2厅 | 126.51平米 | 南 | 毛坯 | 中楼层(共5层) | 2008年建 | 板楼,
20201223,浦东,唐镇,双南朝阳，楼层好，采光通风好，满五年税费少,215万,2室1厅 | 74.5平米 | 南 | 简装 | 中楼层(共6层) | 1995年建 | 板楼,
20201223,浦东,唐镇,满两年，景观位置楼层好  不靠路，4+1户型,1960万,4室2厅 | 220平米 | 南 北 | 精装 | 中楼层(共12层)  | 板楼,
20201223,浦东,唐镇,一手动迁的三房，两房朝南，双阳台，格局好,527万,3室2厅 | 123平米 | 南 北 | 毛坯 | 中楼层(共6层) | 2006年建 | 板楼,http://image1.ljcdn.com/x-se/hdic-frame/a9e419d6-c85c-4d62-87ac-0be4fd3fdf32.png.296x216.jpg
20201223,浦东,唐镇,两房，楼层好，位置好，通风采光也不错,438万,2室2厅 | 81.2平米 | 南 | 简装 | 中楼层(共6层) | 2008年建 | 板楼,http://image1.ljcdn.com/x-se/hdic-frame/7339dde1-57c9-453a-9d70-00a868f360a9.png.296x216.jpg
20201223,浦东,唐镇,此房满二唯一，楼层高视野佳，精装修,340万,3室2厅 | 88.11平米 | 南 | 简装 | 高楼层(共11层) | 2011年建 | 板楼,http://image1.ljcdn.com/x-se/hdic-frame/prod-f461d01b-872d-4933-a55c-8a45b98eb08f.png.296x216.jpg
20201223,浦东,唐镇,绿城品质 高绿化 诚意出售 绿城物业房主自荐,1970万,4室2厅 | 246.45平米 | 南 | 精装 | 低楼层(共12层) | 2013年建 | 板楼,http://image1.ljcdn.com/x-se/hdic-frame/4c5a5d48-d8f4-4fac-8cc6-40db63a441f4.png.296x216.jpg
20201223,浦东,唐镇,张江公馆，南北通风，可明火，一梯四户，品质小区房主自荐,480万,3室2厅 | 105.39平米 | 南 | 精装 | 高楼层(共25层)  | 板楼,http://image1.ljcdn.com/x-se/hdic-frame/prod-a69bbb62-67e0-4bb6-9ac4-e27835407a23.png.296x216.jpg
20201223,浦东,唐镇,中间位置 带花园 诚意急卖 看房方便,2800万,4室3厅 | 518.32平米 | 南 | 毛坯 | 4层 | 2014年建 | 板楼 | 联排别墅,http://image1.ljcdn.com/310000-inspection/1e70d765-c61e-48f5-a350-dbd8e361eeb9.jpg.296x216.jpg
20201223,浦东,唐镇,别墅在国际社区中用平均市场价去换购只能是你拥有房主自荐,980万,4室2厅 | 197.5平米 | 南 北 | 简装 | 1层 | 2004年建 | 板楼 | 联排别墅,http://image1.ljcdn.com/110000-inspection/c4d9f03921b824833c9cba6d6dc11ff7-075.jpg.296x216.jpg
20201223,浦东,唐镇,联排别墅，精装修，朝南，带车位和大花园房主自荐,950万,4室2厅 | 196.91平米 | 南 | 精装 | 1层 | 2004年建 | 板楼 | 联排别墅,http://image1.ljcdn.com/310000-inspection/4030bc37-5e54-49dc-b750-a3a9ee7266bc.jpg.296x216.jpg
20201223,浦东,唐镇,精装修商品房，满五年，小区中间位置房主自荐,850万,3室2厅 | 136平米 | 南 北 | 精装 | 低楼层(共17层) | 2011年建 | 板楼,http://image1.ljcdn.com/110000-inspection/8bdadbf1-7fa8-4adf-9c7a-04f0302fa69f.jpeg.296x216.jpg
20201223,浦东,唐镇,花园独栋 南北邻水 位置佳 户型正 毛坯 5房2厅,3100万,5室2厅 | 435.79平米 | 南 | 毛坯 | 3层 | 2008年建 | 板楼 | 独栋别墅,http://image1.ljcdn.com/shfdfs-image/20161231/f9d94056-b27c-496b-8a37-33842831d8d4.jpg.296x216.jpg
20201223,浦东,唐镇,小区中间位置，原始户型大花园，北进门南花园西临水,3000万,6室3厅 | 552.21平米 | 南 | 精装 | 2层 | 2005年建 | 板楼 | 独栋别墅,http://image1.ljcdn.com/shfdfs-image/20150814/3b816e48-b0b1-4cc8-8539-4952cd6178fb.jpg.296x216.jpg
20201223,浦东,唐镇,刚需户型 双开间朝南 满两年 视野好 诚意出售,600万,2室1厅 | 68平米 | 南 | 精装 | 中楼层(共18层) | 2018年建 | 板楼,http://image1.ljcdn.com/x-se/310000-frame/764b7d55-cf8b-45a5-9679-18cbce8f6f34.jpg.296x216.jpg
20201223,浦东,唐镇,国际社区独栋别墅，位置安静，大花园,4900万,7室3厅 | 534.89平米 | 北 | 精装 | 3层 | 2005年建 | 板楼 | 独栋别墅,http://image1.ljcdn.com/shfdfs-image/20160824/ffba35cb-f681-46ed-a16e-6c2266c0fbdd.jpg.296x216.jpg
20201223,浦东,唐镇,张江公馆 2室2厅 南,380万,2室2厅 | 71.43平米 | 南 | 精装 | 低楼层(共25层)  | 板楼,
20201223,浦东,唐镇,独占一岛！环水680平大户型，可传承临水大宅！,5800万,6室3厅 | 680.05平米 | 东 | 精装 | 3层 | 2006年建 | 板楼 | 独栋别墅,http://image1.ljcdn.com/shfdfs-image/20160827/affb08d0-a81d-429d-ab19-481fdfffe43c.jpg.296x216.jpg
20201223,浦东,唐镇,张江唐镇邻水大宅，棕榈泉二期A房，占地千平南花园,4300万,6室3厅 | 733.88平米 | 南 | 毛坯 | 3层 | 2004年建 | 板楼 | 独栋别墅,http://image1.ljcdn.com/shfdfs-image/20170119/fd287d5e-ad07-4dd9-8148-ee670a859d69.jpg.296x216.jpg
20201223,浦东,唐镇,绿城品质，景观视野，安静位置，有地暖，有车位房主自荐,1290万,3室2厅 | 139.4平米 | 北 南 | 精装 | 中楼层(共17层) | 2014年建 | 板楼,http://image1.ljcdn.com/110000-inspection/3c5805c4-e189-4551-a865-3c7f7cedfe9d.jpeg.296x216.jpg
20201223,浦东,唐镇,小联排，精装修，拎包入住，诚意出售，买入价高房主自荐,1550万,4室2厅 | 242平米 | 南 北 | 精装 | 3层 | 2010年建 | 板楼 | 联排别墅,http://image1.ljcdn.com/shfdfs-image/20160117/4bd23e48-3787-47d1-b67e-169d0f6a8235.jpg.296x216.jpg
20201223,浦东,唐镇,张江公馆 两房诚意出售 看房可预约,388万,2室2厅 | 71平米 | 南 | 简装 | 中楼层(共27层) | 2015年建 | 板楼,
20201223,浦东,唐镇,此房精装修，满五唯一，二房朝南，拎包入住房主自荐,270万,2室1厅 | 56.74平米 | 南 | 简装 | 中楼层(共6层) | 2004年建 | 板楼,http://image1.ljcdn.com/x-se/hdic-frame/b901e59c-b015-43aa-a86f-9bdf32f4bc35.png.296x216.jpg
20201223,浦东,唐镇,楼层高，视野好，配套方便，地铁2号线,200万,1室1厅 | 39平米 | 东南 | 其他 | 高楼层(共22层)  | 塔楼,
20201223,浦东,唐镇,小三房，带花园，位置好，不靠路,520万,3室2厅 | 96.8平米 | 南 北 | 毛坯 | 低楼层(共8层)  | 板楼,http://image1.ljcdn.com/x-se/hdic-frame/34943f98-a281-40bf-aa2f-b8b9df23a042.jpg.296x216.jpg
20201223,浦东,唐镇,小区品质好，楼层好，业主诚意出售，房型佳,500万,3室2厅 | 105.37平米 | 南 | 精装 | 中楼层(共25层)  | 板楼,
20201223,浦东,唐镇,星纪元 3房间2卫 250万,250万,2室1厅 | 47.7平米 | 南 | 其他 | 中楼层(共11层)  | 塔楼,
20201223,浦东,唐镇,近卡园 近菜场 近公交站简装两房 诚意出售 满五税费少,210万,2室1厅 | 77.64平米 | 南 | 简装 | 高楼层(共6层) | 1995年建 | 板楼,
20201223,浦东,唐镇,纯地上别墅，南进门南花园。精装修，权属干净,2600万,5室2厅 | 342.92平米 | 南 | 精装 | 2层 | 2005年建 | 板楼 | 独栋别墅,
20201223,浦东,唐镇,别墅位置 精品装修 看房方便 俯瞰别墅人生 高性价！,446万,2室2厅 | 89.21平米 | 南 北 | 精装 | 低楼层(共11层) | 2009年建 | 板楼,
20201223,浦东,唐镇,东边套采光好，满两年税费少，有车位，停车便利。,1890万,4室2厅 | 261平米 | 南 北 | 精装 | 15层 | 2015年建 | 板楼,http://image1.ljcdn.com/x-se/310000-frame/5243d2f7-2395-4e89-95b7-124bc2d90cf3.jpg_500x375.jpg.296x216.jpg
20201223,浦东,唐镇,品质电梯洋房，位置楼层好，采光好，业主诚心出售房主自荐,580万,3室2厅 | 121.98平米 | 南 | 毛坯 | 低楼层(共8层) | 2015年建 | 板楼,
20201223,浦东,唐镇,满2年，精装三房，现代简约风格，中 央空调带地暖,800万,3室2厅 | 87.75平米 | 南 | 精装 | 低楼层(共17层)  | 板楼,
20201223,浦东,唐镇,大三房，居住舒适采光好，视野佳,270万,3室1厅 | 93.78平米 | 南 | 简装 | 高楼层(共6层) | 1994年建 | 板楼,
20201223,浦东,唐镇,王港带花园两房，南北户型满五年，看房提前预约,320万,2室2厅 | 92.69平米 | 南 | 毛坯 | 低楼层(共5层) | 2006年建 | 板楼,
20201223,浦东,唐镇,精装修，满五唯一，南北双阳台，业主改成三房了,375万,2室2厅 | 87.88平米 | 南 | 精装 | 低楼层(共6层) | 2008年建 | 板楼,http://image1.ljcdn.com/x-se/hdic-frame/0161a4a7-8d52-4e37-8919-98f19c4558cf.png.296x216.jpg
20201223,浦东,唐镇,一手动迁，南北通透，阳光充足，位置优越,大三房,408万,3室2厅 | 118平米 | 北 南 | 毛坯 | 高楼层(共6层) | 2006年建 | 板楼,http://image1.ljcdn.com/x-se/shfdfs-image/20170514/6c8c6c56-0c06-48f8-a122-12ddf7b84c56.jpg.296x216.jpg
20201223,浦东,唐镇,目前小区唯一一套南北通户型，业主诚心卖,440万,2室1厅 | 87.25平米 | 南 | 毛坯 | 中楼层(共8层)  | 板楼,
20201223,浦东,唐镇,此房满两年，顶楼复式，南北视野开阔，无遮挡,1020万,3室2厅 | 150.4平米 | 南 | 精装 | 高楼层(共11层) | 2011年建 | 板楼,http://image1.ljcdn.com/x-se/310000-frame/8d050ef6-39c7-4e00-921a-9879adc4e759.jpg.296x216.jpg
20201223,浦东,唐镇,一楼带院子 户型南北 通风好 交通出行方便,420万,3室2厅 | 115.78平米 | 南 | 简装 | 低楼层(共6层) | 2006年建 | 板楼,http://image1.ljcdn.com/x-se/hdic-frame/21d84463-9131-4f15-9741-434ffca8c6f6.png.296x216.jpg
20201223,浦东,唐镇,唐镇三房，一手动迁，带一个花园，毛坯房，位置好，,480万,3室2厅 | 122.96平米 | 南 | 毛坯 | 低楼层(共6层) | 2008年建 | 板楼,
20201223,浦东,唐镇,上叠房源，满二年，采光好，精装修诚意出售！,2200万,5室2厅 | 368平米 | 南 | 精装 | 高楼层(共6层) | 2015年建 | 板楼,http://image1.ljcdn.com/110000-inspection/pc1_pqlz8ESMy_1.jpg.296x216.jpg
20201223,浦东,唐镇,金领别墅 品质保证 总高三层 采光良好 带车位新上,1800万,5室2厅 | 274.36平米 | 东南 南 | 精装 | 3层 | 2009年建 | 板楼 | 双拼别墅,http://image1.ljcdn.com/110000-inspection/pc1_21HxSST7Y_1.jpg.296x216.jpg
20201223,浦东,唐镇,一手动迁，南北通户型，产权清晰，安全交易,360万,3室1厅 | 82.15平米 | 南 | 简装 | 低楼层(共14层) | 2014年建 | 板楼,http://image1.ljcdn.com/110000-inspection/pc1_LxFADN6Jb_1.jpg.296x216.jpg
20201223,浦东,唐镇,精装修带地暖，产权车位，诚意出售新上,1300万,4室2厅 | 173.47平米 | 南 | 精装 | 低楼层(共12层) | 2013年建 | 板楼,http://image1.ljcdn.com/110000-inspection/pc1_rruynJjk9_1.jpg.296x216.jpg
20201223,浦东,唐镇,满五年唯一，位置好，楼层好，诚意出售，有钥匙房主自荐,303万,2室1厅 | 57.87平米 | 南 北 | 精装 | 中楼层(共6层) | 2009年建 | 板楼,http://image1.ljcdn.com/110000-inspection/pc1_IMcH9XMdS_1.jpg.296x216.jpg
20201223,浦东,唐镇,金领国际(公寓) 3室1厅 南房主自荐,470万,3室1厅 | 91.8平米 | 南 | 精装 | 中楼层(共11层) | 2011年建 | 板楼,http://image1.ljcdn.com/110000-inspection/pc1_QaVZsw9K3_1.jpg.296x216.jpg
20201223,浦东,唐镇,品质小区，人车分流，次新房。精装修,430万,2室2厅 | 86.7平米 | 南 | 精装 | 低楼层(共16层) | 2015年建 | 板楼,http://image1.ljcdn.com/110000-inspection/pc1_jHpokQGA0_1.jpg.296x216.jpg
20201223,浦东,唐镇,浦发精装两房，楼层位置俱佳，可拎包入住房主自荐,650万,2室1厅 | 68.27平米 | 南 | 精装 | 高楼层(共15层)  | 板楼,http://image1.ljcdn.com/110000-inspection/pc1_thV79e56W_1.jpg.296x216.jpg
20201223,浦东,唐镇,户型方正，楼层好，视野开阔，采光好,350万,2室2厅 | 90.04平米 | 南 | 简装 | 高楼层(共6层) | 2006年建 | 板楼,http://image1.ljcdn.com/110000-inspection/pc1_wzU09Tvjp_1.jpg.296x216.jpg
20201223,浦东,唐镇,满五唯一  小区中间位置，采光充足，交通方便。,290万,1室2厅 | 71.78平米 | 南 北 | 简装 | 低楼层(共11层) | 2011年建 | 板楼,http://image1.ljcdn.com/110000-inspection/pc1_agkxLaj8N_1.jpg.296x216.jpg
20201223,浦东,唐镇,南北 户型，南北卧室都带大飘窗，采光通风好,308万,2室1厅 | 75.09平米 | 南 | 简装 | 中楼层(共6层) | 2006年建 | 板楼,http://image1.ljcdn.com/110000-inspection/pc1_Y9or6ZtTF_1.jpg.296x216.jpg
20201223,浦东,唐镇,一手动迁，税费较少，采光充足，看房方便,283万,1室2厅 | 54.34平米 | 南 北 | 精装 | 高楼层(共6层) | 2008年建 | 板楼,http://image1.ljcdn.com/310000-inspection/pc1_r6o7Mrppl_1.jpg.296x216.jpg
20201223,浦东,唐镇,复式商品房的品质，精心装修，视野开阔小区中间位置,495万,4室2厅 | 140平米 | 南 北 | 精装 | 高楼层(共6层) | 2004年建 | 板楼,http://image1.ljcdn.com/310000-inspection/pc1_nZMdtqSAX_1.jpg.296x216.jpg
20201223,浦东,唐镇,绿城玉兰花园 高品质 带二个露台  精装修 带车位,2650万,3室2厅 | 268平米 | 南 | 精装 | 中楼层(共4层) | 2014年建 | 板楼,http://image1.ljcdn.com/110000-inspection/pc1_zwVmyTpwj_1.jpg.296x216.jpg
20201223,浦东,唐镇,低楼层 简装带花园 业主诚心出售,205万,1室1厅 | 50.35平米 | 南 | 精装 | 低楼层(共6层) | 2006年建 | 板楼,http://image1.ljcdn.com/110000-inspection/pc1_xh6a3L2Cb_1.jpg.296x216.jpg
20201223,浦东,唐镇,楼层好位置佳 精装修 税费少 家具家电全留房主自荐,370万,2室2厅 | 82.92平米 | 南 北 | 精装 | 中楼层(共6层) | 2006年建 | 板楼,http://image1.ljcdn.com/110000-inspection/pc1_2tXNfB88x_1.jpg.296x216.jpg
20201223,浦东,唐镇,方正户型，小区中间位置，精装采光好,230万,1室1厅 | 60.62平米 | 南 | 精装 | 高楼层(共6层) | 2006年建 | 板楼,http://image1.ljcdn.com/110000-inspection/pc1_15Wu2khcq_1.jpg.296x216.jpg
20201223,浦东,唐镇,采光通风好，产权清晰，满五唯一，税费少。,350万,2室2厅 | 85.89平米 | 南 | 精装 | 高楼层(共10层) | 2009年建 | 板楼,http://image1.ljcdn.com/110000-inspection/pc1_xG4r2hYoy_1.jpg.296x216.jpg
20201223,浦东,唐镇,正宗一房一厅纯毛坯可随心装修随时看房,205万,2室1厅 | 63.34平米 | 南 | 毛坯 | 中楼层(共6层) | 1995年建 | 板楼,http://image1.ljcdn.com/110000-inspection/pc1_6creIBzfu_1.jpg.296x216.jpg
20201223,浦东,唐镇,婚房装修，六楼带阁楼，满五唯一,620万,3室2厅 | 121.23平米 | 南 北 | 精装 | 高楼层(共6层) | 2004年建 | 板楼,http://image1.ljcdn.com/310000-inspection/prod-1d9535fd-aa0e-4b0b-9502-4d1b1a461944.jpg.296x216.jpg
20201223,浦东,唐镇,光明・唐镇壹号 3室2厅 南,580万,3室2厅 | 113平米 | 南 | 精装 | 低楼层(共16层) | 2015年建 | 板楼,http://image1.ljcdn.com/110000-inspection/pc1_PP5QozB54_1.jpg.296x216.jpg
20201223,浦东,唐镇,商品房小区，配套成熟，位置好。,430万,2室2厅 | 115.74平米 | 南 | 毛坯 | 低楼层(共6层) | 2004年建 | 板楼,http://image1.ljcdn.com/110000-inspection/pc1_6ArCgrcg8_1.jpg.296x216.jpg
20201223,浦东,唐镇,两室朝南，客厅带阳台，中间楼层,450万,2室2厅 | 86平米 | 南 | 精装 | 中楼层(共16层) | 2015年建 | 板楼,http://image1.ljcdn.com/110000-inspection/pc1_IeSHdz3Mz_1.jpg.296x216.jpg
20201223,浦东,唐镇,满五唯一 采光充足 税费少 得房率高 一改二好改房主自荐,199万,1室1厅 | 63.34平米 | 南 | 简装 | 高楼层(共6层) | 1995年建 | 板楼,http://image1.ljcdn.com/110000-inspection/pc1_AODjnVYz2_1.jpg.296x216.jpg
20201223,浦东,唐镇,位置好，楼层佳，看房方便，满五年唯一,259万,2室1厅 | 83.83平米 | 南 | 精装 | 高楼层(共6层) | 1999年建 | 板楼,http://image1.ljcdn.com/310000-inspection/prod-24b0a569-ff8f-4c12-8c1b-657d72a75ccd.jpg.296x216.jpg
20201223,浦东,唐镇,满五不唯一，南北通，热门楼层户型，视野开阔,360万,3室1厅 | 89.97平米 | 南 | 简装 | 中楼层(共11层) | 2009年建 | 板楼,http://image1.ljcdn.com/310000-inspection/prod-342eb4ca-78e0-4a3a-aea4-3f1150f7fb25.jpg.296x216.jpg
20201223,浦东,唐镇,装修精美舒适，可拎包入住，楼层位置好，视野开阔。,350万,1室2厅 | 71.09平米 | 南 | 精装 | 高楼层(共10层) | 2009年建 | 板楼,http://image1.ljcdn.com/310000-inspection/pc1_EDRv0uxun_1.jpg.296x216.jpg
20201223,浦东,唐镇,本房税少看房方便带花园 宜自住,230万,2室1厅 | 69.72平米 | 南 | 精装 | 低楼层(共6层) | 1995年建 | 板楼,http://image1.ljcdn.com/310000-inspection/pc1_mqtl35Nnh_1.jpg.296x216.jpg
20201223,浦东,唐镇,公馆大两房 非标户型 层高高 客厅宽 舒适宜居,850万,2室2厅 | 91.14平米 | 南 | 精装 | 低楼层(共10层)  | 板楼,http://image1.ljcdn.com/110000-inspection/pc1_hqJd92DLm_1.jpg.296x216.jpg
20201223,浦东,唐镇,一楼带院子，婚房精装修，适合一家人居家住,255万,2室2厅 | 66.46平米 | 南 北 | 精装 | 低楼层(共6层) | 1995年建 | 板楼,http://image1.ljcdn.com/110000-inspection/pc1_CkTl0aObs_1.jpg.296x216.jpg
20201223,浦东,唐镇,中叠，满俩年有车位 税费少 业主诚意出售 百万装修房主自荐,2050万,4室2厅 | 289平米 | 南 | 精装 | 中楼层(共6层) | 2015年建 | 板楼,http://image1.ljcdn.com/310000-inspection/prod-e0e1eb39-5d59-42ef-a070-c2c51684be15.jpg.296x216.jpg
20201223,浦东,唐镇,必看好房，值得入手，经济适用必看,215万,1室1厅 | 56.25平米 | 南 | 其他 | 低楼层(共6层) | 1994年建 | 板楼,http://image1.ljcdn.com/310000-inspection/test-1a09d88a-553a-4728-b01e-40c2049e4161.png.296x216.jpg
20201223,浦东,唐镇,全明户型 采光很好 前面无遮挡 品质小区 南北直通,455万,1室1厅 | 74.64平米 | 南 | 精装 | 高楼层(共15层) | 2009年建 | 板楼,http://image1.ljcdn.com/110000-inspection/pc1_ZjRxt3HfC_1.jpg.296x216.jpg
20201223,浦东,唐镇,满五唯一税费少 中间楼层 户型正气,555万,3室2厅 | 122.19平米 | 南 | 简装 | 中楼层(共6层) | 2004年建 | 板楼,http://image1.ljcdn.com/shfdfs-image/20170603/252a5f0d-c213-4794-a069-763a58a37df5.jpg.296x216.jpg
20201223,浦东,唐镇,房子产权清晰，可以随时交易。安静舒适，诚意急卖。,4200万,6室3厅 | 438平米 | 南 | 毛坯 | 4层 | 2015年建 | 板楼 | 双拼别墅,http://image1.ljcdn.com/shfdfs-image/20170623/7651b6dc-b613-4425-a32f-587665d11296.jpg.296x216.jpg
20201223,浦东,唐镇,二次买入，税费底，业主诚意出售,380万,2室2厅 | 71.38平米 | 南 | 精装 | 中楼层(共26层) | 2015年建 | 板楼,
20201223,浦东,唐镇,一楼带地下室的，带车位，精装修，使用面积大,1050万,6室4厅 | 212.84平米 | 南 北 | 精装 | 8层 | 2010年建 | 板楼,http://image1.ljcdn.com/x-se/310000-frame/7f36d8b2-0cc5-472d-b115-5cc92d2bcb69.jpg_600x450.jpg.296x216.jpg
20201223,浦东,唐镇,采光好，全南户型，精装修价格实惠诚意出售！,370万,2室2厅 | 71.2平米 | 南 | 精装 | 高楼层(共27层) | 2015年建 | 板楼,
20201223,浦东,唐镇,金唐公寓 2室2厅 南新上,386万,2室2厅 | 80.54平米 | 南 | 简装 | 高楼层(共6层) | 2006年建 | 板楼,http://image1.ljcdn.com/x-se/hdic-frame/c7c50112-f497-4561-99f6-7ad11a066a0c.png.296x216.jpg
20201223,浦东,唐镇,楼层好 户型正  诚意卖 随时看房  采光充足新上,538万,2室2厅 | 81.37平米 | 南 北 | 精装 | 低楼层(共11层) | 2009年建 | 板楼,http://image1.ljcdn.com/x-se/hdic-frame/2fdf86ff-dada-4b56-8859-8d5af95772f4.png.296x216.jpg
20201223,浦东,唐镇,楼层好，地段好，近地铁站，精装修,240万,2室1厅 | 47平米 | 南 | 精装 | 低楼层(共11层)  | 塔楼,
20201223,浦东,唐镇,金盛佳苑 2室1厅 南新上,310万,2室1厅 | 75.09平米 | 南 | 精装 | 中楼层(共6层) | 2006年建 | 板楼,http://image1.ljcdn.com/x-se/hdic-frame/c511a6f2-daec-4bc0-bde1-f2d5822f20c1.png.296x216.jpg
20201223,浦东,唐镇,金领国际(公寓) 2室2厅 南新上,360万,2室2厅 | 89.51平米 | 南 | 精装 | 高楼层(共11层) | 2009年建 | 板楼,http://image1.ljcdn.com/x-se/310000-frame/rsp_pic_upload361df7da-ebf1-4db9-b0d0-5ae7ae18fe29.jpg.296x216.jpg
20201223,浦东,唐镇,精装修，位置好，采光无遮挡，房东诚意出售，价格可谈,480万,3室1厅 | 105平米 | 南 | 精装 | 低楼层(共27层) | 2015年建 | 板楼,http://image1.ljcdn.com/x-se/hdic-frame/2be0a981-8910-4c99-ace6-d8da5b45a580.png.296x216.jpg
20201223,浦东,唐镇,张江公馆 2室2厅 南,390万,2室2厅 | 71.2平米 | 南 | 精装 | 低楼层(共27层) | 2015年建 | 板楼,http://image1.ljcdn.com/x-se/hdic-frame/prod-13ddf29f-bd5d-4f8a-8f3c-703f822617d8.png.296x216.jpg
20201223,浦东,唐镇,张江公馆，小区品质好，精装修2居，房型方正.房主自荐,370万,2室2厅 | 71.48平米 | 南 | 精装 | 高楼层(共27层) | 2015年建 | 板楼,
20201223,浦东,唐镇,高区景观层，观美景，业主诚意售。房主自荐,370万,2室2厅 | 71.43平米 | 南 | 精装 | 高楼层(共27层) | 2015年建 | 板楼,
20201223,浦东,唐镇,阳光城魔都 1室1厅 东,260万,1室1厅 | 44.64平米 | 东 | 精装 | 中楼层(共22层)  | 塔楼,
20201223,浦东,唐镇,金利公寓 2室1厅 南,375万,2室1厅 | 77.67平米 | 南 | 精装 | 高楼层(共6层) | 2008年建 | 板楼,http://image1.ljcdn.com/x-se/hdic-frame/a00edb75-9bb9-4c33-88a1-5f7256fde023.png.296x216.jpg
20201223,浦东,唐镇,张江公馆。有燃气。诚意出售。看房方便,385万,2室2厅 | 71.4平米 | 南 | 精装 | 中楼层(共26层) | 2015年建 | 板楼,
20201223,浦东,唐镇,张江公馆 3室2厅 南,448万,3室2厅 | 105.21平米 | 南 | 精装 | 中楼层(共27层) | 2015年建 | 板楼,
20201223,浦东,唐镇,近地铁，商场边，精装修，边套多扇窗，采光好房主自荐,205万,1室1厅 | 37.97平米 | 北 | 其他 | 中楼层(共11层) | 2017年建 | 暂无数据,http://image1.ljcdn.com/x-se/hdic-frame/prod-b35d517c-32c0-4b3f-8ed8-a7340d407165.png.296x216.jpg
20201223,浦东,唐镇,阳光城魔都 1室1厅 东南,220万,1室1厅 | 44.31平米 | 东南 | 精装 | 低楼层(共26层) | 2016年建 | 塔楼,
20201223,浦东,唐镇,星纪元 2室1厅 南 北,240万,2室1厅 | 48平米 | 南 北 | 其他 | 中楼层(共11层) | 2017年建 | 暂无数据,
20201223,浦东,唐镇,阳光城魔都 1室1厅 西南,210万,1室1厅 | 39平米 | 西南 | 精装 | 低楼层(共22层) | 2016年建 | 塔楼,
20201223,浦东,唐镇,楼层好，地段好，业主诚意出售，,210万,2室1厅 | 47平米 | 北 | 精装 | 中楼层(共11层)  | 塔楼,
20201223,浦东,唐镇,金领国际(公寓) 2室2厅 南,300万,2室2厅 | 71.42平米 | 南 | 简装 | 中楼层(共11层) | 2009年建 | 板楼,http://image1.ljcdn.com/x-se/hdic-frame/b96bafbf-1b53-441f-ab62-82bb03292b74.png.296x216.jpg
20201223,浦东,唐镇,恒生万鹂商业广场 2室1厅 南,330万,2室1厅 | 62平米 | 南 | 其他 | 低楼层(共13层) | 2018年建 | 板楼,
20201223,浦东,唐镇,18年的新装修，原始3房，有单独的阁楼可以出租或出售,440万,3室1厅 | 90.26平米 | 南 | 精装 | 高楼层(共6层) | 1999年建 | 板楼,http://image1.ljcdn.com/x-se/hdic-frame/test-58b2daf7-1191-47d6-942f-452894f3ad71.png.296x216.jpg
20201223,浦东,唐镇,阳光城魔都 1室1厅 北,235万,1室1厅 | 44平米 | 北 | 其他 | 高楼层(共26层) | 2016年建 | 塔楼,
20201223,浦东,唐镇,华昌小区 3室2厅 南 北,310万,3室2厅 | 94.21平米 | 南 北 | 精装 | 低楼层(共6层) | 1995年建 | 板楼,http://image1.ljcdn.com/110000-inspection/5249cbef-b12b-4a62-ad6c-64b7f74e4d1d.jpeg.296x216.jpg
20201223,浦东,唐镇,非居，有钱就可以买，中间楼层，2梯四户两房朝南,380万,2室1厅 | 71.43平米 | 南 | 精装 | 中楼层(共27层) | 2015年建 | 板楼,
20201223,浦东,唐镇,商场边 近地铁 使用灵活  单价低 户型别致 诚售,580万,4室4厅 | 151.48平米 | 南 北 | 精装 | 高楼层(共11层)  | 塔楼,
20201223,浦东,唐镇,阳光城魔都 1室1厅 东南,225万,1室1厅 | 44平米 | 东南 | 精装 | 高楼层(共22层)  | 塔楼,
20201223,浦东,唐镇,高区景观层，居舒适，可观美景，,480万,3室2厅 | 105平米 | 南 | 精装 | 高楼层(共27层) | 2015年建 | 板楼,
20201223,浦东,唐镇,此房2017年商品房，户型格局好，楼层好，视野好,500万,2室1厅 | 88.39平米 | 南 | 毛坯 | 高楼层(共8层)  | 板楼,http://image1.ljcdn.com/x-se/hdic-frame/aa675b30-154c-4e79-b3b9-77265bff9184.png.296x216.jpg
20201223,浦东,唐镇,阳光城魔都 1室1厅 南,200万,1室1厅 | 40平米 | 南 | 其他 | 中楼层(共26层) | 2016年建 | 塔楼,
20201223,浦东,唐镇,金利公寓 1室1厅 南,280万,1室1厅 | 54.34平米 | 南 | 简装 | 高楼层(共6层) | 2008年建 | 板楼,http://image1.ljcdn.com/x-se/hdic-frame/29ce9a76-20dc-4230-bdf6-f98b64f0902f.png.296x216.jpg
20201223,浦东,唐镇,阳光城魔都 1室1厅 南,250万,1室1厅 | 43.74平米 | 南 | 其他 | 中楼层(共26层) | 2016年建 | 塔楼,
20201223,浦东,唐镇,星纪元 1室1厅 南,200万,1室1厅 | 40平米 | 南 | 精装 | 中楼层(共11层)  | 暂无数据,
20201223,浦东,唐镇,星纪元 1室1厅 西 北,184万,1室1厅 | 40平米 | 西 北 | 其他 | 中楼层(共11层)  | 塔楼,
20201223,浦东,唐镇,精装修  落地窗 视野佳 房型好,235万,1室1厅 | 44.48平米 | 西南 | 精装 | 中楼层(共22层)  | 塔楼,http://image1.ljcdn.com/x-se/hdic-frame/bb830274-9f59-4f90-a562-9e992bcadd27.png.296x216.jpg
20201223,浦东,唐镇,星纪元 4室2厅 南,450万,4室2厅 | 97平米 | 南 | 精装 | 高楼层(共11层)  | 塔楼,
20201223,浦东,唐镇,星纪元 2室1厅 南,230万,2室1厅 | 47.7平米 | 南 | 精装 | 中楼层(共11层)  | 塔楼,
20201223,浦东,唐镇,精装  边套 朝南 靠花园 楼层好 近盒马房主自荐,210万,2室1厅 | 48平米 | 南 | 精装 | 中楼层(共11层)  | 暂无数据,
20201223,浦东,唐镇,阳光城魔都 1室1厅 东 南,250万,1室1厅 | 39.98平米 | 东 南 | 精装 | 高楼层(共22层)  | 塔楼,
20201223,浦东,唐镇,星纪元 2室1厅 南,210万,2室1厅 | 47平米 | 南 | 其他 | 中楼层(共11层)  | 塔楼,
20201223,浦东,唐镇,此房户型正气，得房率高，使用面积大，不用多爬楼,380万,2室2厅 | 95.63平米 | 南 | 简装 | 低楼层(共6层) | 2004年建 | 板楼,http://image1.ljcdn.com/x-se/310000-frame/2ac4dc00-f3c3-4c4d-af07-9dbe2407f2e5.png.296x216.jpg
20201223,浦东,唐镇,精装修，位置好，采光无遮挡，房东诚意出售，价格可谈,425万,3室2厅 | 105平米 | 南 | 精装 | 低楼层(共27层) | 2015年建 | 板楼,
20201223,浦东,唐镇,阳光城魔都 1室1厅 南,210万,1室1厅 | 38.77平米 | 南 | 精装 | 中楼层(共26层) | 2016年建 | 塔楼,
20201223,浦东,唐镇,星纪元 2室1厅 南,225万,2室1厅 | 47.93平米 | 南 | 其他 | 中楼层(共11层)  | 塔楼,
20201223,浦东,唐镇,阳光城魔都 1室2厅 西南,325万,1室2厅 | 60平米 | 西南 | 精装 | 高楼层(共22层)  | 暂无数据,http://image1.ljcdn.com/x-se/hdic-frame/082588aa-932a-4be9-bbf4-d53b3744c8d9.png.296x216.jpg
20201223,浦东,唐镇,阳光城魔都 1室1厅 西,320万,1室1厅 | 59.59平米 | 西 | 其他 | 高楼层(共26层) | 2016年建 | 塔楼,
20201223,浦东,唐镇,星纪元 4房间2卫 265万,265万,2室2厅 | 47平米 | 南 | 其他 | 中楼层(共11层)  | 塔楼,
20201223,浦东,唐镇,阳光城魔都 2室2厅 东,290万,2室2厅 | 59.32平米 | 东 | 其他 | 中楼层(共26层) | 2016年建 | 塔楼,
20201223,浦东,唐镇,星纪元 2室1厅 南,235万,2室1厅 | 48平米 | 南 | 其他 | 中楼层(共11层) | 2017年建 | 暂无数据,
20201223,浦东,唐镇,恒生万鹂商业广场 2室1厅 南,170万,2室1厅 | 35.51平米 | 南 | 其他 | 低楼层(共13层) | 2018年建 | 板楼,
20201223,浦东,唐镇,星纪元 2室1厅 南,210万,2室1厅 | 47平米 | 南 | 其他 | 中楼层(共11层) | 2017年建 | 暂无数据,
20201223,浦东,唐镇,张江公馆 3室2厅 南 北,515万,3室2厅 | 105.3平米 | 南 北 | 其他 | 高楼层(共26层)  | 板楼,
