20201223,普陀,长风,地铁边南北带花园，自住出租两相宜必看好房,299万,2室1厅 | 47.09平米 | 南 北 | 简装 | 低楼层(共6层) | 1982年建 | 板楼,http://image1.ljcdn.com/110000-inspection/fce4eb3f-056c-4fe3-b3cc-2dc5fd777521_1000.jpg.296x216.jpg
20201223,普陀,长风,二期 上海实验幼儿园加持，新普陀梅陇组合。顶复阁楼必看好房,640万,2室1厅 | 92.14平米 | 南 | 简装 | 高楼层(共6层) | 2000年建 | 板楼,http://image1.ljcdn.com/110000-inspection/pc1_b2rdZPY1m_1.jpg.296x216.jpg
20201223,普陀,长风,中间楼层，满五唯一，签约业主随时到场必看好房,525万,2室1厅 | 72.11平米 | 南 | 简装 | 中楼层(共6层) | 1999年建 | 板楼,http://image1.ljcdn.com/110000-inspection/pc1_ZJxN7epjK_1.jpg.296x216.jpg
20201223,普陀,长风,南北小三房，中间楼层，房型正气，无遮挡必看好房,590万,3室1厅 | 81.47平米 | 南 北 | 简装 | 中楼层(共6层) | 1995年建 | 板楼,
20201223,普陀,长风,15年次新房，底层大复式，别墅式的居住体验，3层！,3600万,5室4厅 | 687.56平米 | 南 | 精装 | 低楼层(共22层) | 2014年建 | 板楼,http://image1.ljcdn.com/110000-inspection/pc1_Lj3Fn1b2d_1.jpg.296x216.jpg
20201223,普陀,长风,申汉小区公园畔，地铁300米，采光好，中间楼层两房,438万,2室1厅 | 69.28平米 | 南 | 简装 | 中楼层(共7层)  | 板楼,http://image1.ljcdn.com/110000-inspection/32c71382-026a-44b6-9a3a-288fb9e82398_1000.jpg.296x216.jpg
20201223,普陀,长风,怒江苑 3室3厅 南,598万,3室3厅 | 77.44平米 | 南 | 简装 | 高楼层(共6层) | 1999年建 | 板楼,http://image1.ljcdn.com/110000-inspection/pc1_Db6DO03jh_1.jpg.296x216.jpg
20201223,普陀,长风,普陀长风板块，稀有次新房，3层大复，中  央空调新上,3000万,6室2厅 | 506.51平米 | 南 | 精装 | 低楼层(共22层) | 2014年建 | 板楼,http://image1.ljcdn.com/110000-inspection/pc1_L3G0XC5nd.jpg.296x216.jpg
20201223,普陀,长风,婚房装修  边套全明  诚意出售 近13，15号线新上,390万,1室1厅 | 53.98平米 | 南 | 精装 | 中楼层(共6层) | 1999年建 | 板楼,http://image1.ljcdn.com/110000-inspection/pc1_sZvrC14Vt_1.jpg.296x216.jpg
20201223,普陀,长风,豪家沽酒长安陌，一旦起楼高百尺！！！高区采光好,570万,3室1厅 | 98.86平米 | 南 | 简装 | 中楼层(共18层) | 1997年建 | 塔楼,http://image1.ljcdn.com/310000-inspection/prod-8f44e3e1-a19b-4c21-b1b2-02bab1867360.jpg.296x216.jpg
20201223,普陀,长风,售后公房 满五唯一 中间楼层 产权清晰 精装修拎包入住,380万,2室1厅 | 38.82平米 | 南 | 精装 | 高楼层(共4层)  | 暂无数据,http://image1.ljcdn.com/110000-inspection/pc1_sreDNBCdd_1.jpg.296x216.jpg
20201223,普陀,长风,18年14万精装修   房东把户型改的很好   投Z自住,242万,1室1厅 | 39.8平米 | 南 | 精装 | 高楼层(共6层) | 1988年建 | 板楼,http://image1.ljcdn.com/110000-inspection/53517ad3-9f7c-434f-be20-84e07c1b3279_1000.jpg.296x216.jpg
20201223,普陀,长风,售后公房满五唯一，三开间朝南户型方正房东诚意卖,480万,3室1厅 | 90.44平米 | 南 | 简装 | 高楼层(共7层) | 1980年建 | 板楼,http://image1.ljcdn.com/110000-inspection/be1e5bb5-d9e9-4ceb-b25f-d9b091d16bdf_1000.jpg.296x216.jpg
20201223,普陀,长风,地铁复式房，满五唯一，双大露台， 带两个固定车位！,850万,3室2厅 | 140.87平米 | 南 | 精装 | 高楼层(共6层) | 1997年建 | 板楼,http://image1.ljcdn.com/310000-inspection/prod-84f0e51a-81dd-47e4-896c-61768a0d0bee.jpg.296x216.jpg
20201223,普陀,长风,此房满五年，户型方正，满五年，一房小厅，视野好。,233万,1室1厅 | 42.28平米 | 南 北 | 精装 | 高楼层(共6层)  | 板楼,http://image1.ljcdn.com/110000-inspection/pc1_aXECrDqqV_1.jpg.296x216.jpg
20201223,普陀,长风,金玉苑二期  一梯一户大复式，顶天立地 位置安静舒适,950万,4室2厅 | 144.96平米 | 南 | 简装 | 高楼层(共7层) | 2000年建 | 板楼,http://image1.ljcdn.com/110000-inspection/7d0b4266-9dce-4414-9d51-527e07ca25db_1000.jpg.296x216.jpg
20201223,普陀,长风,临河而居 2000年房龄 户型方正 采光无遮挡 满五唯一,820万,3室2厅 | 125平米 | 南 | 简装 | 高楼层(共7层) | 2001年建 | 板楼,http://image1.ljcdn.com/110000-inspection/pc1_LXmsv6xpt_1.jpg.296x216.jpg
20201223,普陀,长风,13，15号线大渡河路站200米  满五唯一 无增值税个税房主自荐,570万,2室2厅 | 102.47平米 | 南 | 简装 | 高楼层(共7层)  | 板楼,http://image1.ljcdn.com/110000-inspection/3d4a9a9b-4f8e-4d81-b219-147d6e266ba1_1000.jpg.296x216.jpg
20201223,普陀,长风,普陀长风板块，稀有次新房大2房，带大阳台，全屋地暖,1260万,2室2厅 | 125.96平米 | 南 | 精装 | 低楼层(共22层) | 2014年建 | 板楼,http://image1.ljcdn.com/110000-inspection/pc1_L9RBh2Ogv_1.jpg.296x216.jpg
20201223,普陀,长风,近长风公园，长风大悦城，配套设施齐全，交通便利,520万,3室1厅 | 76.01平米 | 南 | 简装 | 高楼层(共6层) | 1989年建 | 板楼,http://image1.ljcdn.com/110000-inspection/pc1_gmkiuac9g_1.jpg.296x216.jpg
20201223,普陀,长风,两南一北三房！厅南北通透 精装修拎包入住！随时看房,785万,3室2厅 | 112平米 | 南 北 | 精装 | 高楼层(共7层) | 1998年建 | 板楼,http://image1.ljcdn.com/110000-inspection/pc1_MaR4wSsSC_1.jpg.296x216.jpg
20201223,普陀,长风,新普陀双南两房 全明户型 业主诚售 敬请品鉴,570万,2室1厅 | 85.47平米 | 南 | 简装 | 高楼层(共6层) | 1997年建 | 板楼,http://image1.ljcdn.com/110000-inspection/pc1_zwpuD8oI3_1.jpg.296x216.jpg
20201223,普陀,长风,全明户型 楼层好 采光明亮 售后公房,625万,2室2厅 | 84.7平米 | 南 北 | 简装 | 低楼层(共6层) | 1997年建 | 板楼,http://image1.ljcdn.com/110000-inspection/pc1_8sWC2pOB0_1.jpg.296x216.jpg
20201223,普陀,长风,售后公房！曹二电梯三房,中间楼层,看房随时,业主诚意!房主自荐,405万,3室1厅 | 64.56平米 | 南 | 简装 | 中楼层(共17层) | 1985年建 | 塔楼,http://image1.ljcdn.com/310000-inspection/pc1_93L5bbECl_1.jpg.296x216.jpg
20201223,普陀,长风,中江小区 2室1厅 南 北,491万,2室1厅 | 65.79平米 | 南 北 | 简装 | 低楼层(共6层) | 1999年建 | 板楼,http://image1.ljcdn.com/110000-inspection/e7bcaaf0-5456-40d5-a839-ceb27b95c513_1000.jpg.296x216.jpg
20201223,普陀,长风,桂巷大楼，朝南小两方，售后公房，有大露台。房主自荐,330万,2室1厅 | 47.12平米 | 南 | 简装 | 高楼层(共17层) | 1989年建 | 塔楼,http://image1.ljcdn.com/110000-inspection/pc1_0LwYOmdRq_1.jpg.296x216.jpg
20201223,普陀,长风,公园畔，地铁300米，采光好，双南两房，采光好,580万,2室2厅 | 101.86平米 | 南 | 简装 | 低楼层(共31层) | 1990年建 | 塔楼,http://image1.ljcdn.com/110000-inspection/pc1_a4Zg7Og7z_1.jpg.296x216.jpg
20201223,普陀,长风,地铁一百米，三线交汇，一梯两户，面宽大，采光好。,820万,2室2厅 | 108.24平米 | 南 | 简装 | 低楼层(共11层) | 2000年建 | 板楼,http://image1.ljcdn.com/310000-inspection/prod-33e6940a-6c0b-4332-9d92-fbc5e8822cf6.jpg.296x216.jpg
20201223,普陀,长风,中信泰富旁 梅北全明户型  精装修诚售 业主诚售房主自荐,268万,1室1厅 | 45.24平米 | 南 | 精装 | 高楼层(共6层) | 1993年建 | 板楼,http://image1.ljcdn.com/310000-inspection/pc1_XvvgOl66D_1.jpg.296x216.jpg
20201223,普陀,长风,南北两房 有地铁 长风公园 诚意出售可随时看房,278万,2室1厅 | 41.99平米 | 南 | 简装 | 高楼层(共6层) | 1986年建 | 板楼,http://image1.ljcdn.com/110000-inspection/28113ded-cb4d-4c11-977c-bdab9cd38336_1000.jpg.296x216.jpg
20201223,普陀,长风,长风公园，3/4/13/15号线，怒江菜市场，月星环球港,263万,1室1厅 | 41.41平米 | 南 | 简装 | 中楼层(共6层) | 1986年建 | 板楼,http://image1.ljcdn.com/110000-inspection/3d305fab-a27c-4124-8276-6a76d62dbc9a_1000.jpg.296x216.jpg
20201223,普陀,长风,华师大一村 1室1厅 南,422万,1室1厅 | 43.9平米 | 南 | 精装 | 中楼层(共6层) | 1992年建 | 板楼,http://image1.ljcdn.com/110000-inspection/pc1_rHO96OyEx_1.jpg.296x216.jpg
20201223,普陀,长风,好房等您品鉴 采光好 全明无遮挡 户型方正无浪费,554万,3室1厅 | 80.95平米 | 南 | 简装 | 高楼层(共6层) | 1994年建 | 板楼,http://image1.ljcdn.com/110000-inspection/550c915e-aa45-446c-9998-f21558275cf0_1000.jpg.296x216.jpg
20201223,普陀,长风,长风一村小区 2室0厅 南,280万,2室0厅 | 44.58平米 | 南 | 精装 | 中楼层(共7层) | 1980年建 | 板楼,http://image1.ljcdn.com/110000-inspection/pc1_wmnd0O5ng_1.jpg.296x216.jpg
20201223,普陀,长风,小区在售唯一全明三房,业主诚意！,470万,3室1厅 | 67.05平米 | 南 北 | 简装 | 高楼层(共6层) | 1982年建 | 板楼,http://image1.ljcdn.com/110000-inspection/1cf10baf-547c-42f9-b1b5-cdd92c2ed631_1000.jpg.296x216.jpg
20201223,普陀,长风,梅北小区 1室1厅 南,290万,1室1厅 | 44.81平米 | 南 | 精装 | 中楼层(共6层) | 1993年建 | 板楼,http://image1.ljcdn.com/110000-inspection/e24b79a2-ee4d-4801-85b2-3065a7c1c52c_1000.jpg.296x216.jpg
20201223,普陀,长风,双地铁 南北通 全明户型 采光好 环境好,650万,3室1厅 | 101.49平米 | 南 | 简装 | 低楼层(共30层)  | 板楼,http://image1.ljcdn.com/310000-inspection/test-16604368-0d89-4fdd-9094-fe57bf78306e.png.296x216.jpg
20201223,普陀,长风,长风公园，3/4/13/15号线，怒江菜市场，月星环球港,580万,3室1厅 | 88.3平米 | 南 北 | 精装 | 中楼层(共6层) | 1995年建 | 板楼,http://image1.ljcdn.com/110000-inspection/7ce96f8e-6f07-4576-875e-b60c11575348_1000.jpg.296x216.jpg
20201223,普陀,长风,书香名第 3室2厅 南房主自荐,948万,3室2厅 | 142.45平米 | 南 | 精装 | 高楼层(共7层) | 2005年建 | 板楼,http://image1.ljcdn.com/110000-inspection/pc1_b1pW4fLEE.jpg.296x216.jpg
20201223,普陀,长风,双南一北，通风格局，楼层好，视野宽阔，采光好电梯房,550万,3室0厅 | 92.12平米 | 南 | 简装 | 低楼层(共14层) | 1984年建 | 塔楼,http://image1.ljcdn.com/110000-inspection/pc1_SBJ2yFUUT_1.jpg.296x216.jpg
20201223,普陀,长风,华师大一村 2室1厅 南,568万,2室1厅 | 58.05平米 | 南 | 简装 | 中楼层(共6层) | 1992年建 | 板楼,http://image1.ljcdn.com/110000-inspection/pc1_qhqjAiQqW_1.jpg.296x216.jpg
20201223,普陀,长风,电梯朝南小户型，户型方正，有露台，诚意出售房主自荐,280万,2室1厅 | 40.93平米 | 南 | 简装 | 高楼层(共17层) | 1989年建 | 塔楼,http://image1.ljcdn.com/110000-inspection/pc1_ayZXL8e2I_1.jpg.296x216.jpg
20201223,普陀,长风,此房屋为售后公房，满五唯一，全龄社区，全明社区,520万,2室2厅 | 86.16平米 | 东南 南 | 简装 | 低楼层(共24层) | 1997年建 | 塔楼,http://image1.ljcdn.com/110000-inspection/pc1_CLSrc8eAM_1.jpg.296x216.jpg
20201223,普陀,长风,双南大两房   小区中间  户型正气,480万,2室1厅 | 54.59平米 | 南 | 简装 | 中楼层(共6层) | 1957年建 | 板楼,http://image1.ljcdn.com/110000-inspection/pc1_3BH2GcsB4_1.jpg.296x216.jpg
20201223,普陀,长风,长风一村小区 2室0厅 南,375万,2室0厅 | 62平米 | 南 | 精装 | 高楼层(共6层) | 1980年建 | 板楼,http://image1.ljcdn.com/110000-inspection/pc1_reNcnNOkB_1.jpg.296x216.jpg
20201223,普陀,长风,近长风公园，长风大悦城，配套设施齐全，交通便利,248万,1室1厅 | 37.61平米 | 南 | 精装 | 高楼层(共6层) | 1989年建 | 板楼,http://image1.ljcdn.com/110000-inspection/0245877f-f64a-4627-8bc2-7e9a2d4874c1_1000.jpg.296x216.jpg
20201223,普陀,长风,长风一村小区 1室1厅 南,235万,1室1厅 | 39.99平米 | 南 | 其他 | 高楼层(共6层) | 1980年建 | 板楼,http://image1.ljcdn.com/110000-inspection/pc1_vPsCyWNGJ_1.jpg.296x216.jpg
20201223,普陀,长风,长风一村小区 1室1厅 南,238万,1室1厅 | 39.99平米 | 南 | 其他 | 高楼层(共7层) | 1980年建 | 板楼,http://image1.ljcdn.com/110000-inspection/pc1_6FOCCICj0_1.jpg.296x216.jpg
20201223,普陀,长风,中间楼层+新普陀+梅陇+近15号线+看房随时,470万,2室1厅 | 63.06平米 | 南 | 简装 | 低楼层(共7层) | 1995年建 | 板楼,http://image1.ljcdn.com/110000-inspection/81ba85a0-2978-45aa-9680-66bf68797712_1000.jpg.296x216.jpg
20201223,普陀,长风,宋家滩小区 1室1厅 南,215万,1室1厅 | 27.97平米 | 南 | 其他 | 中楼层(共6层) | 1989年建 | 板楼,http://image1.ljcdn.com/110000-inspection/pc1_mbfu3zGr2_1.jpg.296x216.jpg
20201223,普陀,长风,芝巷小区 满五唯一，无抵押无贷款，可拎包入住！房主自荐,325万,1室0厅 | 33.41平米 | 南 | 精装 | 高楼层(共6层) | 1994年建 | 板楼,http://image1.ljcdn.com/110000-inspection/pc1_tM0iVgrxg_1.jpg.296x216.jpg
20201223,普陀,长风,华师大一村 2室1厅 南 北,450万,2室1厅 | 49.5平米 | 南 北 | 精装 | 高楼层(共6层) | 1980年建 | 板楼,http://image1.ljcdn.com/110000-inspection/pc1_DZXLOBr5H_1.jpg.296x216.jpg
20201223,普陀,长风,满五唯一，楼层好位置好，近双地铁，近长风公园,475万,2室2厅 | 78.95平米 | 南 北 | 精装 | 高楼层(共7层)  | 板楼,http://image1.ljcdn.com/110000-inspection/pc1_GpJhWhZ6Y_1.jpg.296x216.jpg
20201223,普陀,长风,一梯一户 30的平大露台 有停车位 带超大阳台,738万,3室2厅 | 106.98平米 | 南 | 精装 | 高楼层(共6层) | 1999年建 | 板楼,http://image1.ljcdn.com/310000-inspection/23efd6db-cb2b-4ee8-8ca7-6119f7a8543b_1000.jpg.296x216.jpg
20201223,普陀,长风,长风公园大三房 南北通 户型方正 价格实在,825万,3室2厅 | 134平米 | 南 北 | 精装 | 低楼层(共7层) | 1998年建 | 板楼,http://image1.ljcdn.com/110000-inspection/pc1_eiFHVBlEi.jpg.296x216.jpg
20201223,普陀,长风,复式，一楼复二楼，带车库，得房率高，带花园，诚售。,1520万,7室2厅 | 295平米 | 南 | 简装 | 低楼层(共4层) | 1997年建 | 暂无数据,http://image1.ljcdn.com/110000-inspection/pc1_EL3oMOzfk_1.jpg.296x216.jpg
20201223,普陀,长风,一梯两户二房！全明的 随时看房诚意出售,435万,2室1厅 | 70.4平米 | 南 | 简装 | 高楼层(共6层) | 1998年建 | 板楼,http://image1.ljcdn.com/110000-inspection/pc1_cAwMrIFaF_2.jpg.296x216.jpg
20201223,普陀,长风,魔都普陀风光，还看长风，另外多不记产证6-8平方面积,1108万,3室2厅 | 145.26平米 | 南 | 简装 | 中楼层(共9层) | 2002年建 | 板楼,http://image1.ljcdn.com/110000-inspection/d8e5b105-7679-40ed-bc8f-25edaf4f5e88_1000.jpg.296x216.jpg
20201223,普陀,长风,南北三房 婚房装修 满五唯一 13号线,435万,3室1厅 | 63.1平米 | 南 北 | 精装 | 高楼层(共6层) | 1983年建 | 板楼,http://image1.ljcdn.com/110000-inspection/pc1_RrP7LYMNx_1.jpg.296x216.jpg
20201223,普陀,长风,大三房 双南一北 厅南北通！一梯两户！,955万,3室2厅 | 134.33平米 | 南 北 | 精装 | 中楼层(共7层) | 1998年建 | 板楼,http://image1.ljcdn.com/110000-inspection/pc1_2Y28oVM8V_1.jpg.296x216.jpg
20201223,普陀,长风,南北通透大两房，带两个固定的停车位 房型好交通便捷,680万,2室2厅 | 98.03平米 | 南 北 | 简装 | 高楼层(共6层) | 1997年建 | 板楼,http://image1.ljcdn.com/110000-inspection/pc1_770WOrnFt_1.jpg.296x216.jpg
20201223,普陀,长风,环球港大三房 户型方正 采光良好房主自荐,465万,3室1厅 | 87.06平米 | 南 | 简装 | 高楼层(共7层) | 1980年建 | 板楼,http://image1.ljcdn.com/110000-inspection/ba066cfc-c0e1-407a-a2cd-c4135198d68e_1000.jpg.296x216.jpg
20201223,普陀,长风,售后公房 满五不唯一  一梯2户 业主急卖 看房方便,520万,2室2厅 | 86.34平米 | 南 | 简装 | 中楼层(共6层) | 1998年建 | 板楼,http://image1.ljcdn.com/110000-inspection/pc1_HbZF2ehNK_1.jpg.296x216.jpg
20201223,普陀,长风,1315号线双轨地铁口电梯三房！ 中高区楼层  满五唯一房主自荐,600万,3室1厅 | 106.62平米 | 南 | 简装 | 低楼层(共28层) | 1997年建 | 塔楼,http://image1.ljcdn.com/110000-inspection/532b221b-e9fc-4806-8cc3-219082097ed8_1000.jpg.296x216.jpg
20201223,普陀,长风,满五唯一，户型正气，一梯两户，视野开阔，采光充足,860万,3室2厅 | 132.36平米 | 南 | 简装 | 中楼层(共6层) | 1998年建 | 板楼,http://image1.ljcdn.com/110000-inspection/c0276136-e71d-443a-932d-21341a7fa4d6_1000.jpg.296x216.jpg
20201223,普陀,长风,税费各付，1999年一梯两户，采光好无遮挡，13、15号线房主自荐,735万,3室2厅 | 114.88平米 | 南 北 | 简装 | 高楼层(共7层) | 1999年建 | 板楼,http://image1.ljcdn.com/110000-inspection/8dce044b-216a-4bfe-947f-22f11e8361ed_1000.jpg.296x216.jpg
20201223,普陀,长风,海鑫公寓 3室1厅 西南,548万,3室1厅 | 94.49平米 | 西南 | 其他 | 低楼层(共18层) | 1997年建 | 塔楼,http://image1.ljcdn.com/110000-inspection/3141ad61-b372-40ad-b119-deb3e6c3b3d3_1000.jpg.296x216.jpg
20201223,普陀,长风,烫金楼层  房东诚意出售   通风好  一梯两户,520万,2室2厅 | 77.09平米 | 南 | 其他 | 中楼层(共7层) | 1999年建 | 板楼,http://image1.ljcdn.com/110000-inspection/4c944042-f06a-496a-8537-19e5ab078d70_1000.jpg.296x216.jpg
20201223,普陀,长风,满五唯一，单位福利分房，购房成本低！,400万,2室1厅 | 64.44平米 | 南 | 简装 | 高楼层(共7层) | 1997年建 | 板楼,http://image1.ljcdn.com/110000-inspection/0ce2c854-0901-453a-8713-8b92f327eb4b_1000.jpg.296x216.jpg
20201223,普陀,长风,高品质长风次新房，三房两厅，中间楼层，业主诚意出售,1850万,3室2厅 | 171平米 | 南 北 | 精装 | 中楼层(共23层) | 2017年建 | 板楼,http://image1.ljcdn.com/110000-inspection/pc1_RxudadS1I_1.jpg.296x216.jpg
20201223,普陀,长风,三房朝南全明房型！小区就这一套 视线好,788万,3室1厅 | 91.2平米 | 南 | 简装 | 中楼层(共20层) | 1994年建 | 塔楼,http://image1.ljcdn.com/110000-inspection/pc1_NmAEr1kka_1.jpg.296x216.jpg
20201223,普陀,长风,大爱建 15号线地铁口 楼层好，采光视野好,635万,3室2厅 | 102.26平米 | 南 | 简装 | 低楼层(共6层) | 1988年建 | 板楼,http://image1.ljcdn.com/110000-inspection/pc1_NPnAeb36s_1.jpg.296x216.jpg
20201223,普陀,长风,满五唯一，近大渡河路， 近长风公园房主自荐,450万,3室1厅 | 62.41平米 | 南 | 精装 | 高楼层(共6层) | 1983年建 | 板楼,http://image1.ljcdn.com/110000-inspection/9fa3f6de-a58f-442e-a2a5-d4748ca15db7_1000.jpg.296x216.jpg
20201223,普陀,长风,华师大一村 3室1厅 南 北,590万,3室1厅 | 65.39平米 | 南 北 | 精装 | 低楼层(共6层) | 1981年建 | 板楼,http://image1.ljcdn.com/110000-inspection/8064951b-e07f-47e3-95fa-ce7149f724a8_1000.jpg.296x216.jpg
20201223,普陀,长风,好房等您品鉴，愿您遇到合适的它,590万,2室2厅 | 89.19平米 | 南 | 简装 | 高楼层(共7层) | 2000年建 | 板楼,http://image1.ljcdn.com/110000-inspection/23e7e6b9-8350-45ce-8451-d9fe38ec7e78_1000.jpg.296x216.jpg
20201223,普陀,长风,新上飞机户型三房，房龄新，错过不有。,990万,3室1厅 | 124.9平米 | 南 | 精装 | 中楼层(共8层) | 2002年建 | 板楼,http://image1.ljcdn.com/110000-inspection/c2bd07c4-9c88-4dca-94a5-9a899f3f78ae_1000.jpg.296x216.jpg
20201223,普陀,长风,风华景观房，南邻苏州河，北靠长风公园，视野无遮挡,900万,2室2厅 | 105.14平米 | 南 | 简装 | 高楼层(共18层) | 2005年建 | 板楼,http://image1.ljcdn.com/110000-inspection/ebbb1e23-e339-474b-9ee7-23bcc506894e_1000.jpg.296x216.jpg
20201223,普陀,长风,二村一室好房，中位置采光好，快来看看吧,183万,1室1厅 | 31.94平米 | 南 | 简装 | 高楼层(共6层) | 1983年建 | 板楼,http://image1.ljcdn.com/110000-inspection/023d6376-c2b2-4d27-8583-5c4dcc023bb2_1000.jpg.296x216.jpg
20201223,普陀,长风,长风二村长风馨苑 2室1厅 南,418万,2室1厅 | 72.12平米 | 南 | 简装 | 中楼层(共14层) | 1984年建 | 塔楼,http://image1.ljcdn.com/110000-inspection/pc1_IQwaTd2ob_1.jpg.296x216.jpg
20201223,普陀,长风,双南厅北   满五年 13号线 一梯两户,452万,2室1厅 | 67.2平米 | 南 | 精装 | 低楼层(共6层) | 1999年建 | 板楼,http://image1.ljcdn.com/110000-inspection/pc1_HIAkqTarD_1.jpg.296x216.jpg
20201223,普陀,长风,中间位置 中间楼层 全明大一房 满五年诚意出售,255万,1室1厅 | 40.45平米 | 南 | 精装 | 中楼层(共6层) | 1988年建 | 板楼,http://image1.ljcdn.com/110000-inspection/pc1_tLdXzpqjk_1.jpg.296x216.jpg
20201223,普陀,长风,少见的顶楼复式，很适合家里人口多的家庭,1150万,6室3厅 | 204.66平米 | 南 | 简装 | 高楼层(共6层) | 2000年建 | 板楼,http://image1.ljcdn.com/310000-inspection/prod-2e013066-97e5-42b8-a909-57ff2b27cc42.jpg.296x216.jpg
20201223,普陀,长风,长风三村 1室1厅 南,218万,1室1厅 | 33.28平米 | 南 | 简装 | 低楼层(共6层) | 1986年建 | 板楼,http://image1.ljcdn.com/110000-inspection/pc1_vGf5D3srq_1.jpg.296x216.jpg
20201223,普陀,长风,内环边上 闹中取静 交通便利 采光无遮挡,430万,2室1厅 | 75.87平米 | 南 | 简装 | 低楼层(共18层) | 1997年建 | 塔楼,http://image1.ljcdn.com/310000-inspection/prod-25cf2e07-2efd-454d-98f7-2b60979d0216.jpg.296x216.jpg
20201223,普陀,长风,大两房一厅  小区中间位置  房东诚意卖房  1990年房龄,560万,2室1厅 | 72.28平米 | 南 | 精装 | 低楼层(共17层) | 1990年建 | 板楼,http://image1.ljcdn.com/110000-inspection/pc1_UIZDJsILU_2.jpg.296x216.jpg
20201223,普陀,长风,2楼   南北两房  小区中间 位置   看房随时,260万,2室1厅 | 43.31平米 | 南 | 简装 | 低楼层(共6层) | 1985年建 | 板楼,http://image1.ljcdn.com/110000-inspection/pc1_UenUE853V_2.jpg.296x216.jpg
20201223,普陀,长风,双南两房，诚意业主，产权清晰，价格可谈！,309万,2室1厅 | 47.31平米 | 南 | 简装 | 高楼层(共6层) | 1983年建 | 板楼,http://image1.ljcdn.com/110000-inspection/bb9cd44f-82d9-4b9f-a97f-613b3f4534d9_1000.jpg.296x216.jpg
20201223,普陀,长风,此房屋满五唯一 全龄社区 全明户型  户型方正,520万,2室2厅 | 82.16平米 | 南 | 简装 | 低楼层(共24层) | 1997年建 | 塔楼,http://image1.ljcdn.com/110000-inspection/pc1_pgwGnSEl7_1.jpg.296x216.jpg
20201223,普陀,长风,满五唯一 二房格局 拎包入住 业主诚意出售,350万,2室1厅 | 63.74平米 | 西南 | 精装 | 低楼层(共18层) | 1996年建 | 塔楼,http://image1.ljcdn.com/110000-inspection/pc1_9FzNxcjac_1.jpg.296x216.jpg
20201223,普陀,长风,正规一房一厅  精装修  房东诚意出售  价格号商量,232万,1室1厅 | 37.76平米 | 南 | 精装 | 高楼层(共6层) | 1986年建 | 板楼,http://image1.ljcdn.com/110000-inspection/pc1_HMQkFA5mI.jpg.296x216.jpg
20201223,普陀,长风,南北通全明格局，近13、15号线与长风公园，不靠马路,215万,1室1厅 | 31.94平米 | 南 | 简装 | 低楼层(共6层) | 1983年建 | 板楼,http://image1.ljcdn.com/110000-inspection/16f14579-2ec5-48db-a544-96ba6ac9fc64_1000.jpg.296x216.jpg
20201223,普陀,长风,满五唯一，近大渡河路， 近长风公园房主自荐,192万,1室1厅 | 27.32平米 | 南 | 精装 | 中楼层(共6层) | 1983年建 | 板楼,http://image1.ljcdn.com/110000-inspection/1841fc2b-30dd-47c4-b197-f6984ef643ca_1000.jpg.296x216.jpg
20201223,普陀,长风,2019年精装修  保养好  看房有钥匙  好房欢迎品鉴,335万,1室1厅 | 32.35平米 | 南 | 精装 | 低楼层(共6层) | 1985年建 | 板楼,http://image1.ljcdn.com/110000-inspection/pc1_dZscgwBaW_1.jpg.296x216.jpg
20201223,普陀,长风,长风二村风荷园售后公房满五唯一位置舒适环境好房主自荐,310万,2室1厅 | 50.36平米 | 南 | 简装 | 高楼层(共6层) | 1983年建 | 板楼,http://image1.ljcdn.com/310000-inspection/pc1_YFV2pliO2_1.jpg.296x216.jpg
20201223,普陀,长风,售后公房满五唯一，叔叔阿姨的爱屋，一辈子都在这里的,275万,2室1厅 | 50.61平米 | 南 | 简装 | 高楼层(共6层) | 1983年建 | 板楼,http://image1.ljcdn.com/110000-inspection/pc1_HeXkls2G9_2.jpg.296x216.jpg
20201223,普陀,长风,一梯三户，靠公园，近地铁，近华师大，诚意出售。,236万,1室1厅 | 39.8平米 | 南 | 精装 | 高楼层(共6层) | 1988年建 | 板楼,http://image1.ljcdn.com/110000-inspection/e9477fa4-b1da-4e60-ad5c-908cb9a246e8_1000.jpg.296x216.jpg
20201223,普陀,长风,地铁口+新普陀+电梯房+朝正南+房东诚意出售,510万,2室1厅 | 78.11平米 | 南 | 简装 | 低楼层(共28层) | 1997年建 | 塔楼,http://image1.ljcdn.com/110000-inspection/821a6aea-1588-4ee6-8621-d3acd71682bc_1000.jpg.296x216.jpg
20201223,普陀,长风,边套全明户型，视野采光好，精装修，房东诚售,465万,2室1厅 | 72.24平米 | 南 | 精装 | 高楼层(共5层) | 1994年建 | 板楼,http://image1.ljcdn.com/110000-inspection/pc1_nVh01Wfga_2.jpg.296x216.jpg
20201223,普陀,长风,满五唯一，产权清晰，没有户口，没有抵押，看房方便,235万,1室1厅 | 39.81平米 | 南 北 | 其他 | 高楼层(共6层) | 1989年建 | 板楼,http://image1.ljcdn.com/110000-inspection/a8ee6ad7-bf9e-4ae5-a60b-cf2612d45fe9_1000.jpg.296x216.jpg
20201223,普陀,长风,海鑫公寓 1室1厅 南,395万,1室1厅 | 69平米 | 南 | 其他 | 低楼层(共18层) | 1997年建 | 塔楼,http://image1.ljcdn.com/110000-inspection/pc1_QpEaXulUq_1.jpg.296x216.jpg
20201223,普陀,长风,房东诚意出售  烫金楼层   小区中间位置  采光通透,425万,1室1厅 | 46.02平米 | 南 | 简装 | 中楼层(共6层) | 1992年建 | 板楼,http://image1.ljcdn.com/110000-inspection/pc1_nbbtAxJjI_1.jpg.296x216.jpg
20201223,普陀,长风,满五唯一，配套完善，等你来看，诚售,233万,1室1厅 | 43.8平米 | 南 | 简装 | 低楼层(共14层) | 1984年建 | 塔楼,http://image1.ljcdn.com/110000-inspection/pc1_cjE5IqBK9_2.jpg.296x216.jpg
20201223,普陀,长风,精装修 满五唯一 售后公房 拎包入住 长风公园,440万,3室1厅 | 78.4平米 | 东 北 | 精装 | 低楼层(共22层) | 1995年建 | 塔楼,http://image1.ljcdn.com/110000-inspection/pc1_efa2ZEzOc_2.jpg.296x216.jpg
20201223,普陀,长风,品质小区，全明户型，近13号线。,485万,2室1厅 | 68.43平米 | 南 | 简装 | 高楼层(共6层) | 1999年建 | 板楼,http://image1.ljcdn.com/110000-inspection/pc1_Z3yfM7DbJ_1.jpg.296x216.jpg
20201223,普陀,长风,新普陀 13号线大渡河路200米 双卧朝西 电梯房,430万,2室1厅 | 72.16平米 | 南 | 简装 | 中楼层(共13层)  | 塔楼,http://image1.ljcdn.com/110000-inspection/pc1_WVoL4xJNY_2.jpg.296x216.jpg
20201223,普陀,长风,华师大经典两房 售后好房 诚意出售,410万,2室1厅 | 45.72平米 | 南 | 简装 | 高楼层(共6层) | 1983年建 | 板楼,http://image1.ljcdn.com/110000-inspection/pc1_H2LrMFeGd.jpg.296x216.jpg
20201223,普陀,长风,双南两房，近大渡河路， 近长风公园,295万,2室1厅 | 42.88平米 | 南 | 简装 | 中楼层(共6层) | 1982年建 | 板楼,http://image1.ljcdn.com/110000-inspection/pc1_qgyClMGsn_1.jpg.296x216.jpg
20201223,普陀,长风,一梯两户 小区安静位置 业主诚意出售,470万,2室1厅 | 66.24平米 | 南 | 简装 | 低楼层(共6层) | 1999年建 | 板楼,http://image1.ljcdn.com/110000-inspection/pc1_QFjKgL7UI_1.jpg.296x216.jpg
20201223,普陀,长风,新普陀 电梯房 地铁步行300米 户型通透,520万,2室1厅 | 78.11平米 | 南 | 精装 | 中楼层(共28层) | 1997年建 | 塔楼,http://image1.ljcdn.com/110000-inspection/pc1_qrxSG1onq_1.jpg.296x216.jpg
20201223,普陀,长风,海鑫公寓 1室1厅 南,390万,1室1厅 | 69平米 | 南 | 简装 | 高楼层(共18层) | 1997年建 | 塔楼,http://image1.ljcdn.com/110000-inspection/b5c3a845-161c-4c18-be75-db09ec5a6526_1000.jpg.296x216.jpg
20201223,普陀,长风,拎包住1315号线双轨地铁口电梯房+新普陀梅陇+满五唯一,420万,2室1厅 | 72.16平米 | 南 | 精装 | 中楼层(共13层)  | 塔楼,http://image1.ljcdn.com/110000-inspection/1216d5a7-a9f9-4ff7-a6a5-827f6291f00a_1000.jpg.296x216.jpg
20201223,普陀,长风,性价一房+低楼层+户型很好+看房方便,292万,1室1厅 | 37.89平米 | 南 | 简装 | 低楼层(共6层) | 1993年建 | 板楼,http://image1.ljcdn.com/110000-inspection/pc1_ypCOScApO_1.jpg.296x216.jpg
20201223,普陀,长风,总价低单价低两房。诚意出售！！！,410万,2室1厅 | 80.95平米 | 西北 | 简装 | 低楼层(共18层) | 1997年建 | 塔楼,http://image1.ljcdn.com/110000-inspection/73c5b1b7-c2d6-4aa1-8df1-feea12c0d63b_1000.jpg.296x216.jpg
20201223,普陀,长风,中间楼层+梅陇+新普陀+近15号线+看房随时,438万,2室1厅 | 57.32平米 | 南 | 简装 | 中楼层(共6层) | 1993年建 | 板楼,http://image1.ljcdn.com/110000-inspection/7a0ddc51-393d-4203-bd9c-36d5049bd37d_1000.jpg.296x216.jpg
20201223,普陀,长风,内环边上+97年+1T2户+售后公房+满五唯一,585万,2室2厅 | 84.7平米 | 南 | 简装 | 高楼层(共6层) | 1997年建 | 板楼,http://image1.ljcdn.com/110000-inspection/pc1_kD8XqyouR_1.jpg.296x216.jpg
20201223,普陀,长风,时空的碰撞产生火花，需要的你遇到合适的它,525万,2室1厅 | 82.16平米 | 南 | 简装 | 低楼层(共24层) | 1997年建 | 塔楼,http://image1.ljcdn.com/110000-inspection/2535a1ac-5534-4c17-8a37-d20e731cc8b7_1000.jpg.296x216.jpg
20201223,普陀,长风,南北户型+税费少+出门地铁15号线+全明户型+附带天井,418万,2室1厅 | 56.1平米 | 南 | 简装 | 低楼层(共6层) | 1994年建 | 板楼,http://image1.ljcdn.com/110000-inspection/pc1_Vs0NJ1I4Z_1.jpg.296x216.jpg
20201223,普陀,长风,93年房龄一房一厅满屋阳光无遮挡急售中间楼层随时看房房主自荐,412万,1室1厅 | 42.32平米 | 南 | 简装 | 中楼层(共5层) | 1993年建 | 板楼,http://image1.ljcdn.com/110000-inspection/72e516f6-66d5-4cd7-87aa-171469a12b85_1000.jpg.296x216.jpg
20201223,普陀,长风,一房一厅诚意出售 随时看房，长风公园旁近地铁环球港,233万,1室1厅 | 41.8平米 | 南 | 简装 | 高楼层(共6层) | 1980年建 | 板楼,http://image1.ljcdn.com/110000-inspection/pc1_Ljw0b6lAR_1.jpg.296x216.jpg
20201223,普陀,长风,宋家滩小区 2室0厅 南,320万,2室0厅 | 50.74平米 | 南 | 简装 | 高楼层(共6层) | 1986年建 | 板楼,http://image1.ljcdn.com/110000-inspection/d8b2421d-8368-477e-8217-5e523df17921_1000.jpg.296x216.jpg
20201223,普陀,长风,小面积南北两房，带拐角阳台，业主诚意卖,410万,2室1厅 | 45.31平米 | 南 | 简装 | 高楼层(共5层) | 1979年建 | 板楼,http://image1.ljcdn.com/110000-inspection/pc1_Nl5MxlSt3_1.jpg.296x216.jpg
20201223,普陀,长风,双南看苏州河两房一厅！不靠高架 全明房型,575万,2室1厅 | 86.52平米 | 南 | 简装 | 中楼层(共18层) | 1996年建 | 塔楼,http://image1.ljcdn.com/110000-inspection/pc1_mlY9rvCYj_1.jpg.296x216.jpg
20201223,普陀,长风,南北两房，近地铁，得房率高，环境好，居舒适,300万,2室0厅 | 46.22平米 | 南 | 简装 | 低楼层(共6层) | 1983年建 | 板楼,http://image1.ljcdn.com/110000-inspection/pc1_blyvVOrFb_1.jpg.296x216.jpg
20201223,普陀,长风,长风四村 1室1厅 南,200万,1室1厅 | 34.44平米 | 南 | 简装 | 高楼层(共6层) | 1983年建 | 板楼,http://image1.ljcdn.com/110000-inspection/pc1_SEEpbLpqH.jpg.296x216.jpg
20201223,普陀,长风,满五唯一+售后公房+小区中间+价格可谈可谈可谈！！！,450万,2室1厅 | 64.04平米 | 南 | 简装 | 高楼层(共6层) | 1996年建 | 板楼,http://image1.ljcdn.com/110000-inspection/4c841574-0942-4ad3-94f9-fabe765450e8_1000.jpg.296x216.jpg
20201223,普陀,长风,售后公房，双南双天井，近长风公园，近长风公园,450万,2室1厅 | 71.25平米 | 南 | 简装 | 低楼层(共18层) | 1991年建 | 塔楼,http://image1.ljcdn.com/310000-inspection/prod-1b588957-47fc-4a39-bf95-b81ccc23e9f1.jpg.296x216.jpg
20201223,普陀,长风,售后公房，产权清晰，靠长风公园，近地铁大渡河路站房主自荐,415万,2室1厅 | 59.13平米 | 南 | 简装 | 中楼层(共6层) | 1990年建 | 板楼,http://image1.ljcdn.com/310000-inspection/test-e4bb99e2-6f56-48c7-b33a-5141bcc8bf6e.png.296x216.jpg
20201223,普陀,长风,海鑫公寓 3室2厅 南,790万,3室2厅 | 113.23平米 | 南 | 其他 | 低楼层(共6层) | 1998年建 | 板楼,http://image1.ljcdn.com/110000-inspection/pc1_zyBzpuW7j_1.jpg.296x216.jpg
20201223,普陀,长风,宋家滩小区 1室1厅 南,229万,1室1厅 | 36.4平米 | 南 | 精装 | 高楼层(共6层) | 1990年建 | 板楼,http://image1.ljcdn.com/110000-inspection/pc1_dtbitoTnX_1.jpg.296x216.jpg
20201223,普陀,长风,高区电梯一房 正对丽娃操场 视野无遮挡,350万,1室1厅 | 40.18平米 | 南 | 简装 | 中楼层(共20层) | 1994年建 | 塔楼,http://image1.ljcdn.com/310000-inspection/pc1_ggpYnC1Q6_1.jpg.296x216.jpg
20201223,普陀,长风,朝南一室户，采光好，即将开通15号线,235万,1室0厅 | 39.72平米 | 南 | 简装 | 高楼层(共6层) | 1993年建 | 板楼,http://image1.ljcdn.com/110000-inspection/99ed97df-f19c-4d1a-9153-ed34038521c2_1000.jpg.296x216.jpg
20201223,普陀,长风,长风一村小区 1室0厅 南,189万,1室0厅 | 32.57平米 | 南 | 简装 | 中楼层(共6层) | 1980年建 | 板楼,http://image1.ljcdn.com/110000-inspection/pc1_Q3t3aaGxz_1.jpg.296x216.jpg
20201223,普陀,长风,长风四村 2室1厅 南新上,405万,2室1厅 | 66.81平米 | 南 | 其他 | 高楼层(共6层) | 1990年建 | 板楼,http://image1.ljcdn.com/110000-inspection/pc1_FGNJlmAU5_1.jpg.296x216.jpg
20201223,普陀,长风,主卧朝南  厅朝南  次卧朝南 正对华师大校园 位置很好,468万,3室2厅 | 84.87平米 | 南 | 精装 | 高楼层(共6层) | 1981年建 | 板楼,http://image1.ljcdn.com/310000-inspection/pc1_ypQxlVrj6_1.jpg.296x216.jpg
20201223,普陀,长风,15号线梅岭北路地铁口，低总价一房一厅，真如副中*心,245万,1室1厅 | 42.54平米 | 南 | 简装 | 高楼层(共7层) | 1987年建 | 板楼,http://image1.ljcdn.com/310000-inspection/pc1_f178fFqoQ_1.jpg.296x216.jpg
20201223,普陀,长风,三轨交汇交通方便，正气双朝南，满五唯一，看房方便,260万,2室1厅 | 47.31平米 | 南 | 简装 | 中楼层(共7层) | 1980年建 | 板楼,http://image1.ljcdn.com/110000-inspection/pc1_u4nuHhq6O_2.jpg.296x216.jpg
20201223,普陀,长风,宋家滩小区 1室1厅 南,285万,1室1厅 | 47.02平米 | 南 | 简装 | 中楼层(共6层) | 1988年建 | 板楼,http://image1.ljcdn.com/110000-inspection/pc1_2ppoh6z5X_1.jpg.296x216.jpg
20201223,普陀,长风,长风一村小区 3室1厅 南 北,500万,3室1厅 | 86.73平米 | 南 北 | 精装 | 高楼层(共6层) | 1980年建 | 板楼,http://image1.ljcdn.com/310000-inspection/pc1_yZGVVAwQP_1.jpg.296x216.jpg
20201223,普陀,长风,华师大一村 1室1厅 南,385万,1室1厅 | 32.35平米 | 南 | 简装 | 低楼层(共6层) | 1985年建 | 板楼,http://image1.ljcdn.com/310000-inspection/pc1_AFIg5Wxmr_1.jpg.296x216.jpg
20201223,普陀,长风,华师大一村 2室2厅 南 北,680万,2室2厅 | 73平米 | 南 北 | 精装 | 高楼层(共6层) | 1992年建 | 板楼,http://image1.ljcdn.com/310000-inspection/pc1_NjL9Gc2ZM_1.jpg.296x216.jpg
20201223,普陀,长风,爱建新村电梯大2房 老业主亲情委托繁华比邻  诚意售,600万,2室2厅 | 106.79平米 | 东 | 简装 | 高楼层(共12层) | 1989年建 | 塔楼,http://image1.ljcdn.com/110000-inspection/01ed4696-a743-470d-9d6f-f1e0a08a3e4f_1000.jpg.296x216.jpg
20201223,普陀,长风,小区位置佳 南北大两房 2+1户型背靠长风公园,850万,2室2厅 | 124.28平米 | 南 | 精装 | 低楼层(共15层) | 2008年建 | 板楼,http://image1.ljcdn.com/110000-inspection/db4f063f-fd22-4db2-a06c-f320b0ef1190_1000.jpg.296x216.jpg
20201223,普陀,长风,海鑫公寓经典小三房 看房方便的,535万,3室1厅 | 98.86平米 | 南 | 简装 | 低楼层(共18层) | 1997年建 | 塔楼,http://image1.ljcdn.com/110000-inspection/3c03ec7a-4d20-4fe9-9ea7-386dcb081b8f_1000.jpg.296x216.jpg
20201223,普陀,长风,雅戈尔长风8号 2室2厅 南 北,1120万,2室2厅 | 94.35平米 | 南 北 | 精装 | 低楼层(共22层) | 2014年建 | 板楼,http://image1.ljcdn.com/110000-inspection/pc1_AWMnIYyq0_1.jpg.296x216.jpg
20201223,普陀,长风,奢华装修拎包入住，苏州河长风公园的景观房，全明户型,900万,2室1厅 | 101.04平米 | 南 北 | 精装 | 高楼层(共18层) | 2005年建 | 板楼,http://image1.ljcdn.com/310000-inspection/rsp_pic_upload1e7a1438-69e8-453f-b042-c2e2512a8b41.JPG.296x216.jpg
20201223,普陀,长风,魔都长风品质雅戈尔，寻遍魔都无此房，业主诚意出售。,3500万,8室3厅 | 853平米 | 南 北 | 精装 | 低楼层(共23层) | 2014年建 | 板楼,http://image1.ljcdn.com/110000-inspection/8eeabca1-5ef0-4f59-81f9-1309ebfa7814_1000.jpg.296x216.jpg
20201223,普陀,长风,电梯房，总价低，交通方便，诚意出售,380万,1室2厅 | 69平米 | 南 | 简装 | 低楼层(共18层) | 1997年建 | 塔楼,http://image1.ljcdn.com/shfdfs-image/20170506/e932b84c-c50a-4d19-8b18-5200be791359.jpg.296x216.jpg
20201223,普陀,长风,满五唯一，高区采光无遮挡，小区天然氧吧新上,420万,3室1厅 | 64.56平米 | 东南 东北 | 简装 | 高楼层(共17层) | 1985年建 | 塔楼,http://image1.ljcdn.com/110000-inspection/64fe9509-bd2b-414e-bdf7-0ba6c1f8a326.jpeg.296x216.jpg
20201223,普陀,长风,新普陀 双地铁 顶楼复式 四开间朝南 小区中间,800万,3室2厅 | 138.92平米 | 南 | 精装 | 高楼层(共6层) | 2000年建 | 板楼,http://image1.ljcdn.com/110000-inspection/c72de6dd-8e74-48c5-b3b0-4b1263e48e9e.jpeg.296x216.jpg
20201223,普陀,长风,中天SOHO 1室1厅 东南,240万,1室1厅 | 59.93平米 | 东南 | 简装 | 高楼层(共6层) | 2013年建 | 板楼,http://image1.ljcdn.com/x-se/hdic-frame/990e6cd3-43f9-4096-a331-ae29e665e66a.png.296x216.jpg
20201223,普陀,长风,满五 楼层中层 精装修直看苏州河 拎包入住,570万,3室2厅 | 98.8平米 | 南 | 简装 | 中楼层(共18层) | 1996年建 | 塔楼,http://image1.ljcdn.com/x-se/hdic-frame/prod-ddc5f1b9-14df-4250-85d9-8065c3fc15da.png.296x216.jpg
20201223,普陀,长风,雅戈尔长风8号 8室3厅 南,2990万,8室3厅 | 560.23平米 | 南 | 精装 | 低楼层(共22层) | 2014年建 | 板楼,http://image1.ljcdn.com/x-se/310000-frame/762a9d5c-7ff8-4b2a-9bb7-477ee0944f39.JPG.296x216.jpg
20201223,普陀,长风,雅戈尔长风8号 2室2厅 南 北,1330万,2室2厅 | 119.57平米 | 南 北 | 精装 | 中楼层(共22层) | 2014年建 | 板楼,http://image1.ljcdn.com/x-se/hdic-frame/3a20ed75-9364-4363-b109-a93790eecec9.png.296x216.jpg
20201223,普陀,长风,在售不多的电梯房，14年次新房，小区车位多,180万,1室1厅 | 50.05平米 | 暂无数据 | 精装 | 高楼层(共6层) | 2013年建 | 板楼,http://image1.ljcdn.com/x-se/hdic-frame/prod-424ed119-f7e4-423b-bde5-499b4ab46217.png.296x216.jpg
20201223,普陀,长风,一梯两户电梯房！电梯三房！苏州河沿岸 近长风公园,885万,3室2厅 | 134.8平米 | 南 北 | 简装 | 高楼层(共7层) | 1998年建 | 板楼,http://image1.ljcdn.com/x-se/310000-frame/2bff329e-58a7-4968-9fba-3bf492a7af39.png.296x216.jpg
20201223,普陀,长风,长风四村 2室1厅 南,380万,2室1厅 | 55.21平米 | 南 | 简装 | 中楼层(共6层) | 1990年建 | 板楼,http://image1.ljcdn.com/x-se/hdic-frame/72feb8ea-64b4-47a8-a2fc-4f6e1ff32859.png.296x216.jpg
20201223,普陀,长风,中天SOHO 1室1厅,220万,1室1厅 | 50.43平米 | 暂无数据 | 精装 | 中楼层(共6层) | 2013年建 | 板楼,
20201223,普陀,长风,中天SOHO 3室2厅 南,490万,3室2厅 | 125平米 | 南 | 精装 | 高楼层(共6层) | 2013年建 | 板楼,
20201223,普陀,长风,此房精装三居室，一梯两户，烫金楼层，交通方便,707万,3室1厅 | 114.33平米 | 南 | 精装 | 中楼层(共6层) | 1995年建 | 板楼,
20201223,普陀,长风,怒江新苑 顶楼复式房源  使用面积大 欢迎前来评鉴,760万,4室1厅 | 128.34平米 | 南 | 精装 | 高楼层(共6层) | 1997年建 | 板楼,http://image1.ljcdn.com/x-se/hdic-frame/test-f85a7981-1241-4cec-9537-ab659a6b1988.png.296x216.jpg
20201223,普陀,长风,不临街小户型  朝正南采光无遮挡     南北通总价低房主自荐,370万,1室1厅 | 50.77平米 | 南 | 简装 | 高楼层(共6层) | 1995年建 | 板楼,
20201223,普陀,长风,南向采光无遮挡，小区天然氧吧，户型方正，业主诚意！,200万,1室0厅 | 29.03平米 | 南 | 简装 | 高楼层(共6层) | 1983年建 | 板楼,
20201223,普陀,长风,宋家滩小区 2室1厅 南,305万,2室1厅 | 50.81平米 | 南 | 其他 | 低楼层(共6层) | 1990年建 | 板楼,http://image1.ljcdn.com/x-se/hdic-frame/b64cd12c-6b66-432e-b9c1-fd6d8eb37c36.png.296x216.jpg
20201223,普陀,长风,开开大楼 2室1厅 南房主自荐,520万,2室1厅 | 78.11平米 | 南 | 简装 | 低楼层(共28层) | 1997年建 | 塔楼,http://image1.ljcdn.com/x-se/hdic-frame/868243d7-4c46-42de-9b3f-2994e1c24c17.png.296x216.jpg
20201223,普陀,长风,双南两房 满五唯一 13 15号线 有钥匙 随时看房主自荐,365万,2室1厅 | 51.48平米 | 南 | 精装 | 低楼层(共6层) | 1983年建 | 板楼,http://image1.ljcdn.com/110000-inspection/pc1_210JJZiOT_1.jpg.296x216.jpg
20201223,普陀,长风,中天soho电梯房  配套齐全 低总价安家上海房主自荐,277万,1室1厅 | 63.03平米 | 西北 | 简装 | 高楼层(共6层) | 2013年建 | 板楼,http://image1.ljcdn.com/x-se/hdic-frame/prod-19a4da0c-e08d-4c22-ad3b-f453fd119895.png.296x216.jpg
20201223,普陀,长风,2014年次新房，户型方正，价格合理房主自荐,300万,1室1厅 | 68.9平米 | 南 | 简装 | 高楼层(共6层) | 2013年建 | 板楼,http://image1.ljcdn.com/x-se/hdic-frame/prod-16af26d2-cc64-4a36-8542-b536f4078f78.png.296x216.jpg
20201223,普陀,长风,汇银铭尊 3室2厅 西 北,410万,3室2厅 | 121.5平米 | 西 北 | 简装 | 低楼层(共15层) | 2011年建 | 塔楼,http://image1.ljcdn.com/x-se/hdic-frame/c298aa10-f15c-498e-b226-7fdf9a335c0b.png.296x216.jpg
