20201223,普陀,真如,少有复式+大落地窗+4房2卫+近地铁7号11号14号线必看好房,720万,4室1厅 | 130.49平米 | 南 北 | 精装 | 高楼层(共6层) | 1999年建 | 板楼,http://image1.ljcdn.com/110000-inspection/d4303aec-742a-4ea4-a912-097f979f587d_1000.jpg.296x216.jpg
20201223,普陀,真如,地铁400m！19年精装修！钥匙房！中间楼层 1980年必看好房,215万,1室1厅 | 41.98平米 | 南 | 精装 | 中楼层(共6层) | 1980年建 | 板楼,http://image1.ljcdn.com/110000-inspection/545032fe-e56d-4c3f-981a-57f4e62db6c0_1000.jpg.296x216.jpg
20201223,普陀,真如,带产权车位！！！南北直通，高区景观房必看好房,652万,2室2厅 | 95.62平米 | 南 | 毛坯 | 高楼层(共26层) | 2008年建 | 板楼,http://image1.ljcdn.com/110000-inspection/176975e3-2de2-4d92-8bba-f97a24093ef9_1000.jpg.296x216.jpg
20201223,普陀,真如,交通便利 小区门口是11和15号线上海西站 双南两房必看好房,390万,2室1厅 | 71.63平米 | 南 | 精装 | 高楼层(共6层) | 1994年建 | 板楼,http://image1.ljcdn.com/110000-inspection/9578d588-842a-4b83-8a71-eba81fc644ec_1000.jpg.296x216.jpg
20201223,普陀,真如,无增值税，个税一个点，双南户型，楼层好。必看好房,495万,2室1厅 | 73.18平米 | 南 | 精装 | 中楼层(共7层) | 1999年建 | 板楼,http://image1.ljcdn.com/110000-inspection/7445b564-83cf-4865-bdc4-a6a6d5e28f7a_1000.jpg.296x216.jpg
20201223,普陀,真如,有钥匙+电梯中区，房东诚心出售，税费少！必看好房,359.9万,1室1厅 | 67.85平米 | 南 | 毛坯 | 中楼层(共18层) | 1993年建 | 塔楼,http://image1.ljcdn.com/110000-inspection/pc1_EfyuwaDb7_1.jpg.296x216.jpg
20201223,普陀,真如,花园洋房,国企开发,品质小区,全南户型,采光好,620万,2室2厅 | 94.5平米 | 南 | 精装 | 低楼层(共24层) | 2008年建 | 板楼,http://image1.ljcdn.com/110000-inspection/23c94291-fc30-4112-84b2-f18b9331fb6b_1000.jpg.296x216.jpg
20201223,普陀,真如,洋房 观景房 次新房 采光好 南北通透 得房率85%房主自荐,1320万,3室2厅 | 117.5平米 | 南 北 | 精装 | 高楼层(共7层)  | 板楼,http://image1.ljcdn.com/110000-inspection/f10bfceb-5f64-4da5-91ec-7b1002639cf7_1000.jpg.296x216.jpg
20201223,普陀,真如,地铁门口电梯一房，采光无遮挡，配套成熟,270万,1室1厅 | 52平米 | 南 | 简装 | 低楼层(共18层) | 1993年建 | 塔楼,http://image1.ljcdn.com/110000-inspection/e1317cc3-3453-4122-a2da-6f462bf43396_1000.jpg.296x216.jpg
20201223,普陀,真如,近地铁+近公园+东边套两房，区政府旁+房东诚意出售,380万,2室1厅 | 67.04平米 | 南 | 简装 | 高楼层(共7层) | 1995年建 | 板楼,http://image1.ljcdn.com/110000-inspection/pc1_4VfOrmHDj_1.jpg.296x216.jpg
20201223,普陀,真如,精装修双南两房，业主诚意出售。,346万,2室1厅 | 57.83平米 | 南 | 精装 | 中楼层(共6层) | 1990年建 | 板楼,http://image1.ljcdn.com/110000-inspection/pc1_q32LYXx5H_1.jpg.296x216.jpg
20201223,普陀,真如,房子满五年唯一税费少，低总价，近地铁，采光无遮挡,198万,1室1厅 | 38.13平米 | 南 北 | 简装 | 高楼层(共6层) | 1984年建 | 板楼,http://image1.ljcdn.com/110000-inspection/227ac178-29a1-434b-8c18-cf3dabe8a57a_1000.jpg.296x216.jpg
20201223,普陀,真如,信仪新村 2室1厅 南新上,285万,2室1厅 | 51.07平米 | 南 | 精装 | 高楼层(共6层) | 1983年建 | 板楼,http://image1.ljcdn.com/110000-inspection/8a195645-2f5c-4297-a5f7-8b4e96413d2c_1000.jpg.296x216.jpg
20201223,普陀,真如,满五年，诚意出售 ，双南两房，通风好 采光好,505万,2室1厅 | 75.92平米 | 南 | 精装 | 低楼层(共6层) | 1996年建 | 板楼,http://image1.ljcdn.com/110000-inspection/183bb547-0278-4c3b-af17-6495479c08d1_1000.jpg.296x216.jpg
20201223,普陀,真如,边套全明户型，三轨交汇，交通便利，配套成熟，诚意卖,405万,3室1厅 | 79.49平米 | 西南 西 北 | 简装 | 低楼层(共18层) | 1991年建 | 塔楼,http://image1.ljcdn.com/110000-inspection/pc1_hnVOu3ln1_1.jpg.296x216.jpg
20201223,普陀,真如,采光充足，诚意出售，业主置换，看房随时，随时可签新上,630万,2室2厅 | 99.86平米 | 南 | 精装 | 高楼层(共6层) | 2001年建 | 板楼,http://image1.ljcdn.com/110000-inspection/718bb3ad-e7d4-4750-b917-2ea724f441fa_1000.jpg.296x216.jpg
20201223,普陀,真如,中间楼层 南北通 全明户型 业主诚意出售 满五年唯一,265万,2室1厅 | 52平米 | 东 西 | 简装 | 高楼层(共6层) | 1990年建 | 板楼,http://image1.ljcdn.com/110000-inspection/pc1_ZKDazMVCE_2.jpg.296x216.jpg
20201223,普陀,真如,小区门口就是地铁，出行方便，目前空关，看房方便！,288万,1室1厅 | 54.46平米 | 南 | 简装 | 低楼层(共18层) | 1994年建 | 塔楼,http://image1.ljcdn.com/110000-inspection/bb8f3ebf-8843-4ec0-9b8c-650712b362df_1000.jpg.296x216.jpg
20201223,普陀,真如,11 15号线地铁口一室户，诚意出售,198万,1室1厅 | 37.2平米 | 南 | 简装 | 高楼层(共6层) | 1989年建 | 板楼,http://image1.ljcdn.com/110000-inspection/b57fb2a9-a3eb-4b9a-80d7-3daaaa569f75_1000.jpg.296x216.jpg
20201223,普陀,真如,近地铁 诚意出售 全明中间楼层 满五年唯一,230万,1室1厅 | 43.56平米 | 南 | 简装 | 中楼层(共7层) | 1988年建 | 板楼,http://image1.ljcdn.com/110000-inspection/94bb2577-696e-4450-8b96-482d07723a9a_1000.jpg.296x216.jpg
20201223,普陀,真如,总价低，小两房，满五唯一税费少，装修保养得很好,225万,2室1厅 | 43.1平米 | 南 | 简装 | 高楼层(共6层) | 1984年建 | 板楼,http://image1.ljcdn.com/110000-inspection/85317371-ef67-4e1c-a606-26d7f69c2238_1000.jpg.296x216.jpg
20201223,普陀,真如,双南俩房楼层好，视野开阔，地铁0距离， 税费少房主自荐,505万,2室1厅 | 99.71平米 | 南 | 简装 | 中楼层(共18层) | 1994年建 | 塔楼,http://image1.ljcdn.com/310000-inspection/test-1a976aa4-7ace-479c-8cc1-62a3c491dd1f.png.296x216.jpg
20201223,普陀,真如,小区门口地铁，出行方便，精装修，可拎包入住！新上,288万,1室1厅 | 52.18平米 | 南 | 精装 | 高楼层(共18层) | 1993年建 | 塔楼,http://image1.ljcdn.com/110000-inspection/a55bbe0f-74cc-45d2-893e-39a865717d6c_1000.jpg.296x216.jpg
20201223,普陀,真如,满五唯一，格局方正，南北通户型，采光通风好，近地铁,939万,2室2厅 | 116.17平米 | 南 | 精装 | 中楼层(共17层) | 2008年建 | 板楼,http://image1.ljcdn.com/110000-inspection/pc1_i5kxfZARw_1.jpg.296x216.jpg
20201223,普陀,真如,真北一街坊 2室1厅 南,315万,2室1厅 | 58.56平米 | 南 | 简装 | 低楼层(共6层) | 1988年建 | 板楼,http://image1.ljcdn.com/110000-inspection/pc1_8aoGytoDg_1.jpg.296x216.jpg
20201223,普陀,真如,此房临地铁，交通便利，房屋全明户型，南北两房采光好,549万,2室2厅 | 93.03平米 | 南 | 简装 | 高楼层(共6层) | 2002年建 | 板楼,http://image1.ljcdn.com/110000-inspection/pc1_QwCVJbnMY_2.jpg.296x216.jpg
20201223,普陀,真如,任时光匆匆溜走，我只想和你一起在星河世纪慢慢老去,840万,3室2厅 | 138.66平米 | 南 | 简装 | 中楼层(共21层) | 2006年建 | 板楼,http://image1.ljcdn.com/110000-inspection/pc1_npL7quCEX_1.jpg.296x216.jpg
20201223,普陀,真如,新上抢手房源，中间楼层，满五唯一双南两房新上,468万,2室1厅 | 79.54平米 | 南 | 简装 | 中楼层(共6层) | 1998年建 | 板楼,http://image1.ljcdn.com/110000-inspection/pc1_KVeaVTfji_1.jpg.296x216.jpg
20201223,普陀,真如,南大街32号 1室1厅 南,230万,1室1厅 | 43.87平米 | 南 | 简装 | 高楼层(共6层) | 1986年建 | 板楼,http://image1.ljcdn.com/110000-inspection/pc1_ldNom9PnH.jpg.296x216.jpg
20201223,普陀,真如,真如西村 2室1厅 南,338万,2室1厅 | 59.85平米 | 南 | 简装 | 中楼层(共6层) | 1987年建 | 板楼,http://image1.ljcdn.com/110000-inspection/7603d3f3-1b1d-450a-beca-925687860bb5_1000.jpg.296x216.jpg
20201223,普陀,真如,车站新村在售电梯2房总价第1低，0个税，中间楼层,345万,2室1厅 | 70.38平米 | 东 | 简装 | 中楼层(共18层) | 1996年建 | 塔楼,http://image1.ljcdn.com/110000-inspection/214a1e06-6588-40e2-854f-9f40acee9b09_1000.jpg.296x216.jpg
20201223,普陀,真如,满五唯一，中间楼层，东边套全明，附带超大露台新上,215万,1室1厅 | 40.68平米 | 南 | 简装 | 中楼层(共5层) | 1980年建 | 板楼,http://image1.ljcdn.com/110000-inspection/8b6cf665-4f7c-46dc-a69c-e33f306c1c82_1000.jpg.296x216.jpg
20201223,普陀,真如,2009年房龄 满五唯一 一梯两户 得房率高 南北通房主自荐,630万,2室2厅 | 90.63平米 | 南 北 | 精装 | 低楼层(共6层) | 2009年建 | 板楼,http://image1.ljcdn.com/110000-inspection/03bc3400-6c73-49e8-b85f-0364b18d5b33_1000.jpg.296x216.jpg
20201223,普陀,真如,满五唯一，税费，少双南两房，楼层好,368万,2室1厅 | 63.27平米 | 南 | 简装 | 低楼层(共7层) | 1988年建 | 板楼,http://image1.ljcdn.com/110000-inspection/pc1_iGlJLLTBb_1.jpg.296x216.jpg
20201223,普陀,真如,双轨交11/15号线+三开间朝南+带产权车位+一梯两户房主自荐,850万,3室2厅 | 123.59平米 | 南 | 简装 | 高楼层(共14层) | 2005年建 | 板楼,http://image1.ljcdn.com/110000-inspection/47216a0b-742c-4089-adb8-a7894d3274e8_1000.jpg.296x216.jpg
20201223,普陀,真如,精装四房，南北户型，视野好，采光棒,1250万,4室2厅 | 185平米 | 南 北 | 精装 | 低楼层(共27层)  | 板楼,http://image1.ljcdn.com/310000-inspection/pc1_bwxdg7hCa_1.jpg.296x216.jpg
20201223,普陀,真如,满五年唯一，房东诚意出售，接受置换，全明户型通风好,870万,3室2厅 | 136.02平米 | 南 | 简装 | 中楼层(共8层) | 2002年建 | 板楼,http://image1.ljcdn.com/110000-inspection/ddb40a5b-4942-4ee6-98e5-142f89a5eb70_1000.jpg.296x216.jpg
20201223,普陀,真如,板楼，2梯4户，二十年内房龄，精装大1房,605万,1室2厅 | 91.66平米 | 南 | 精装 | 高楼层(共20层) | 2004年建 | 板楼,http://image1.ljcdn.com/110000-inspection/pc1_3wLhcVNcu_2.jpg.296x216.jpg
20201223,普陀,真如,新鲜出炉地铁三房无增值税，看房方便房主自荐,499万,3室1厅 | 41.9平米 | 南 | 简装 | 高楼层(共7层) | 1997年建 | 板楼,http://image1.ljcdn.com/110000-inspection/pc1_G9VXotugP_1.jpg.296x216.jpg
20201223,普陀,真如,户型方正，满五唯一，采光好，近地铁，商圈配套全,1012.8万,3室2厅 | 126.46平米 | 南 | 简装 | 低楼层(共24层) | 2005年建 | 板楼,http://image1.ljcdn.com/110000-inspection/03cc07ad-67d2-4c64-85f9-b23a51cf95be_1000.jpg.296x216.jpg
20201223,普陀,真如,交通便利 业主诚意出售 不靠马路 安静 环境好 位置好,390万,2室1厅 | 67.11平米 | 南 | 其他 | 低楼层(共20层) | 1994年建 | 塔楼,http://image1.ljcdn.com/110000-inspection/pc1_QBh1qoWKS_1.jpg.296x216.jpg
20201223,普陀,真如,真如品质小区 实际使用面积160平左右 大三房复式,1120万,5室3厅 | 139.84平米 | 南 北 | 精装 | 高楼层(共21层) | 2008年建 | 板楼,http://image1.ljcdn.com/110000-inspection/af56e4a8-b8c0-49b2-b43f-90a6787b319e_1000.jpg.296x216.jpg
20201223,普陀,真如,此房满五唯一，楼层好，采光充足，配套齐全，交通便利,1720万,4室2厅 | 172.69平米 | 南 北 | 精装 | 35层 | 2009年建 | 板楼,http://image1.ljcdn.com/110000-inspection/554d5c68-00cb-48c2-b87f-f8f5ad04f37a_1000.jpg.296x216.jpg
20201223,普陀,真如,枫桥苑 3室2厅 南,970万,3室2厅 | 130.52平米 | 南 | 其他 | 低楼层(共11层) | 2000年建 | 板楼,http://image1.ljcdn.com/110000-inspection/pc1_ZmE7IbWpM_1.jpg.296x216.jpg
20201223,普陀,真如,苦等的中间楼层，稍纵即逝，税费少房主自荐,210万,1室1厅 | 38.24平米 | 南 | 简装 | 中楼层(共6层) | 1985年建 | 板楼,http://image1.ljcdn.com/110000-inspection/aac2dc4f-30b3-42cc-b7d6-2da94a375c04_1000.jpg.296x216.jpg
20201223,普陀,真如,车站新村(普陀) 1室0厅 南,180万,1室0厅 | 36.12平米 | 南 | 简装 | 高楼层(共6层) | 1988年建 | 板楼,http://image1.ljcdn.com/110000-inspection/pc1_y19TK31Z5.jpg.296x216.jpg
20201223,普陀,真如,小户型低总价电梯房，采光充足，位置安静，业主诚意,310万,1室1厅 | 58.69平米 | 南 | 简装 | 低楼层(共20层) | 1993年建 | 塔楼,http://image1.ljcdn.com/110000-inspection/ed266bb8-71bb-44d5-a991-b2836d5d217a_1000.jpg.296x216.jpg
20201223,普陀,真如,中内环别墅+采光好+装修好+人车分流+小区绿化好,2200万,5室2厅 | 218平米 | 南 北 | 精装 | 中楼层(共5层) | 2014年建 | 板楼,http://image1.ljcdn.com/110000-inspection/54db201a-cd18-4744-9f09-9a6ed929eb6c_1000.jpg.296x216.jpg
20201223,普陀,真如,不临街，不靠马路，闹中取静，看房子方便，品质小区！,860万,3室2厅 | 131.38平米 | 南 | 简装 | 低楼层(共18层) | 2004年建 | 板楼,http://image1.ljcdn.com/110000-inspection/2ba97a7b-8c7d-41c4-80a7-6c9622335322_1000.jpg.296x216.jpg
20201223,普陀,真如,实地公寓 3室1厅 南,680万,3室1厅 | 109.53平米 | 南 | 其他 | 中楼层(共20层) | 2003年建 | 塔楼,http://image1.ljcdn.com/110000-inspection/pc1_hEkDyZy59_1.jpg.296x216.jpg
20201223,普陀,真如,真如西村 2室1厅 南,370万,2室1厅 | 60.6平米 | 南 | 其他 | 中楼层(共6层) | 1984年建 | 板楼,http://image1.ljcdn.com/110000-inspection/pc1_T7WEUVilp_1.jpg.296x216.jpg
20201223,普陀,真如,百万装修，带地暖，三层复式，得房率高，动静分离,1400万,5室3厅 | 160.51平米 | 南 | 精装 | 高楼层(共6层) | 2009年建 | 板楼,http://image1.ljcdn.com/110000-inspection/c9e60bb1-1b1b-4491-8763-bdf4d0a8b417_1000.jpg.296x216.jpg
20201223,普陀,真如,近14号线中宁路地铁站，二手买进税费少，精装修保养好,530万,2室1厅 | 85.29平米 | 南 | 精装 | 高楼层(共6层) | 1998年建 | 板楼,http://image1.ljcdn.com/110000-inspection/pc1_Q9ZeTUwkB_1.jpg.296x216.jpg
20201223,普陀,真如,地铁商场医院等一应俱全，小区环境极其优美，房子新,900万,3室2厅 | 130.54平米 | 南 北 | 简装 | 低楼层(共17层) | 2004年建 | 板楼,http://image1.ljcdn.com/110000-inspection/669ce84e-7618-4c26-a1e8-88ba787162d4_1000.jpg.296x216.jpg
20201223,普陀,真如,月租金5000两房，近地铁中楼层低税费，烫金地段,245万,2室0厅 | 45.24平米 | 西 | 简装 | 中楼层(共5层) | 1995年建 | 板楼,http://image1.ljcdn.com/310000-inspection/pc1_ImhZV630b_1.jpg.296x216.jpg
20201223,普陀,真如,全明户型，满五年唯一，高区采光好，标准一房一厅房主自荐,210万,1室1厅 | 40.48平米 | 南 | 简装 | 高楼层(共6层) | 1981年建 | 板楼,http://image1.ljcdn.com/110000-inspection/pc1_FX7stRnDk_1.jpg.296x216.jpg
20201223,普陀,真如,此房满五唯一，交通便利，配套成熟，电梯房，楼层好,428万,2室2厅 | 92.53平米 | 南 北 | 简装 | 中楼层(共24层) | 1996年建 | 塔楼,http://image1.ljcdn.com/110000-inspection/pc1_1u77vUzqU_1.jpg.296x216.jpg
20201223,普陀,真如,楼层低 精装一室一厅 诚意出售,215万,1室1厅 | 40.91平米 | 东 西 | 简装 | 低楼层(共6层) | 1982年建 | 板楼,http://image1.ljcdn.com/110000-inspection/e54f37bf-6ced-491a-befc-8a0e3a2363b7_1000.jpg.296x216.jpg
20201223,普陀,真如,小户型 边套 近地铁 非顶楼 诚意出售,250万,1室1厅 | 43.87平米 | 东 | 简装 | 高楼层(共6层) | 1986年建 | 板楼,http://image1.ljcdn.com/110000-inspection/0040bad5-3beb-4bd2-a48e-fc51502e17e1_1000.jpg.296x216.jpg
20201223,普陀,真如,新出电梯房，房子全明户型，采光视野好房主自荐,550万,2室2厅 | 94.61平米 | 东南 南 | 简装 | 中楼层(共24层) | 1996年建 | 塔楼,http://image1.ljcdn.com/110000-inspection/pc1_s9J8Y8f5R_1.jpg.296x216.jpg
20201223,普陀,真如,复式格局，配套完善，视野开阔，配套完善，采光充足,830万,4室2厅 | 94.07平米 | 南 北 | 简装 | 高楼层(共24层) | 2008年建 | 板楼,http://image1.ljcdn.com/110000-inspection/84d08e27-80d4-4357-ad7b-73472fbe8631_1000.jpg.296x216.jpg
20201223,普陀,真如,总价低，近地铁，户型正气，诚心出售,230万,1室1厅 | 39.83平米 | 南 | 简装 | 中楼层(共7层) | 1988年建 | 板楼,http://image1.ljcdn.com/110000-inspection/pc1_7DhAJ6ZIt.jpg.296x216.jpg
20201223,普陀,真如,曹杨八村，一梯三户，89年房龄，中间楼层  采光明亮！房主自荐,290万,2室0厅 | 53.43平米 | 东 南 北 | 简装 | 中楼层(共6层) | 1989年建 | 板楼,http://image1.ljcdn.com/310000-inspection/prod-af8664d2-f657-4ce5-9104-875967e53157.jpg.296x216.jpg
20201223,普陀,真如,近地铁单价低，房源位置好，底楼加高半层，下有地下室,480万,2室1厅 | 88.08平米 | 南 | 简装 | 低楼层(共6层) | 2000年建 | 板楼,http://image1.ljcdn.com/110000-inspection/pc1_owaPb9OIW_1.jpg.296x216.jpg
20201223,普陀,真如,满五，中间楼层，采光通风好，诚意出售,208万,1室1厅 | 36.67平米 | 南 | 简装 | 中楼层(共6层) | 1985年建 | 板楼,http://image1.ljcdn.com/110000-inspection/09d8ba4e-5226-4609-b804-84f3966f8f17_1000.jpg.296x216.jpg
20201223,普陀,真如,此房满五唯一，中间楼层，诚意出售，随时看房。房主自荐,278万,1室1厅 | 44.32平米 | 南 | 精装 | 中楼层(共6层) | 1990年建 | 板楼,http://image1.ljcdn.com/110000-inspection/f47c5f84-6b14-4d03-ae77-7df12e4ee3a2_1000.jpg.296x216.jpg
20201223,普陀,真如,满五唯一，税费少，采光好，通风佳，户型正气,200万,1室1厅 | 37.81平米 | 南 | 简装 | 高楼层(共6层) | 1984年建 | 板楼,http://image1.ljcdn.com/110000-inspection/pc1_qZfYP333Y_1.jpg.296x216.jpg
20201223,普陀,真如,地铁口售后公房 高区采光足 小区里面位置 看房方便,210万,1室1厅 | 37.87平米 | 南 | 精装 | 高楼层(共7层) | 1996年建 | 板楼,http://image1.ljcdn.com/110000-inspection/b8da9cf2-7329-4271-be68-b0e988952497_1000.jpg.296x216.jpg
20201223,普陀,真如,户型楼层好，视野开阔，采光通风好，诚意出售房主自荐,239万,1室1厅 | 42.04平米 | 南 | 精装 | 中楼层(共6层) | 1978年建 | 板楼,http://image1.ljcdn.com/110000-inspection/0489ab75-ece0-48b0-a738-9beaa556b88f_1000.jpg.296x216.jpg
20201223,普陀,真如,西站高区电梯房，边套全明户型，高区采光好,358.8万,2室1厅 | 66.11平米 | 南 东 | 精装 | 中楼层(共18层) | 1993年建 | 塔楼,http://image1.ljcdn.com/110000-inspection/pc1_KqgkA0fix_2.jpg.296x216.jpg
20201223,普陀,真如,地铁无缝对接 南北全明 中间楼层 中庭位置 一室一厅房主自荐,265万,1室1厅 | 46.92平米 | 南 | 简装 | 中楼层(共6层) | 1985年建 | 板楼,http://image1.ljcdn.com/110000-inspection/pc1_LdUBENxVH_1.jpg.296x216.jpg
20201223,普陀,真如,先前②房，现在做成①房，复式带有阁楼，实用可塑性高,480万,2室2厅 | 72.92平米 | 南 | 精装 | 高楼层(共6层) | 1999年建 | 板楼,http://image1.ljcdn.com/110000-inspection/pc1_BaEHw27Sc_1.jpg.296x216.jpg
20201223,普陀,真如,房子满五年税少，南北边套全明户型，采光无遮挡房主自荐,269万,1室1厅 | 49.23平米 | 南 北 | 简装 | 中楼层(共6层) | 1986年建 | 板楼,http://image1.ljcdn.com/110000-inspection/57669206-579f-4b7a-a445-c24d7e480497_1000.jpg.296x216.jpg
20201223,普陀,真如,很少出的小三房，钢筋混凝土结构！配套成熟，售后公房房主自荐,360万,3室1厅 | 77.26平米 | 东 西 | 简装 | 高楼层(共4层) | 1963年建 | 塔楼,http://image1.ljcdn.com/110000-inspection/pc1_NNbXpR2qP_1.jpg.296x216.jpg
20201223,普陀,真如,信仪新村 1室1厅 南,195万,1室1厅 | 34.17平米 | 南 | 精装 | 中楼层(共6层) | 1983年建 | 板楼,http://image1.ljcdn.com/110000-inspection/pc1_O0ykxu1Az_1.jpg.296x216.jpg
20201223,普陀,真如,满五年唯一+婚房装修+少有的一楼半的高度不潮湿,510万,2室2厅 | 75.9平米 | 南 北 | 精装 | 低楼层(共6层) | 1999年建 | 板楼,http://image1.ljcdn.com/110000-inspection/150e40e0-a810-490e-8e54-61ea8af8df93_1000.jpg.296x216.jpg
20201223,普陀,真如,南北通，配套齐全，近地铁，视野开阔，通风采光好。,203万,1室1厅 | 37.81平米 | 南 | 精装 | 高楼层(共6层) | 1984年建 | 板楼,http://image1.ljcdn.com/110000-inspection/e6aec777-8913-43b9-ab84-847db4538dcf_1000.jpg.296x216.jpg
20201223,普陀,真如,南北两房精装修，房东诚意出售，距离地铁站比较近,245万,2室0厅 | 41.65平米 | 南 北 | 精装 | 高楼层(共6层) | 1986年建 | 板塔结合,http://image1.ljcdn.com/110000-inspection/b972a412-b592-4013-aea0-c13dec58d02a_1000.jpg.296x216.jpg
20201223,普陀,真如,地铁口，一楼，含8平方天井房，拎包入住房主自荐,178万,1室1厅 | 32.03平米 | 南 | 简装 | 低楼层(共6层) | 1985年建 | 板楼,http://image1.ljcdn.com/110000-inspection/039ae748-adfc-4738-988d-1ee9a07d15cf_1000.jpg.296x216.jpg
20201223,普陀,真如,区政府旁，轨交边，小区管理严格，不临高架。,215万,1室1厅 | 37.87平米 | 南 | 简装 | 低楼层(共7层) | 1996年建 | 板楼,http://image1.ljcdn.com/110000-inspection/dbe46694-c428-4832-80d9-93f4e0ae2737_1000.jpg.296x216.jpg
20201223,普陀,真如,真北二街坊 2室1厅 南,276万,2室1厅 | 48.85平米 | 南 | 简装 | 高楼层(共6层) | 1986年建 | 板楼,http://image1.ljcdn.com/110000-inspection/e703e37f-d032-4414-87e7-6515a811fe36_1000.jpg.296x216.jpg
20201223,普陀,真如,颐宁苑大三房真如副市中xin3轨交汇享受高尚中海配套,798万,3室2厅 | 153.7平米 | 南 | 简装 | 中楼层(共27层) | 1999年建 | 塔楼,http://image1.ljcdn.com/310000-inspection/pc1_yD5jNjPiE_1.jpg.296x216.jpg
20201223,普陀,真如,在建14及15号线地铁近 高区景观楼层 满五唯一房主自荐,445万,3室1厅 | 86.33平米 | 南 | 简装 | 高楼层(共24层) | 1997年建 | 塔楼,http://image1.ljcdn.com/110000-inspection/pc1_gTeal5LxC_1.jpg.296x216.jpg
20201223,普陀,真如,星河xi缺南北两房两厅，楼间距宽采光无影响，精装修房主自荐,621万,3室2厅 | 99.45平米 | 南 北 | 精装 | 低楼层(共24层) | 2008年建 | 板楼,http://image1.ljcdn.com/110000-inspection/pc1_7ZTgWgS67_2.jpg.296x216.jpg
20201223,普陀,真如,星河一期顶楼复式，买一层用两层，带产权车位哟！,1050万,6室1厅 | 119平米 | 南 | 精装 | 高楼层(共6层) | 2005年建 | 板楼,http://image1.ljcdn.com/110000-inspection/pc1_Q4TvhJUDY_1.jpg.296x216.jpg
20201223,普陀,真如,中间楼层 诚意出售 采光不遮挡 厨卫全明,210万,1室0厅 | 37.81平米 | 南 | 简装 | 中楼层(共6层) | 1984年建 | 板楼,http://image1.ljcdn.com/110000-inspection/02cc3c1b-60fa-44a2-9d91-c0b5bfe66daf_1000.jpg.296x216.jpg
20201223,普陀,真如,小户型 好租 好自住  房龄新 近地铁,230万,1室1厅 | 41.2平米 | 南 | 精装 | 高楼层(共6层) | 1990年建 | 板楼,http://image1.ljcdn.com/310000-inspection/pc1_p4D0mqykq_1.jpg.296x216.jpg
20201223,普陀,真如,花园洋房，国企开发品质小区，南北三房采光足，地铁口,781万,3室2厅 | 129.86平米 | 南 北 | 简装 | 低楼层(共8层) | 2005年建 | 板楼,http://image1.ljcdn.com/110000-inspection/pc1_xbXz1CAt0_1.jpg.296x216.jpg
20201223,普陀,真如,电梯房，户型方正，四开间朝南，无遮挡，单价低,888万,4室2厅 | 164.44平米 | 南 | 简装 | 中楼层(共8层) | 2000年建 | 板楼,http://image1.ljcdn.com/310000-inspection/prod-69e5c4f9-0f02-4819-b02e-1d67bfc1f3a6.jpg.296x216.jpg
20201223,普陀,真如,非顶楼 南北通 全明户型 业主诚意出售 满五年唯一,305万,2室1厅 | 51.8平米 | 南 北 | 简装 | 高楼层(共6层) | 1986年建 | 板楼,http://image1.ljcdn.com/110000-inspection/83e8ca2d-a230-452e-ac79-50edf2acb5e2_1000.jpg.296x216.jpg
20201223,普陀,真如,真北新村三街坊 1室1厅 南,310万,1室1厅 | 58.69平米 | 南 | 其他 | 中楼层(共20层) | 1994年建 | 塔楼,http://image1.ljcdn.com/110000-inspection/fdb7b8b2-69b5-459e-b5d0-a0c42bd5f489_1000.jpg.296x216.jpg
20201223,普陀,真如,真北二街坊 2室1厅 南 北,260万,2室1厅 | 42.31平米 | 南 北 | 其他 | 低楼层(共6层) | 1992年建 | 板楼,http://image1.ljcdn.com/110000-inspection/pc1_R2osKzHkB_1.jpg.296x216.jpg
20201223,普陀,真如,新出朝南一房，精装修，近地铁，满五唯一，产权清晰房主自荐,210万,1室1厅 | 43.24平米 | 南 | 精装 | 高楼层(共7层) | 1988年建 | 板楼,http://image1.ljcdn.com/110000-inspection/pc1_U7mvW8v8m.jpg.296x216.jpg
20201223,普陀,真如,近地铁 诚意出售 西边套全明 采光无遮挡 户型方正,305万,2室1厅 | 53.63平米 | 南 | 精装 | 高楼层(共7层) | 1995年建 | 板楼,http://image1.ljcdn.com/110000-inspection/f2fbe87d-81a3-4ee7-a0f9-647d1bc918ab_1000.jpg.296x216.jpg
20201223,普陀,真如,全明格局，楼层好，视野开阔，采光充足，交通便利,650万,1室2厅 | 62平米 | 南 | 简装 | 36层 | 2009年建 | 板楼,http://image1.ljcdn.com/110000-inspection/7ca086e6-ecd9-47fd-8c4c-1398fdf7c179_1000.jpg.296x216.jpg
20201223,普陀,真如,朝南全明，全新装修，拎包入住，房东诚意，随时看房,400万,1室1厅 | 66.9平米 | 南 | 精装 | 低楼层(共20层) | 2003年建 | 塔楼,http://image1.ljcdn.com/110000-inspection/eff5b8e0-2d68-48b5-9fb6-2e61638f940f_1000.jpg.296x216.jpg
20201223,普陀,真如,真如西村 2室1厅 南,356万,2室1厅 | 61.05平米 | 南 | 简装 | 低楼层(共6层) | 1983年建 | 板楼,http://image1.ljcdn.com/110000-inspection/pc1_RMO5Gq7bQ_1.jpg.296x216.jpg
20201223,普陀,真如,低总价一房，分门独用，小区中间位置,160万,1室0厅 | 31.26平米 | 南 | 简装 | 高楼层(共5层) | 1957年建 | 板楼,http://image1.ljcdn.com/110000-inspection/e1a90942-7f62-4321-ab76-c0d95b16dfc8_1000.jpg.296x216.jpg
20201223,普陀,真如,真如西村 1室1厅 南房主自荐,215万,1室1厅 | 36.85平米 | 南 | 简装 | 中楼层(共6层) | 1984年建 | 板楼,http://image1.ljcdn.com/110000-inspection/pc1_FaKiwyP62_1.jpg.296x216.jpg
20201223,普陀,真如,售后公房 南北两房 采光通风无遮挡 业主诚意出售,309万,2室1厅 | 54.67平米 | 南 | 简装 | 高楼层(共6层) | 1990年建 | 板楼,http://image1.ljcdn.com/110000-inspection/722533e5-f2e6-405f-8cdd-4a5eb849d584_1000.jpg.296x216.jpg
20201223,普陀,真如,近曹杨路，板式电梯房，全南户型，采光佳，适合改善！,830万,2室2厅 | 100.02平米 | 南 | 毛坯 | 中楼层(共18层) | 2005年建 | 板楼,http://image1.ljcdn.com/310000-inspection/prod-0a195168-7bcf-46ef-800a-282cd562860d.jpg.296x216.jpg
20201223,普陀,真如,实用面积大+复式宜居+户型方正适合居家房主自荐,970万,4室3厅 | 176.74平米 | 南 | 精装 | 高楼层(共6层) | 2000年建 | 板楼,http://image1.ljcdn.com/310000-inspection/prod-a6116ee8-07df-4f76-b43f-f50fac5d2c16.jpg.296x216.jpg
20201223,普陀,真如,降价100万+一梯一户+南北通透+采光视野好+业主诚售,980万,4室2厅 | 171平米 | 南 北 | 精装 | 中楼层(共11层) | 2000年建 | 板楼,http://image1.ljcdn.com/310000-inspection/prod-bc977a60-87df-4c23-9401-386182ebcc4b.jpg.296x216.jpg
20201223,普陀,真如,业主诚意出售，精装修，双南户型.,645万,2室2厅 | 96.43平米 | 南 | 精装 | 中楼层(共8层) | 2006年建 | 板楼,http://image1.ljcdn.com/310000-inspection/prod-1c8ac4ac-cb51-4eac-9629-804a3a65c2a0.jpg.296x216.jpg
20201223,普陀,真如,精装超大四房，南北通户型，采光好,1400万,4室2厅 | 185.68平米 | 南 | 精装 | 低楼层(共27层)  | 板楼,http://image1.ljcdn.com/310000-inspection/pc1_Xq6lH8zBA_1.jpg.296x216.jpg
20201223,普陀,真如,精装大四房，两南两北，高区视野好，采光超棒！,1350万,4室2厅 | 195.05平米 | 南 | 精装 | 高楼层(共27层)  | 板楼,http://image1.ljcdn.com/110000-inspection/a9b8b8ff-365e-480c-a2d3-3caa5c97cad8_1000.jpg.296x216.jpg
20201223,普陀,真如,地铁无缝对接 一梯两户 电梯三居 南北全明 中庭位置,750万,3室2厅 | 118.91平米 | 南 北 | 精装 | 高楼层(共14层) | 2005年建 | 板楼,http://image1.ljcdn.com/110000-inspection/pc1_PmvpZKkKb.jpg.296x216.jpg
20201223,普陀,真如,双南两房一厅+书房，一梯两户 随时看房！,445万,2室1厅 | 76.57平米 | 南 北 | 简装 | 高楼层(共6层) | 1995年建 | 板楼,http://image1.ljcdn.com/110000-inspection/pc1_VRsvbDzNC_1.jpg.296x216.jpg
20201223,普陀,真如,曹杨家园 3室2厅 南,760万,3室2厅 | 145.58平米 | 南 | 简装 | 高楼层(共6层) | 1997年建 | 板楼,http://image1.ljcdn.com/110000-inspection/pc1_L36bM2nt8_1.jpg.296x216.jpg
20201223,普陀,真如,顶楼双层复式+大露台+精装修+交通便利房主自荐,1580万,4室3厅 | 246.99平米 | 南 | 精装 | 高楼层(共11层) | 2000年建 | 板楼,http://image1.ljcdn.com/110000-inspection/pc1_PBTXPJ1cL_1.jpg.296x216.jpg
20201223,普陀,真如,总价低+户型方正+无遮挡视野好采光好,650万,2室1厅 | 98.13平米 | 南 | 简装 | 低楼层(共14层) | 2004年建 | 板楼,http://image1.ljcdn.com/110000-inspection/pc1_225sb9UBv_1.jpg.296x216.jpg
20201223,普陀,真如,车站新村(普陀) 3室1厅 南 北,349万,3室1厅 | 65.88平米 | 南 北 | 简装 | 高楼层(共6层) | 1989年建 | 板楼,http://image1.ljcdn.com/110000-inspection/d77e4507-e4bd-461e-851d-0b0cdefb37c3_1000.jpg.296x216.jpg
20201223,普陀,真如,高层视野开阔，通风采光良好，户型方正，枫桥路地铁口,1200万,4室2厅 | 177.47平米 | 南 | 简装 | 高楼层(共18层) | 2001年建 | 塔楼,http://image1.ljcdn.com/110000-inspection/pc1_kZxpn1YMx.jpg.296x216.jpg
20201223,普陀,真如,满五年无个税，全明户型，高区采光好，地铁14和15号线,485万,2室2厅 | 94.61平米 | 南 | 简装 | 高楼层(共24层) | 1996年建 | 塔楼,http://image1.ljcdn.com/110000-inspection/4ea4ffa1-e5f5-4fdd-a34f-7cf956f87e04_1000.jpg.296x216.jpg
20201223,普陀,真如,业主诚意出售，看房比较方便，提前约就行。,765万,2室2厅 | 111.42平米 | 南 | 简装 | 中楼层(共11层) | 2003年建 | 板楼,http://image1.ljcdn.com/110000-inspection/pc1_phoWzQIfW.jpg.296x216.jpg
20201223,普陀,真如,品质的小区，三轨交通，户型方正，商ye配套,695万,4室2厅 | 164平米 | 北 南 | 其他 | 低楼层(共38层) | 2015年建 | 塔楼,http://image1.ljcdn.com/110000-inspection/pc1_BmeltR0TC_1.jpg.296x216.jpg
20201223,普陀,真如,此房满五年唯一，产权清晰 没有抵押,没有贷款。,380万,2室1厅 | 68.44平米 | 南 | 精装 | 高楼层(共6层) | 1986年建 | 板楼,http://image1.ljcdn.com/110000-inspection/pc1_fRnzSvT4X_1.jpg.296x216.jpg
20201223,普陀,真如,房型佳，南北通大三房，南北双阳台，采光足视野不挡,750万,3室2厅 | 118.81平米 | 南 | 精装 | 高楼层(共6层) | 2009年建 | 板楼,http://image1.ljcdn.com/110000-inspection/d6bc30f6-85e6-4578-93fc-8c10a7d82a89_1000.jpg.296x216.jpg
20201223,普陀,真如,中内环别墅+人车分流+装修好+采光好,2250万,4室2厅 | 222.14平米 | 南 北 | 精装 | 中楼层(共6层) | 2014年建 | 板楼,http://image1.ljcdn.com/110000-inspection/pc1_sfsYqhDE2_1.jpg.296x216.jpg
20201223,普陀,真如,二期精装3房，满五唯一，省2个点个税,1350万,3室2厅 | 142.75平米 | 南 | 精装 | 36层 | 2011年建 | 板楼,http://image1.ljcdn.com/110000-inspection/pc1_U0FtU6dSh_1.jpg.296x216.jpg
20201223,普陀,真如,小区是88年后的小区，小区绿色植物多房主自荐,196万,1室1厅 | 34.46平米 | 南 | 精装 | 中楼层(共6层) | 1978年建 | 板楼,http://image1.ljcdn.com/110000-inspection/3b3dead5-9cf6-4e0e-9178-b0994bbfc0e5_1000.jpg.296x216.jpg
20201223,普陀,真如,精装修，朝南一房，采光好，普通住宅税费少，看房方便房主自荐,196万,1室1厅 | 42.47平米 | 南 | 精装 | 高楼层(共6层) | 1989年建 | 板楼,http://image1.ljcdn.com/310000-inspection/pc1_IptTPDBSY_1.jpg.296x216.jpg
20201223,普陀,真如,地铁500m！总价低！经典一门关,155万,1室0厅 | 30.22平米 | 北 | 简装 | 高楼层(共5层) | 1957年建 | 板楼,http://image1.ljcdn.com/110000-inspection/pc1_iRRv3RNqn_1.jpg.296x216.jpg
20201223,普陀,真如,南北通边套。厕所厨房朝北，迎河风景好，诚意出售房主自荐,205万,1室1厅 | 42.06平米 | 南 | 其他 | 高楼层(共6层) | 1983年建 | 板楼,http://image1.ljcdn.com/110000-inspection/8caedd3b-ff97-4c0d-8668-b83ddf401ac5_1000.jpg.296x216.jpg
20201223,普陀,真如,边套全明户型，地铁门口，楼层好，采光充足房主自荐,220万,1室1厅 | 37.53平米 | 南 | 简装 | 中楼层(共6层) | 1987年建 | 板楼,http://image1.ljcdn.com/110000-inspection/5aa70439-035d-4bb2-9505-89c10902dd22_1000.jpg.296x216.jpg
20201223,普陀,真如,地铁500m！总价低！西边套 朝南小户型,165万,1室0厅 | 29.53平米 | 南 | 毛坯 | 中楼层(共5层) | 1957年建 | 板楼,http://image1.ljcdn.com/110000-inspection/b6ae0100-e1f7-4ba6-8833-188ddd3374d6_1000.jpg.296x216.jpg
20201223,普陀,真如,双南双阳台 精装修 满五唯一 视野宽阔 采光好,330万,2室1厅 | 65.61平米 | 南 | 精装 | 高楼层(共5层) | 1985年建 | 板楼,http://image1.ljcdn.com/310000-inspection/prod-ddc6419c-5a7e-4062-92b4-073e2410e8ab.jpg.296x216.jpg
20201223,普陀,真如,此房满五年唯一，税费比较少，诚意出售，无遮挡,245万,2室0厅 | 48.81平米 | 南 北 | 简装 | 中楼层(共7层) | 1986年建 | 板楼,http://image1.ljcdn.com/110000-inspection/pc1_Shw7sX0qR.jpg.296x216.jpg
20201223,普陀,真如,看房方便，精装修，楼层合适，居住适宜。,225万,1室1厅 | 41平米 | 南 | 简装 | 中楼层(共6层) | 1984年建 | 板楼,http://image1.ljcdn.com/110000-inspection/a34a83c1-4bd0-4711-91fb-66a9593610e6_1000.jpg.296x216.jpg
20201223,普陀,真如,满五唯一税费少，小高层电梯房，中区通风采光好！房主自荐,640万,2室2厅 | 107平米 | 南 北 | 简装 | 中楼层(共8层) | 2004年建 | 板楼,http://image1.ljcdn.com/110000-inspection/pc1_EmLWazt3N_1.jpg.296x216.jpg
20201223,普陀,真如,中环内少有电梯房 售后公房 地铁口700米,299万,1室1厅 | 54.78平米 | 南 | 精装 | 中楼层(共18层) | 1991年建 | 塔楼,http://image1.ljcdn.com/110000-inspection/pc1_X8b4UsUVX_1.jpg.296x216.jpg
20201223,普陀,真如,此房满五唯一税少，南北全明格局好。楼层好，采光暖房主自荐,232万,2室1厅 | 50.37平米 | 东 西 | 精装 | 中楼层(共5层) | 1954年建 | 板楼,http://image1.ljcdn.com/110000-inspection/pc1_tImw0b3X3_1.jpg.296x216.jpg
20201223,普陀,真如,满五唯一，户型方正，采光通风好，诚意出售,255万,2室0厅 | 50.01平米 | 东 西 | 简装 | 中楼层(共6层) | 1990年建 | 板楼,http://image1.ljcdn.com/110000-inspection/pc1_hgvyOdsPA_1.jpg.296x216.jpg
20201223,普陀,真如,兰溪路243号 1室1厅 东,245万,1室1厅 | 43.69平米 | 东 | 精装 | 中楼层(共6层) | 1986年建 | 板楼,http://image1.ljcdn.com/310000-inspection/prod-0335d186-5be8-495a-8f36-1255dd7d7045.jpg.296x216.jpg
20201223,普陀,真如,满五唯一 交通便利  人文环境好房主自荐,250万,1室1厅 | 42平米 | 南 | 毛坯 | 中楼层(共6层) | 1989年建 | 板楼,http://image1.ljcdn.com/110000-inspection/pc1_GhjYOnNXs_2.jpg.296x216.jpg
20201223,普陀,真如,精装修+中间楼层+配套设施齐全+交通便利+看房方便,200万,1室1厅 | 38平米 | 西南 | 精装 | 中楼层(共6层) | 1985年建 | 板楼,http://image1.ljcdn.com/110000-inspection/pc1_VTwnrLWgt_1.jpg.296x216.jpg
20201223,普陀,真如,户型方正，满五，采光通风好，总价低,203万,1室1厅 | 38.45平米 | 南 | 精装 | 高楼层(共6层) | 1986年建 | 板楼,http://image1.ljcdn.com/110000-inspection/pc1_OzrztdAnY_1.jpg.296x216.jpg
20201223,普陀,真如,美丽的环境给您温暖的家  安静的氛围给您舒适的家,212万,1室1厅 | 42.6平米 | 南 | 简装 | 高楼层(共6层) | 1988年建 | 板楼,http://image1.ljcdn.com/110000-inspection/pc1_RzaH3G34O_1.jpg.296x216.jpg
20201223,普陀,真如,空中花园+配套成熟+交通便利+税费少,650万,1室1厅 | 69.1平米 | 南 | 精装 | 21层 | 2011年建 | 板楼,http://image1.ljcdn.com/110000-inspection/pc1_6ERJ6NZHP.jpg.296x216.jpg
20201223,普陀,真如,精装拎包入住 近地铁 采光好 两房,350万,2室1厅 | 59.53平米 | 南 | 精装 | 高楼层(共6层) | 1990年建 | 板楼,http://image1.ljcdn.com/110000-inspection/5785631d-57b3-4fb0-b7e3-d191cf047f21_1000.jpg.296x216.jpg
20201223,普陀,真如,非顶楼+税少+近地铁+无抵押纠纷,174万,1室1厅 | 35.5平米 | 南 | 简装 | 高楼层(共7层) | 1993年建 | 板楼,http://image1.ljcdn.com/110000-inspection/af91d819-b642-4612-b9e3-84b9d7ded5bd_1000.jpg.296x216.jpg
20201223,普陀,真如,边套南北两房，真如文英旁边，地铁也方便,273万,2室1厅 | 51.68平米 | 南 北 | 简装 | 高楼层(共7层) | 1985年建 | 板楼,http://image1.ljcdn.com/110000-inspection/pc1_89APnVfwY_1.jpg.296x216.jpg
20201223,普陀,真如,满五唯一，采光通风好，看房方便业主诚意,410万,3室0厅 | 73平米 | 南 | 简装 | 高楼层(共6层) | 1987年建 | 板楼,http://image1.ljcdn.com/110000-inspection/pc1_eFi5qYQVu_2.jpg.296x216.jpg
20201223,普陀,真如,全明南北通格局，边套全明户型，三轨交汇处，交通便利,228万,1室1厅 | 38.98平米 | 南 | 精装 | 中楼层(共6层) | 1990年建 | 板楼,http://image1.ljcdn.com/110000-inspection/pc1_6h1aofKhW_1.jpg.296x216.jpg
20201223,普陀,真如,真西新村第二小区 1室1厅 南,225万,1室1厅 | 41.86平米 | 南 | 简装 | 中楼层(共6层) | 1993年建 | 板楼,http://image1.ljcdn.com/110000-inspection/pc1_44I8KZbHV_1.jpg.296x216.jpg
20201223,普陀,真如,近3/4/7号线，采光好，诚意出售房主自荐,205万,1室1厅 | 39.7平米 | 南 | 精装 | 高楼层(共6层) | 1986年建 | 板楼,http://image1.ljcdn.com/110000-inspection/pc1_zaWmLnqxG_1.jpg.296x216.jpg
20201223,普陀,真如,房子总价低，2房一厅，装修不错，直接拎包入住。房主自荐,243万,2室1厅 | 46.76平米 | 南 北 | 精装 | 高楼层(共6层) | 1988年建 | 板楼,http://image1.ljcdn.com/110000-inspection/pc1_ZjG6zl0M4_1.jpg.296x216.jpg
20201223,普陀,真如,实地公寓 1室1厅 南,350万,1室1厅 | 50.76平米 | 南 | 简装 | 高楼层(共20层) | 2003年建 | 塔楼,http://image1.ljcdn.com/110000-inspection/02564831-7853-40e8-b92e-2d729feaab60_1000.jpg.296x216.jpg
20201223,普陀,真如,真西新村第二小区 1室1厅 南,268万,1室1厅 | 43.99平米 | 南 | 简装 | 中楼层(共6层) | 1995年建 | 板楼,http://image1.ljcdn.com/110000-inspection/c5e05e04-bc81-4434-8130-13dccbc41541_1000.jpg.296x216.jpg
20201223,普陀,真如,精装修一房，中间楼层，真正的领包入住。,218万,1室0厅 | 35.56平米 | 南 | 精装 | 低楼层(共6层) | 1992年建 | 板楼,http://image1.ljcdn.com/110000-inspection/2dad7932-96d0-4c35-bd09-5c05c269af39_1000.jpg.296x216.jpg
20201223,普陀,真如,朝北一门关，低总价，欢迎实地看房,152万,1室0厅 | 29.29平米 | 北 | 简装 | 高楼层(共5层) | 1957年建 | 板楼,http://image1.ljcdn.com/110000-inspection/pc1_HwoZfMN97_1.jpg.296x216.jpg
20201223,普陀,真如,近地铁 满五年唯一 非顶楼 视野开阔无遮挡 急售！,210万,1室1厅 | 39.39平米 | 南 | 简装 | 高楼层(共7层) | 1985年建 | 板楼,http://image1.ljcdn.com/110000-inspection/61dfbac5-39d0-4629-b0d4-4538ea737450_1000.jpg.296x216.jpg
20201223,普陀,真如,售后公房 户型很方正  满五唯一,385万,3室1厅 | 69.29平米 | 南 | 简装 | 高楼层(共6层) | 1984年建 | 板楼,http://image1.ljcdn.com/110000-inspection/pc1_Ey2jdOGIw_2.jpg.296x216.jpg
20201223,普陀,真如,此房满五唯一，税少，双南两房带正规厅，诚心出售。,388万,2室2厅 | 73.06平米 | 南 | 简装 | 中楼层(共6层) | 1987年建 | 板楼,http://image1.ljcdn.com/110000-inspection/8309ace3-56f6-4c9d-83a7-9f3e0ed53454_1000.jpg.296x216.jpg
20201223,普陀,真如,近地铁，满五唯一，南北通两房两厅两卫，位置安静，,579万,2室2厅 | 93.2平米 | 南 北 | 简装 | 低楼层(共6层) | 2000年建 | 板楼,http://image1.ljcdn.com/110000-inspection/pc1_7GYd0Z85D.jpg.296x216.jpg
20201223,普陀,真如,距离14号线300米左右，楼下是自行车库不潮湿，有抬高房主自荐,388万,2室1厅 | 77.32平米 | 南 | 简装 | 低楼层(共24层) | 1996年建 | 塔楼,http://image1.ljcdn.com/310000-inspection/prod-2cdf8f07-541c-45a0-914e-b64df81c3ca3.jpg.296x216.jpg
20201223,普陀,真如,满五唯一税费少 近11、14、15号线 视野宽阔 采光好,232万,1室1厅 | 48.34平米 | 南 | 简装 | 高楼层(共6层) | 1985年建 | 板楼,http://image1.ljcdn.com/310000-inspection/prod-c0a91b01-ddfd-42c6-b1f1-0713a15adff5.jpg.296x216.jpg
20201223,普陀,真如,售后公房唯一税费低 近11号线上海西站 拎包入住中楼层,380万,2室1厅 | 73.52平米 | 东南 | 精装 | 中楼层(共18层) | 1991年建 | 塔楼,http://image1.ljcdn.com/310000-inspection/prod-412a7ad6-588d-4e6e-8284-8ac3ad909cf0.jpg.296x216.jpg
20201223,普陀,真如,高区电梯房 视野开阔  近地铁 税费少 配套齐房主自荐,275万,1室1厅 | 52.18平米 | 南 | 毛坯 | 中楼层(共18层) | 1993年建 | 塔楼,http://image1.ljcdn.com/310000-inspection/prod-4167d8f5-5344-4ed9-aa5f-cb21a5ae0e42.jpg.296x216.jpg
20201223,普陀,真如,近地铁小一房，配套齐全，交通便捷房主自荐,158万,1室1厅 | 30.88平米 | 北 | 简装 | 低楼层(共6层) | 1992年建 | 板楼,http://image1.ljcdn.com/110000-inspection/0ac139e7-5352-42e2-878d-6b3904d23755_1000.jpg.296x216.jpg
20201223,普陀,真如,房子满五唯一，税少。全明南北2房。南北通。,545万,2室2厅 | 94.47平米 | 南 | 精装 | 低楼层(共16层) | 2005年建 | 板楼,http://image1.ljcdn.com/110000-inspection/pc1_nBwlhiiVA_1.jpg.296x216.jpg
20201223,普陀,真如,好房诚意出售，等待有缘人！！！！！,630万,2室2厅 | 103.12平米 | 南 | 精装 | 低楼层(共6层) | 2005年建 | 板楼,http://image1.ljcdn.com/310000-inspection/prod-bf68d888-fd65-4147-b69d-1c8a4a939fb9.jpg.296x216.jpg
20201223,普陀,真如,颐宁苑双南两房高楼层小区中间位置前后无遮挡采光好,650万,2室2厅 | 103.19平米 | 南 | 简装 | 高楼层(共28层) | 1999年建 | 板楼,http://image1.ljcdn.com/310000-inspection/prod-7abd9da7-9d9b-4707-88e7-71211fa70a2f.jpg.296x216.jpg
20201223,普陀,真如,曹杨花苑11号线上海西站+一梯两户+全明设计。房主自荐,320万,1室1厅 | 50.26平米 | 南 | 简装 | 低楼层(共6层) | 1998年建 | 板楼,http://image1.ljcdn.com/310000-inspection/pc1_wD0vaDsfu_1.jpg.296x216.jpg
20201223,普陀,真如,2房朝南经典户型+南北通透+采光无遮挡,450万,2室2厅 | 74.93平米 | 南 北 | 简装 | 高楼层(共7层) | 1999年建 | 板楼,http://image1.ljcdn.com/110000-inspection/pc1_6LJXKQ9lI_1.jpg.296x216.jpg
20201223,普陀,真如,真如西村一楼带天井，适合老人居住，单价低,235万,1室1厅 | 44.29平米 | 南 | 毛坯 | 低楼层(共4层) | 1973年建 | 板楼,http://image1.ljcdn.com/110000-inspection/pc1_qPvvSf6bj_1.jpg.296x216.jpg
20201223,普陀,真如,此房满五唯一，全南户型 中间楼层，业主诚意出售。,255万,1室1厅 | 41.86平米 | 南 | 简装 | 中楼层(共6层) | 1993年建 | 板楼,http://image1.ljcdn.com/110000-inspection/pc1_hEciHSblj_1.jpg.296x216.jpg
20201223,普陀,真如,链家好房！中间楼南北通一房一厅，随时看房 诚意出售,245万,1室1厅 | 45.2平米 | 南 | 简装 | 中楼层(共6层) | 1989年建 | 板楼,http://image1.ljcdn.com/110000-inspection/9eb4eac1-011f-4082-b2a6-96189455cc92_1000.jpg.296x216.jpg
20201223,普陀,真如,满五唯一 采光好 通风好 一门关 小户型,190万,1室1厅 | 36.43平米 | 南 | 简装 | 高楼层(共6层) | 1983年建 | 板楼,http://image1.ljcdn.com/110000-inspection/pc1_EiEFxxih2_2.jpg.296x216.jpg
20201223,普陀,真如,满五唯一  近地铁 双南 环境安静 配套齐全,330万,2室1厅 | 59.42平米 | 南 | 简装 | 高楼层(共6层) | 1988年建 | 板楼,http://image1.ljcdn.com/110000-inspection/pc1_CI4kj8Nny_1.jpg.296x216.jpg
20201223,普陀,真如,全明三房，适合老人或者两三代人一起生活，业主诚售！,350万,3室1厅 | 63.05平米 | 南 | 简装 | 低楼层(共6层) | 1989年建 | 板楼,http://image1.ljcdn.com/110000-inspection/86e2d629-ab9f-44ca-959c-d13bd2dff39f_1000.jpg.296x216.jpg
20201223,普陀,真如,售后公房，税费低，采光充足，视野宽阔，交通便利,321万,2室1厅 | 56.68平米 | 南 北 | 精装 | 低楼层(共6层) | 1993年建 | 板楼,http://image1.ljcdn.com/110000-inspection/pc1_9gPliZ0X8_1.jpg.296x216.jpg
20201223,普陀,真如,真北新村三街坊两房户型方正采光好,330万,2室1厅 | 57.87平米 | 西南 | 简装 | 中楼层(共6层) | 1994年建 | 板楼,http://image1.ljcdn.com/110000-inspection/pc1_paLUcGrmJ_2.jpg.296x216.jpg
20201223,普陀,真如,全新精装修户型全明，大型家电全给拎包入住满五唯一房主自荐,210万,1室1厅 | 37.71平米 | 南 | 精装 | 高楼层(共6层) | 1992年建 | 板楼,http://image1.ljcdn.com/110000-inspection/pc1_IJY8kJpWJ_2.jpg.296x216.jpg
20201223,普陀,真如,精装修，户型方正  中间楼层  诚意出售 看房方便,230万,1室1厅 | 40平米 | 东 北 南 | 精装 | 中楼层(共6层) | 1994年建 | 板楼,http://image1.ljcdn.com/110000-inspection/pc1_Ls1vrBh9E_1.jpg.296x216.jpg
20201223,普陀,真如,一房朝南 诚意出售 采光好 看房方便,205万,1室1厅 | 42.48平米 | 南 | 简装 | 高楼层(共6层) | 1983年建 | 板楼,http://image1.ljcdn.com/110000-inspection/pc1_9q1stHoiJ_1.jpg.296x216.jpg
20201223,普陀,真如,全明一室一厅 格局方正 采光视野佳 近地铁,210万,1室1厅 | 39.63平米 | 南 | 简装 | 高楼层(共6层) | 1988年建 | 板楼,http://image1.ljcdn.com/110000-inspection/pc1_oAe7SdaKT_2.jpg.296x216.jpg
20201223,普陀,真如,双南两房，房型好，楼层好，税费少，房东诚心出售！,318万,2室1厅 | 57.88平米 | 南 北 | 精装 | 高楼层(共6层) | 1987年建 | 板楼,http://image1.ljcdn.com/110000-inspection/pc1_ZveGu6T5R_1.jpg.296x216.jpg
20201223,普陀,真如,精致全明小户型 三轨交汇处 采光视野佳~,299万,2室1厅 | 52.28平米 | 南 | 精装 | 高楼层(共6层) | 1995年建 | 板楼,http://image1.ljcdn.com/110000-inspection/pc1_tu69gRzA9_2.jpg.296x216.jpg
20201223,普陀,真如,满五唯一税费低 近地铁 业主诚意出售房主自荐,295万,2室1厅 | 56.99平米 | 西南 | 简装 | 高楼层(共6层) | 1989年建 | 板楼,http://image1.ljcdn.com/110000-inspection/pc1_loD9OvP0z_1.jpg.296x216.jpg
20201223,普陀,真如,花苑北区+离地铁站近，经典双南两房，小区中间,380万,2室2厅 | 70.89平米 | 南 北 | 简装 | 高楼层(共6层) | 1996年建 | 板楼,http://image1.ljcdn.com/110000-inspection/pc1_H6hw37RXf_1.jpg.296x216.jpg
20201223,普陀,真如,近地铁小户型，售后公房税费少，采光充足无遮挡房主自荐,245万,2室1厅 | 46.42平米 | 南 | 精装 | 高楼层(共6层) | 1988年建 | 板楼,http://image1.ljcdn.com/110000-inspection/a16d5eef-ecb0-4e50-8a7b-eda9e0206140_1000.jpg.296x216.jpg
20201223,普陀,真如,满五不唯一，诚意出售，近地铁，配套齐全,246万,1室1厅 | 49.58平米 | 南 | 简装 | 高楼层(共7层) | 1988年建 | 板楼,http://image1.ljcdn.com/110000-inspection/607c50dd-8e8d-480b-a101-74a81c4ce320_1000.jpg.296x216.jpg
20201223,普陀,真如,满五年唯一，拎包入住，地铁近看房方便,252万,2室1厅 | 44.05平米 | 南 | 精装 | 高楼层(共6层) | 1977年建 | 板楼,http://image1.ljcdn.com/110000-inspection/pc1_zy9j5HWsL_1.jpg.296x216.jpg
20201223,普陀,真如,全明格局，楼层好，视野开阔，采光充足，交通便利,710万,1室2厅 | 72平米 | 南 | 精装 | 21层 | 2011年建 | 板楼,http://image1.ljcdn.com/110000-inspection/9b86634e-75df-4be8-b785-49d16f6a27c0_1000.jpg.296x216.jpg
20201223,普陀,真如,此房满五年唯一，房东诚意出售，距离地铁站近出行方便,375万,2室1厅 | 69平米 | 南 | 精装 | 高楼层(共6层) | 1996年建 | 板楼,http://image1.ljcdn.com/110000-inspection/pc1_Tsd7CBWSV_1.jpg.296x216.jpg
20201223,普陀,真如,售后公房 交通便利 电梯房 小区环境好，业主诚意出售,325万,1室1厅 | 58.69平米 | 南 | 简装 | 中楼层(共20层) | 1994年建 | 塔楼,http://image1.ljcdn.com/110000-inspection/pc1_SmCasfq29_1.jpg.296x216.jpg
20201223,普陀,真如,一梯两户南北通一房一厅全明房型,235万,1室1厅 | 44.29平米 | 南 | 简装 | 高楼层(共6层) | 1995年建 | 板楼,http://image1.ljcdn.com/110000-inspection/da0bd43d-13d6-478a-a91e-18fc8d84c58a_1000.jpg.296x216.jpg
20201223,普陀,真如,满五唯一 近地铁  配套齐全 出行方便房主自荐,258万,2室0厅 | 53.68平米 | 东 | 简装 | 高楼层(共6层) | 1982年建 | 板楼,http://image1.ljcdn.com/110000-inspection/fc565c9a-58eb-4116-b145-7cf06f551110_1000.jpg.296x216.jpg
20201223,普陀,真如,水塘小区 2室1厅 南,330万,2室1厅 | 63.28平米 | 南 | 简装 | 高楼层(共7层) | 1988年建 | 板楼,http://image1.ljcdn.com/110000-inspection/pc1_hRfXZ3LSD_1.jpg.296x216.jpg
20201223,普陀,真如,全明边套户型 近地铁 低楼层 诚意出售 价格可谈,250万,1室1厅 | 42.1平米 | 南 | 简装 | 低楼层(共7层) | 1988年建 | 板楼,http://image1.ljcdn.com/110000-inspection/939c3276-b9b6-4926-ba3c-3842a301b5de_1000.jpg.296x216.jpg
20201223,普陀,真如,朝南一房，真如文英，旁边地铁站出行便利,193万,1室1厅 | 36.6平米 | 南 | 精装 | 高楼层(共6层) | 1989年建 | 板楼,http://image1.ljcdn.com/110000-inspection/5ee317fe-16dc-4ecc-a7df-8c6dfc862852_1000.jpg.296x216.jpg
20201223,普陀,真如,新出两房，中间楼层，真如文英，有装修可拎包入住,267万,2室1厅 | 48.5平米 | 南 北 | 精装 | 中楼层(共6层) | 1984年建 | 板楼,http://image1.ljcdn.com/110000-inspection/pc1_w1kai1tN6_1.jpg.296x216.jpg
20201223,普陀,真如,小三房户型，边套全明户型，带装修可拎包入住,362万,3室1厅 | 71.61平米 | 南 | 简装 | 低楼层(共7层) | 1984年建 | 板楼,http://image1.ljcdn.com/110000-inspection/pc1_TtV1DOSrG_1.jpg.296x216.jpg
20201223,普陀,真如,电梯房 近双轨交 全明户型 楼层好无遮挡房主自荐,245万,1室1厅 | 43.91平米 | 南 | 简装 | 中楼层(共6层)  | 板楼,http://image1.ljcdn.com/110000-inspection/ed665ac3-db20-4989-90f4-277e8223256d_1000.jpg.296x216.jpg
20201223,普陀,真如,小两房户型含天井，一厨一卫，小区花园位置,320万,2室1厅 | 56.92平米 | 南 北 | 简装 | 低楼层(共6层) | 1993年建 | 板楼,http://image1.ljcdn.com/110000-inspection/pc1_JK8H21vY0_1.jpg.296x216.jpg
20201223,普陀,真如,近地铁，位置好，边套全明精装修，采光无遮挡房主自荐,315万,2室1厅 | 59.11平米 | 南 | 精装 | 高楼层(共6层) | 1987年建 | 板楼,http://image1.ljcdn.com/110000-inspection/8eb231da-f7ac-435b-90f7-58abbb1dbd5e_1000.jpg.296x216.jpg
20201223,普陀,真如,低总价一室户，适合过渡安家，业主诚心出售，欢迎实看,260万,1室1厅 | 50.26平米 | 南 | 简装 | 高楼层(共6层) | 1998年建 | 板楼,http://image1.ljcdn.com/110000-inspection/acfa0f79-f93f-4cb2-8a34-1c55a31d7be8_1000.jpg.296x216.jpg
20201223,普陀,真如,此房为方正2房户型，南北全明。精装有地暖，3轨交通房主自荐,300万,2室1厅 | 54.67平米 | 南 | 精装 | 高楼层(共6层) | 1990年建 | 板楼,http://image1.ljcdn.com/110000-inspection/bbe928f1-3802-47bc-bc34-f24dd3957380_1000.jpg.296x216.jpg
20201223,普陀,真如,售后公房，满五唯一，没有增值附加税没有个税，非顶楼,558万,2室2厅 | 78.27平米 | 南 | 精装 | 高楼层(共6层) | 1999年建 | 板楼,http://image1.ljcdn.com/110000-inspection/d219c2ad-3f56-4ed1-b4e8-ae3b5e755237_1000.jpg.296x216.jpg
20201223,普陀,真如,房子满五年不唯一，小区中间位置非顶楼,180万,1室1厅 | 33.98平米 | 南 | 毛坯 | 高楼层(共6层) | 1985年建 | 板楼,http://image1.ljcdn.com/110000-inspection/pc1_aOm2OIZD1_1.jpg.296x216.jpg
20201223,普陀,真如,烫金楼层，稀有户型，值得拥有..,288万,1室1厅 | 51平米 | 东 西 | 精装 | 中楼层(共6层) | 1954年建 | 板楼,http://image1.ljcdn.com/110000-inspection/ad50cbef-4bbf-438f-9836-c03453d7b3b0_1000.jpg.296x216.jpg
20201223,普陀,真如,真如西村 2室1厅 南 北,280万,2室1厅 | 50.31平米 | 南 北 | 精装 | 高楼层(共6层) | 1984年建 | 板楼,http://image1.ljcdn.com/110000-inspection/83ad84f6-3ae7-4b74-9fc3-2aacd7955130_1000.jpg.296x216.jpg
20201223,普陀,真如,满五年唯一 诚意卖一房  看房方便,306万,1室1厅 | 49.69平米 | 南 | 精装 | 高楼层(共7层) | 2000年建 | 板楼,http://image1.ljcdn.com/110000-inspection/pc1_pesbVUl3j_1.jpg.296x216.jpg
20201223,普陀,真如,三条地铁链接 一梯两户 中庭位置 双南全明 房型方正房主自荐,385万,2室1厅 | 71.26平米 | 南 | 简装 | 高楼层(共6层) | 1996年建 | 板楼,http://image1.ljcdn.com/310000-inspection/pc1_o1TK0LHc9_1.jpg.296x216.jpg
20201223,普陀,真如,此房属于中高楼层，采光无遮挡，南北通，户型正气,560万,2室1厅 | 80.7平米 | 南 北 | 精装 | 高楼层(共6层) | 1999年建 | 板楼,http://image1.ljcdn.com/110000-inspection/pc1_44dFDv23g_2.jpg.296x216.jpg
20201223,普陀,真如,交通便利，出行方便诚意出售，必卖好房,460万,3室1厅 | 85.27平米 | 南 | 精装 | 高楼层(共7层) | 1996年建 | 板楼,http://image1.ljcdn.com/110000-inspection/b6a29bff-62fb-4edb-bec4-2f7a0b0d9353_1000.jpg.296x216.jpg
20201223,普陀,真如,区政府旁，轨交边，小区管理严格，不临高架。房主自荐,254万,1室1厅 | 53.06平米 | 南 | 简装 | 高楼层(共7层) | 1996年建 | 板楼,http://image1.ljcdn.com/110000-inspection/pc1_hecvSwuwg_1.jpg.296x216.jpg
20201223,普陀,真如,朝南一楼带天井，普通住宅税费少，看房方便,195万,1室1厅 | 33.67平米 | 南 | 简装 | 低楼层(共6层) | 1989年建 | 板楼,http://image1.ljcdn.com/110000-inspection/pc1_sH2oQi2nw_1.jpg.296x216.jpg
20201223,普陀,真如,七楼的三楼 华师大第二附属 成熟生活圈 真如副中 心,250万,1室1厅 | 50.23平米 | 南 | 精装 | 中楼层(共7层) | 1995年建 | 板楼,http://image1.ljcdn.com/310000-inspection/test-d47a40d7-4d0c-47a7-bcf0-47a15283bc48.png.296x216.jpg
20201223,普陀,真如,近临7号11号线，楼层好，南北直通，房东诚心卖随时看,470万,2室1厅 | 79.04平米 | 南 | 精装 | 低楼层(共6层) | 1999年建 | 板楼,http://image1.ljcdn.com/310000-inspection/test-2ce5c51d-bffe-44ab-bd8b-8c3e2f187b8e.png.296x216.jpg
20201223,普陀,真如,新出朝南一房，近地铁，出行便利，房东诚意出售,186万,1室1厅 | 36.43平米 | 南 | 简装 | 高楼层(共6层) | 1983年建 | 板楼,http://image1.ljcdn.com/110000-inspection/pc1_9gSV0WZN8_1.jpg.296x216.jpg
20201223,普陀,真如,此房满五年唯一，税费少，低楼层适宜孕婴老幼。,215万,1室0厅 | 32.88平米 | 南 | 简装 | 低楼层(共6层) | 1987年建 | 板楼,http://image1.ljcdn.com/310000-inspection/test-e696381d-ad66-4155-8581-ca4ee9e079e6.png.296x216.jpg
20201223,普陀,真如,随时看房，业主出国，近14 15号线，业主诚意出售,190万,1室0厅 | 32.93平米 | 南 | 简装 | 高楼层(共6层) | 1989年建 | 板楼,http://image1.ljcdn.com/310000-inspection/prod-4098e647-4ea8-4036-853b-41afd310c58c.jpg.296x216.jpg
20201223,普陀,真如,2003年的新房，3/4/7镇坪路地铁站800米/厅比较大,330万,1室1厅 | 66.9平米 | 南 | 其他 | 低楼层(共20层) | 2003年建 | 塔楼,http://image1.ljcdn.com/110000-inspection/pc1_qXQKaWpYt_1.jpg.296x216.jpg
20201223,普陀,真如,真北二街坊 1室1厅 南,183万,1室1厅 | 35.56平米 | 南 | 其他 | 高楼层(共6层) | 1992年建 | 板楼,http://image1.ljcdn.com/110000-inspection/pc1_TWRvJUQNR_1.jpg.296x216.jpg
20201223,普陀,真如,新上一房，真如文英，近11/14/15号线交通方便,200万,1室0厅 | 36.41平米 | 东 | 简装 | 中楼层(共6层) | 1990年建 | 板楼,http://image1.ljcdn.com/110000-inspection/pc1_7UpRJPaX7_1.jpg.296x216.jpg
20201223,普陀,真如,真如西村 1室0厅 南,190万,1室0厅 | 36.2平米 | 南 | 精装 | 高楼层(共6层) | 1984年建 | 板楼,http://image1.ljcdn.com/110000-inspection/61452a4e-5884-4c2e-978f-b7069b91ef53_1000.jpg.296x216.jpg
20201223,普陀,真如,中间楼层，90年房龄，位置好，小户型总价低，诚意卖,178万,1室1厅 | 31.35平米 | 南 | 简装 | 中楼层(共6层) | 1990年建 | 板楼,http://image1.ljcdn.com/110000-inspection/c9a68e53-48c1-46e0-9e7e-02ea23a584d4_1000.jpg.296x216.jpg
20201223,普陀,真如,水塘小区 1室1厅 南,240万,1室1厅 | 40.81平米 | 南 | 简装 | 高楼层(共6层) | 1989年建 | 板楼,http://image1.ljcdn.com/110000-inspection/d45c98c6-4eda-4cc7-a81b-e157d2a88ce8_1000.jpg.296x216.jpg
20201223,普陀,真如,交通便利，地铁11号线真如站，中间楼层,210万,1室1厅 | 38.87平米 | 东 西 | 精装 | 中楼层(共6层) | 1989年建 | 板楼,http://image1.ljcdn.com/110000-inspection/pc1_qmhIfssUE_1.jpg.296x216.jpg
20201223,普陀,真如,电梯房楼层好，11号线15号线双轨交汇,329万,1室2厅 | 59.41平米 | 南 | 简装 | 高楼层(共18层) | 1993年建 | 塔楼,http://image1.ljcdn.com/110000-inspection/pc1_rqVQlvdjC_1.jpg.296x216.jpg
20201223,普陀,真如,满五唯一 楼层适中 全明户型 诚意出售,214万,1室1厅 | 42.48平米 | 南 | 精装 | 高楼层(共6层) | 1983年建 | 板楼,http://image1.ljcdn.com/110000-inspection/pc1_5kHHDKWL1_1.jpg.296x216.jpg
20201223,普陀,真如,售后公房，无增值税，双轨交汇，高楼层采光好,178万,1室0厅 | 33.91平米 | 南 | 简装 | 高楼层(共6层) | 1984年建 | 板楼,http://image1.ljcdn.com/110000-inspection/pc1_LAnYTj2qV_1.jpg.296x216.jpg
20201223,普陀,真如,近14/15号线+双轨+中环百联+看房方便,215万,1室1厅 | 37.87平米 | 南 | 简装 | 低楼层(共7层) | 1996年建 | 板楼,http://image1.ljcdn.com/110000-inspection/pc1_QT8eDXKxd_1.jpg.296x216.jpg
20201223,普陀,真如,紧靠内环，低总价，朝南一室户，楼层好,198万,1室0厅 | 35.01平米 | 南 | 简装 | 中楼层(共6层) | 1988年建 | 板楼,http://image1.ljcdn.com/110000-inspection/03bf5bbd-0fce-46dc-a3f5-806de7794c21_1000.jpg.296x216.jpg
20201223,普陀,真如,烫金楼层，一室户，适合一切客户群体居住,165万,1室0厅 | 31平米 | 东 东北 | 简装 | 中楼层(共5层) | 1957年建 | 板楼,http://image1.ljcdn.com/110000-inspection/pc1_6HGotYex6_1.jpg.296x216.jpg
20201223,普陀,真如,一房一厅精装修  看苏州河景观房  看房方便 诚售,240万,1室1厅 | 45.48平米 | 南 | 精装 | 高楼层(共6层) | 1989年建 | 板楼,http://image1.ljcdn.com/110000-inspection/pc1_jcKC2JogH_1.jpg.296x216.jpg
20201223,普陀,真如,中间楼层 交通便利 出行方便  进地铁,212万,1室1厅 | 37.94平米 | 南 | 简装 | 中楼层(共4层) | 1985年建 | 板楼,http://image1.ljcdn.com/110000-inspection/pc1_l75WywGrA_2.jpg.296x216.jpg
20201223,普陀,真如,全新装修，11/14/15三轨交汇，不靠马路，单价低,950万,3室2厅 | 149.98平米 | 东南 | 精装 | 低楼层(共27层) | 1999年建 | 板楼,http://image1.ljcdn.com/310000-inspection/pc1_79zlCgBZk_1.jpg.296x216.jpg
20201223,普陀,真如,满五年唯一+南北全明+采光充足+产权清晰+付款无要求！,265万,2室1厅 | 51.81平米 | 南 | 简装 | 高楼层(共6层) | 1986年建 | 板楼,http://image1.ljcdn.com/310000-inspection/test-598f9731-7ca6-4e35-9f01-fd723e1c770f.png.296x216.jpg
20201223,普陀,真如,近11号真如地铁，配套成熟，地段佳，潜力大,298万,2室1厅 | 55.76平米 | 南 | 简装 | 高楼层(共4层) | 1989年建 | 板楼,http://image1.ljcdn.com/110000-inspection/pc1_QicXSujAe_2.jpg.296x216.jpg
20201223,普陀,真如,中环+近地铁+近公园+售后公房+满五不唯一,370万,2室1厅 | 67.39平米 | 南 | 简装 | 中楼层(共7层) | 1996年建 | 板楼,http://image1.ljcdn.com/110000-inspection/pc1_Bc8EMdrSU_1.jpg.296x216.jpg
20201223,普陀,真如,南北通风三房，业主诚意出售，中间楼层，诚意出售,355万,3室1厅 | 65.2平米 | 南 | 简装 | 中楼层(共6层) | 1989年建 | 板楼,http://image1.ljcdn.com/310000-inspection/test-ca371330-e49a-4d57-9590-d1a964c4814e.jpg.296x216.jpg
20201223,普陀,真如,此房楼层好，视野开阔，无遮挡，满五年税费少，诚售,510万,3室1厅 | 96.44平米 | 南 | 简装 | 高楼层(共6层) | 2000年建 | 板楼,http://image1.ljcdn.com/310000-inspection/prod-e10206f4-6b3b-4f84-80a5-75db6c4932ae.jpg.296x216.jpg
20201223,普陀,真如,朝南户型，地理位置好，交通方便，诚意出售房主自荐,182万,1室1厅 | 36.98平米 | 南 | 简装 | 高楼层(共6层) | 1984年建 | 板楼,http://image1.ljcdn.com/110000-inspection/pc1_0iy8QaAIK_1.jpg.296x216.jpg
20201223,普陀,真如,近11号线上海西站 精装一室一厅 满五唯一 总价低,260万,1室1厅 | 50.25平米 | 南 | 精装 | 高楼层(共7层) | 1997年建 | 板楼,http://image1.ljcdn.com/310000-inspection/prod-0917d880-1dfb-416c-9d47-df773ff7e798.jpg.296x216.jpg
20201223,普陀,真如,海棠苑+中环+满五唯一+环境舒适+公园相伴+中高楼层房主自荐,235万,1室1厅 | 48.61平米 | 南 | 简装 | 中楼层(共7层) | 1996年建 | 板楼,http://image1.ljcdn.com/310000-inspection/prod-cd4d3bee-175c-425e-98eb-fac9f327cfe8.jpg.296x216.jpg
20201223,普陀,真如,一房的价格买两房 精装修 诚意出售，看房联系维护人房主自荐,240万,2室1厅 | 43.1平米 | 南 | 简装 | 高楼层(共6层) | 1985年建 | 板楼,http://image1.ljcdn.com/310000-inspection/prod-bb69b4c7-438c-4d1e-b590-71fb3a0bdb73.jpg.296x216.jpg
20201223,普陀,真如,此房南北通风 采光较好 视野开阔 配套齐全,440万,2室1厅 | 71.55平米 | 南 北 | 精装 | 低楼层(共7层) | 1997年建 | 板楼,http://image1.ljcdn.com/310000-inspection/prod-0eca3f42-f243-404a-a73e-002f51de5178.jpg.296x216.jpg
20201223,普陀,真如,一房朝南电梯房 户型方正 环境优美,538万,2室2厅 | 103.03平米 | 南 | 精装 | 高楼层(共24层) | 1996年建 | 塔楼,http://image1.ljcdn.com/110000-inspection/pc1_RwM1P2pVV_1.jpg.296x216.jpg
20201223,普陀,真如,南北通格局 视野好 采光足 配套齐 交通便利 业主诚意,220万,1室1厅 | 39.34平米 | 南 | 简装 | 高楼层(共7层) | 1985年建 | 板楼,http://image1.ljcdn.com/110000-inspection/pc1_SiVzjj9IE_2.jpg.296x216.jpg
20201223,普陀,真如,售后公房 满五唯一 宜居装修 带天井房主自荐,260万,1室1厅 | 43.48平米 | 南 | 精装 | 低楼层(共6层) | 1989年建 | 板楼,http://image1.ljcdn.com/110000-inspection/pc1_MivVFbQps_1.jpg.296x216.jpg
20201223,普陀,真如,少有的原始小三房 位置好 采光视野佳,410万,3室1厅 | 73.68平米 | 南 | 简装 | 高楼层(共6层) | 1988年建 | 板楼,http://image1.ljcdn.com/110000-inspection/pc1_gGwkmZ12S_1.jpg.296x216.jpg
20201223,普陀,真如,中兴花苑 2室1厅 南房主自荐,520万,2室1厅 | 89.08平米 | 南 | 其他 | 中楼层(共7层)  | 暂无数据,http://image1.ljcdn.com/310000-inspection/prod-029aa966-9cac-456c-9bf4-b700da98233c.jpg.296x216.jpg
20201223,普陀,真如,交通便利多公交，门口是11、15号线，价格还有空间房主自荐,369万,2室1厅 | 70.48平米 | 南 | 简装 | 低楼层(共18层) | 1996年建 | 塔楼,http://image1.ljcdn.com/310000-inspection/pc1_0nYfXUd86_1.jpg.296x216.jpg
20201223,普陀,真如,全明户型，中环内近地铁单价超低电梯两房，生活便利房主自荐,415万,2室2厅 | 92.44平米 | 南 | 简装 | 低楼层(共24层) | 1996年建 | 塔楼,http://image1.ljcdn.com/110000-inspection/pc1_9riJhaKMx_2.jpg.296x216.jpg
20201223,普陀,真如,房子满五年唯一税少南北边套全明户型精装修采光无遮挡,275万,2室1厅 | 53.81平米 | 南 | 精装 | 高楼层(共6层) | 1984年建 | 板楼,http://image1.ljcdn.com/310000-inspection/test-3786c016-b3ab-406f-9ad1-caab73a8a515.png.296x216.jpg
20201223,普陀,真如,中环内真如副中 心 精品全明一房 可塑性强 前排无遮挡,210万,1室1厅 | 40.6平米 | 南 | 简装 | 高楼层(共6层) | 1990年建 | 板楼,http://image1.ljcdn.com/310000-inspection/pc1_mppNp3dqT_1.jpg.296x216.jpg
20201223,普陀,真如,此房满五唯一，高区电梯房，采光好,880万,3室2厅 | 137平米 | 南 | 精装 | 中楼层(共11层) | 2005年建 | 板楼,http://image1.ljcdn.com/110000-inspection/pc1_s0DUMRXSW_2.jpg.296x216.jpg
20201223,普陀,真如,满五，18年精装修，低楼层，采光好房主自荐,260万,1室1厅 | 44.83平米 | 西南 | 精装 | 低楼层(共6层) | 1985年建 | 板楼,http://image1.ljcdn.com/110000-inspection/b43989ef-54b7-4977-8a99-f201ebd5c511_1000.jpg.296x216.jpg
20201223,普陀,真如,户型方正 交通便利 采光位置好 视野好 诚意出售,416万,2室1厅 | 88.08平米 | 东 南 | 精装 | 低楼层(共24层) | 1996年建 | 塔楼,http://image1.ljcdn.com/110000-inspection/95ff9cf6-0695-4cc8-9016-aa476d63ad5f_1000.jpg.296x216.jpg
20201223,普陀,真如,满五唯一  顶楼复式带天台 豪修 品质好 人车分流,2690万,6室3厅 | 345.68平米 | 南 | 精装 | 36层 | 2009年建 | 板楼,http://image1.ljcdn.com/shfdfs-image/20171205/e2b1efe2-07a2-4d45-b8c3-57c6859b885d.jpg.296x216.jpg
20201223,普陀,真如,近地铁11号线上海西站 出行方便 南北通飞机户型,959万,3室2厅 | 142.87平米 | 南 | 精装 | 中楼层(共17层) | 2004年建 | 板楼,http://image1.ljcdn.com/310000-inspection/cb2ec592-317e-42af-8a7a-9c4959233f39.jpg.296x216.jpg
20201223,普陀,真如,近14号线中宁路地铁站，中层采光好，4房户型正气,690万,4室2厅 | 116平米 | 南 | 简装 | 中楼层(共7层) | 1999年建 | 板楼,http://image1.ljcdn.com/310000-inspection/rsp_pic_uploadb8c4796e-6d27-4114-a5ee-55ed5931943a.jpg.296x216.jpg
20201223,普陀,真如,此房满五年唯一，近地铁，采光充足，精装修，拎包入住,498万,2室1厅 | 98.1平米 | 南 | 精装 | 低楼层(共18层) | 1993年建 | 塔楼,http://image1.ljcdn.com/shfdfs-image/20170926/328ea15f-cafd-4e67-844e-9541523a75e9.jpg.296x216.jpg
20201223,普陀,真如,新鲜出炉，次顶楼双南两房，业主诚意出售..,398万,2室1厅 | 70.13平米 | 南 西南 | 简装 | 高楼层(共6层) | 1998年建 | 板楼,http://image1.ljcdn.com/310000-inspection/rsp_pic_uploadb4c5c5d8-719b-4146-8d15-b0412d5c00b0.jpg.296x216.jpg
20201223,普陀,真如,高尚领域 3室2厅 东南,560万,3室2厅 | 104.75平米 | 东南 | 其他 | 低楼层(共38层) | 2015年建 | 塔楼,http://image1.ljcdn.com/x-se/hdic-frame/prod-69153625-bcb6-414a-b2fc-62cebb7ceb0f.png.296x216.jpg
20201223,普陀,真如,高尚领域 3室2厅 南 西,620万,3室2厅 | 111平米 | 南 西 | 精装 | 高楼层(共38层) | 2015年建 | 塔楼,http://image1.ljcdn.com/x-se/hdic-frame/prod-2e54945a-be46-4089-b551-f20a468b87c0.png.296x216.jpg
20201223,普陀,真如,自如风格装修，目前是两房改的，业主诚意出售。房主自荐,615万,2室2厅 | 98.86平米 | 南 | 精装 | 中楼层(共24层) | 2008年建 | 板楼,http://image1.ljcdn.com/110000-inspection/adb84c2d-6fe4-4c5a-bb53-47a265635a40_1000.jpg.296x216.jpg
20201223,普陀,真如,满五唯一售后公房 楼层好格局通透 邻地铁成熟配套,210万,1室1厅 | 36.1平米 | 东 西 | 简装 | 中楼层(共6层) | 1988年建 | 板楼,
20201223,普陀,真如,03年地铁口 中楼层南北通 诚意出售，看房联系维护人,490万,2室2厅 | 83.77平米 | 南 | 简装 | 中楼层(共20层) | 2003年建 | 塔楼,http://image1.ljcdn.com/310000-inspection/5f59f3e7-29df-4af9-aca4-a4d25c8a0a41.jpg.296x216.jpg
20201223,普陀,真如,买入价高，税费低，2个洗脸间都有窗,780万,4室2厅 | 172.97平米 | 南 北 | 简装 | 中楼层(共40层)  | 塔楼,http://image1.ljcdn.com/x-se/hdic-frame/prod-b7ef5a70-a076-49bc-8c22-17e6c676425a.png.296x216.jpg
20201223,普陀,真如,小区中间位置全南全明户型，楼层好，满五唯一税费少,770万,2室2厅 | 95平米 | 南 | 简装 | 低楼层(共18层) | 2004年建 | 板楼,http://image1.ljcdn.com/x-se/hdic-frame/6ef37700-3d28-47b3-915a-4d8b16c1e0c1.png.296x216.jpg
20201223,普陀,真如,高尚领域 4室2厅 南 北,800万,4室2厅 | 163平米 | 南 北 | 精装 | 高楼层(共38层) | 2015年建 | 塔楼,http://image1.ljcdn.com/x-se/hdic-frame/bd6b7fca-e68c-4ecf-8a98-c01f34de6df6.png.296x216.jpg
20201223,普陀,真如,天汇广场 3室1厅 南,490万,3室1厅 | 134.66平米 | 南 | 精装 | 中楼层(共27层) | 2013年建 | 塔楼,
20201223,普陀,真如,高尚领域 4室2厅 南,799万,4室2厅 | 172.88平米 | 南 | 简装 | 高楼层(共40层)  | 塔楼,http://image1.ljcdn.com/x-se/hdic-frame/prod-b99fba7e-ac34-4117-9495-e8d3a8055cad.png.296x216.jpg
20201223,普陀,真如,高尚领域 4室2厅 南 北,850万,4室2厅 | 172.97平米 | 南 北 | 精装 | 低楼层(共40层)  | 塔楼,http://image1.ljcdn.com/x-se/hdic-frame/67423ed4-c064-4adc-8368-57a58614c32c.png.296x216.jpg
20201223,普陀,真如,高尚领域 3室2厅 南,650万,3室2厅 | 122.06平米 | 南 | 精装 | 高楼层(共28层) | 2018年建 | 塔楼,
20201223,普陀,真如,高尚领域 3室2厅 南,530万,3室2厅 | 105.05平米 | 南 | 简装 | 中楼层(共38层) | 2015年建 | 塔楼,http://image1.ljcdn.com/x-se/hdic-frame/prod-7ee9f061-72d6-432c-9a43-ebb8ec4c4e80.png.296x216.jpg
20201223,普陀,真如,高尚领域 4室2厅 南 北,900万,4室2厅 | 164平米 | 南 北 | 其他 | 低楼层(共38层) | 2015年建 | 塔楼,http://image1.ljcdn.com/x-se/hdic-frame/prod-709176cc-0b78-40bb-8dd3-e6f649912fa7.png.296x216.jpg
20201223,普陀,真如,曹杨八村，小区单价低，价格低，诚意出售，潜力大,170万,1室0厅 | 33.48平米 | 东南 南 | 简装 | 高楼层(共5层) | 1954年建 | 板楼,http://image1.ljcdn.com/x-se/hdic-frame/f9ba4a9a-ebe7-45c8-8b99-423e20ee0186.png.296x216.jpg
20201223,普陀,真如,电梯房，主卧带独卫，采光良好，闹中取静,640万,3室1厅 | 113.39平米 | 南 | 简装 | 低楼层(共13层) | 2001年建 | 板楼,
20201223,普陀,真如,户型方正，格局通透，中间楼层，近地铁口,237万,1室1厅 | 67.47平米 | 南 | 简装 | 中楼层(共28层) | 2005年建 | 暂无数据,
20201223,普陀,真如,高尚领域 4室2厅 南 北,920万,4室2厅 | 169.93平米 | 南 北 | 精装 | 高楼层(共40层)  | 塔楼,http://image1.ljcdn.com/x-se/hdic-frame/prod-bac71740-bfba-49fd-80e7-196426c09688.png.296x216.jpg
20201223,普陀,真如,新上房源，南北两房，近7号线岚皋路地铁。,560万,2室2厅 | 80.7平米 | 南 北 | 简装 | 高楼层(共6层) | 2000年建 | 板楼,http://image1.ljcdn.com/x-se/hdic-frame/13860969-7e08-4ef1-8b8b-a8b0b604f021.png.296x216.jpg
20201223,普陀,真如,单价便宜，总价低，装修方便，近地铁,245万,2室0厅 | 51.41平米 | 南 | 毛坯 | 高楼层(共5层) | 1954年建 | 板楼,http://image1.ljcdn.com/310000-inspection/4adb53eb-0b2e-4653-bb53-58ef77a885d5.jpg.296x216.jpg
20201223,普陀,真如,少有的复式房+带10平米露台+诚意卖,758万,3室2厅 | 130平米 | 南 北 | 其他 | 高楼层(共6层) | 1999年建 | 板楼,
20201223,普陀,真如,全明户型，税费少，总价低，刚需小两房。,201万,2室0厅 | 40.2平米 | 北 | 简装 | 低楼层(共6层) | 1992年建 | 板楼,http://image1.ljcdn.com/x-se/hdic-frame/8f62434c-ea9b-43e8-bc4e-7170edbbe135.png.296x216.jpg
20201223,普陀,真如,天汇广场 1室1厅 南,250万,1室1厅 | 52.85平米 | 南 | 精装 | 中楼层(共8层) | 2013年建 | 板楼,
20201223,普陀,真如,楼层好采光好大规模性城市综合体项目诚意出售,880万,4室2厅 | 174平米 | 南 | 简装 | 高楼层(共38层)  | 塔楼,
20201223,普陀,真如,版式一室户+出门地铁15号线+全明户型+随时看房!,205万,1室1厅 | 37.87平米 | 南 | 简装 | 高楼层(共7层) | 1996年建 | 板楼,http://image1.ljcdn.com/x-se/hdic-frame/cb4f1349-6a3b-457b-a78d-881452722a24.png.296x216.jpg
20201223,普陀,真如,高尚领域 4室2厅 南,730万,4室2厅 | 163.03平米 | 南 | 精装 | 低楼层(共38层) | 2015年建 | 塔楼,
20201223,普陀,真如,西南边套，采光好，双轨交11/15上海西站,280万,2室1厅 | 56.99平米 | 西 | 其他 | 高楼层(共6层) | 1989年建 | 板楼,http://image1.ljcdn.com/x-se/hdic-frame/test-e93ed175-ac3c-4134-8390-f253d6e987ae.png.296x216.jpg
20201223,普陀,真如,此房售后公房 边套全明户型，三轨交汇，交通便利。,420万,2室1厅 | 79.49平米 | 南 北 | 精装 | 高楼层(共18层) | 1991年建 | 塔楼,http://image1.ljcdn.com/x-se/shfdfs-image/20170720/6a107389-d10e-4087-a287-dd6cd8a1cd5d.jpg.296x216.jpg
20201223,普陀,真如,真北三街坊  三楼 满五唯一 的南北两房,290万,2室1厅 | 58.84平米 | 南 | 简装 | 中楼层(共6层) | 1993年建 | 板楼,http://image1.ljcdn.com/x-se/hdic-frame/ae29a55c-90e2-42b8-bb4d-4566033ce275.png.296x216.jpg
20201223,普陀,真如,高尚领域 3室2厅 南,580万,3室2厅 | 112.16平米 | 南 | 简装 | 高楼层(共38层) | 2011年建 | 塔楼,http://image1.ljcdn.com/x-se/hdic-frame/f47f70c5-18e7-43bc-82d8-28565c6bd049.png.296x216.jpg
20201223,普陀,真如,双南两房 中间楼层 位置安静 出行便利,316万,2室0厅 | 53.94平米 | 南 | 简装 | 中楼层(共6层) | 1995年建 | 板楼,
20201223,普陀,真如,高尚领域 3室2厅 东南,600万,3室2厅 | 122.18平米 | 东南 | 精装 | 中楼层(共38层) | 2015年建 | 塔楼,http://image1.ljcdn.com/x-se/hdic-frame/prod-69e13bc2-a020-46d8-8d35-0901692e374d.png.296x216.jpg
20201223,普陀,真如,诚意出售，交通便利，满五年，配套成熟,248万,2室0厅 | 51.41平米 | 南 北 | 其他 | 低楼层(共5层) | 1955年建 | 板楼,
20201223,普陀,真如,二期小区中X位置，下面是地下车库不潮湿，诚意出售,610万,2室2厅 | 99.89平米 | 南 | 精装 | 低楼层(共14层) | 2005年建 | 板楼,
20201223,普陀,真如,南大街14弄 1室1厅 南,210万,1室1厅 | 37.87平米 | 南 | 精装 | 中楼层(共6层) | 1987年建 | 板楼,http://image1.ljcdn.com/x-se/hdic-frame/prod-26e79d2d-b5c5-4514-a8d4-f9aa424f296a.png.296x216.jpg
20201223,普陀,真如,新房装修，保养很好，中Y空调+地暖，位置好，采光好,1450万,3室2厅 | 164.19平米 | 南 | 精装 | 35层 | 2011年建 | 板楼,http://image1.ljcdn.com/x-se/hdic-frame/2b2df86e-2485-4412-9886-56cb393ae123.png.296x216.jpg
20201223,普陀,真如,此房满五年不唯一，房型正气，高区景观采光视野好！,895万,3室2厅 | 135.9平米 | 南 北 | 简装 | 高楼层(共16层) | 2004年建 | 板楼,http://image1.ljcdn.com/x-se/hdic-frame/d228c532-c1ff-448e-b78c-c3ca2f183294.png.296x216.jpg
20201223,普陀,真如,朝南一房，一门关，小区中间位置房主自荐,173万,1室0厅 | 34.62平米 | 南 | 简装 | 高楼层(共5层) | 1957年建 | 板楼,
20201223,普陀,真如,南北两房 楼层好 小区中间位置 房东W税 可动性大房主自荐,309万,2室1厅 | 58.84平米 | 南 北 | 简装 | 低楼层(共6层) | 1993年建 | 板楼,http://image1.ljcdn.com/110000-inspection/pc1_rnlVskmaY_1.jpg.296x216.jpg
20201223,普陀,真如,20年左右房龄，满五唯一，大2房，楼层好，采光好,558万,2室2厅 | 90平米 | 南 | 简装 | 低楼层(共6层) | 1998年建 | 板楼,http://image1.ljcdn.com/110000-inspection/bd8d397b-03cb-420a-b1aa-7165747334c7_1000.jpg.296x216.jpg
20201223,普陀,真如,此房临地铁，交通便利，房屋全明户型，南北两房采光好,650万,2室2厅 | 93平米 | 南 | 简装 | 低楼层(共6层) | 2002年建 | 板楼,http://image1.ljcdn.com/110000-inspection/17da1899-6c1a-4908-b5d8-8854268689c2_1000.jpg.296x216.jpg
20201223,普陀,真如,带车库，电梯房中间楼层，户型好视野开阔，配套齐全,1000万,3室2厅 | 160.97平米 | 南 | 简装 | 中楼层(共20层) | 2004年建 | 板楼,http://image1.ljcdn.com/110000-inspection/103d7912-237f-454e-bf2f-55b99f149dcd_1000.jpg.296x216.jpg
20201223,普陀,真如,房东诚售+高区景观三房+产权清晰+无纠纷+到价签字！,920万,3室2厅 | 149.53平米 | 东南 | 精装 | 中楼层(共27层) | 1999年建 | 板楼,http://image1.ljcdn.com/110000-inspection/pc1_RPzYaZZWj_1.jpg.296x216.jpg
20201223,普陀,真如,满五唯一，税少，高楼层，视野好。南北通透。一梯一户,1520万,3室2厅 | 165平米 | 南 北 | 精装 | 32层 | 2011年建 | 板楼,http://image1.ljcdn.com/110000-inspection/pc1_0HMMX3zau.jpg.296x216.jpg
20201223,普陀,真如,从今天起 我要有一套房子 面朝真如副z心 春暖花开,2016.3万,4室2厅 | 216平米 | 南 | 精装 | 高楼层(共23层)  | 板楼,http://image1.ljcdn.com/110000-inspection/cbb1c6f1-4582-4222-93c3-4e9e23973ad0_1000.jpg.296x216.jpg
20201223,普陀,真如,就让大雨冲刷记忆中的沙，让我了无牵挂住进中骏天悦吧,1937.8万,4室2厅 | 208.3平米 | 南 | 精装 | 高楼层(共23层)  | 板楼,http://image1.ljcdn.com/110000-inspection/fbbd3192-9f65-4aae-9303-7cc7e22893bf_1000.jpg.296x216.jpg
20201223,普陀,真如,别去天涯海角，入住中骏天悦就好，你的选择没有错,1928.8万,4室2厅 | 207.39平米 | 南 | 精装 | 高楼层(共23层)  | 板楼,http://image1.ljcdn.com/110000-inspection/pc1_LfwxLvXSc_1.jpg.296x216.jpg
20201223,普陀,真如,露台！！！98年板式房 近地铁11号线上海西站房主自荐,550万,3室2厅 | 88.75平米 | 南 | 简装 | 低楼层(共6层) | 1998年建 | 板楼,http://image1.ljcdn.com/310000-inspection/pc1_wQYhE4Lok_1.jpg.296x216.jpg
20201223,普陀,真如,此房产权清晰，景观楼层，房东诚售，出行方便。,882万,2室2厅 | 127.9平米 | 南 | 简装 | 中楼层(共28层) | 1999年建 | 板楼,http://image1.ljcdn.com/110000-inspection/pc1_TFau8rfWy_2.jpg.296x216.jpg
20201223,普陀,真如,车站新村(普陀) 2室2厅 南 北,460万,2室2厅 | 83.17平米 | 南 北 | 精装 | 高楼层(共6层) | 1998年建 | 板楼,http://image1.ljcdn.com/110000-inspection/2ee59947-1483-4273-8f72-22a38b0c87b8_1000.jpg.296x216.jpg
20201223,普陀,真如,绿洲公寓 3室1厅 南,505万,3室1厅 | 86.55平米 | 南 | 精装 | 高楼层(共6层) | 1995年建 | 板楼,http://image1.ljcdn.com/110000-inspection/f3619a06-b280-4857-a2bc-8332479bb957_1000.jpg.296x216.jpg
20201223,普陀,真如,中骏天悦 4室2厅 南,2008万,4室2厅 | 215.86平米 | 南 | 精装 | 高楼层(共23层) | 2018年建 | 板楼,http://image1.ljcdn.com/110000-inspection/pc1_IXPu8otsD_1.jpg.296x216.jpg
20201223,普陀,真如,此房满五年 有产权车位，格局好，楼层好视野好,1180万,3室2厅 | 132.73平米 | 南 | 精装 | 36层 | 2009年建 | 板楼,http://image1.ljcdn.com/110000-inspection/pc1_0KGv4Fzvd_1.jpg.296x216.jpg
20201223,普陀,真如,颐宁苑 2室2厅 南房主自荐,798万,2室2厅 | 128.38平米 | 南 | 精装 | 中楼层(共20层) | 1999年建 | 板楼,http://image1.ljcdn.com/110000-inspection/f63907d8-8b4d-4741-a481-99a92f760e85_1000.jpg.296x216.jpg
20201223,普陀,真如,景观房 小区正中位置 中间楼层 飞机户型 房东诚意卖,1050万,3室2厅 | 123.02平米 | 南 | 精装 | 中楼层(共6层) | 2005年建 | 板楼,http://image1.ljcdn.com/110000-inspection/01b479c9-ca0b-4ed6-a909-e3978ea9e5a7_1000.jpg.296x216.jpg
20201223,普陀,真如,南北通户型，楼层好，视野开阔，业主诚意出售！,729万,2室2厅 | 98.02平米 | 南 北 | 精装 | 中楼层(共23层) | 2004年建 | 板楼,http://image1.ljcdn.com/110000-inspection/pc1_P8HOaTlxe_1.jpg.296x216.jpg
20201223,普陀,真如,0增值税、0个税，未来三轨交汇，低总价上车盘,203万,1室1厅 | 37.99平米 | 南 | 简装 | 高楼层(共6层) | 1994年建 | 板楼,http://image1.ljcdn.com/110000-inspection/pc1_Ccp7i9fbZ.jpg.296x216.jpg
20201223,普陀,真如,一梯两户。楼龄新，双南两房，诚意出售,540万,2室2厅 | 90平米 | 南 | 简装 | 低楼层(共6层) | 1998年建 | 板楼,http://image1.ljcdn.com/310000-inspection/pc1_YlRpDSgYY_1.jpg.296x216.jpg
20201223,普陀,真如,舒庭苑 3室1厅 南 北,490万,3室1厅 | 84.5平米 | 南 北 | 简装 | 低楼层(共18层)  | 塔楼,http://image1.ljcdn.com/110000-inspection/d98ec355-bcc8-42fa-843b-ecdfff5b5b4e_1000.jpg.296x216.jpg
20201223,普陀,真如,车站新村(普陀) 1室1厅 南,295万,1室1厅 | 49.65平米 | 南 | 简装 | 中楼层(共18层) | 1996年建 | 塔楼,http://image1.ljcdn.com/110000-inspection/pc1_pTxlt2hWY_1.jpg.296x216.jpg
20201223,普陀,真如,此房满五年税费少，前排采光无任何遮挡，视野开阔房主自荐,288万,2室1厅 | 57.77平米 | 南 | 其他 | 高楼层(共6层) | 1990年建 | 板楼,http://image1.ljcdn.com/110000-inspection/pc1_hugIaf1S9_2.jpg.296x216.jpg
20201223,普陀,真如,满五唯一 交通便利 电梯房 小区环境好，业主诚意出售,326万,1室1厅 | 58.69平米 | 南 | 简装 | 低楼层(共20层) | 1994年建 | 塔楼,http://image1.ljcdn.com/110000-inspection/pc1_0QS8s4tOh_1.jpg.296x216.jpg
20201223,普陀,真如,真西新村第二小区 2室1厅 南房主自荐,453万,2室1厅 | 69平米 | 南 | 精装 | 高楼层(共6层) | 1996年建 | 板楼,http://image1.ljcdn.com/110000-inspection/c83001e9-8b9e-4718-9947-a8bccbcd8c7b_1000.jpg.296x216.jpg
20201223,普陀,真如,满五年唯一，税少，双南户型，精装修。,370万,2室0厅 | 59.47平米 | 南 | 精装 | 高楼层(共6层) | 1983年建 | 板楼,http://image1.ljcdn.com/110000-inspection/f61dec27-7dad-4ac5-9f74-d75525d32085_1000.jpg.296x216.jpg
20201223,普陀,真如,方正户型，业主诚意，经典双南，采光充足,380万,2室1厅 | 61.12平米 | 南 | 其他 | 高楼层(共6层) | 1996年建 | 板楼,http://image1.ljcdn.com/110000-inspection/8d332946-8a1a-488f-aabd-2907acf4bf2e_1000.jpg.296x216.jpg
20201223,普陀,真如,售后公房满五年，税少，双南户型，非楼层，诚意出售,370万,2室1厅 | 59.47平米 | 南 | 精装 | 高楼层(共6层) | 1996年建 | 板楼,http://image1.ljcdn.com/110000-inspection/7dad78bd-2543-4ecc-9263-91465121a9d3_1000.jpg.296x216.jpg
20201223,普陀,真如,中间楼层朝南一室户，近地铁出行方便，房东诚意出售,205万,1室0厅 | 35.01平米 | 南 | 精装 | 中楼层(共6层) | 1988年建 | 板楼,http://image1.ljcdn.com/110000-inspection/2f1ea32d-2246-4b4c-ab49-cc9944836f8e_1000.jpg.296x216.jpg
20201223,普陀,真如,和平新村 1室0厅 南,197万,1室0厅 | 32.84平米 | 南 | 毛坯 | 中楼层(共5层) | 1992年建 | 板楼,http://image1.ljcdn.com/110000-inspection/pc1_GNLOOVGMa_1.jpg.296x216.jpg
20201223,普陀,真如,中环内低总价一房，诚意出售，看房有钥匙。,228万,1室1厅 | 45.47平米 | 南 | 简装 | 高楼层(共6层) | 1993年建 | 板楼,http://image1.ljcdn.com/110000-inspection/pc1_gnAqQKsGd_1.jpg.296x216.jpg
20201223,普陀,真如,品尊国际经典飞机户型，正气三房，婚房装修，视野好！,1420万,3室2厅 | 146.34平米 | 南 北 | 精装 | 36层 | 2009年建 | 板楼,http://image1.ljcdn.com/310000-inspection/pc1_mwcl7HiIf_1.jpg.296x216.jpg
20201223,普陀,真如,11号线上海西，精装修直接入住，配套齐全生活便利,275万,1室1厅 | 52.76平米 | 南 | 简装 | 低楼层(共18层) | 1993年建 | 塔楼,http://image1.ljcdn.com/310000-inspection/prod-8d6e04ac-ff01-485e-8e3b-5e2f1c3cc9ca.jpg.296x216.jpg
20201223,普陀,真如,南北两房 边套全明中间楼层 采光通风好 看房方便,325万,2室1厅 | 59.01平米 | 南 | 简装 | 中楼层(共6层) | 1988年建 | 板楼,http://image1.ljcdn.com/110000-inspection/pc1_Sdw99HWxf_2.jpg.296x216.jpg
20201223,普陀,真如,中亚公寓 2室2厅 南 北,430万,2室2厅 | 88.08平米 | 南 北 | 毛坯 | 中楼层(共24层) | 1996年建 | 塔楼,http://image1.ljcdn.com/110000-inspection/7a0b6b1f-de55-4c06-b581-43e8e8e5c2a6_1000.jpg.296x216.jpg
20201223,普陀,真如,市政馨苑 3室1厅 南 北新上,560万,3室1厅 | 93.2平米 | 南 北 | 精装 | 低楼层(共7层) | 1999年建 | 板楼,http://image1.ljcdn.com/110000-inspection/dcac2db0-d411-4893-a080-f1f7847f22e8_1000.jpg.296x216.jpg
20201223,普陀,真如,真西新村第二小区 2室1厅 南新上,385万,2室1厅 | 59.53平米 | 南 | 其他 | 中楼层(共6层) | 1993年建 | 板楼,http://image1.ljcdn.com/110000-inspection/f7a332d2-0fac-4367-99ff-806a7f919c13_1000.jpg.296x216.jpg
20201223,普陀,真如,次新房 中叠别墅 环境优美 出入方便 配套齐全,2150万,4室2厅 | 206平米 | 南 | 精装 | 中楼层(共6层) | 2014年建 | 板楼,http://image1.ljcdn.com/310000-inspection/cb6b6c4c-b3eb-437b-a1c6-1de77b27ff40.jpg.296x216.jpg
20201223,普陀,真如,高尚领域 4室2厅 南,800万,4室2厅 | 169.77平米 | 南 | 精装 | 低楼层(共40层) | 2016年建 | 塔楼,http://image1.ljcdn.com/x-se/hdic-frame/prod-19376b8b-4351-4de9-8f3a-38041c5d8102.png.296x216.jpg
20201223,普陀,真如,天汇国际 5室2厅 1300万,1300万,5室2厅 | 286.47平米 | 暂无数据 | 简装 | 低楼层(共19层) | 2013年建 | 塔楼,http://image1.ljcdn.com/shfdfs-image/20170709/b7789ba6-ec24-43a7-9234-357708fb6f0e.jpg.296x216.jpg
20201223,普陀,真如,高尚领域 6房间3卫 820万,820万,4室2厅 | 170平米 | 南 西 | 精装 | 低楼层(共40层)  | 塔楼,http://image1.ljcdn.com/x-se/hdic-frame/67423ed4-c064-4adc-8368-57a58614c32c.png.296x216.jpg
20201223,普陀,真如,天汇广场 1室1厅 东,160万,1室1厅 | 43.65平米 | 东 | 简装 | 低楼层(共27层) | 2013年建 | 塔楼,
20201223,普陀,真如,天汇广场 1室1厅 南,550万,1室1厅 | 195.51平米 | 南 | 简装 | 低楼层(共24层) | 2013年建 | 板楼,
20201223,普陀,真如,户型方正 精致装修 巨大飘窗 采光好,200万,1室1厅 | 54.12平米 | 东 | 简装 | 中楼层(共8层) | 2013年建 | 板楼,http://image1.ljcdn.com/x-se/hdic-frame/prod-c9dbf6c9-ee14-46c7-9357-9ffa5bcf5390.png.296x216.jpg
20201223,普陀,真如,户型方正，格局通透，中间楼层，近地铁口,210万,2室2厅 | 59.97平米 | 南 | 毛坯 | 中楼层(共28层) | 2005年建 | 暂无数据,
20201223,普陀,真如,高尚领域 3室2厅 南,650万,3室2厅 | 104.11平米 | 南 | 精装 | 中楼层(共28层)  | 塔楼,http://image1.ljcdn.com/x-se/hdic-frame/prod-96636f72-1ec4-41a3-a69f-f4d9e63fc587.png.296x216.jpg
20201223,普陀,真如,中宁家园 2室2厅 南 北,720万,2室2厅 | 98.13平米 | 南 北 | 精装 | 中楼层(共14层) | 2004年建 | 板楼,
20201223,普陀,真如,低单价精装一室户，朝西大飘窗，采光好,152万,1室0厅 | 46.11平米 | 西 | 简装 | 中楼层(共27层) | 2013年建 | 塔楼,http://image1.ljcdn.com/x-se/hdic-frame/prod-62574b3f-18fa-4946-bce7-2ec639a38ca8.png.296x216.jpg
20201223,普陀,真如,低单价精装一室户，朝西大飘窗，采光好,163万,1室0厅 | 49.58平米 | 西 | 简装 | 中楼层(共27层) | 2013年建 | 塔楼,http://image1.ljcdn.com/x-se/hdic-frame/prod-dcaf9de8-071b-434e-a8c6-8234f9338341.png.296x216.jpg
20201223,普陀,真如,天汇广场 2室1厅 南,290万,2室1厅 | 68.51平米 | 南 | 其他 | 低楼层(共27层) | 2013年建 | 塔楼,http://image1.ljcdn.com/x-se/hdic-frame/prod-b60c91d9-dff0-4500-adcb-893142c354d5.png.296x216.jpg
20201223,普陀,真如,天汇广场 1室1厅 东,145万,1室1厅 | 43.65平米 | 东 | 其他 | 低楼层(共27层) | 2013年建 | 塔楼,http://image1.ljcdn.com/x-se/hdic-frame/prod-ff0864eb-7788-409d-8341-b1dede1035ee.png.296x216.jpg
20201223,普陀,真如,精装修三房,配套完善,业主诚意出售,670万,3室2厅 | 109.71平米 | 南 北 | 精装 | 低楼层(共26层) | 2008年建 | 板楼,
20201223,普陀,真如,不限制购房人群 税费低 精装修 朝南 诚意出售房主自荐,155万,1室0厅 | 53.45平米 | 南 | 精装 | 低楼层(共27层)  | 塔楼,http://image1.ljcdn.com/x-se/hdic-frame/9fca9ff6-3edf-4940-a0e6-e505ef6362e6.png.296x216.jpg
20201223,普陀,真如,户型方正，格局通透，中间楼层，近地铁口,275万,2室2厅 | 78.46平米 | 南 | 毛坯 | 中楼层(共28层) | 2005年建 | 暂无数据,
20201223,普陀,真如,天汇广场 1室1厅 东房主自荐,200万,1室1厅 | 53.14平米 | 东 | 其他 | 中楼层(共8层) | 2013年建 | 板楼,
20201223,普陀,真如,天汇广场 1室1厅 东,145万,1室1厅 | 45.92平米 | 东 | 精装 | 低楼层(共27层) | 2013年建 | 塔楼,http://image1.ljcdn.com/x-se/hdic-frame/prod-78dfa406-373a-4441-b5a5-46ed5d2b90c9.png.296x216.jpg
20201223,普陀,真如,高尚领域 3室2厅 北 南,600万,3室2厅 | 122平米 | 北 南 | 精装 | 低楼层(共38层) | 2011年建 | 塔楼,
20201223,普陀,真如,信仪新村 2室1厅 南 北,290万,2室1厅 | 56.67平米 | 南 北 | 毛坯 | 高楼层(共6层) | 1989年建 | 板楼,
20201223,普陀,真如,天汇广场 2室1厅 南 西,360万,2室1厅 | 87.26平米 | 南 西 | 精装 | 中楼层(共27层) | 2013年建 | 塔楼,
20201223,普陀,真如,天汇广场 1室1厅 南,200万,1室1厅 | 43.63平米 | 南 | 其他 | 中楼层(共27层) | 2013年建 | 塔楼,
20201223,普陀,真如,天汇广场 1室0厅 西,150万,1室0厅 | 37.51平米 | 西 | 精装 | 低楼层(共27层) | 2013年建 | 塔楼,
20201223,普陀,真如,厨卫全明 11号14号15号三轨交通 朝南带天井,195万,1室0厅 | 34.64平米 | 南 | 简装 | 高楼层(共6层) | 1986年建 | 板楼,http://image1.ljcdn.com/x-se/hdic-frame/40b83e2f-8145-4ca6-9086-59d822164d73.png.296x216.jpg
20201223,普陀,真如,高尚领域 3室2厅 南 北,610万,3室2厅 | 122.93平米 | 南 北 | 其他 | 高楼层(共38层) | 2011年建 | 塔楼,http://image1.ljcdn.com/x-se/hdic-frame/prod-29eb3d52-d237-45bc-af7d-74bd13662b69.png.296x216.jpg
20201223,普陀,真如,颐宁苑 3室2厅 南,800万,3室2厅 | 152.07平米 | 南 | 其他 | 高楼层(共27层) | 1999年建 | 塔楼,http://image1.ljcdn.com/x-se/shfdfs-image/20171112/9465202f-f1ce-4bec-b4d2-9f8d723a2a10.jpg.296x216.jpg
20201223,普陀,真如,高尚领域 4室2厅 南 北,800万,4室2厅 | 172.88平米 | 南 北 | 精装 | 中楼层(共40层)  | 塔楼,
20201223,普陀,真如,迷你公馆 1室0厅 南 北,135万,1室0厅 | 56.33平米 | 南 北 | 精装 | 低楼层(共27层)  | 塔楼,
20201223,普陀,真如,房龄新，高楼层电梯房，采光好，景观好，交通方便。,180万,1室0厅 | 45.62平米 | 南 | 其他 | 高楼层(共27层) | 2013年建 | 塔楼,
20201223,普陀,真如,天汇广场 2室0厅 西,380万,2室0厅 | 87.26平米 | 西 | 其他 | 中楼层(共27层) | 2013年建 | 塔楼,
20201223,普陀,真如,高尚领域 2室1厅 南,580万,2室1厅 | 106平米 | 南 | 其他 | 低楼层(共38层) | 2011年建 | 塔楼,
20201223,普陀,真如,次顶楼高区厨卫全明大三房置换诚意出售价格看中好谈的,900万,3室2厅 | 153平米 | 西南 | 精装 | 高楼层(共20层) | 1999年建 | 板楼,http://image1.ljcdn.com/x-se/hdic-frame/29da4931-3092-4147-babc-8a4a4ab41a1c.png.296x216.jpg
20201223,普陀,真如,天汇国际 2室1厅 南,780万,2室1厅 | 258平米 | 南 | 其他 | 低楼层(共19层)  | 塔楼,http://image1.ljcdn.com/x-se/hdic-frame/594f64f3-6cae-4908-8cff-e168e3a63df9.png.296x216.jpg
20201223,普陀,真如,绿翡翠家园 4室1厅 南,720万,4室1厅 | 112.18平米 | 南 | 其他 | 低楼层(共6层) | 2000年建 | 板楼,
20201223,普陀,真如,楼层好，视野阔，房间宽，层高高，不压抑,166万,1室0厅 | 49.57平米 | 东南 | 简装 | 高楼层(共27层) | 2013年建 | 塔楼,http://image1.ljcdn.com/x-se/hdic-frame/prod-64c6e19b-f0ca-447c-8369-785de20654d5.png.296x216.jpg
20201223,普陀,真如,车站新村(普陀) 2室1厅 南,480万,2室1厅 | 73.99平米 | 南 | 精装 | 低楼层(共6层) | 1998年建 | 板楼,
20201223,普陀,真如,真西新村第二小区 2室1厅 南,366万,2室1厅 | 57.37平米 | 南 | 精装 | 低楼层(共6层) | 1990年建 | 板楼,
20201223,普陀,真如,上海星港 2室1厅 南,280万,2室1厅 | 55.63平米 | 南 | 其他 | 中楼层(共28层) | 2005年建 | 暂无数据,
20201223,普陀,真如,低总价3房，楼层好，物管严，品质高,568万,3室1厅 | 105平米 | 南 | 简装 | 中楼层(共38层) | 2015年建 | 塔楼,http://image1.ljcdn.com/x-se/hdic-frame/prod-f9ce85f0-ca46-4a24-8eaf-459185831614.png.296x216.jpg
20201223,普陀,真如,天汇广场 1室1厅 南,148万,1室1厅 | 45平米 | 南 | 其他 | 低楼层(共27层) | 2013年建 | 塔楼,http://image1.ljcdn.com/x-se/hdic-frame/prod-167ccc02-ccb7-4251-a3b5-36cd746cf83f.png.296x216.jpg
20201223,普陀,真如,天汇广场 1室0厅 南,179万,1室0厅 | 46平米 | 南 | 精装 | 中楼层(共8层) | 2013年建 | 板楼,http://image1.ljcdn.com/x-se/hdic-frame/prod-27d94741-7627-43c9-9f52-52198a1221d2.png.296x216.jpg
20201223,普陀,真如,天汇广场 2室1厅 南,298万,2室1厅 | 68.03平米 | 南 | 精装 | 中楼层(共27层) | 2013年建 | 塔楼,http://image1.ljcdn.com/x-se/hdic-frame/prod-f801da32-61a0-4959-a529-e9972e53951a.png.296x216.jpg
20201223,普陀,真如,迷你公馆 1室1厅 西,145万,1室1厅 | 53.2平米 | 西 | 简装 | 低楼层(共27层)  | 塔楼,
20201223,普陀,真如,真如西村 2室1厅 南,310万,2室1厅 | 56.19平米 | 南 | 简装 | 高楼层(共6层) | 1983年建 | 板楼,
20201223,普陀,真如,天汇广场 1室1厅 南,240万,1室1厅 | 60.4平米 | 南 | 精装 | 低楼层(共7层) | 2013年建 | 塔楼,
