20201223,青浦,赵巷,上叠精装 空调地暖 拎包入住 随时看房必看好房,860万,4室3厅 | 169.66平米 | 南 | 精装 | 低楼层(共3层) | 2010年建 | 板楼,http://image1.ljcdn.com/110000-inspection/pc1_uImYGQc5x_2.jpg.296x216.jpg
20201223,青浦,赵巷,金地佘山天境(公寓) 4室2厅 南必看好房,1190万,4室2厅 | 270.89平米 | 南 | 精装 | 低楼层(共7层) | 2012年建 | 板楼,http://image1.ljcdn.com/110000-inspection/pc1_U3z5sYWpY_1.jpg.296x216.jpg
20201223,青浦,赵巷,赵巷别墅区+宋庆龄+协和双语+山姆店+产权车位必看好房,1100万,3室2厅 | 226.6平米 | 南 | 精装 | 低楼层(共7层) | 2012年建 | 板楼,http://image1.ljcdn.com/110000-inspection/pc1_l8O0jTMRB_1.jpg.296x216.jpg
20201223,青浦,赵巷,崧泽华城华中苑 1室1厅 南必看好房,138万,1室1厅 | 56.55平米 | 南 | 毛坯 | 低楼层(共18层) | 2014年建 | 板楼,http://image1.ljcdn.com/110000-inspection/pc1_mE8a6Uch0_1.jpg.296x216.jpg
20201223,青浦,赵巷,南北通两房，一手动迁税费少，近地铁必看好房,255万,2室1厅 | 69.09平米 | 南 | 毛坯 | 低楼层(共11层) | 2014年建 | 板楼,http://image1.ljcdn.com/110000-inspection/pc1_2GpXFdb3A_1.jpg.296x216.jpg
20201223,青浦,赵巷,带产权车位 业主精心装修 拎包入住 省心安家必看好房,690万,3室2厅 | 156.06平米 | 南 北 | 精装 | 低楼层(共3层) | 2019年建 | 板楼,http://image1.ljcdn.com/110000-inspection/pc1_FFLnHeqSu_1.jpg.296x216.jpg
20201223,青浦,赵巷,此房为一手动迁，税费少，采光好，精品三房必看好房,249万,3室1厅 | 80.92平米 | 南 | 简装 | 低楼层(共18层) | 2014年建 | 塔楼,http://image1.ljcdn.com/110000-inspection/pc1_SH3T1APoE_1.jpg.296x216.jpg
20201223,青浦,赵巷,业主诚意出售，近地铁交通便利，户型正，税费少！必看好房,224万,2室1厅 | 75.22平米 | 南 | 精装 | 低楼层(共18层)  | 板楼,http://image1.ljcdn.com/110000-inspection/pc1_WGBZ5pmt5_1.jpg.296x216.jpg
20201223,青浦,赵巷,Rare'边套，采光明亮，开发商精装必看好房,408万,3室2厅 | 90.73平米 | 南 | 精装 | 中楼层(共23层)  | 板楼,http://image1.ljcdn.com/110000-inspection/pc1_1PuXcXYzF_1.jpg.296x216.jpg
20201223,青浦,赵巷,秀景苑经典三房，楼层好，通透采光好必看好房,285万,3室1厅 | 79.33平米 | 南 | 毛坯 | 中楼层(共11层) | 2014年建 | 板楼,http://image1.ljcdn.com/310000-inspection/prod-44f51798-d785-40d0-b5bd-1f31ce1bb475.jpg.296x216.jpg
20201223,青浦,赵巷,房型南北通  位置好  采光好 诚意出售必看好房,265万,2室1厅 | 69.11平米 | 南 | 精装 | 低楼层(共11层) | 2014年建 | 板楼,http://image1.ljcdn.com/110000-inspection/pc1_n6BR6hKwS_1.jpg.296x216.jpg
20201223,青浦,赵巷,昱芳苑 3室2厅 南必看好房,285万,3室2厅 | 92.42平米 | 南 | 简装 | 高楼层(共18层)  | 板楼,
20201223,青浦,赵巷,大虹桥别墅+近协和+类独栋别墅+小区带电梯井+人车分流,1350万,4室2厅 | 415.59平米 | 南 | 毛坯 | 低楼层(共1层) | 2015年建 | 板楼,http://image1.ljcdn.com/110000-inspection/pc1_8L8jjPhy0_1.jpg.296x216.jpg
20201223,青浦,赵巷,名人世家占地1300平 和明星做邻居 精装修 满五 有钥匙,2380万,4室2厅 | 508.81平米 | 南 | 简装 | 2层 | 2006年建 | 板楼 | 独栋别墅,http://image1.ljcdn.com/110000-inspection/pc1_egYCL3Jkl_1.jpg.296x216.jpg
20201223,青浦,赵巷,御湖独栋名墅 花园集中 业主急售 随时看房,2550万,5室2厅 | 490.02平米 | 南 | 精装 | 低楼层(共2层) | 2014年建 | 板楼,http://image1.ljcdn.com/110000-inspection/pc1_C47eKfmQp_1.jpg.296x216.jpg
20201223,青浦,赵巷,各付税 近景观河 带装修 全屋空调带地暖,870万,4室2厅 | 252.88平米 | 南 | 精装 | 低楼层(共4层) | 2010年建 | 板楼,http://image1.ljcdn.com/110000-inspection/pc1_4Ih0Kx2c6_1.jpg.296x216.jpg
20201223,青浦,赵巷,李嘉诚旗下+边套大户型+三面采光+大露台+双车位,1120万,5室2厅 | 429.82平米 | 南 | 毛坯 | 上叠(共1层) | 2016年建 | 板楼 | 暂无数据别墅,http://image1.ljcdn.com/110000-inspection/pc1_bkSZYUhtq_1.jpg.296x216.jpg
20201223,青浦,赵巷,千平大花园 户型方正 全明地下室 社区环境物业管理好,3150万,5室2厅 | 749.38平米 | 南 | 毛坯 | 低楼层(共2层) | 2012年建 | 板楼,http://image1.ljcdn.com/110000-inspection/pc1_u9IqUBIby_1.jpg.296x216.jpg
20201223,青浦,赵巷,港式别墅风格，面宽大采光好，大露台，可随时看房新上,970万,4室2厅 | 376平米 | 北 | 毛坯 | 上叠(共1层) | 2016年建 | 板楼 | 暂无数据别墅,http://image1.ljcdn.com/110000-inspection/pc1_dNqmnAGzy_1.jpg.296x216.jpg
20201223,青浦,赵巷,景观楼层 南北通风 边套三房 视野好 位置好 诚意出售房主自荐,365万,3室2厅 | 91.74平米 | 南 | 精装 | 中楼层(共18层)  | 板楼,http://image1.ljcdn.com/110000-inspection/pc1_hw7bypArM_1.jpg.296x216.jpg
20201223,青浦,赵巷,采光充足、配套设施齐全、交通便利、品质小区龙湖物业,530万,2室1厅 | 87.72平米 | 南 | 精装 | 低楼层(共4层) | 2010年建 | 板楼,http://image1.ljcdn.com/110000-inspection/pc1_C3MUHpt1E_1.jpg.296x216.jpg
20201223,青浦,赵巷,一手动迁次新房，高楼层景观房，环境好,195万,2室2厅 | 80.39平米 | 南 | 毛坯 | 高楼层(共18层) | 2014年建 | 板楼,http://image1.ljcdn.com/110000-inspection/pc1_cKDHUxBCJ_1.jpg.296x216.jpg
20201223,青浦,赵巷,大花园双拼别墅+满五税少+看房方便,1212万,4室2厅 | 263.61平米 | 南 | 毛坯 | 3层 | 2010年建 | 板楼 | 双拼别墅,http://image1.ljcdn.com/110000-inspection/pc1_jwpSj4fsT_1.jpg.296x216.jpg
20201223,青浦,赵巷,大虹桥别墅区+宋庆龄+协和+山姆会员店+高品质社区房主自荐,1366万,6室3厅 | 303平米 | 南 北 | 精装 | 中楼层(共5层) | 2012年建 | 板楼,http://image1.ljcdn.com/110000-inspection/pc1_5WyEOutaQ_1.jpg.296x216.jpg
20201223,青浦,赵巷,采光充足、配套设施齐全、交通便利、品质小区龙湖物业,320万,1室1厅 | 85.27平米 | 南 | 精装 | 中楼层(共4层) | 2010年建 | 板楼,http://image1.ljcdn.com/110000-inspection/pc1_ePI79othQ_1.jpg.296x216.jpg
20201223,青浦,赵巷,龙湖物业，双阳台，大露台，阳光房,350万,2室1厅 | 88.08平米 | 南 | 简装 | 中楼层(共4层) | 2010年建 | 板楼,http://image1.ljcdn.com/110000-inspection/pc1_9J6dWxMUJ_1.jpg.296x216.jpg
20201223,青浦,赵巷,大虹桥别墅+业主诚意出售+纯独栋社区+私密性强,2000万,4室2厅 | 308.42平米 | 南 | 毛坯 | 2层 | 2007年建 | 板楼 | 独栋别墅,http://image1.ljcdn.com/110000-inspection/pc1_EgpDz7VsY_1.jpg.296x216.jpg
20201223,青浦,赵巷,精装独栋+光伏发电+地源热泵+中-央空调,3080万,5室3厅 | 583.98平米 | 南 | 精装 | 2层 | 2006年建 | 板楼 | 独栋别墅,http://image1.ljcdn.com/110000-inspection/pc1_80ytzxWEh_1.jpg.296x216.jpg
20201223,青浦,赵巷,顶楼带270平超大露台 自住装修 中间位置,1930万,4室2厅 | 371.18平米 | 南 | 精装 | 高楼层(共7层) | 2012年建 | 板楼,http://image1.ljcdn.com/110000-inspection/pc1_nzetjw4HE_1.jpg.296x216.jpg
20201223,青浦,赵巷,大虹桥别墅+协和 Soong Ching Ling +大花园边套别墅,2450万,4室2厅 | 495.77平米 | 南 | 精装 | 低楼层(共3层)  | 板楼,http://image1.ljcdn.com/110000-inspection/pc1_igc12GDJD_1.jpg.296x216.jpg
20201223,青浦,赵巷,精装大花园电梯类独栋，挑高客厅双车库安享品质生活,1450万,4室2厅 | 415.59平米 | 南 | 精装 | 1层 | 2015年建 | 板楼 | 联排别墅,http://image1.ljcdn.com/110000-inspection/pc1_vy7hj31qP_1.jpg.296x216.jpg
20201223,青浦,赵巷,花园2亩+装修刚满二年+花园集中+诚意出售,3200万,4室2厅 | 528.44平米 | 南 | 精装 | 2层 | 2006年建 | 板楼 | 独栋别墅,http://image1.ljcdn.com/110000-inspection/pc1_ifjNmTkUG_1.jpg.296x216.jpg
20201223,青浦,赵巷,绿色海洋中的住宅，一种听到心灵的居住体验房主自荐,340万,2室1厅 | 86.84平米 | 南 北 | 精装 | 中楼层(共4层) | 2010年建 | 板楼,http://image1.ljcdn.com/110000-inspection/pc1_nIa7evKgs_1.jpg.296x216.jpg
20201223,青浦,赵巷,叠墅户型，3楼门厅+4楼+顶层阁楼，精装修，环境宜人,530万,3室2厅 | 88.33平米 | 南 | 简装 | 高楼层(共4层) | 2010年建 | 板楼,http://image1.ljcdn.com/110000-inspection/pc1_uVG7nJodm_1.jpg.296x216.jpg
20201223,青浦,赵巷,金地天境4房，屋况保养好，满2年带车位诚意出售,1200万,4室2厅 | 228.43平米 | 南 | 精装 | 低楼层(共13层) | 2012年建 | 板楼,http://image1.ljcdn.com/110000-inspection/pc1_a8w6llsZN_2.jpg.296x216.jpg
20201223,青浦,赵巷,边套大花园，四季好风景，生活舒适,600万,4室2厅 | 170.19平米 | 南 北 | 精装 | 低楼层(共4层) | 2010年建 | 板楼,http://image1.ljcdn.com/110000-inspection/pc1_IVyirIukS_2.jpg.296x216.jpg
20201223,青浦,赵巷,一手动迁税费低，业主诚心卖，楼栋位置好，没有遮挡,233万,2室1厅 | 69.81平米 | 南 | 毛坯 | 中楼层(共18层)  | 板楼,http://image1.ljcdn.com/110000-inspection/pc1_8SQtdOpxX_1.jpg.296x216.jpg
20201223,青浦,赵巷,龙湖南区，近地铁，稀有户型，安家优选新上,368万,2室2厅 | 79.86平米 | 南 | 精装 | 中楼层(共23层) | 2015年建 | 板楼,http://image1.ljcdn.com/110000-inspection/pc1_fc9cRug5m_1.jpg.296x216.jpg
20201223,青浦,赵巷,高楼层三房，景观少有房源，位置好,215万,3室1厅 | 80.79平米 | 南 北 | 毛坯 | 高楼层(共18层) | 2014年建 | 板楼,http://image1.ljcdn.com/110000-inspection/pc1_nYQ6dWvw3_1.jpg.296x216.jpg
20201223,青浦,赵巷,小区中间位置，配套齐全，动迁，税费少，房东诚意卖,239万,3室1厅 | 81.09平米 | 南 | 毛坯 | 低楼层(共18层)  | 板楼,http://image1.ljcdn.com/110000-inspection/pc1_GHLCREGgK_1.jpg.296x216.jpg
20201223,青浦,赵巷,崧泽华城佳福雅苑（五区） 1室1厅 南新上,181万,1室1厅 | 56.65平米 | 南 | 毛坯 | 高楼层(共18层)  | 板楼,http://image1.ljcdn.com/110000-inspection/pc1_9ni1PdOJp_1.jpg.296x216.jpg
20201223,青浦,赵巷,大虹桥别墅区 忽如一夜春风来 千树万树梨花开！,960万,5室4厅 | 376.21平米 | 南 | 毛坯 | 1层 | 2015年建 | 板楼 | 联排别墅,http://image1.ljcdn.com/110000-inspection/pc1_3rwkU5JJR_1.jpg.296x216.jpg
20201223,青浦,赵巷,新到凯迪双拼别墅+宋庆龄国际＋协和双语＋南临河,1390万,4室2厅 | 263.61平米 | 南 | 毛坯 | 3层 | 2010年建 | 板楼 | 双拼别墅,http://image1.ljcdn.com/110000-inspection/pc1_VYOvPA7QO_1.jpg.296x216.jpg
20201223,青浦,赵巷,视野开阔，通风性好，采光性好，总价低,243万,3室1厅 | 94.79平米 | 南 | 毛坯 | 高楼层(共18层) | 2014年建 | 板楼,http://image1.ljcdn.com/110000-inspection/pc1_QlrEJHvNG_1.jpg.296x216.jpg
20201223,青浦,赵巷,赵巷别墅区 花园洋房，山姆店 诚意出售房主自荐,355万,2室1厅 | 76.18平米 | 北 南 | 精装 | 低楼层(共6层) | 2017年建 | 板楼,http://image1.ljcdn.com/110000-inspection/pc1_rMhKOLQWA_1.jpg.296x216.jpg
20201223,青浦,赵巷,2016年次新房小区，高楼层一房，昱翠雅苑,140万,1室1厅 | 56.31平米 | 南 | 毛坯 | 高楼层(共18层)  | 板楼,http://image1.ljcdn.com/110000-inspection/pc1_mzDNuH2xR_1.jpg.296x216.jpg
20201223,青浦,赵巷,品质小区，景观路层，视野辽阔，采光足,420万,3室2厅 | 89.48平米 | 南 | 其他 | 低楼层(共25层)  | 板楼,http://image1.ljcdn.com/110000-inspection/pc1_uyxITM4oc_1.jpg.296x216.jpg
20201223,青浦,赵巷,泷湾苑 4室2厅 南,1150万,4室2厅 | 391平米 | 南 | 精装 | 1层 | 2015年建 | 板楼 | 联排别墅,http://image1.ljcdn.com/110000-inspection/pc1_CHiq5gvS1_1.jpg.296x216.jpg
20201223,青浦,赵巷,下叠别墅（1楼+地下室部分），精装修、样板房、诚意售,500万,4室2厅 | 150平米 | 南 | 精装 | 低楼层(共4层) | 2010年建 | 板楼,http://image1.ljcdn.com/110000-inspection/pc1_ZUkCaORmZ_1.jpg.296x216.jpg
20201223,青浦,赵巷,大虹桥别墅区+宋庆龄+协和+山姆会员店+高品质社区,998万,5室2厅 | 228.43平米 | 南 北 | 精装 | 低楼层(共7层) | 2012年建 | 板楼,http://image1.ljcdn.com/110000-inspection/pc1_0vXgOaZJ9_1.jpg.296x216.jpg
20201223,青浦,赵巷,李嘉诚旗下+三面环河+人车分流+室内电梯井+双车库,1280万,4室2厅 | 415平米 | 南 | 毛坯 | 1层 | 2015年建 | 板楼 | 联排别墅,http://image1.ljcdn.com/110000-inspection/pc1_N9Xrci4GH_1.jpg.296x216.jpg
20201223,青浦,赵巷,龙湖滟澜山上叠别墅 靠河位置 环境优美 人车分流  ！,465万,1室1厅 | 84.42平米 | 暂无数据 | 毛坯 | 高楼层(共4层) | 2010年建 | 板楼,http://image1.ljcdn.com/110000-inspection/pc1_qClZQYzDf_1.jpg.296x216.jpg
20201223,青浦,赵巷,龙湖滟澜山 靠河位置 满五税少 诚意出售！,305万,1室1厅 | 85.1平米 | 暂无数据 | 其他 | 中楼层(共4层) | 2010年建 | 板楼,http://image1.ljcdn.com/110000-inspection/pc1_dk8ApmVAQ_1.jpg.296x216.jpg
20201223,青浦,赵巷,全明户型，税费低，品质小区环境好，带地暖,335万,3室2厅 | 87.52平米 | 南 北 | 精装 | 低楼层(共18层)  | 板楼,http://image1.ljcdn.com/110000-inspection/pc1_4WT3kFS7l_1.jpg.296x216.jpg
20201223,青浦,赵巷,绿地海珀风华(别墅) 3室2厅 南 北,660万,3室2厅 | 112.6平米 | 南 北 | 精装 | 中楼层(共5层) | 2016年建 | 暂无数据,http://image1.ljcdn.com/110000-inspection/pc1_L7WRtENSM_1.jpg.296x216.jpg
20201223,青浦,赵巷,龙湖公寓 人车分流 有会所 精装修 拎包入住 满五唯一,320万,2室1厅 | 85.36平米 | 南 | 精装 | 中楼层(共4层) | 2010年建 | 板楼,http://image1.ljcdn.com/110000-inspection/pc1_pc22FpY5u_1.jpg.296x216.jpg
20201223,青浦,赵巷,一房好楼层，毛坯好改变！！！！新上,173万,1室1厅 | 52.01平米 | 南 | 毛坯 | 中楼层(共18层) | 2014年建 | 板塔结合,http://image1.ljcdn.com/110000-inspection/pc1_d8O8DK2z3_1.jpg.296x216.jpg
20201223,青浦,赵巷,崧泽华城秀景苑 2室1厅 南新上,199万,2室1厅 | 50.04平米 | 南 | 精装 | 中楼层(共11层) | 2014年建 | 板楼,http://image1.ljcdn.com/110000-inspection/pc1_YSQXAK0xD_1.jpg.296x216.jpg
20201223,青浦,赵巷,前排视野，采光充足，风景宜人，居住舒适,1000万,3室2厅 | 174.1平米 | 南 北 | 精装 | 中楼层(共4层) | 2010年建 | 板楼,http://image1.ljcdn.com/110000-inspection/pc1_psvm8NsRT_1.jpg.296x216.jpg
20201223,青浦,赵巷,近景观河，安静舒适，品质装修，拎包入住,1000万,3室2厅 | 174.3平米 | 南 北 | 精装 | 低楼层(共3层) | 2010年建 | 板楼,http://image1.ljcdn.com/110000-inspection/pc1_ca7o4hT48_1.jpg.296x216.jpg
20201223,青浦,赵巷,意境不同当有别、一墅揽尽半城风光、独栋别墅,1600万,4室2厅 | 412.96平米 | 南 | 毛坯 | 2层 | 2007年建 | 板楼 | 独栋别墅,http://image1.ljcdn.com/110000-inspection/pc1_nYUX0LLjk_1.jpg.296x216.jpg
20201223,青浦,赵巷,大虹桥别墅区+宋庆龄+协和+山姆会员店+高品质社区,1850万,5室2厅 | 364.07平米 | 南 | 精装 | 中楼层(共6层) | 2012年建 | 板楼,http://image1.ljcdn.com/110000-inspection/pc1_d4orepA3A_1.jpg.296x216.jpg
20201223,青浦,赵巷,户型方正实用，厅出阳台。精装修，环境优越,265万,1室1厅 | 51.48平米 | 南 | 精装 | 低楼层(共12层) | 2015年建 | 板楼,http://image1.ljcdn.com/110000-inspection/pc1_smqw4Ob7U_1.jpg.296x216.jpg
20201223,青浦,赵巷,一手动迁税费少，双南户型，景观楼层,276万,2室1厅 | 67.69平米 | 南 | 毛坯 | 高楼层(共18层) | 2014年建 | 塔楼,http://image1.ljcdn.com/110000-inspection/pc1_er4o3s50d_1.jpg.296x216.jpg
20201223,青浦,赵巷,崧泽华城佳福雅苑（六区） 1室1厅 南,186万,1室1厅 | 58.95平米 | 南 | 毛坯 | 低楼层(共17层) | 2014年建 | 板楼,http://image1.ljcdn.com/110000-inspection/pc1_UKhTc2pp4_1.jpg.296x216.jpg
20201223,青浦,赵巷,南花园类独栋别墅  新装修中空地暖 带车位 拎包即住,1250万,4室2厅 | 391.81平米 | 南 | 精装 | 1层 | 2015年建 | 板楼 | 联排别墅,http://image1.ljcdn.com/110000-inspection/pc1_LG0Tn6UUF_1.jpg.296x216.jpg
20201223,青浦,赵巷,看房方便 楼层好 视野宽阔 采光佳 自住保养好,1400万,4室2厅 | 306.48平米 | 南 | 精装 | 高楼层(共5层) | 2012年建 | 板楼,http://image1.ljcdn.com/110000-inspection/pc1_hNlFlbiuL_1.jpg.296x216.jpg
20201223,青浦,赵巷,温馨两房，交通便利，配套齐全，欢迎来咨询房主自荐,315万,2室1厅 | 90.43平米 | 南 | 简装 | 高楼层(共18层) | 2014年建 | 板楼,http://image1.ljcdn.com/310000-inspection/prod-eea718d5-0c8e-45dd-9231-e16cf19cf02c.jpg.296x216.jpg
20201223,青浦,赵巷,高品质小区，景观楼层，户型好，位置佳,415万,3室2厅 | 94.91平米 | 南 | 精装 | 高楼层(共11层)  | 暂无数据,http://image1.ljcdn.com/110000-inspection/pc1_NSCnY8PQS_1.jpg.296x216.jpg
20201223,青浦,赵巷,宋庆龄协和+花园住宅+双拼别墅+满五税少+花园爆大,1100万,4室2厅 | 298.22平米 | 南 | 毛坯 | 3层 | 2007年建 | 板楼 | 双拼别墅,http://image1.ljcdn.com/110000-inspection/pc1_GCplACqNB_1.jpg.296x216.jpg
20201223,青浦,赵巷,中海翡翠新上好房  步行到宋*龄  毛坯  花园临水,1800万,4室2厅 | 312.1平米 | 南 北 | 毛坯 | 2层 | 2008年建 | 板楼 | 独栋别墅,http://image1.ljcdn.com/110000-inspection/pc1_CekduwfQu_1.jpg.296x216.jpg
20201223,青浦,赵巷,空调带地暖，直接入住，省心安心!,780万,4室2厅 | 124.51平米 | 南 北 | 精装 | 低楼层(共3层)  | 板楼,http://image1.ljcdn.com/110000-inspection/pc1_7t7g64Ujf_1.jpg.296x216.jpg
20201223,青浦,赵巷,单价31695元 复式平墅 4房2厅5卫 拎包入住屋况好,1500万,4室2厅 | 418.99平米 | 南 | 精装 | 低楼层(共5层) | 2012年建 | 板楼,http://image1.ljcdn.com/110000-inspection/pc1_skEzDS9Eb_1.jpg.296x216.jpg
20201223,青浦,赵巷,大虹桥别墅区 诚意出售卖不掉？不，只待有缘人！,2600万,5室2厅 | 540.1平米 | 南 | 毛坯 | 2层 | 2006年建 | 板楼 | 独栋别墅,http://image1.ljcdn.com/110000-inspection/pc1_KufEKRQpL_2.jpg.296x216.jpg
20201223,青浦,赵巷,龙湖顶复，4附5，房东自主精装修，南北大露台,530万,3室1厅 | 87.74平米 | 南 北 | 精装 | 高楼层(共4层) | 2010年建 | 板楼,http://image1.ljcdn.com/110000-inspection/pc1_1qD4Z0dMg_1.jpg.296x216.jpg
20201223,青浦,赵巷,地中海风格~下沉式庭院，南北通！大户型诚意出售,2780万,5室2厅 | 735.81平米 | 南 | 毛坯 | 2层 | 2009年建 | 板楼 | 独栋别墅,http://image1.ljcdn.com/110000-inspection/pc1_gjRcl6wQk_1.jpg.296x216.jpg
20201223,青浦,赵巷,全屋一线进口品牌家具家电 双地下室 双拼别墅,1300万,4室1厅 | 262.37平米 | 南 | 精装 | 低楼层(共4层) | 2010年建 | 板楼,http://image1.ljcdn.com/110000-inspection/pc1_yqGmQbCMJ_1.jpg.296x216.jpg
20201223,青浦,赵巷,成本出售 占地千平 全明地下室 花园集中 土建已经做好,2999万,6室3厅 | 680平米 | 南 | 毛坯 | 低楼层(共2层) | 2012年建 | 板楼,http://image1.ljcdn.com/110000-inspection/pc1_fxC5nyndi_1.jpg.296x216.jpg
20201223,青浦,赵巷,崧泽华城逸泰雅苑（二期） 2室1厅 南,253万,2室1厅 | 69.2平米 | 南 | 简装 | 高楼层(共16层)  | 板楼,http://image1.ljcdn.com/110000-inspection/pc1_GM1KDhqIx_1.jpg.296x216.jpg
20201223,青浦,赵巷,崧泽华城昱翠雅苑 1室1厅 南,147万,1室1厅 | 56.31平米 | 南 | 毛坯 | 低楼层(共18层)  | 板楼,http://image1.ljcdn.com/110000-inspection/pc1_jWeviQALj_1.jpg.296x216.jpg
20201223,青浦,赵巷,精打细算优质房，买房佳福很合算,227万,2室1厅 | 78.1平米 | 南 | 毛坯 | 高楼层(共18层) | 2014年建 | 板楼,http://image1.ljcdn.com/110000-inspection/pc1_56gultI7b_1.jpg.296x216.jpg
20201223,青浦,赵巷,精装交付，空调加地暖，业主置换，诚心出售,330万,2室2厅 | 77.31平米 | 南 | 精装 | 中楼层(共18层)  | 暂无数据,http://image1.ljcdn.com/110000-inspection/pc1_KhqYPYgJO_1.jpg.296x216.jpg
20201223,青浦,赵巷,一房，楼层好，楼栋好，一手动迁税费低,185万,1室1厅 | 52.2平米 | 南 | 毛坯 | 高楼层(共18层) | 2016年建 | 板楼,http://image1.ljcdn.com/110000-inspection/pc1_jfMBPlNL6_1.jpg.296x216.jpg
20201223,青浦,赵巷,业主诚意出售，小区环境好，价格可谈,127万,1室1厅 | 52平米 | 南 | 毛坯 | 低楼层(共16层) | 2012年建 | 塔楼,http://image1.ljcdn.com/110000-inspection/pc1_u6MwuXX28_1.jpg.296x216.jpg
20201223,青浦,赵巷,近地铁南北直通，稀有户型，精装修，拎包入住房主自荐,251万,2室1厅 | 68.43平米 | 南 | 精装 | 低楼层(共11层) | 2014年建 | 板楼,http://image1.ljcdn.com/110000-inspection/pc1_fGxEmrGBw_1.jpg.296x216.jpg
20201223,青浦,赵巷,一手动迁，税费低，位置好，无遮挡,201万,2室1厅 | 70平米 | 南 | 毛坯 | 低楼层(共18层) | 2016年建 | 板楼,http://image1.ljcdn.com/110000-inspection/pc1_AdZSv4pD0_1.jpg.296x216.jpg
20201223,青浦,赵巷,装修顶复，可拎包入住，格局方正，空间好利用,520万,3室2厅 | 84.42平米 | 南 北 | 精装 | 高楼层(共4层) | 2010年建 | 板楼,http://image1.ljcdn.com/110000-inspection/pc1_LJv6zaO1v_1.jpg.296x216.jpg
20201223,青浦,赵巷,配套齐全 舒适度高 交通便利 7站虹桥,240万,2室1厅 | 75.29平米 | 南 | 毛坯 | 中楼层(共17层) | 2014年建 | 板楼,http://image1.ljcdn.com/110000-inspection/pc1_CwstxZ0Qq_1.jpg.296x216.jpg
20201223,青浦,赵巷,近地铁景观楼层，视野采光好，开发商精装修，拎包入住,498万,3室2厅 | 107.39平米 | 南 | 精装 | 高楼层(共26层)  | 板楼,http://image1.ljcdn.com/110000-inspection/pc1_vaPoUrxEB_1.jpg.296x216.jpg
20201223,青浦,赵巷,此房为一手动迁，无贷款，税费少，精品小三房房主自荐,230万,3室2厅 | 81平米 | 南 | 毛坯 | 低楼层(共18层) | 2014年建 | 板塔结合,http://image1.ljcdn.com/110000-inspection/pc1_N1vyUoxxJ_1.jpg.296x216.jpg
20201223,青浦,赵巷,品质高档，环境优雅，景观楼层，远望佘山！,410万,3室2厅 | 90.61平米 | 南 | 精装 | 高楼层(共26层)  | 板楼,http://image1.ljcdn.com/110000-inspection/pc1_9vDlnjnZM_1.jpg.296x216.jpg
20201223,青浦,赵巷,宝业爱多邦 2室2厅 南,320万,2室2厅 | 77.31平米 | 南 | 精装 | 高楼层(共18层)  | 板楼,http://image1.ljcdn.com/110000-inspection/pc1_71hUJ3qCL_1.jpg.296x216.jpg
20201223,青浦,赵巷,崧泽华城华中苑 2室1厅 南,195万,2室1厅 | 78.3平米 | 南 | 毛坯 | 高楼层(共18层) | 2014年建 | 板楼,http://image1.ljcdn.com/110000-inspection/pc1_mNOL6vSOp_1.jpg.296x216.jpg
20201223,青浦,赵巷,下叠别墅2楼部分，精装修、样板房、诚意售,320万,2室1厅 | 88平米 | 南 | 精装 | 中楼层(共4层) | 2010年建 | 板楼,http://image1.ljcdn.com/110000-inspection/pc1_xDDqQXNXZ_1.jpg.296x216.jpg
20201223,青浦,赵巷,中间楼层南北通两房，精装交付，空调地暖,324万,2室2厅 | 79平米 | 南 | 精装 | 中楼层(共18层)  | 板楼,http://image1.ljcdn.com/110000-inspection/pc1_bOsjaB3Vq_1.jpg.296x216.jpg
20201223,青浦,赵巷,精选两房，南北直通，采光好，视野开阔,195万,2室1厅 | 78.3平米 | 南 | 毛坯 | 高楼层(共18层)  | 板楼,http://image1.ljcdn.com/110000-inspection/pc1_0BebXkBV0_1.jpg.296x216.jpg
20201223,青浦,赵巷,近地铁 交通便利 配套齐全 一手动迁税少,245万,3室1厅 | 80.94平米 | 南 | 毛坯 | 低楼层(共16层) | 2014年建 | 板楼,http://image1.ljcdn.com/110000-inspection/pc1_8KBeFXYPI_1.jpg.296x216.jpg
20201223,青浦,赵巷,三面大花园，真边套采光好，环境舒适,580万,1室1厅 | 85.81平米 | 南 | 毛坯 | 低楼层(共4层) | 2010年建 | 板楼,http://image1.ljcdn.com/110000-inspection/pc1_Yixju4hfh_1.jpg.296x216.jpg
20201223,青浦,赵巷,三面环水  地铁步行方便  次新房，视野好,420万,3室2厅 | 88.52平米 | 南 | 精装 | 高楼层(共18层) | 2015年建 | 板楼,http://image1.ljcdn.com/110000-inspection/pc1_LS18ZIFnQ_1.jpg.296x216.jpg
20201223,青浦,赵巷,2016商品房  满2年税费低，空调带地暖 居住舒适,334万,3室2厅 | 87.62平米 | 南 | 精装 | 低楼层(共18层)  | 板楼,http://image1.ljcdn.com/110000-inspection/pc1_O3bAIIsIL_1.jpg.296x216.jpg
20201223,青浦,赵巷,总价低附带产权车位，楼层好，精装，中阳空调,357万,3室1厅 | 89.32平米 | 南 | 精装 | 高楼层(共22层)  | 板楼,http://image1.ljcdn.com/110000-inspection/pc1_SDHsLYH6r_1.jpg.296x216.jpg
20201223,青浦,赵巷,别墅小区、三面带采光好；天然氧吧，0税费,330万,2室1厅 | 86.87平米 | 南 | 精装 | 中楼层(共4层) | 2010年建 | 板楼,http://image1.ljcdn.com/110000-inspection/pc1_fMCWpS04V_1.jpg.296x216.jpg
20201223,青浦,赵巷,赵巷别墅区：次新类独栋，人车分流，边套户型,1450万,4室2厅 | 428平米 | 南 | 简装 | 1层 | 2015年建 | 板楼 | 联排别墅,http://image1.ljcdn.com/110000-inspection/pc1_EogvOHw9i_1.jpg.296x216.jpg
20201223,青浦,赵巷,万科有山 3室2厅 南,650万,3室2厅 | 114.65平米 | 南 | 毛坯 | 低楼层(共2层)  | 板楼,http://image1.ljcdn.com/110000-inspection/pc1_odGu5Ifxf_1.jpg.296x216.jpg
20201223,青浦,赵巷,大虹桥别墅区+宋庆龄协和+类独栋别墅,970万,4室2厅 | 391平米 | 南 | 毛坯 | 1层 | 2015年建 | 板楼 | 联排别墅,http://image1.ljcdn.com/110000-inspection/pc1_Gw9L77NDf_1.jpg.296x216.jpg
20201223,青浦,赵巷,税费各付，次新房，精装交付，近地铁,468万,3室2厅 | 107.53平米 | 南 | 精装 | 中楼层(共26层)  | 板楼,http://image1.ljcdn.com/110000-inspection/pc1_Gd2BQqIM2_1.jpg.296x216.jpg
20201223,青浦,赵巷,次新商品房 景观楼层 临河 俯瞰青浦 远眺佘山 诚售,469万,3室2厅 | 107.39平米 | 南 | 精装 | 中楼层(共26层)  | 板楼,http://image1.ljcdn.com/110000-inspection/pc1_Y23mPGler_1.jpg.296x216.jpg
20201223,青浦,赵巷,经典一房朝南户型，各种配套齐全，近地铁,230万,1室1厅 | 62.86平米 | 南 | 毛坯 | 低楼层(共18层) | 2015年建 | 板楼,http://image1.ljcdn.com/310000-inspection/pc1_TWJQ91Kch_1.jpg.296x216.jpg
20201223,青浦,赵巷,景观楼层 正气一房 业主诚意出售 看房方便,134万,1室1厅 | 51.96平米 | 南 | 毛坯 | 高楼层(共18层)  | 塔楼,http://image1.ljcdn.com/110000-inspection/pc1_OjTUv1UAT_1.jpg.296x216.jpg
20201223,青浦,赵巷,壹品世家优质两房，价格低，户型好，诚意出售,235万,2室1厅 | 61.67平米 | 南 | 精装 | 低楼层(共23层)  | 板楼,http://image1.ljcdn.com/110000-inspection/pc1_mwXT7sIaj_1.jpg.296x216.jpg
20201223,青浦,赵巷,秀涓路46弄 1室1厅 南房主自荐,140万,1室1厅 | 52.37平米 | 南 | 精装 | 低楼层(共18层)  | 塔楼,http://image1.ljcdn.com/110000-inspection/pc1_2bCVRvnNo_1.jpg.296x216.jpg
20201223,青浦,赵巷,泰禾中间楼层两房，空调加地暖，好户型,318万,2室2厅 | 80平米 | 南 | 精装 | 低楼层(共18层)  | 板楼,http://image1.ljcdn.com/110000-inspection/pc1_75rfDYurR_1.jpg.296x216.jpg
20201223,青浦,赵巷,房型正气，面积大，业主诚售，看房方便房主自荐,348万,2室2厅 | 89.96平米 | 南 北 | 精装 | 中楼层(共4层) | 2010年建 | 板楼,http://image1.ljcdn.com/310000-inspection/pc1_KQrJNJRqC_1.jpg.296x216.jpg
20201223,青浦,赵巷,万科有山，品质房，精装修，楼层高，采光好,355万,2室2厅 | 76平米 | 南 | 精装 | 高楼层(共6层)  | 板楼,http://image1.ljcdn.com/110000-inspection/pc1_TucDDOZGq_1.jpg.296x216.jpg
20201223,青浦,赵巷,中间套 飞机户型 房型正气  出行买菜购物都方便,191万,2室2厅 | 79.28平米 | 南 | 毛坯 | 低楼层(共18层)  | 暂无数据,http://image1.ljcdn.com/110000-inspection/pc1_IbP8WjnI7_1.jpg.296x216.jpg
20201223,青浦,赵巷,此房税少，总价低，采光无遮挡，舒适度高,205万,2室2厅 | 69.09平米 | 南 | 毛坯 | 低楼层(共18层)  | 板楼,http://image1.ljcdn.com/110000-inspection/pc1_mV3sbtvWQ_1.jpg.296x216.jpg
20201223,青浦,赵巷,价格低        业主诚心出售,159万,2室1厅 | 69平米 | 南 | 毛坯 | 低楼层(共18层)  | 板楼,http://image1.ljcdn.com/110000-inspection/pc1_jxiwR1SIY_1.jpg.296x216.jpg
20201223,青浦,赵巷,昱华苑 1室1厅 南,178万,1室1厅 | 56.63平米 | 南 | 毛坯 | 高楼层(共18层)  | 板楼,http://image1.ljcdn.com/110000-inspection/pc1_6EXnaeeAH_1.jpg.296x216.jpg
20201223,青浦,赵巷,方正户型，中间位置，户型好，环境佳,201万,2室1厅 | 80.47平米 | 南 | 毛坯 | 低楼层(共18层)  | 板楼,http://image1.ljcdn.com/110000-inspection/pc1_JERBAyn2b_1.jpg.296x216.jpg
20201223,青浦,赵巷,南边前排无遮挡视野好，景观楼层,198万,2室1厅 | 80平米 | 南 | 毛坯 | 中楼层(共18层)  | 板楼,http://image1.ljcdn.com/110000-inspection/pc1_z7AmYJY8o_1.jpg.296x216.jpg
20201223,青浦,赵巷,精装未入住过，高楼层视野好，1改2,160万,1室1厅 | 52平米 | 南 | 精装 | 高楼层(共17层)  | 板楼,http://image1.ljcdn.com/110000-inspection/pc1_qFMqCbhpe_1.jpg.296x216.jpg
20201223,青浦,赵巷,一手动迁房，税费低，业主诚售，看房随时,138万,1室1厅 | 52平米 | 南 | 毛坯 | 低楼层(共18层)  | 塔楼,http://image1.ljcdn.com/110000-inspection/pc1_VdQcp73qD_1.jpg.296x216.jpg
20201223,青浦,赵巷,龙湖滟澜山(公寓) 2室1厅 南 北,340万,2室1厅 | 88.1平米 | 南 北 | 毛坯 | 中楼层(共4层) | 2010年建 | 板楼,http://image1.ljcdn.com/110000-inspection/pc1_Hxbj6Wuk8_2.jpg.296x216.jpg
20201223,青浦,赵巷,别墅社区 双阳台 东边套 自住精装修俩房,350万,2室1厅 | 86.86平米 | 南 | 精装 | 中楼层(共4层) | 2010年建 | 板楼,http://image1.ljcdn.com/110000-inspection/pc1_t8dRH5wdc_1.jpg.296x216.jpg
20201223,青浦,赵巷,金地佘山天境(公寓) 4室1厅 南,790万,4室1厅 | 144平米 | 南 | 精装 | 低楼层(共7层)  | 板楼,http://image1.ljcdn.com/110000-inspection/pc1_FmybIPMF4_1.jpg.296x216.jpg
20201223,青浦,赵巷,诚心出售，品质商品房，性价，比高，出行便利。,365万,3室1厅 | 90.02平米 | 南 | 精装 | 低楼层(共18层) | 2015年建 | 板楼,http://image1.ljcdn.com/110000-inspection/pc1_nTqTGZWjm_1.jpg.296x216.jpg
20201223,青浦,赵巷,看房随时，精装修！业主诚心出售！,214万,1室1厅 | 62.74平米 | 南 | 精装 | 低楼层(共15层) | 2015年建 | 板楼,http://image1.ljcdn.com/110000-inspection/pc1_Nb8xgPUOK_1.jpg.296x216.jpg
20201223,青浦,赵巷,龙湖公寓 人车分流 有会所 70%绿化,310万,2室1厅 | 85.1平米 | 南 北 | 毛坯 | 中楼层(共4层) | 2010年建 | 板楼,http://image1.ljcdn.com/110000-inspection/pc1_MVJOaJXHM_1.jpg.296x216.jpg
20201223,青浦,赵巷,高档小区边套，空调地暖具备，南北通精装修可直接入住,325万,3室2厅 | 92.35平米 | 南 | 精装 | 低楼层(共18层)  | 板楼,http://image1.ljcdn.com/110000-inspection/pc1_ccZV2p9m3_1.jpg.296x216.jpg
20201223,青浦,赵巷,一手动迁   税少  精装修   小区中间位置,441万,3室1厅 | 133.85平米 | 南 | 精装 | 低楼层(共14层) | 2014年建 | 板楼,http://image1.ljcdn.com/310000-inspection/75af06d6-e5fe-45b1-b2dc-6c98b0a8fd39.jpg.296x216.jpg
20201223,青浦,赵巷,李嘉诚类独栋别墅 有天有地  带室内电梯井 四面采光,960万,4室2厅 | 376平米 | 南 | 毛坯 | 下叠(共3层) | 2015年建 | 板楼 | 暂无数据别墅,http://image1.ljcdn.com/shfdfs-image/20170913/5115f9ee-0069-4768-9dbd-30fc891f6110.jpg.296x216.jpg
20201223,青浦,赵巷,高品质小区   无框架结构  改动性大,300万,2室1厅 | 82.94平米 | 南 | 毛坯 | 中楼层(共4层) | 2010年建 | 板楼,http://image1.ljcdn.com/310000-inspection/43475424-1448-4991-9dbc-2fd2c9d12e87.JPG.296x216.jpg
20201223,青浦,赵巷,泷湾大户型别墅  毛坯，改造空间大，诚意出售,1400万,5室3厅 | 515.41平米 | 南 | 毛坯 | 1层 | 2016年建 | 板楼 | 联排别墅,http://image1.ljcdn.com/310000-inspection/0c8b84de-4b09-4446-977c-5666cb3ec448.JPG.296x216.jpg
20201223,青浦,赵巷,大花园200平米+税费少+随时看房！！！,990万,4室2厅 | 287.25平米 | 南 | 毛坯 | 3层 | 2007年建 | 板楼 | 独栋别墅,http://image1.ljcdn.com/shfdfs-image/20171103/f81422b9-0b09-43cd-93ee-85f10cecc225.jpg.296x216.jpg
20201223,青浦,赵巷,空置房屋，诚意出售，可接受置换，3年新装修，花园大,2500万,5室3厅 | 508.81平米 | 南 | 精装 | 2层 | 2005年建 | 板楼 | 独栋别墅,http://image1.ljcdn.com/310000-inspection/bb16e3e9-a35f-4117-9713-4c14736a86f8.JPG.296x216.jpg
20201223,青浦,赵巷,大虹桥别墅+宋庆龄+顶楼带露天泳池+优美风光一览无余,2000万,4室2厅 | 371.18平米 | 南 | 精装 | 高楼层(共7层) | 2012年建 | 板楼,http://image1.ljcdn.com/310000-inspection/cd1c29b1-3078-4608-a104-b7d25d5286af.JPG.296x216.jpg
20201223,青浦,赵巷,步行宋*龄 协* 绿地海珀精装   双层地下 带室内电梯,1790万,4室2厅 | 374平米 | 南 | 精装 | 低楼层(共3层) | 2016年建 | 板楼,http://image1.ljcdn.com/110000-inspection/463fdbb8f1754efee3802f1d909de6b2-069.jpg.296x216.jpg
20201223,青浦,赵巷,500米协和  6层精装电梯洋房  南北通,348万,2室1厅 | 76平米 | 南 | 精装 | 低楼层(共6层) | 2013年建 | 板楼,http://image1.ljcdn.com/310000-inspection/d5b6c03c-5da8-4298-956b-a7635d90d634.jpg.296x216.jpg
20201223,青浦,赵巷,类独栋小区，李嘉诚开发。享受品质生活,888万,4室3厅 | 376平米 | 南 | 毛坯 | 1层 | 2016年建 | 板楼 | 联排别墅,http://image1.ljcdn.com/310000-inspection/602e21bf-09ef-454a-bc3f-e7de7533f31a.JPG.296x216.jpg
20201223,青浦,赵巷,绿地海珀+全明边套+*阁楼和地下室+精装满二+从未入住,935万,5室2厅 | 184.05平米 | 南 | 精装 | 中楼层(共5层) | 2015年建 | 板楼,http://image1.ljcdn.com/110000-inspection/87a5af4f0205a55843cd948ef1e47482-007.jpg.296x216.jpg
20201223,青浦,赵巷,边套上叠 高品质居住社区 业主诚意出售,650万,3室2厅 | 114平米 | 南 北 | 精装 | 上叠(共4层) | 2019年建 | 板楼 | 叠拼别墅,http://image1.ljcdn.com/310000-inspection/7282e1f2-7e95-4413-ba13-b4b5ec1b9326.JPG.296x216.jpg
20201223,青浦,赵巷,李嘉诚旗下+类独栋别墅+电梯井+次新房+满二年,1250万,4室2厅 | 415平米 | 南 | 毛坯 | 3层 | 2015年建 | 板楼 | 联排别墅,http://image1.ljcdn.com/110000-inspection/04b8108ee8cbd903b5e8bc097f702bbb-045.jpg.296x216.jpg
20201223,青浦,赵巷,精装修精致户型，业主诚意出售。税费低！,2000万,4室2厅 | 294.48平米 | 东 | 精装 | 2层 | 2005年建 | 板楼 | 独栋别墅,http://image1.ljcdn.com/310000-inspection/a29a6e29-eb6c-4243-bde7-caac52fe2b84.JPG.296x216.jpg
20201223,青浦,赵巷,临大河，位置好，类独栋，双车库，带电梯井，采光好,1500万,4室2厅 | 460.41平米 | 南 | 毛坯 | 3层 | 2015年建 | 板楼 | 联排别墅,http://image1.ljcdn.com/310000-inspection/2145ccd4-31c5-45f9-9f85-eb57be048433.JPG.296x216.jpg
20201223,青浦,赵巷,大虹桥别墅区 类独栋使用面积大,950万,4室2厅 | 376平米 | 南 | 毛坯 | 1层 | 2015年建 | 板楼 | 联排别墅,http://image1.ljcdn.com/310000-inspection/705b7a8f-a238-493e-a641-df98406cfcf4.jpg.296x216.jpg
20201223,青浦,赵巷,大虹桥别墅+大户型别墅边套+五百平大花园,2450万,5室2厅 | 497.64平米 | 南 | 精装 | 低楼层(共3层)  | 板楼,http://image1.ljcdn.com/110000-inspection/2c118203457f9f825c87e950632cc8eb-030.jpg.296x216.jpg
20201223,青浦,赵巷,大虹桥别墅+近协和+类独栋别墅+小区带电梯井+人车分流,1250万,4室2厅 | 415平米 | 南 | 毛坯 | 1层 | 2015年建 | 板楼 | 联排别墅,http://image1.ljcdn.com/310000-inspection/64c03a93-5f04-4121-a216-01d01f55ccde.JPG.296x216.jpg
20201223,青浦,赵巷,品质小区+人车分流+教育资源丰富,1750万,5室2厅 | 458.17平米 | 南 | 精装 | 低楼层(共1层) | 2015年建 | 板楼,http://image1.ljcdn.com/110000-inspection/fb192baf0ac05ade1ec2a0218ac73575-018.jpg.296x216.jpg
20201223,青浦,赵巷,香水湾，纯独栋小区，样板房同户型，业主诚意出售。,3000万,5室2厅 | 777.81平米 | 南 | 毛坯 | 低楼层(共2层) | 2012年建 | 板楼,http://image1.ljcdn.com/310000-inspection/6d2564cd-3d48-4d04-b242-e686fd38fac9.JPG.296x216.jpg
20201223,青浦,赵巷,满五年唯一+精装独栋+占地3亩+恒联楼汪+南临大湖,4280万,5室3厅 | 804.43平米 | 南 | 精装 | 2层 | 2005年建 | 板楼 | 独栋别墅,http://image1.ljcdn.com/310000-inspection/0d070571-5038-45ee-971f-4baf2a5afeb0.JPG.296x216.jpg
20201223,青浦,赵巷,宋庆龄+协和双拼东边套  大花园 精装修 诚意出售,1400万,4室2厅 | 358.23平米 | 南 | 精装 | 3层 | 2013年建 | 板楼 | 双拼别墅,http://image1.ljcdn.com/310000-inspection/f5540329-814f-4916-9178-6ba1a4a11662.jpg.296x216.jpg
20201223,青浦,赵巷,大虹桥别墅+临大河的类独栋+大户型+视野好+采光好,1390万,4室2厅 | 460平米 | 南 | 毛坯 | 3层 | 2015年建 | 板楼 | 联排别墅,http://image1.ljcdn.com/110000-inspection/pc1_F73fDSPMd_1.jpg.296x216.jpg
20201223,青浦,赵巷,品质装修，双卧朝南，格局分明，居住舒适,360万,3室1厅 | 86.93平米 | 南 北 | 精装 | 中楼层(共4层) | 2010年建 | 板楼,http://image1.ljcdn.com/110000-inspection/pc1_fxmdQM5AA_2.jpg.296x216.jpg
20201223,青浦,赵巷,崧文苑精装两房，单价低，看房方便,245万,2室1厅 | 80.6平米 | 南 | 精装 | 低楼层(共18层) | 2014年建 | 板楼,
20201223,青浦,赵巷,纯边套无di两房，此房只应天上有，人间难得几回留,212万,2室1厅 | 77.56平米 | 南 | 毛坯 | 低楼层(共18层)  | 板楼,
20201223,青浦,赵巷,顶呱呱一房，远眺佘山，给你一个温暖的家,165万,1室1厅 | 52.01平米 | 南 | 毛坯 | 高楼层(共18层) | 2014年建 | 塔楼,
20201223,青浦,赵巷,楼层好，视野开阔，沿河景观房，边套可设置成三房,323万,3室2厅 | 85.36平米 | 南 | 毛坯 | 中楼层(共4层) | 2010年建 | 板楼,http://image1.ljcdn.com/x-se/hdic-frame/b64834b9-2559-4011-b643-e3de9fd8ec5e.png.296x216.jpg
20201223,青浦,赵巷,两室一厅，小区环境好绿化好，宜居,215万,2室1厅 | 69.2平米 | 南 | 毛坯 | 低楼层(共16层)  | 板楼,
20201223,青浦,赵巷,崧泽华城和瑞西苑 2室1厅 南,171万,2室1厅 | 69.84平米 | 南 | 毛坯 | 低楼层(共18层) | 2014年建 | 板楼,
20201223,青浦,赵巷,金地佘山天境(公寓) 4室2厅 南,1300万,4室2厅 | 265.96平米 | 南 | 精装 | 高楼层(共7层) | 2012年建 | 板楼,
20201223,青浦,赵巷,崧泽华城华中苑 2室1厅 南 北,193万,2室1厅 | 80.23平米 | 南 北 | 毛坯 | 低楼层(共18层)  | 板楼,
20201223,青浦,赵巷,店长推荐：金地大花园平墅，私家花园，享受品质生活,1580万,5室2厅 | 398平米 | 南 | 精装 | 低楼层(共8层) | 2015年建 | 板楼,http://image1.ljcdn.com/310000-inspection/b73edb08-17bb-4e61-abc7-4f4226c632a5.jpg.296x216.jpg
20201223,青浦,赵巷,大虹桥别墅+类独栋+边套户型+视野好+自住装修+保养好,1400万,4室3厅 | 418.64平米 | 南 | 精装 | 3层 | 2015年建 | 板楼 | 独栋别墅,http://image1.ljcdn.com/310000-inspection/5cd6ce7b-a543-46fa-9ede-1029af7a0f76.JPG.296x216.jpg
20201223,青浦,赵巷,实用面积大+装修保养情况好+业主诚心出售,2380万,4室2厅 | 483.67平米 | 南 | 精装 | 低楼层(共7层) | 2015年建 | 板楼,http://image1.ljcdn.com/310000-inspection/a0b63eb1-e6f6-42c3-a3f8-5ba8266b6f0a.JPG.296x216.jpg
20201223,青浦,赵巷,绿地海珀+宋庆龄+协和+精装修边套+室内电梯,1850万,4室2厅 | 374.5平米 | 南 | 精装 | 低楼层(共3层) | 2016年建 | 板楼,http://image1.ljcdn.com/310000-inspection/dc1647d8-430b-4756-8c95-05a96640a09d.JPG.296x216.jpg
20201223,青浦,赵巷,品质小区 占地1100多平 开发商样板房 诚意出售,2800万,5室2厅 | 574.58平米 | 南 | 精装 | 2层 | 2009年建 | 板楼 | 独栋别墅,http://image1.ljcdn.com/310000-inspection/f768078f-73d1-4d11-a38d-088796726a53.JPG.296x216.jpg
20201223,青浦,赵巷,大虹桥区+赵巷别墅区+品质小区+联排边套+新装修,1560万,4室2厅 | 370.2平米 | 南 | 精装 | 3层 | 2011年建 | 板楼 | 联排别墅,
20201223,青浦,赵巷,崧泽华城逸泰雅苑（二期）房源点评,167万,1室1厅 | 52.36平米 | 南 | 简装 | 低楼层(共18层) | 2014年建 | 板楼,
20201223,青浦,赵巷,业主诚心出售总价低采光好一手动迁税少，次新电梯房,220万,2室1厅 | 77.8平米 | 南 | 毛坯 | 低楼层(共18层) | 2014年建 | 板楼,
20201223,青浦,赵巷,恒联名人世家，明星做邻居，拎包入住，内设有游泳池,3000万,5室4厅 | 437.71平米 | 南 | 精装 | 2层 | 2005年建 | 板楼 | 独栋别墅,
20201223,青浦,赵巷,大平方，位置好，靠进修，近宝龙地铁房主自荐,412万,3室2厅 | 124.62平米 | 南 | 简装 | 低楼层(共18层) | 2015年建 | 板楼,
20201223,青浦,赵巷,秀景苑正气一房，楼层好，税费少,220万,1室1厅 | 62.86平米 | 南 | 简装 | 中楼层(共18层) | 2015年建 | 板楼,http://image1.ljcdn.com/x-se/hdic-frame/eeea3bcb-6013-4300-8f64-fb53b170ba9d.png.296x216.jpg
20201223,青浦,赵巷,别墅社区 少有户型 采光视野好 临湖,310万,2室1厅 | 86.33平米 | 南 北 | 简装 | 中楼层(共4层) | 2010年建 | 板楼,http://image1.ljcdn.com/x-se/hdic-frame/test-d980c1ff-a784-4ab9-b34c-cb2c1cd41b41.png.296x216.jpg
20201223,青浦,赵巷,业主诚意出售，独栋别墅，体验家的感觉。,2300万,4室3厅 | 308.42平米 | 南 | 毛坯 | 2层 | 2007年建 | 板楼 | 独栋别墅,http://image1.ljcdn.com/110000-inspection/pc1_ZnOvbuDr0_1.jpg.296x216.jpg
20201223,青浦,赵巷,大虹桥别墅区+类独栋别墅+精装修好房源,1350万,4室2厅 | 391平米 | 南 | 精装 | 1层  | 板楼 | 联排别墅,http://image1.ljcdn.com/110000-inspection/pc1_ncXSVnHFN_1.jpg.296x216.jpg
20201223,青浦,赵巷,大虹桥别墅区 遥知不是雪 为有暗香来！,1950万,4室2厅 | 374平米 | 南 | 精装 | 低楼层(共3层)  | 板楼,http://image1.ljcdn.com/110000-inspection/pc1_EgWgjtXgK_1.jpg.296x216.jpg
20201223,青浦,赵巷,鑫苑壹品世家 3室1厅 南,370万,3室1厅 | 88.46平米 | 南 | 精装 | 中楼层(共23层)  | 板楼,http://image1.ljcdn.com/110000-inspection/pc1_YtsGcbgql_1.jpg.296x216.jpg
20201223,青浦,赵巷,崧文苑 3室2厅 东,375万,3室2厅 | 111.35平米 | 东 | 精装 | 中楼层(共18层) | 2014年建 | 板楼,http://image1.ljcdn.com/110000-inspection/pc1_iE1exmIFA_1.jpg.296x216.jpg
20201223,青浦,赵巷,精装中间套 位置好楼层优越 二十万精装,233万,2室1厅 | 80.86平米 | 南 | 精装 | 低楼层(共18层) | 2014年建 | 板楼,http://image1.ljcdn.com/110000-inspection/pc1_vxFdmkvd1_1.jpg.296x216.jpg
20201223,青浦,赵巷,楼层好，房间通透，采光好，诚意出售,340万,3室2厅 | 101.42平米 | 南 | 简装 | 中楼层(共18层) | 2014年建 | 板楼,http://image1.ljcdn.com/110000-inspection/pc1_NXhqq49qM_1.jpg.296x216.jpg
20201223,青浦,赵巷,泷湾苑 5室2厅 南,1370万,5室2厅 | 376平米 | 南 | 精装 | 1层 | 2015年建 | 板楼 | 联排别墅,http://image1.ljcdn.com/110000-inspection/pc1_TRrixrVmK_1.jpg.296x216.jpg
20201223,青浦,赵巷,臻水岸苑 4室2厅 南,1518万,4室2厅 | 416平米 | 南 | 毛坯 | 1层 | 2015年建 | 板楼 | 联排别墅,http://image1.ljcdn.com/110000-inspection/pc1_bEpoQHhMw_1.jpg.296x216.jpg
20201223,青浦,赵巷,金地临河大平墅+游艇码头+日式茶室+环形花园,3300万,6室8厅 | 588平米 | 南 | 精装 | 低楼层(共5层) | 2012年建 | 板楼,http://image1.ljcdn.com/110000-inspection/pc1_KFotmjxpT_1.jpg.296x216.jpg
20201223,青浦,赵巷,融信铂湾 3室2厅 南 北新上,820万,3室2厅 | 157.73平米 | 南 北 | 其他 | 低楼层(共3层)  | 板楼,http://image1.ljcdn.com/110000-inspection/pc1_rrmQ9O0GP_1.jpg.296x216.jpg
20201223,青浦,赵巷,泰禾红桥 3室1厅 南,335万,3室1厅 | 90.34平米 | 南 | 精装 | 中楼层(共18层)  | 板楼,http://image1.ljcdn.com/310000-inspection/prod-b72d86ed-4ff4-4f12-a997-f8dce3f781ee.jpg.296x216.jpg
20201223,青浦,赵巷,金地佘山天境(公寓) 3室2厅 南,660万,3室2厅 | 120平米 | 南 | 其他 | 高楼层(共4层) | 2017年建 | 板楼,http://image1.ljcdn.com/110000-inspection/pc1_bO3MRX5ko_1.jpg.296x216.jpg
20201223,青浦,赵巷,满2年，新装修，格局方正户型佳，四开间朝南采光好,1000万,4室1厅 | 204.59平米 | 西 | 精装 | 低楼层(共8层) | 2015年建 | 板楼,http://image1.ljcdn.com/110000-inspection/pc1_CAKQv6xJX_1.jpg.296x216.jpg
20201223,青浦,赵巷,空调+地暖，三开间朝南，视野开阔无遮挡,360万,2室1厅 | 77.35平米 | 南 | 精装 | 中楼层(共17层)  | 暂无数据,http://image1.ljcdn.com/110000-inspection/pc1_UbmVrRGSy_1.jpg.296x216.jpg
20201223,青浦,赵巷,2018竣工次新房，德系精装，空调地暖，景观楼层,350万,2室2厅 | 77.35平米 | 南 | 精装 | 高楼层(共17层)  | 暂无数据,http://image1.ljcdn.com/110000-inspection/pc1_WWYV0Hgkv_1.jpg.296x216.jpg
20201223,青浦,赵巷,精装观景房，楼层好，户型方正，业主诚意出售,350万,2室1厅 | 77.31平米 | 南 | 精装 | 中楼层(共18层)  | 暂无数据,http://image1.ljcdn.com/110000-inspection/pc1_m0Baw8Kpe_1.jpg.296x216.jpg
20201223,青浦,赵巷,崧泽华城青湖苑 2室1厅 南,265万,2室1厅 | 82平米 | 南 | 简装 | 低楼层(共18层) | 2014年建 | 板楼,http://image1.ljcdn.com/110000-inspection/pc1_LEyo9cNP0_1.jpg.296x216.jpg
20201223,青浦,赵巷,精装修，已改两房，楼层好，视野无遮挡,153万,1室1厅 | 51.96平米 | 南 北 | 精装 | 高楼层(共18层)  | 塔楼,http://image1.ljcdn.com/110000-inspection/pc1_o1fEYKNPv_1.jpg.296x216.jpg
20201223,青浦,赵巷,2014次新房小区，精装修中间套。,222万,2室1厅 | 81.07平米 | 南 | 精装 | 低楼层(共18层) | 2014年建 | 板楼,http://image1.ljcdn.com/110000-inspection/pc1_o4mYiG8Kg_1.jpg.296x216.jpg
20201223,青浦,赵巷,龙湖公寓 人车分流 绿化70%,310万,2室1厅 | 87.53平米 | 南 北 | 简装 | 中楼层(共4层) | 2010年建 | 板楼,http://image1.ljcdn.com/110000-inspection/pc1_qEi2DojPL_2.jpg.296x216.jpg
20201223,青浦,赵巷,大虹桥别墅区 碧玉妆成一树高 万条垂下绿丝绦！,1200万,4室2厅 | 228.41平米 | 南 | 精装 | 高楼层(共7层) | 2012年建 | 板楼,http://image1.ljcdn.com/310000-inspection/pc1_6C3PSO4sw_1.jpg.296x216.jpg
20201223,青浦,赵巷,南花园，小区正中位置，业主诚意出售，方便看房！,1280万,5室2厅 | 285平米 | 南 | 精装 | 3层 | 2007年建 | 板楼 | 联排别墅,http://image1.ljcdn.com/110000-inspection/pc1_yhIy3xc9H_1.jpg.296x216.jpg
20201223,青浦,赵巷,青湖轩 2室2厅 南,295万,2室2厅 | 90平米 | 南 | 精装 | 低楼层(共16层) | 2013年建 | 板楼,http://image1.ljcdn.com/110000-inspection/pc1_Dq0ohOlGt_1.jpg.296x216.jpg
20201223,青浦,赵巷,地中海风格，圣安一期超大下沉式庭院，占地1000平，,2600万,4室3厅 | 739平米 | 南 | 毛坯 | 2层 | 2009年建 | 板楼 | 独栋别墅,http://image1.ljcdn.com/shfdfs-image/20160608/5c948e7e-f1d6-4c62-b195-793c61b06087.jpg.296x216.jpg
20201223,青浦,赵巷,一期下沉式庭院，大户型诚意出售！看房随时,2750万,7室5厅 | 735平米 | 南 | 毛坯 | 2层 | 2009年建 | 板楼 | 独栋别墅,http://image1.ljcdn.com/shfdfs-image/20151201/b074fe33-6a73-478e-8518-ead7cd8ae0e8.jpg.296x216.jpg
20201223,青浦,赵巷,坐拥50米淀浦河景及绿化带 带电梯井 产证满二年,1600万,5室2厅 | 460.41平米 | 南 | 毛坯 | 3层 | 2015年建 | 板楼 | 联排别墅,http://image1.ljcdn.com/110000-inspection/b3c14cf75f86c874726163a9ed78b0e9-006.jpg.296x216.jpg
20201223,青浦,赵巷,圣安一期下沉式花园+意大利石材外立面+南进门+北临河,3200万,6室3厅 | 764.58平米 | 南 | 简装 | 2层 | 2009年建 | 板楼 | 独栋别墅,http://image1.ljcdn.com/110000-inspection/05f83225ce4bea2947799f11a3b7c27d-090.jpg.296x216.jpg
20201223,青浦,赵巷,百年一遇！不靠高压！高楼层！而且还是边套两房？对！新上,235万,2室1厅 | 69.84平米 | 南 | 毛坯 | 中楼层(共18层)  | 板楼,
20201223,青浦,赵巷,青湖轩 2室2厅 南新上,306万,2室2厅 | 89.08平米 | 南 | 精装 | 高楼层(共18层) | 2013年建 | 板楼,
20201223,青浦,赵巷,崧泽华城秀景苑 3室1厅 南新上,298万,3室1厅 | 79.94平米 | 南 | 简装 | 低楼层(共11层) | 2014年建 | 板楼,http://image1.ljcdn.com/x-se/hdic-frame/416ace56-9ea3-4414-abd9-e80b83250784.png.296x216.jpg
20201223,青浦,赵巷,金地佘山天境(公寓) 5室3厅 南,3080万,5室3厅 | 499.87平米 | 南 | 精装 | 高楼层(共6层) | 2012年建 | 板楼,http://image1.ljcdn.com/110000-inspection/4f8a6ba3032a4f3618eae5916db709e0-084.jpg.296x216.jpg
20201223,青浦,赵巷,大虹桥别墅+临大河的类独栋+大户型+视野好+采光好,1600万,4室2厅 | 470平米 | 南 | 毛坯 | 3层 | 2015年建 | 板楼 | 联排别墅,http://image1.ljcdn.com/110000-inspection/be4be6457ca24a79514b7274447103cf-039.jpg.296x216.jpg
20201223,青浦,赵巷,宝龙城市广场(青浦) 1室1厅 北,110万,1室1厅 | 42.45平米 | 北 | 其他 | 高楼层(共16层)  | 塔楼,http://image1.ljcdn.com/x-se/hdic-frame/prod-b846db4a-558f-4ac5-9e59-d7064818a648.png.296x216.jpg
20201223,青浦,赵巷,赵巷别墅区高档小区，海珀次新房，人车分流，双层地下,1800万,4室2厅 | 374.38平米 | 南 | 精装 | 低楼层(共3层)  | 板楼,http://image1.ljcdn.com/310000-inspection/a36c987a-d106-4a3f-9a72-da11374203b7.JPG.296x216.jpg
20201223,青浦,赵巷,崧雅路77弄 4室2厅 南,397万,4室2厅 | 158.8平米 | 南 | 其他 | 中楼层(共13层)  | 板楼,http://image1.ljcdn.com/shfdfs-image/20180111/7ef4ca84-70ac-4c3c-9022-2c73fe72ceb9.jpg.296x216.jpg
20201223,青浦,赵巷,保利建工西郊锦庐 3室2厅 南新上,820万,3室2厅 | 166.36平米 | 南 | 精装 | 低楼层(共3层)  | 板楼,
20201223,青浦,赵巷,环境好,房型正,人群素质高,请您看完这套房子再做决定!新上,790万,4室1厅 | 141.75平米 | 南 | 精装 | 中楼层(共7层)  | 板楼,
20201223,青浦,赵巷,宝龙城市广场(青浦) 3室2厅 南,190万,3室2厅 | 64.81平米 | 南 | 精装 | 中楼层(共8层)  | 暂无数据,
20201223,青浦,赵巷,昱华苑 2室1厅 南,290万,2室1厅 | 87.2平米 | 南 | 毛坯 | 低楼层(共20层)  | 板楼,
20201223,青浦,赵巷,金地佘山天境(公寓) 4室2厅 南,770万,4室2厅 | 127.99平米 | 南 | 精装 | 中楼层(共4层)  | 板楼,http://image1.ljcdn.com/x-se/hdic-frame/5463FC72C34748F5867495E62E90AE22___8b4917866a09373d671c06826041c7cc.jpg.296x216.jpg
20201223,青浦,赵巷,融信铂湾 4室2厅 南,820万,4室2厅 | 176平米 | 南 | 其他 | 低楼层(共4层) | 2001年建 | 板楼,http://image1.ljcdn.com/310000-inspection/146c98a4-9a5a-4730-b8d5-004c3a773a25.jpg.296x216.jpg
20201223,青浦,赵巷,地铁口楼上，精装修，业主诚意卖,104万,2室1厅 | 40.5平米 | 南 北 | 简装 | 中楼层(共8层)  | 暂无数据,
20201223,青浦,赵巷,宝龙城市广场(青浦) 3房间1卫 120万,120万,2室1厅 | 41平米 | 北 | 精装 | 中楼层(共8层)  | 暂无数据,
20201223,青浦,赵巷,融信铂湾 4室2厅 南,1150万,4室2厅 | 302.12平米 | 南 | 精装 | 低楼层(共3层)  | 板楼,http://image1.ljcdn.com/110000-inspection/ea3f5cc3-c1d9-4d98-9132-98805a07b419.jpeg.296x216.jpg
20201223,青浦,赵巷,朝南 朝南  高层采光好 价格便宜  诚意出售,163万,2室1厅 | 67平米 | 南 | 简装 | 高楼层(共8层) | 2017年建 | 暂无数据,
20201223,青浦,赵巷,宝龙公寓，精装修，配套成熟，近地铁，业主诚意出售房主自荐,248万,3室1厅 | 73.63平米 | 东 | 精装 | 高楼层(共8层)  | 板楼,
20201223,青浦,赵巷,保利建工联合打造纯墅区，宋庆龄国际，山姆会员店旁,670万,3室2厅 | 113.86平米 | 南 | 精装 | 低楼层(共3层) | 2019年建 | 板楼,http://image1.ljcdn.com/x-se/hdic-frame/eca7cc0c-cf70-4d37-9ae4-b39489fc194c.jpg.296x216.jpg
20201223,青浦,赵巷,宝龙广场优质房，次顶楼，采光通风好。,130万,2室1厅 | 44平米 | 北 | 简装 | 高楼层(共16层)  | 塔楼,
20201223,青浦,赵巷,崧泉路1185号 3室1厅 东,270万,3室1厅 | 80.32平米 | 东 | 精装 | 中楼层(共8层)  | 板楼,
20201223,青浦,赵巷,宝龙城市广场(青浦) 2房间1卫 180万,180万,1室1厅 | 65平米 | 北 | 其他 | 低楼层(共16层)  | 塔楼,
20201223,青浦,赵巷,宝龙城市广场(青浦) 2室2厅 南,208万,2室2厅 | 70平米 | 南 | 其他 | 低楼层(共16层)  | 塔楼,
20201223,青浦,赵巷,宝龙城市广场(青浦) 2室1厅 南,195万,2室1厅 | 67平米 | 南 | 其他 | 中楼层(共16层)  | 塔楼,
20201223,青浦,赵巷,宝龙广场二期 2室2厅 北,148万,2室2厅 | 47.77平米 | 北 | 毛坯 | 高楼层(共12层)  | 暂无数据,http://image1.ljcdn.com/x-se/hdic-frame/prod-6acafaeb-fdfa-4423-8e86-25e3aea8e1cb.png.296x216.jpg
20201223,青浦,赵巷,宝龙城市广场(青浦) 5房间2卫 198万,198万,3室2厅 | 66.7平米 | 北 | 其他 | 高楼层(共16层)  | 塔楼,
20201223,青浦,赵巷,崧雅路77弄 2室0厅 南,400万,2室0厅 | 146平米 | 南 | 其他 | 低楼层(共13层)  | 板楼,
20201223,青浦,赵巷,宝龙城市广场(青浦) 3室1厅 南 北,165万,3室1厅 | 65平米 | 南 北 | 简装 | 高楼层(共8层)  | 暂无数据,http://image1.ljcdn.com/x-se/hdic-frame/c0fd700e-8b57-4ae9-9325-ccbcdd09826b.jpg.296x216.jpg
20201223,青浦,赵巷,泷湾苑 5室3厅 南,1500万,5室3厅 | 420平米 | 南 | 简装 | 1层 | 2016年建 | 板楼 | 联排别墅,http://image1.ljcdn.com/x-se/hdic-frame/b2796434-c4d8-4c81-a64f-b3d0c41be2f8.jpg.296x216.jpg
20201223,青浦,赵巷,宝龙城市广场(青浦) 2室2厅 北,280万,2室2厅 | 64.81平米 | 北 | 其他 | 中楼层(共8层)  | 暂无数据,
20201223,青浦,赵巷,宝龙城市广场(青浦) 1室1厅 北,105万,1室1厅 | 45平米 | 北 | 其他 | 中楼层(共16层)  | 塔楼,
