20201223,松江,松江老城,万科新上小三房，好位置，中高楼层，诚心出售，随时看必看好房,350万,3室2厅 | 89.23平米 | 南 | 精装 | 中楼层(共11层) | 2013年建 | 板楼,http://image1.ljcdn.com/110000-inspection/pc1_eyucOGJfk_1.jpg.296x216.jpg
20201223,松江,松江老城,此房满五唯一，精装实木家具，带车位，南北户型好必看好房,470万,3室2厅 | 115.08平米 | 南 | 精装 | 中楼层(共11层) | 2013年建 | 板楼,http://image1.ljcdn.com/110000-inspection/pc1_FT0sZviNh_1.jpg.296x216.jpg
20201223,松江,松江老城,精装修拎包入住+满五唯一税费少+有钥匙随时看房必看好房,290万,2室1厅 | 75.72平米 | 南 | 精装 | 高楼层(共6层) | 1995年建 | 板楼,http://image1.ljcdn.com/310000-inspection/pc1_1RXbW3wKH_1.jpg.296x216.jpg
20201223,松江,松江老城,满五唯一飞机大三房 花园洋房带电梯 钥匙看房必看好房,435万,4室1厅 | 126.61平米 | 南 | 精装 | 中楼层(共8层) | 2006年建 | 板楼,http://image1.ljcdn.com/110000-inspection/pc1_6uzQoTheC_1.jpg.296x216.jpg
20201223,松江,松江老城,中间楼层 精装一房保养好拎包可住 看房随时必看好房,218万,2室1厅 | 63.39平米 | 南 | 精装 | 中楼层(共13层) | 2006年建 | 板楼,http://image1.ljcdn.com/110000-inspection/pc1_sdBKJUqFP_1.jpg.296x216.jpg
20201223,松江,松江老城,荣乐小区 中间楼层南北通一房 近九号线 限时抢购必看好房,146万,1室1厅 | 38.95平米 | 南 | 简装 | 中楼层(共6层) | 1986年建 | 板楼,http://image1.ljcdn.com/110000-inspection/pc1_ttStar0cs_1.jpg.296x216.jpg
20201223,松江,松江老城,民乐正三房，带三个阳台，南北直通三房，飞机户型必看好房,360万,4室2厅 | 119.66平米 | 南 | 简装 | 高楼层(共6层) | 1997年建 | 板楼,http://image1.ljcdn.com/110000-inspection/pc1_QQKWKU6xp_1.jpg.296x216.jpg
20201223,松江,松江老城,户型方正小三 /房，满五年唯一，中间位置必看好房,222万,3室1厅 | 65.32平米 | 南 | 简装 | 中楼层(共6层) | 1982年建 | 板楼,http://image1.ljcdn.com/110000-inspection/pc1_k49XkTq1W_1.jpg.296x216.jpg
20201223,松江,松江老城,精装一室户 70年产权民用水电 房主诚售必看好房,107万,1室1厅 | 47.5平米 | 北 | 精装 | 18层 | 2005年建 | 塔楼,http://image1.ljcdn.com/110000-inspection/pc1_YG97Wxgvy_1.jpg.296x216.jpg
20201223,松江,松江老城,小区中间位置，好楼层，装修好，2016年新小区，环境好必看好房,428万,3室1厅 | 117.1平米 | 南 | 毛坯 | 13层 | 2016年建 | 板楼,http://image1.ljcdn.com/310000-inspection/pc1_f5du9Jhdi_1.jpg.296x216.jpg
20201223,松江,松江老城,双南房边套 全明户型 中间楼层 满五唯一必看好房,203万,2室1厅 | 57.68平米 | 南 | 简装 | 中楼层(共6层) | 1986年建 | 板楼,http://image1.ljcdn.com/110000-inspection/963ab1bc-b629-40e1-a7d1-5a91b830b83f_1000.jpg.296x216.jpg
20201223,松江,松江老城,近地铁，采光好，70年产权，朝东必看好房,99万,1室1厅 | 47平米 | 东 | 简装 | 18层 | 2005年建 | 塔楼,http://image1.ljcdn.com/110000-inspection/pc1_V6mb2zpNk_1.jpg.296x216.jpg
20201223,松江,松江老城,维罗纳 满五唯一 带阁楼 诚心出售,205万,1室1厅 | 53.36平米 | 南 | 简装 | 高楼层(共6层) | 2008年建 | 板楼,http://image1.ljcdn.com/110000-inspection/pc1_bqb4MgbpE_1.jpg.296x216.jpg
20201223,松江,松江老城,近家乐福 外经贸飞机户型大三房小区中间位置 满五唯一新上,388万,3室2厅 | 116.54平米 | 南 | 精装 | 中楼层(共6层) | 2006年建 | 板楼,http://image1.ljcdn.com/110000-inspection/pc1_tLgvZyNFH_1.jpg.296x216.jpg
20201223,松江,松江老城,南北通+大院子+诚心出售+位置好，采光充足新上,445万,3室2厅 | 129.12平米 | 南 | 精装 | 低楼层(共6层) | 2006年建 | 板楼,http://image1.ljcdn.com/110000-inspection/pc1_y7ZBsokCS_1.jpg.296x216.jpg
20201223,松江,松江老城,万科3房 小区位置好 边套也比较亮 光线充足,355万,3室2厅 | 89.77平米 | 南 | 精装 | 中楼层(共11层) | 2012年建 | 板楼,http://image1.ljcdn.com/110000-inspection/pc1_Nw8kQw69U_1.jpg.296x216.jpg
20201223,松江,松江老城,维罗纳大三房 通透户型 带花园 诚心卖房主自荐,456万,3室2厅 | 115.19平米 | 南 | 其他 | 低楼层(共8层) | 2007年建 | 板楼,http://image1.ljcdn.com/110000-inspection/c6e47790-378a-4889-8e72-3c1f69bf8b6d_1000.jpg.296x216.jpg
20201223,松江,松江老城,家乐福 园林风格次新房 颐景园大三房 精装修保养好,450万,3室2厅 | 118.98平米 | 南 | 精装 | 13层 | 2015年建 | 板楼,http://image1.ljcdn.com/110000-inspection/pc1_VKdG34jzA_1.jpg.296x216.jpg
20201223,松江,松江老城,一楼带院子，中间位置，税少，九号线，采光良好房主自荐,330万,2室2厅 | 101.54平米 | 南 北 | 简装 | 低楼层(共6层) | 2000年建 | 板楼,http://image1.ljcdn.com/110000-inspection/f9072272-5ad1-414f-8a4a-197dadc91115_1000.jpg.296x216.jpg
20201223,松江,松江老城,2014年竣工，好保养 好配套 装修好拎包入住 满五唯一新上,248万,2室2厅 | 71.68平米 | 南 | 精装 | 低楼层(共14层) | 2014年建 | 板楼,http://image1.ljcdn.com/110000-inspection/pc1_OxT0BSoRc_1.jpg.296x216.jpg
20201223,松江,松江老城,荣乐小区 2室1厅 南新上,185万,2室1厅 | 57.1平米 | 南 | 其他 | 中楼层(共6层) | 1988年建 | 板楼,http://image1.ljcdn.com/110000-inspection/pc1_IbscGw8u6_1.jpg.296x216.jpg
20201223,松江,松江老城,一楼带大院子，户型方正，买进价高税费少，诚意出售房主自荐,368万,3室1厅 | 118.98平米 | 南 | 简装 | 低楼层(共6层) | 2003年建 | 板楼,http://image1.ljcdn.com/110000-inspection/pc1_s3tEhtGjS_1.jpg.296x216.jpg
20201223,松江,松江老城,16年新小区，人车分流，户型好,285万,2室2厅 | 81平米 | 南 北 | 精装 | 13层  | 板楼,http://image1.ljcdn.com/110000-inspection/pc1_65ep3gMhe_1.jpg.296x216.jpg
20201223,松江,松江老城,新理想花园   正两居  业主诚心出售,265万,2室2厅 | 84.08平米 | 南 | 简装 | 高楼层(共6层) | 2006年建 | 板楼,http://image1.ljcdn.com/110000-inspection/pc1_SosmZ6j1E_1.jpg.296x216.jpg
20201223,松江,松江老城,双南夹厅正三房 两卫 楼层佳 位置好 户型正房主自荐,340万,3室2厅 | 109.06平米 | 南 | 简装 | 中楼层(共6层) | 1995年建 | 板楼,http://image1.ljcdn.com/110000-inspection/pc1_qEcfEvu2q_1.jpg.296x216.jpg
20201223,松江,松江老城,精装修南北房 户型方正  看房方便 诚意急售,235万,2室2厅 | 76.02平米 | 南 | 精装 | 高楼层(共6层) | 1982年建 | 板楼,http://image1.ljcdn.com/110000-inspection/d5049a17-b35d-49a9-b019-b19dfaf62d6d_1000.jpg.296x216.jpg
20201223,松江,松江老城,荣乐双南房 满五唯一 采光好 全明户型 居家装修手慢无,218万,2室1厅 | 63.26平米 | 南 | 精装 | 高楼层(共6层) | 1994年建 | 板楼,http://image1.ljcdn.com/110000-inspection/pc1_bPVnJzBfW_1.jpg.296x216.jpg
20201223,松江,松江老城,大卖丨精装复式，真正的空中别墅,398万,3室2厅 | 102.24平米 | 南 | 精装 | 高楼层(共5层) | 2006年建 | 板楼,http://image1.ljcdn.com/110000-inspection/pc1_uDYKHUBDK_1.jpg.296x216.jpg
20201223,松江,松江老城,电梯大三房，边套全明，wai经贸，总价低,450万,3室2厅 | 148.58平米 | 南 | 简装 | 高楼层(共10层) | 2006年建 | 板楼,http://image1.ljcdn.com/110000-inspection/pc1_w5NsMtyvb_1.jpg.296x216.jpg
20201223,松江,松江老城,华亭新家苑一房 外经贸 总价低 小户型 位置楼层俱佳,189万,1室1厅 | 56.3平米 | 东 | 毛坯 | 中楼层(共6层) | 2006年建 | 板楼,http://image1.ljcdn.com/310000-inspection/pc1_IwYf3je8L_1.jpg.296x216.jpg
20201223,松江,松江老城,不双南夹厅的正三房，位置好不靠路，满五唯一，双阳台新上,350万,3室2厅 | 106.68平米 | 南 | 简装 | 高楼层(共6层) | 1997年建 | 板楼,http://image1.ljcdn.com/110000-inspection/pc1_AqLP7qGMb_1.jpg.296x216.jpg
20201223,松江,松江老城,荣乐小区 3室2厅 南新上,365万,3室2厅 | 108.56平米 | 南 | 精装 | 中楼层(共6层) | 1999年建 | 板楼,http://image1.ljcdn.com/110000-inspection/pc1_MVcnNOyDg_1.jpg.296x216.jpg
20201223,松江,松江老城,松江颐景园(公寓) 3室2厅 南 北新上,360万,3室2厅 | 91.28平米 | 南 北 | 精装 | 13层  | 板楼,http://image1.ljcdn.com/110000-inspection/pc1_unXu5wzfF_1.jpg.296x216.jpg
20201223,松江,松江老城,松乐苑 2室2厅 南新上,310万,2室2厅 | 99.49平米 | 南 | 其他 | 低楼层(共6层) | 2003年建 | 板楼,http://image1.ljcdn.com/110000-inspection/pc1_23zWT6HbL_1.jpg.296x216.jpg
20201223,松江,松江老城,装修保养好，配套设施齐全，外经贸,355万,3室2厅 | 89.34平米 | 南 | 精装 | 中楼层(共11层) | 2012年建 | 板楼,http://image1.ljcdn.com/110000-inspection/pc1_ck4ldLX3D_1.jpg.296x216.jpg
20201223,松江,松江老城,人乐小区  南北两房 采光好 户型正气房主自荐,164.9万,2室1厅 | 51.69平米 | 南 | 简装 | 高楼层(共6层) | 1981年建 | 板楼,http://image1.ljcdn.com/310000-inspection/prod-1f8a5f4c-027f-445b-8da0-d8846baab1f7.jpg.296x216.jpg
20201223,松江,松江老城,此房南北房  位置佳  总价低  采光好  有钥匙看房随时,174万,2室1厅 | 57平米 | 南 | 简装 | 高楼层(共6层) | 1988年建 | 板楼,http://image1.ljcdn.com/110000-inspection/28c1edee-1419-44d5-a0b7-37b42224dba9_1000.jpg.296x216.jpg
20201223,松江,松江老城,维罗纳贵都 1室1厅 南新上,115万,1室1厅 | 31.95平米 | 南 | 简装 | 中楼层(共6层) | 2008年建 | 板楼,http://image1.ljcdn.com/110000-inspection/499c2080-6f41-433b-8a34-b9d852065b95_1000.jpg.296x216.jpg
20201223,松江,松江老城,店长推荐 双南夹厅大三房  近地铁房主自荐,315万,3室2厅 | 116.29平米 | 南 | 简装 | 高楼层(共6层)  | 板楼,http://image1.ljcdn.com/110000-inspection/pc1_ExEcXJ5km_1.jpg.296x216.jpg
20201223,松江,松江老城,飞机户型，总价低，位置好，近地铁，拎包入住房主自荐,312万,3室1厅 | 115.42平米 | 南 | 简装 | 高楼层(共6层) | 1996年建 | 板楼,http://image1.ljcdn.com/310000-inspection/pc1_Q7aUv0hjF_1.jpg.296x216.jpg
20201223,松江,松江老城,民乐小区 近地铁 正四房 南北互透  诚心出售房主自荐,380万,4室2厅 | 127.95平米 | 南 | 简装 | 高楼层(共6层) | 1997年建 | 板楼,http://image1.ljcdn.com/110000-inspection/pc1_HDZNsHuGR_1.jpg.296x216.jpg
20201223,松江,松江老城,松江府三房两卫，xi缺房源，婚房装修，看房方便房主自荐,389万,3室2厅 | 101.85平米 | 南 | 精装 | 12层 | 2015年建 | 板楼,http://image1.ljcdn.com/110000-inspection/pc1_BMmPBXWB3_1.jpg.296x216.jpg
20201223,松江,松江老城,03年现浇房，2房2卫，诚心出售，欢迎看房房主自荐,293万,2室2厅 | 101.05平米 | 南 | 简装 | 低楼层(共6层) | 2003年建 | 板楼,http://image1.ljcdn.com/110000-inspection/pc1_s8snB0OQx_1.jpg.296x216.jpg
20201223,松江,松江老城,外经贸南北通大两房，南北房间 双卫 通透性好，楼层好,330万,2室1厅 | 101平米 | 南 | 精装 | 低楼层(共6层) | 2006年建 | 板楼,http://image1.ljcdn.com/110000-inspection/pc1_JOMvYrJTc_1.jpg.296x216.jpg
20201223,松江,松江老城,正气三房 楼层好 采光好 南北直通 两卫房主自荐,365万,3室2厅 | 104.97平米 | 南 | 精装 | 低楼层(共16层) | 2011年建 | 板楼,http://image1.ljcdn.com/110000-inspection/pc1_lKxOgn2SM_1.jpg.296x216.jpg
20201223,松江,松江老城,松江府三房两卫，飞机户型房源，婚房装修，看房方便,520万,3室2厅 | 117.48平米 | 南 | 精装 | 12层 | 2015年建 | 板楼,http://image1.ljcdn.com/110000-inspection/pc1_8gHGlMai8_1.jpg.296x216.jpg
20201223,松江,松江老城,荣乐小区 3室1厅 南 北房主自荐,247万,3室1厅 | 70.27平米 | 南 北 | 简装 | 中楼层(共6层) | 1986年建 | 板楼,http://image1.ljcdn.com/110000-inspection/pc1_VZ9gbLw6u_1.jpg.296x216.jpg
20201223,松江,松江老城,维罗纳贵都 1室1厅 南 东新上,210万,1室1厅 | 53.21平米 | 南 东 | 精装 | 高楼层(共6层) | 2008年建 | 板楼,http://image1.ljcdn.com/110000-inspection/pc1_DuNgsAwuE_1.jpg.296x216.jpg
20201223,松江,松江老城,松江老城，松乐苑，大润发+新理想广场，9号线1公里新上,285万,2室1厅 | 99.73平米 | 南 | 简装 | 低楼层(共6层) | 2003年建 | 板楼,http://image1.ljcdn.com/110000-inspection/pc1_YVgFZeSpE_1.jpg.296x216.jpg
20201223,松江,松江老城,惊呆了，维罗纳竟然有这样的房子新上,360万,3室2厅 | 90.32平米 | 南 | 精装 | 高楼层(共14层) | 2011年建 | 板楼,http://image1.ljcdn.com/110000-inspection/pc1_49HYUYObP_1.jpg.296x216.jpg
20201223,松江,松江老城,满五唯一税费少，五复六利用率高，业主诚意出售,373万,4室2厅 | 108.95平米 | 南 | 简装 | 高楼层(共5层) | 1999年建 | 板楼,http://image1.ljcdn.com/110000-inspection/pc1_dZy3tPh6p_1.jpg.296x216.jpg
20201223,松江,松江老城,通知已出，即将安装电梯，位置很好，不是顶楼，南北通房主自荐,172万,2室1厅 | 57平米 | 南 | 简装 | 高楼层(共6层) | 1986年建 | 板楼,http://image1.ljcdn.com/110000-inspection/pc1_dEsO7jKg8_1.jpg.296x216.jpg
20201223,松江,松江老城,好房子，大家多多推荐。看房方便,168万,2室1厅 | 51.63平米 | 南 | 简装 | 高楼层(共6层) | 1981年建 | 板楼,http://image1.ljcdn.com/110000-inspection/pc1_eiHKjAjth_1.jpg.296x216.jpg
20201223,松江,松江老城,人乐小区 2室1厅 南,152万,2室1厅 | 41.29平米 | 南 | 精装 | 高楼层(共4层) | 1986年建 | 板楼,http://image1.ljcdn.com/110000-inspection/pc1_LVD4nITGC_1.jpg.296x216.jpg
20201223,松江,松江老城,满五唯一，税费少，业主自住，房子维护好,170万,2室1厅 | 51.98平米 | 南 | 简装 | 高楼层(共6层) | 1986年建 | 板楼,http://image1.ljcdn.com/110000-inspection/b31230f6-7c4c-4a33-a0c4-63a884e48057_1000.jpg.296x216.jpg
20201223,松江,松江老城,业主诚心出售，价格可谈，房源位置好房主自荐,220万,2室1厅 | 68.56平米 | 南 | 精装 | 高楼层(共6层) | 1986年建 | 板楼,http://image1.ljcdn.com/110000-inspection/pc1_lf1qjvOBJ_1.jpg.296x216.jpg
20201223,松江,松江老城,通知已出，即将安装电梯，边套卫生间有窗，满五年唯一房主自荐,187万,2室1厅 | 51.8平米 | 南 | 精装 | 高楼层(共6层) | 1988年建 | 板楼,http://image1.ljcdn.com/110000-inspection/pc1_mRvf3RYmi_1.jpg.296x216.jpg
20201223,松江,松江老城,通知已出，即将安装电梯，满五年唯一，不靠马路房主自荐,202万,2室2厅 | 65.88平米 | 南 | 简装 | 高楼层(共6层) | 1986年建 | 板楼,http://image1.ljcdn.com/110000-inspection/pc1_tMwnvDK9U_1.jpg.296x216.jpg
20201223,松江,松江老城,中间楼层，两房改三房，小区中间位置，采光通风好，房主自荐,192万,3室1厅 | 56.66平米 | 南 | 毛坯 | 中楼层(共4层) | 1986年建 | 板楼,http://image1.ljcdn.com/110000-inspection/b9a788fb-ce8d-4b89-bcb0-737b8019aa60_1000.jpg.296x216.jpg
20201223,松江,松江老城,飞机户型，小区生活配套设施齐，距地铁700米~~~~~~~~~房主自荐,345万,3室2厅 | 117.81平米 | 南 | 精装 | 中楼层(共6层) | 1994年建 | 板楼,http://image1.ljcdn.com/310000-inspection/prod-fc38faf4-4778-430e-98ea-a27b39d36905.jpg.296x216.jpg
20201223,松江,松江老城,满五唯一，税费少，边套带窗户，看房可点我头像房主自荐,162万,2室1厅 | 57平米 | 南 | 简装 | 高楼层(共6层) | 1986年建 | 板楼,http://image1.ljcdn.com/110000-inspection/a94954e5-bc83-4815-b854-54036c42d691_1000.jpg.296x216.jpg
20201223,松江,松江老城,西林小区近9号线两房，看房方便，随时可签,207万,2室1厅 | 70平米 | 南 | 简装 | 高楼层(共6层) | 1994年建 | 板楼,http://image1.ljcdn.com/110000-inspection/pc1_OVyIMaVaU_1.jpg.296x216.jpg
20201223,松江,松江老城,新理想优质好房 中高楼层小户型  看房方便！,218万,1室1厅 | 65.8平米 | 南 | 其他 | 中楼层(共14层) | 2014年建 | 板楼,http://image1.ljcdn.com/110000-inspection/pc1_HvXOXHIEO_1.jpg.296x216.jpg
20201223,松江,松江老城,飞机户型大三房 楼层好位置佳 随时看房啦,430万,3室2厅 | 122.82平米 | 南 | 简装 | 中楼层(共6层) | 2006年建 | 板楼,http://image1.ljcdn.com/110000-inspection/fa91bc00-2ed3-4712-8656-17bd9b5c79e0_1000.jpg.296x216.jpg
20201223,松江,松江老城,小区中间位置。精装修。经典小三房.,355万,3室2厅 | 89.34平米 | 南 | 精装 | 中楼层(共11层) | 2012年建 | 板楼,http://image1.ljcdn.com/110000-inspection/pc1_XqYOHUE8F_1.jpg.296x216.jpg
20201223,松江,松江老城,一楼带花园，小区中间位置，房东诚意出售，看房方便,300万,2室2厅 | 91.25平米 | 南 | 简装 | 低楼层(共6层) | 2001年建 | 板楼,http://image1.ljcdn.com/110000-inspection/pc1_MhBQbA78i_1.jpg.296x216.jpg
20201223,松江,松江老城,维罗纳贵都 4室1厅 南新上,460万,4室1厅 | 135.01平米 | 南 | 精装 | 低楼层(共14层) | 2011年建 | 板楼,http://image1.ljcdn.com/110000-inspection/pc1_H1UDEwmLn_1.jpg.296x216.jpg
20201223,松江,松江老城,店长推荐，地铁口精装大三房，无抵押，门口g60高速,360万,3室1厅 | 126.55平米 | 南 | 精装 | 高楼层(共6层) | 1991年建 | 板楼,http://image1.ljcdn.com/110000-inspection/pc1_n4r3edWCh_1.jpg.296x216.jpg
20201223,松江,松江老城,满五唯一交契税，精装修，高楼层视野开阔,209万,2室1厅 | 67.5平米 | 南 | 精装 | 高楼层(共6层) | 1986年建 | 板楼,http://image1.ljcdn.com/110000-inspection/pc1_z1vhvV62M_1.jpg.296x216.jpg
20201223,松江,松江老城,松江有名装潢公司设计 税少+车位＋含双阳台,308万,2室2厅 | 88.69平米 | 南 | 精装 | 中楼层(共18层) | 2014年建 | 板楼,http://image1.ljcdn.com/110000-inspection/pc1_6Elb5MBtA_1.jpg.296x216.jpg
20201223,松江,松江老城,价格可聊，采光通风好，看房方便，满五年,209万,2室1厅 | 62.84平米 | 南 西 | 简装 | 高楼层(共6层) | 1982年建 | 板楼,http://image1.ljcdn.com/110000-inspection/pc1_MpYaWlqkt_1.jpg.296x216.jpg
20201223,松江,松江老城,海尚名都精装两房，满五唯一楼层好，精装自住，诚售,248万,2室1厅 | 70.47平米 | 南 | 精装 | 中楼层(共26层) | 2012年建 | 板楼,http://image1.ljcdn.com/110000-inspection/pc1_1jUD1kbVc_1.jpg.296x216.jpg
20201223,松江,松江老城,近地铁，交通便利，环境好，生活配套全房主自荐,234万,2室1厅 | 66.34平米 | 南 | 精装 | 高楼层(共6层) | 1995年建 | 板楼,http://image1.ljcdn.com/110000-inspection/11d68da0-ff52-4ca2-bc53-d9f0264fdaa4_1000.jpg.296x216.jpg
20201223,松江,松江老城,华亭新家苑双南夹厅飞机户型，通透性好,300万,2室2厅 | 89.79平米 | 南 | 毛坯 | 低楼层(共6层) | 2006年建 | 板楼,http://image1.ljcdn.com/110000-inspection/pc1_1qVpX8KNd_1.jpg.296x216.jpg
20201223,松江,松江老城,此房满五唯一税费少、近地铁，一梯两户房龄新房主自荐,280万,2室1厅 | 91.85平米 | 南 | 简装 | 低楼层(共6层) | 1999年建 | 板楼,http://image1.ljcdn.com/110000-inspection/pc1_D5VJ78NVS_1.jpg.296x216.jpg
20201223,松江,松江老城,双南房  采光好  精装修 拎包入住房主自荐,174万,2室1厅 | 52.28平米 | 南 | 精装 | 高楼层(共6层) | 1986年建 | 板楼,http://image1.ljcdn.com/110000-inspection/pc1_FYvezYX51_1.jpg.296x216.jpg
20201223,松江,松江老城,地铁9号线800米，人乐小区，南北两房，好楼层，高性价,168万,2室1厅 | 51.48平米 | 南 | 毛坯 | 中楼层(共6层) | 1986年建 | 板楼,http://image1.ljcdn.com/110000-inspection/0e5623ae-ea35-4c3e-8486-7ba9c7279cc1_1000.jpg.296x216.jpg
20201223,松江,松江老城,70年产权精装自住，有轨电车出行方便，随时可看新上,130万,1室1厅 | 38.56平米 | 北 | 精装 | 低楼层(共6层) | 2008年建 | 板楼,http://image1.ljcdn.com/110000-inspection/7520735e-7508-4068-a56f-91f70e794987_1000.jpg.296x216.jpg
20201223,松江,松江老城,满五  精装  近地铁  配套齐全房主自荐,198万,2室1厅 | 59.21平米 | 南 | 简装 | 高楼层(共6层) | 1995年建 | 板楼,http://image1.ljcdn.com/110000-inspection/pc1_qFP2CG8mu_1.jpg.296x216.jpg
20201223,松江,松江老城,小区位置好 带花园 买进价格低 税费少房主自荐,325万,2室2厅 | 106.9平米 | 南 北 | 精装 | 低楼层(共7层) | 2007年建 | 板楼,http://image1.ljcdn.com/110000-inspection/pc1_dmWsWAJOJ_1.jpg.296x216.jpg
20201223,松江,松江老城,户型正气，居家装修拎包入住大两房房主自荐,215万,3室1厅 | 65.85平米 | 南 北 | 简装 | 高楼层(共6层) | 1981年建 | 板楼,http://image1.ljcdn.com/110000-inspection/b2c28e28-dcd1-4c24-8a4a-780c6c9be107_1000.jpg.296x216.jpg
20201223,松江,松江老城,满五唯一，精装修，大面积朝南采光好,278万,3室2厅 | 142平米 | 南 | 简装 | 18层 | 2005年建 | 塔楼,http://image1.ljcdn.com/110000-inspection/pc1_SXqILCREm_1.jpg.296x216.jpg
20201223,松江,松江老城,毛坯两房，中间楼层，采光好，诚意出售,305万,2室2厅 | 89.27平米 | 南 | 毛坯 | 中楼层(共21层) | 2000年建 | 板楼,http://image1.ljcdn.com/110000-inspection/pc1_WTn7xKCRu_1.jpg.296x216.jpg
20201223,松江,松江老城,精品房源，精装带地暖，产权双车位，位置好楼层,470万,3室2厅 | 111.38平米 | 南 | 精装 | 中楼层(共11层) | 2012年建 | 板楼,http://image1.ljcdn.com/110000-inspection/pc1_zm4FjaiRU_1.jpg.296x216.jpg
20201223,松江,松江老城,民乐小区 飞机户型 满五 中间位置 诚意出售房主自荐,355万,3室2厅 | 118.74平米 | 南 | 简装 | 高楼层(共6层) | 1997年建 | 板楼,http://image1.ljcdn.com/110000-inspection/a21055ac-66c4-487e-a44a-c231bef26937_1000.jpg.296x216.jpg
20201223,松江,松江老城,毛坯正两房，小区临河不靠路。毛坯房随意装修,330万,2室2厅 | 98.17平米 | 南 | 毛坯 | 低楼层(共6层) | 2006年建 | 板楼,http://image1.ljcdn.com/310000-inspection/pc1_f45PPheWL_1.jpg.296x216.jpg
20201223,松江,松江老城,荣乐小区，近地铁，全明两房，诚意出售房主自荐,180万,2室1厅 | 54.52平米 | 南 | 简装 | 高楼层(共6层) | 1986年建 | 板楼,http://image1.ljcdn.com/110000-inspection/pc1_4x2ZPVyu6_1.jpg.296x216.jpg
20201223,松江,松江老城,满五唯一 双南房双阳台 户型好 诚心出售,260万,2室1厅 | 69.07平米 | 南 | 简装 | 中楼层(共14层) | 2014年建 | 板楼,http://image1.ljcdn.com/110000-inspection/317ad99c-6189-4e90-ad29-208db67d94f3_1000.jpg.296x216.jpg
20201223,松江,松江老城,正气两房，南北格局，居家装修拎包入住房主自荐,175万,2室1厅 | 51.05平米 | 南 | 精装 | 高楼层(共6层) | 1981年建 | 板楼,http://image1.ljcdn.com/110000-inspection/pc1_2rFQxwdyl_1.jpg.296x216.jpg
20201223,松江,松江老城,人乐双南夹厅飞机户型+总价低+看房随时,263万,3室2厅 | 86.73平米 | 南 | 简装 | 高楼层(共6层) | 1986年建 | 板楼,http://image1.ljcdn.com/110000-inspection/pc1_PThVGmM35_1.jpg.296x216.jpg
20201223,松江,松江老城,2003年现浇房，楼层好户型佳，房东急售！！！房主自荐,395万,3室2厅 | 138.82平米 | 南 | 简装 | 中楼层(共6层) | 2003年建 | 板楼,http://image1.ljcdn.com/110000-inspection/pc1_RaEa3GHAG_1.jpg.296x216.jpg
20201223,松江,松江老城,维罗纳贵都 精装大三房   满五不唯一 诚心出售房主自荐,452万,3室2厅 | 134.21平米 | 南 | 精装 | 高楼层(共15层) | 2011年建 | 板楼,http://image1.ljcdn.com/110000-inspection/pc1_4N58OUqab_1.jpg.296x216.jpg
20201223,松江,松江老城,维罗纳贵都 精装大三房 南北通透 位置好 带双车位房主自荐,420万,3室2厅 | 116平米 | 南 北 | 精装 | 中楼层(共6层) | 2008年建 | 板楼,http://image1.ljcdn.com/110000-inspection/pc1_lNi8OnDgO_1.jpg.296x216.jpg
20201223,松江,松江老城,维罗纳贵都 精装大三房 南北双阳台 诚心出售 看房方便,480万,3室2厅 | 134平米 | 南 | 精装 | 低楼层(共15层) | 2011年建 | 板楼,http://image1.ljcdn.com/110000-inspection/pc1_s2WQftXMb_1.jpg.296x216.jpg
20201223,松江,松江老城,满五唯一税费少，一梯两户，交通便利房主自荐,238万,3室1厅 | 75.03平米 | 南 | 简装 | 高楼层(共6层) | 1990年建 | 板楼,http://image1.ljcdn.com/110000-inspection/pc1_vlSYicTSf_1.jpg.296x216.jpg
20201223,松江,松江老城,双南现浇房  采光通风佳  精装修房主自荐,283万,2室1厅 | 100.02平米 | 南 | 精装 | 高楼层(共6层) | 1999年建 | 板楼,http://image1.ljcdn.com/110000-inspection/pc1_IqrAjVS4Z_1.jpg.296x216.jpg
20201223,松江,松江老城,精装两房 满五唯一税费少 位置好,183万,2室1厅 | 51.1平米 | 南 | 精装 | 中楼层(共6层) | 1985年建 | 板楼,http://image1.ljcdn.com/110000-inspection/pc1_Rw7b8hZXY_1.jpg.296x216.jpg
20201223,松江,松江老城,荣乐边套，中等装修，看房方便，房东诚心,195万,2室1厅 | 57.87平米 | 南 北 | 简装 | 中楼层(共6层) | 1986年建 | 板楼,http://image1.ljcdn.com/110000-inspection/b5e3944b-87e7-4288-b230-8e17ed1b13ed_1000.jpg.296x216.jpg
20201223,松江,松江老城,可做四房+满五年，税少，位置佳+精装修+看房随时！房主自荐,395万,3室2厅 | 136.9平米 | 南 北 | 简装 | 低楼层(共5层) | 2004年建 | 板楼,http://image1.ljcdn.com/310000-inspection/prod-72ec8f52-e386-4470-b91d-97e50360e478.jpg.296x216.jpg
20201223,松江,松江老城,近地铁+楼层好+采光好+一南一北户型房主自荐,283万,2室2厅 | 77平米 | 南 | 简装 | 低楼层(共6层) | 1995年建 | 板楼,http://image1.ljcdn.com/110000-inspection/pc1_WXQ5rtVXc_1.jpg.296x216.jpg
20201223,松江,松江老城,次房满五唯一，近地铁，交通便利,269万,2室1厅 | 91.42平米 | 南 | 简装 | 高楼层(共6层) | 1998年建 | 板楼,http://image1.ljcdn.com/110000-inspection/pc1_Q68X4PoZa_1.jpg.296x216.jpg
20201223,松江,松江老城,地铁口两房，双南户型好，满五唯一,210万,2室1厅 | 58平米 | 南 | 简装 | 高楼层(共6层) | 1995年建 | 板楼,http://image1.ljcdn.com/110000-inspection/pc1_xcIylx4ie_1.jpg.296x216.jpg
20201223,松江,松江老城,双南大两房 客厅南北双窗户 位置佳 采光通风佳房主自荐,228万,2室1厅 | 68.56平米 | 南 | 简装 | 高楼层(共6层) | 1986年建 | 板楼,http://image1.ljcdn.com/110000-inspection/pc1_8oRyvYTn9_1.jpg.296x216.jpg
20201223,松江,松江老城,满五唯一，中间楼层，随时看房，配套齐全房主自荐,330万,2室2厅 | 92.88平米 | 南 | 精装 | 中楼层(共6层) | 2006年建 | 板楼,http://image1.ljcdn.com/110000-inspection/pc1_vPRqg5su1_1.jpg.296x216.jpg
20201223,松江,松江老城,此房满五唯一，业主诚心出售，楼层好视野好房主自荐,223万,1室1厅 | 65平米 | 南 北 | 精装 | 高楼层(共13层) | 2006年建 | 板楼,http://image1.ljcdn.com/110000-inspection/pc1_G25VoZRY3_1.jpg.296x216.jpg
20201223,松江,松江老城,房子精装修一年+满五唯一税费少+小区中间位置房主自荐,194.5万,2室1厅 | 62平米 | 南 北 | 精装 | 高楼层(共6层) | 1994年建 | 板楼,http://image1.ljcdn.com/110000-inspection/pc1_5S6xhYPXB_2.jpg.296x216.jpg
20201223,松江,松江老城,维罗纳贵都 精装小三房  采光好 满五少税 诚售房主自荐,388万,3室2厅 | 106平米 | 南 | 精装 | 高楼层(共17层) | 2011年建 | 板楼,http://image1.ljcdn.com/110000-inspection/pc1_M6mCz7k7w_1.jpg.296x216.jpg
20201223,松江,松江老城,大三房，满五唯一 ，楼层好，现浇房，看房方便，,395万,3室2厅 | 116.59平米 | 南 | 简装 | 中楼层(共6层) | 1995年建 | 板楼,http://image1.ljcdn.com/110000-inspection/pc1_J1fH7m4Gk_1.jpg.296x216.jpg
20201223,松江,松江老城,南北通大三房 精装 一家人欢聚一堂 满五唯一,486万,3室2厅 | 134.8平米 | 南 北 | 精装 | 低楼层(共15层) | 2011年建 | 板楼,http://image1.ljcdn.com/110000-inspection/pc1_5FaP0SeES_1.jpg.296x216.jpg
20201223,松江,松江老城,次新房任意装修 看房方便诚心出售,350万,3室2厅 | 90.76平米 | 南 | 毛坯 | 中楼层(共14层) | 2011年建 | 板楼,http://image1.ljcdn.com/110000-inspection/pc1_f4bYeWC8N_1.jpg.296x216.jpg
20201223,松江,松江老城,环境好、小区新、人车分流、楼层好、视野好,419万,3室2厅 | 99平米 | 南 | 精装 | 高楼层(共7层) | 2015年建 | 板楼,http://image1.ljcdn.com/110000-inspection/pc1_8ZS8AAzKo_1.jpg.296x216.jpg
20201223,松江,松江老城,维罗纳贵都 3室2厅 南,360万,3室2厅 | 120.93平米 | 南 | 精装 | 低楼层(共14层) | 2009年建 | 板楼,http://image1.ljcdn.com/110000-inspection/pc1_JTof9qXKI_1.jpg.296x216.jpg
20201223,松江,松江老城,近地铁 出行方便 小区位置好 飞机户型,283万,3室2厅 | 94.92平米 | 南 | 简装 | 高楼层(共6层) | 1997年建 | 板楼,http://image1.ljcdn.com/110000-inspection/pc1_XmjZ7rIEm_1.jpg.296x216.jpg
20201223,松江,松江老城,洋房社区仲央空调装修精致有大露台房主自荐,450万,3室2厅 | 103平米 | 南 | 精装 | 中楼层(共7层) | 2015年建 | 板楼,http://image1.ljcdn.com/110000-inspection/pc1_2JrEjyWaB_1.jpg.296x216.jpg
20201223,松江,松江老城,维罗纳经典大三房，满五唯一，房龄新，业主诚心出售房主自荐,440万,3室2厅 | 134.68平米 | 南 | 精装 | 低楼层(共15层) | 2011年建 | 板楼,http://image1.ljcdn.com/110000-inspection/pc1_z7azIt5aJ_1.jpg.296x216.jpg
20201223,松江,松江老城,飞机户型 景观楼层 税费低 舒适住宅,480万,3室2厅 | 128.81平米 | 南 | 精装 | 中楼层(共7层) | 2006年建 | 板楼,http://image1.ljcdn.com/110000-inspection/pc1_0II2kDMbg_1.jpg.296x216.jpg
20201223,松江,松江老城,绿地凯旋宫 经典两房朝南小三居 精装修 满二房主自荐,359万,3室2厅 | 87.72平米 | 南 | 精装 | 中楼层(共13层) | 2014年建 | 板楼,http://image1.ljcdn.com/110000-inspection/pc1_cPLum4z8r_1.jpg.296x216.jpg
20201223,松江,松江老城,此房满五税费少  楼层高 小区公园可俯视 带入室花园,330万,3室1厅 | 90.87平米 | 南 | 精装 | 中楼层(共14层) | 2011年建 | 板楼,http://image1.ljcdn.com/110000-inspection/pc1_LmjF1cDtG_1.jpg.296x216.jpg
20201223,松江,松江老城,出门即地铁 飞机户型精装三房 看房随时房主自荐,340万,3室1厅 | 90平米 | 南 | 精装 | 高楼层(共5层) | 1995年建 | 板楼,http://image1.ljcdn.com/110000-inspection/pc1_GqvQfVQIj_1.jpg.296x216.jpg
20201223,松江,松江老城,白洋苑 带阁楼 小区中间位置 诚心出售 看房方便房主自荐,305万,3室2厅 | 105.73平米 | 南 | 简装 | 高楼层(共6层) | 1999年建 | 板楼,http://image1.ljcdn.com/110000-inspection/pc1_aNWz3qoC2_1.jpg.296x216.jpg
20201223,松江,松江老城,荣乐小区 两南一北户型三房 小区中间位置 看房随时,340万,3室2厅 | 108.56平米 | 南 | 简装 | 低楼层(共6层) | 1995年建 | 板楼,http://image1.ljcdn.com/110000-inspection/pc1_Rd0D8rnsA_1.jpg.296x216.jpg
20201223,松江,松江老城,金地艺境(松江) 3室2厅 南,530万,3室2厅 | 118平米 | 南 | 精装 | 中楼层(共7层) | 2015年建 | 板楼,http://image1.ljcdn.com/110000-inspection/pc1_QdHiQ9V0H_1.jpg.296x216.jpg
20201223,松江,松江老城,维罗纳贵都 2室2厅 南,395万,2室2厅 | 104.84平米 | 南 | 精装 | 中楼层(共7层) | 2006年建 | 板楼,http://image1.ljcdn.com/110000-inspection/pc1_W62JmnT0X_1.jpg.296x216.jpg
20201223,松江,松江老城,百合苑电梯大三房，中高楼层不靠马路，满五年唯一房主自荐,450万,3室2厅 | 147.56平米 | 南 | 精装 | 中楼层(共12层) | 2006年建 | 板楼,http://image1.ljcdn.com/310000-inspection/prod-9f15c20a-4011-471e-adf6-a67caf8eabc8.jpg.296x216.jpg
20201223,松江,松江老城,此房满五不唯一，双南一北飞机户型，带同面积阁楼房主自荐,328万,3室1厅 | 97平米 | 南 | 简装 | 高楼层(共6层) | 1997年建 | 板楼,http://image1.ljcdn.com/110000-inspection/pc1_7LtVyRAPQ_1.jpg.296x216.jpg
20201223,松江,松江老城,次新房，位置超好，超大花园，宜居好房等你来,600万,4室2厅 | 143.89平米 | 南 北 | 精装 | 低楼层(共7层) | 2015年建 | 板楼,http://image1.ljcdn.com/110000-inspection/pc1_1fWYydPLk_1.jpg.296x216.jpg
20201223,松江,松江老城,金地艺境(松江) 3室2厅 南,450万,3室2厅 | 103平米 | 南 | 精装 | 中楼层(共7层) | 2015年建 | 板楼,http://image1.ljcdn.com/110000-inspection/pc1_so8Z4inx1_1.jpg.296x216.jpg
20201223,松江,松江老城,诚意出售，南北两房，高楼层采光好，好房值得您拥有房主自荐,156万,2室1厅 | 50.44平米 | 南 北 | 简装 | 高楼层(共6层) | 1986年建 | 板楼,http://image1.ljcdn.com/110000-inspection/pc1_83wONue2Z_1.jpg.296x216.jpg
20201223,松江,松江老城,小区中间位置，采光通风好，视野开阔。房主自荐,158万,2室1厅 | 54.99平米 | 南 东 | 毛坯 | 高楼层(共6层) | 1982年建 | 板楼,http://image1.ljcdn.com/110000-inspection/pc1_UWS6lKx4I_1.jpg.296x216.jpg
20201223,松江,松江老城,精装修，一梯一户，配套设施齐全，税费少,172万,2室1厅 | 49.66平米 | 南 | 精装 | 低楼层(共6层) | 1986年建 | 板楼,http://image1.ljcdn.com/110000-inspection/pc1_d2HDxn67u_1.jpg.296x216.jpg
20201223,松江,松江老城,满五唯一+九号线+大润发+有轨电车房主自荐,285万,2室2厅 | 99.49平米 | 南 | 简装 | 低楼层(共6层) | 2003年建 | 板楼,http://image1.ljcdn.com/110000-inspection/pc1_0wW4re5ht_1.jpg.296x216.jpg
20201223,松江,松江老城,荣乐小区精装2房近地铁九号线，不靠路，满五唯一,210万,2室1厅 | 62.51平米 | 南 | 精装 | 高楼层(共6层) | 1986年建 | 板楼,http://image1.ljcdn.com/110000-inspection/pc1_qsqZh2fRm_1.jpg.296x216.jpg
20201223,松江,松江老城,新理想两房 装修好  楼层好 诚心卖,240万,2室1厅 | 63.53平米 | 南 | 精装 | 高楼层(共13层) | 2006年建 | 板楼,http://image1.ljcdn.com/110000-inspection/pc1_aoSyvzZgL_1.jpg.296x216.jpg
20201223,松江,松江老城,满五唯一，采光好，精装修，诚心卖,240万,2室1厅 | 64.8平米 | 南 | 精装 | 低楼层(共6层) | 1979年建 | 板楼,http://image1.ljcdn.com/110000-inspection/pc1_hhuEyDhih_1.jpg.296x216.jpg
20201223,松江,松江老城,荣乐南北两房 全明户型 客厅带窗户  位置佳房主自荐,200万,2室1厅 | 59.75平米 | 南 | 精装 | 高楼层(共6层) | 1994年建 | 板楼,http://image1.ljcdn.com/110000-inspection/pc1_SEqfaPy05_1.jpg.296x216.jpg
20201223,松江,松江老城,房子满五唯一，简约装修+中间楼层位置好，看房方便,215万,2室1厅 | 62.84平米 | 南 | 简装 | 低楼层(共6层) | 1982年建 | 板楼,http://image1.ljcdn.com/110000-inspection/pc1_0AhdlD8Ns_1.jpg.296x216.jpg
20201223,松江,松江老城,地体800人，人乐小区，双南房，全明客厅，满五唯一房主自荐,177万,2室1厅 | 59.36平米 | 南 | 简装 | 高楼层(共6层) | 1982年建 | 板楼,http://image1.ljcdn.com/110000-inspection/pc1_4HTHmxHaK_1.jpg.296x216.jpg
20201223,松江,松江老城,一梯两户，满五唯一，楼层好，采光充足，配套设施齐全房主自荐,194万,2室1厅 | 56.17平米 | 南 | 精装 | 低楼层(共6层) | 1990年建 | 板楼,http://image1.ljcdn.com/110000-inspection/918d4c8d-8a4b-4453-b8fd-202198ae8d8b_1000.jpg.296x216.jpg
20201223,松江,松江老城,满五唯一，户型方正，看房方便，业主诚意出售,132.5万,1室1厅 | 36.88平米 | 南 | 简装 | 低楼层(共6层) | 1981年建 | 板楼,http://image1.ljcdn.com/110000-inspection/3ed92f8a-2d97-473f-b976-18a6a1b1e72c_1000.jpg.296x216.jpg
20201223,松江,松江老城,店长推荐，近地铁紧凑小三房，成熟配套好房,225万,3室1厅 | 75.95平米 | 南 | 简装 | 中楼层(共5层) | 1982年建 | 板楼,http://image1.ljcdn.com/110000-inspection/pc1_jsD79epvb_1.jpg.296x216.jpg
20201223,松江,松江老城,满五唯一 税费少 户型方正 房子保养好 业主诚心售卖,165万,2室1厅 | 51.21平米 | 南 | 简装 | 高楼层(共6层) | 1982年建 | 板楼,http://image1.ljcdn.com/110000-inspection/pc1_t78hPgNjr_1.jpg.296x216.jpg
20201223,松江,松江老城,小区中间位置，好楼层，大三房，2016年新小区，环境好房主自荐,458万,3室2厅 | 117.1平米 | 南 | 精装 | 13层 | 2016年建 | 板楼,http://image1.ljcdn.com/310000-inspection/test-b255b2c6-07e3-45b1-b00f-4ad3e24acf10.png.296x216.jpg
20201223,松江,松江老城,双南夹厅正三居  户型正气  出行便捷 诚心出售,286万,3室2厅 | 95.3平米 | 南 | 毛坯 | 高楼层(共6层) | 1996年建 | 板楼,http://image1.ljcdn.com/110000-inspection/pc1_52wZk30Ln_1.jpg.296x216.jpg
20201223,松江,松江老城,满二年，南北通，不靠马路，中间楼层，领包入住房主自荐,162万,2室1厅 | 51平米 | 南 北 | 精装 | 高楼层(共4层) | 1986年建 | 板楼,http://image1.ljcdn.com/110000-inspection/pc1_IXtiwbcLU_1.jpg.296x216.jpg
20201223,松江,松江老城,总价低，交通便利，电梯房，本小区楼下自带配套房主自荐,94万,1室1厅 | 45.91平米 | 北 | 简装 | 18层 | 2005年建 | 塔楼,http://image1.ljcdn.com/110000-inspection/pc1_Y7vK1WoVE_1.jpg.296x216.jpg
20201223,松江,松江老城,荣乐小区 双南房 满五唯一  中间楼层 精装修,212万,2室1厅 | 56.91平米 | 南 | 精装 | 中楼层(共6层) | 1994年建 | 板楼,http://image1.ljcdn.com/110000-inspection/pc1_lWzp9vxao_1.jpg.296x216.jpg
20201223,松江,松江老城,凤凰精致小两房，南北户型，交通方便房主自荐,155万,2室1厅 | 53.91平米 | 南 | 简装 | 高楼层(共5层) | 1982年建 | 板楼,http://image1.ljcdn.com/310000-inspection/pc1_J1jxQLGMg_1.jpg.296x216.jpg
20201223,松江,松江老城,总价低，税费少，全明户型，无遮挡，有院子房主自荐,215万,1室1厅 | 55平米 | 南 | 精装 | 低楼层(共6层) | 2008年建 | 板楼,http://image1.ljcdn.com/110000-inspection/pc1_bpQ3ebEDl_1.jpg.296x216.jpg
20201223,松江,松江老城,满五唯一 双南户型  采光良好房主自荐,223万,2室1厅 | 69.93平米 | 南 | 简装 | 高楼层(共6层) | 1988年建 | 板楼,http://image1.ljcdn.com/110000-inspection/pc1_9aSLtaI8A_1.jpg.296x216.jpg
20201223,松江,松江老城,满五唯一 景观房 精装修 拎包入住房主自荐,323万,2室2厅 | 93.07平米 | 南 | 精装 | 高楼层(共26层) | 2012年建 | 板楼,http://image1.ljcdn.com/110000-inspection/pc1_xHzM9iw5b_1.jpg.296x216.jpg
20201223,松江,松江老城,此房满五唯一税费少、近地铁、小两室，适合刚需房主自荐,162万,2室1厅 | 50.31平米 | 东 | 简装 | 中楼层(共6层) | 1978年建 | 板楼,http://image1.ljcdn.com/110000-inspection/pc1_zimnuYUI4_1.jpg.296x216.jpg
20201223,松江,松江老城,荣乐小区 精装南北房 近九号线大润发，拎包入住,165万,2室1厅 | 57平米 | 南 | 精装 | 高楼层(共6层) | 1986年建 | 板楼,http://image1.ljcdn.com/110000-inspection/pc1_IPebnll1H_1.jpg.296x216.jpg
20201223,松江,松江老城,维罗纳小户型 楼层好 景观楼层双南房房主自荐,241万,2室2厅 | 65.64平米 | 南 | 精装 | 高楼层(共17层) | 2011年建 | 板楼,http://image1.ljcdn.com/110000-inspection/pc1_VkUB5hxa5_1.jpg.296x216.jpg
20201223,松江,松江老城,新理想2014年房源 大两房 精装修 诚心售,305万,2室1厅 | 86.65平米 | 南 | 精装 | 高楼层(共14层) | 2014年建 | 板楼,http://image1.ljcdn.com/110000-inspection/pc1_hLrO7PcTW_1.jpg.296x216.jpg
20201223,松江,松江老城,精装修 税费少 位置佳 户型正  近地铁 手慢无,227万,2室1厅 | 59.26平米 | 南 | 精装 | 高楼层(共6层) | 1995年建 | 板楼,http://image1.ljcdn.com/110000-inspection/pc1_zrWNqmfae_1.jpg.296x216.jpg
20201223,松江,松江老城,人乐小区 中间楼层 不靠路 厨房不算产证面积 业主诚售房主自荐,203.9万,2室1厅 | 60.87平米 | 南 | 毛坯 | 中楼层(共6层) | 1986年建 | 板楼,http://image1.ljcdn.com/110000-inspection/pc1_mSauTg92M_1.jpg.296x216.jpg
20201223,松江,松江老城,全新精装  拎包入住  小区位置好房主自荐,183万,2室1厅 | 55.66平米 | 南 | 精装 | 高楼层(共6层) | 1981年建 | 板楼,http://image1.ljcdn.com/110000-inspection/pc1_fxeBEnzoQ_1.jpg.296x216.jpg
20201223,松江,松江老城,房子满五唯一，双南房，正气房型，楼层好,217万,1室1厅 | 60.21平米 | 南 | 精装 | 中楼层(共6层) | 2006年建 | 板楼,http://image1.ljcdn.com/110000-inspection/pc1_Odvbv5lEA_1.jpg.296x216.jpg
20201223,松江,松江老城,房子满五，，南北通正气1房 楼层好,216万,1室1厅 | 60.19平米 | 南 | 精装 | 中楼层(共6层) | 2006年建 | 板楼,http://image1.ljcdn.com/110000-inspection/pc1_eiN0Doukz_1.jpg.296x216.jpg
20201223,松江,松江老城,环境好、小区新、金地物业、楼层好、视野好,299万,2室2厅 | 80.66平米 | 南 | 精装 | 中楼层(共10层) | 2015年建 | 板楼,http://image1.ljcdn.com/110000-inspection/pc1_5awSkH8NK_1.jpg.296x216.jpg
20201223,松江,松江老城,此房满五唯一税费少、近地铁双南房、中间楼层房主自荐,235万,2室1厅 | 73.54平米 | 南 | 简装 | 中楼层(共5层) | 1999年建 | 板楼,http://image1.ljcdn.com/110000-inspection/81bcc0e2-422a-4f30-bd30-bce4d299c09f_1000.jpg.296x216.jpg
20201223,松江,松江老城,飞机户型装修精致一楼带大花园诚心出售,400万,2室1厅 | 105平米 | 南 北 | 精装 | 低楼层(共14层) | 2014年建 | 板楼,http://image1.ljcdn.com/110000-inspection/pc1_XVNRBEtEO_1.jpg.296x216.jpg
20201223,松江,松江老城,房子满五唯一，双南房，正气房型,214万,2室1厅 | 60.22平米 | 南 北 | 精装 | 高楼层(共6层) | 2006年建 | 板楼,http://image1.ljcdn.com/110000-inspection/pc1_gQjFt84fY_1.jpg.296x216.jpg
20201223,松江,松江老城,精选丨南北房+视野好+价格诚意+看房方便+得房高房主自荐,340万,2室2厅 | 90.8平米 | 南 | 精装 | 中楼层(共5层) | 2006年建 | 板楼,http://image1.ljcdn.com/110000-inspection/pc1_lYkTnFqXn_1.jpg.296x216.jpg
20201223,松江,松江老城,近地铁，满五唯一，电梯房，中间楼层,118万,2室1厅 | 55.59平米 | 北 | 简装 | 18层 | 2005年建 | 塔楼,http://image1.ljcdn.com/110000-inspection/3606f984-c5d5-43f7-ba46-bf65a6aac88b_1000.jpg.296x216.jpg
20201223,松江,松江老城,双南房 满五年唯一  双阳台 自住装修 拎包入住 来看,188万,2室1厅 | 58.6平米 | 南 | 简装 | 高楼层(共6层) | 1988年建 | 板楼,http://image1.ljcdn.com/110000-inspection/054403d9-4f18-46e4-ace1-e51c3caa1692_1000.jpg.296x216.jpg
20201223,松江,松江老城,松江老城，800米地铁站，人乐小区，双南房，满五唯一房主自荐,215万,2室1厅 | 66.54平米 | 南 | 简装 | 中楼层(共6层) | 1986年建 | 板楼,http://image1.ljcdn.com/110000-inspection/pc1_X7yV0JZIx_1.jpg.296x216.jpg
20201223,松江,松江老城,海尚名都精装一房，购入价高，税费少，业主诚售,248万,1室2厅 | 70.47平米 | 南 | 精装 | 中楼层(共26层) | 2012年建 | 板楼,http://image1.ljcdn.com/110000-inspection/pc1_IWcs88FnQ_1.jpg.296x216.jpg
20201223,松江,松江老城,双南户型 近地铁 楼龄新采光好带大露台,252万,2室1厅 | 82.8平米 | 南 | 简装 | 高楼层(共4层) | 1999年建 | 板楼,http://image1.ljcdn.com/110000-inspection/pc1_Bs1kZGDUl_1.jpg.296x216.jpg
20201223,松江,松江老城,户型方正，楼层好，税费少，得房率高。,220万,2室1厅 | 63.53平米 | 南 | 精装 | 中楼层(共13层) | 2006年建 | 板楼,http://image1.ljcdn.com/310000-inspection/prod-ab4baf09-5a4e-44a8-b1b9-4c4f40617303.jpg.296x216.jpg
20201223,松江,松江老城,关键卖点+适宜刚需青年+范围配套齐全+交通出行方便房主自荐,195万,2室1厅 | 58.04平米 | 南 | 毛坯 | 高楼层(共4层) | 1986年建 | 板楼,http://image1.ljcdn.com/310000-inspection/pc1_xQjCpJk9H_1.jpg.296x216.jpg
20201223,松江,松江老城,维罗纳小公寓，自住、投 资好选择，总价低，税费少,125万,1室1厅 | 35.77平米 | 南 | 简装 | 中楼层(共6层) | 2008年建 | 板楼,http://image1.ljcdn.com/110000-inspection/pc1_cT96rBjVj_1.jpg.296x216.jpg
20201223,松江,松江老城,配套齐 位置佳 楼层好 近地铁 交通便利,165万,2室1厅 | 54.57平米 | 南 | 简装 | 中楼层(共6层) | 1982年建 | 板楼,http://image1.ljcdn.com/310000-inspection/pc1_xyttHZxhd_1.jpg.296x216.jpg
20201223,松江,松江老城,双南房，满五年，唯一，中间楼层，不靠马路，房主自荐,197万,2室1厅 | 57.67平米 | 南 | 简装 | 中楼层(共6层) | 1986年建 | 板楼,http://image1.ljcdn.com/310000-inspection/prod-00a3f716-8741-4f01-8b42-fa34bb5eb521.jpg.296x216.jpg
20201223,松江,松江老城,次新房，小区品质高，环境好，老城改善的优先选择,650万,4室2厅 | 135平米 | 南 | 精装 | 高楼层(共7层) | 2015年建 | 板楼,http://image1.ljcdn.com/110000-inspection/pc1_XS4ax33xS_1.jpg.296x216.jpg
20201223,松江,松江老城,近地铁，采光好，满五唯一税费少,103万,1室0厅 | 47.09平米 | 西 | 简装 | 18层 | 2005年建 | 塔楼,http://image1.ljcdn.com/110000-inspection/pc1_S57TMn7x0_1.jpg.296x216.jpg
20201223,松江,松江老城,近地铁，满五唯一，电梯房，精装修,102万,1室0厅 | 47.6平米 | 北 | 精装 | 18层 | 2005年建 | 塔楼,http://image1.ljcdn.com/110000-inspection/pc1_PK7p0wrpO_1.jpg.296x216.jpg
20201223,松江,松江老城,维罗纳贵都两房 带花园 装修精美保养好房主自荐,350万,2室2厅 | 106.86平米 | 南 | 精装 | 低楼层(共8层) | 2007年建 | 板楼,http://image1.ljcdn.com/310000-inspection/pc1_T3mhfruPg_1.jpg.296x216.jpg
20201223,松江,松江老城,房子满五年唯一，税少，位置佳+精装修+看房随时！房主自荐,360万,3室2厅 | 126.38平米 | 南 | 精装 | 低楼层(共5层) | 2001年建 | 板楼,http://image1.ljcdn.com/310000-inspection/prod-08360367-4e00-427e-8436-f0178c8b3408.jpg.296x216.jpg
20201223,松江,松江老城,满五唯一，双南夹厅飞机户型的三房,385万,3室2厅 | 118.89平米 | 南 | 精装 | 中楼层(共6层) | 2006年建 | 板楼,http://image1.ljcdn.com/310000-inspection/pc1_ChkVRzoV9_1.jpg.296x216.jpg
20201223,松江,松江老城,维罗纳贵都大户型 花园社区  位置好楼层好,498万,3室2厅 | 140平米 | 南 | 精装 | 中楼层(共7层) | 2006年建 | 板楼,http://image1.ljcdn.com/310000-inspection/test-b233fb2d-c0b6-4bc9-b99f-dd22658f4167.png.296x216.jpg
20201223,松江,松江老城,花园洋房，通风好，户型方正，带大露台,550万,4室1厅 | 136.74平米 | 南 | 精装 | 低楼层(共7层) | 2015年建 | 板楼,http://image1.ljcdn.com/310000-inspection/prod-95485bec-7e7e-4c52-bffa-0727fbbc5ad5.jpg.296x216.jpg
20201223,松江,松江老城,海尚名都小区，总价低 面积大，您值得拥有房主自荐,298万,2室2厅 | 93.07平米 | 南 | 毛坯 | 低楼层(共26层) | 2012年建 | 板楼,http://image1.ljcdn.com/110000-inspection/pc1_vvcVVpVzF_1.jpg.296x216.jpg
20201223,松江,松江老城,荣乐四村94年精装2房，双南两房，拎包入住，诚意出售房主自荐,189万,2室1厅 | 56.91平米 | 南 | 精装 | 高楼层(共6层) | 1994年建 | 板楼,http://image1.ljcdn.com/310000-inspection/prod-461a4dc8-2411-4b2e-a2ca-0a81fe253910.jpg.296x216.jpg
20201223,松江,松江老城,月厦新天地 1室0厅 西,105万,1室0厅 | 51.56平米 | 西 | 简装 | 18层 | 2005年建 | 塔楼,http://image1.ljcdn.com/110000-inspection/pc1_7r5E6O006_1.jpg.296x216.jpg
20201223,松江,松江老城,满五唯一税费少 精装拎包入住  看房提前约,500万,5室3厅 | 194.58平米 | 南 | 精装 | 高楼层(共6层) | 2000年建 | 板楼,http://image1.ljcdn.com/310000-inspection/prod-15d63e28-6cac-45c9-b48c-0c2093aeb4cf.jpg.296x216.jpg
20201223,松江,松江老城,荣乐小三房 位置佳 采光通风好 满五唯一税费少房主自荐,230万,3室1厅 | 70.86平米 | 南 | 简装 | 高楼层(共6层) | 1986年建 | 板楼,http://image1.ljcdn.com/310000-inspection/pc1_kE80AxoRp_1.jpg.296x216.jpg
20201223,松江,松江老城,楼层好、近地铁、小三房，带院子，采光好,238万,3室1厅 | 72.4平米 | 南 | 毛坯 | 低楼层(共5层) | 1980年建 | 板楼,http://image1.ljcdn.com/110000-inspection/pc1_mULA3OGpz_1.jpg.296x216.jpg
20201223,松江,松江老城,精装修，无抵押产权清晰，小区品质好，居住群体素质高房主自荐,283万,2室2厅 | 81.73平米 | 南 | 精装 | 低楼层(共12层) | 2012年建 | 板楼,http://image1.ljcdn.com/110000-inspection/pc1_Z14dfu6Pe_1.jpg.296x216.jpg
20201223,松江,松江老城,此房满五年，楼层好装修好，格局好，配套成熟,460万,3室2厅 | 138.86平米 | 南 | 精装 | 低楼层(共13层) | 2006年建 | 板楼,http://image1.ljcdn.com/310000-inspection/pc1_onPBc7kdk_1.jpg.296x216.jpg
20201223,松江,松江老城,北九峰 新上现浇房 大2房 满五 诚心出售 看房方便房主自荐,345万,2室1厅 | 97.84平米 | 南 | 简装 | 低楼层(共6层)  | 板楼,http://image1.ljcdn.com/310000-inspection/pc1_lHwIj18jt_1.jpg.296x216.jpg
20201223,松江,松江老城,2015年的别墅  满两年 180万装修 边套 诚意出售房主自荐,1230万,5室2厅 | 281.42平米 | 南 | 精装 | 低楼层(共3层) | 2014年建 | 板楼,http://image1.ljcdn.com/110000-inspection/ba572126b8d8309e2ad0c77efccca455-036.jpg.296x216.jpg
20201223,松江,松江老城,维罗纳贵都 2室2厅 南,309万,2室2厅 | 102.71平米 | 南 | 精装 | 低楼层(共14层) | 2009年建 | 板楼,
20201223,松江,松江老城,此房满五唯一,采光好，通风好 位置佳,169万,2室1厅 | 52.58平米 | 南 | 简装 | 高楼层(共6层) | 1982年建 | 板楼,http://image1.ljcdn.com/x-se/310000-frame/c3579e7a-448d-4f0e-bb1f-f9cb483ade57.jpg.296x216.jpg
20201223,松江,松江老城,农房松江府 3室2厅 南,340万,3室2厅 | 89.34平米 | 南 | 精装 | 11层  | 板楼,
20201223,松江,松江老城,松江颐景园 不靠路 楼层好 位置好 3房房主自荐,345万,3室1厅 | 90.41平米 | 南 | 毛坯 | 13层  | 板楼,
20201223,松江,松江老城,顶楼带阁楼，小复式，满五唯一，小区中间位置房主自荐,375万,3室2厅 | 114.36平米 | 南 | 简装 | 高楼层(共6层) | 1997年建 | 板楼,
20201223,松江,松江老城,凤凰小区 2室1厅 南,248万,2室1厅 | 80平米 | 南 | 简装 | 中楼层(共5层) | 1982年建 | 板楼,http://image1.ljcdn.com/x-se/hdic-frame/standard_6e566bfd-cbe1-48a9-b4f9-5a2f7f2febf4.png.296x216.jpg
20201223,松江,松江老城,两房，满五年，低楼层，出行方便，可自行装修,208万,2室1厅 | 63.26平米 | 南 | 简装 | 低楼层(共6层) | 1994年建 | 板楼,http://image1.ljcdn.com/x-se/hdic-frame/0006c866-e663-40c3-a798-35c3d3d31ddc.png.296x216.jpg
20201223,松江,松江老城,满五唯一税费少，双南房间位置好,179万,2室1厅 | 57.16平米 | 南 | 精装 | 高楼层(共6层) | 1994年建 | 板楼,http://image1.ljcdn.com/x-se/hdic-frame/e39e2b24-ff33-4219-af14-06d196648c47.png.296x216.jpg
20201223,松江,松江老城,颐景园 精装小三房带车位 纯人车分流 没有遮挡,350万,3室2厅 | 91平米 | 南 | 精装 | 13层  | 板楼,
20201223,松江,松江老城,电梯房采光好边套园社区 位置好楼层好,480万,3室2厅 | 138.58平米 | 南 | 精装 | 低楼层(共7层) | 2006年建 | 板楼,
20201223,松江,松江老城,金地艺境(松江) 3室2厅 南,354万,3室2厅 | 89.9平米 | 南 | 精装 | 高楼层(共11层)  | 板楼,http://image1.ljcdn.com/x-se/hdic-frame/d4f31d9a-9926-46d7-b218-60c923124530.png.296x216.jpg
20201223,松江,松江老城,精装修，复式好房，家电齐全，可直接拎包入住。新上,430万,3室1厅 | 144.96平米 | 南 | 其他 | 高楼层(共6层) | 1999年建 | 板楼,http://image1.ljcdn.com/110000-inspection/pc1_3TDWDhcXc_1.jpg.296x216.jpg
20201223,松江,松江老城,此房户型很好，南北直通，采光好，位置好,290万,2室1厅 | 89.91平米 | 南 | 精装 | 低楼层(共21层) | 2000年建 | 板楼,http://image1.ljcdn.com/110000-inspection/pc1_UtKBgvgKI_1.jpg.296x216.jpg
20201223,松江,松江老城,婚房精装修大三房，业主诚心出售,390万,3室2厅 | 129.82平米 | 南 | 精装 | 低楼层(共26层) | 2014年建 | 板楼,http://image1.ljcdn.com/110000-inspection/pc1_mtO3aAcIG_1.jpg.296x216.jpg
20201223,松江,松江老城,洋房小区次新房一楼装修好带花园,600万,4室2厅 | 143平米 | 南 北 | 精装 | 低楼层(共7层) | 2015年建 | 板楼,http://image1.ljcdn.com/110000-inspection/pc1_Sm8QDPxGV_1.jpg.296x216.jpg
20201223,松江,松江老城,精装＋车位 诚意出售 2014年房龄,305万,2室2厅 | 89.24平米 | 南 | 精装 | 低楼层(共21层) | 2000年建 | 板楼,http://image1.ljcdn.com/110000-inspection/pc1_ORKbK1qys_1.jpg.296x216.jpg
20201223,松江,松江老城,海尚名都高层景观房+视野开阔+采光充足房主自荐,319万,2室2厅 | 93.07平米 | 南 | 简装 | 高楼层(共26层) | 2012年建 | 板楼,http://image1.ljcdn.com/110000-inspection/pc1_i6tAEzc2v_1.jpg.296x216.jpg
20201223,松江,松江老城,人乐小区 2室2厅 南新上,241万,2室2厅 | 68.68平米 | 南 | 简装 | 高楼层(共6层) | 1982年建 | 板楼,http://image1.ljcdn.com/110000-inspection/pc1_6xBGiIIph_1.jpg.296x216.jpg
20201223,松江,松江老城,海尚名都正气一房 高层景观房 诚意出售房主自荐,235万,1室2厅 | 70.47平米 | 南 | 精装 | 高楼层(共26层) | 2012年建 | 板楼,http://image1.ljcdn.com/310000-inspection/prod-5a2c8c63-35b6-4a2d-897a-34943f13832c.jpg.296x216.jpg
20201223,松江,松江老城,民乐一村+精装大四房+近地铁+看房随时房主自荐,438万,4室2厅 | 152.85平米 | 暂无数据 | 简装 | 高楼层(共6层) | 1998年建 | 板楼,http://image1.ljcdn.com/310000-inspection/prod-05fca682-d581-4ed5-8f8f-5af822fba97f.jpg.296x216.jpg
20201223,松江,松江老城,6复7  一梯一户两层面积大 有露台 四房三卫看房方便房主自荐,430万,4室2厅 | 138.75平米 | 南 | 简装 | 高楼层(共6层) | 2001年建 | 板楼,http://image1.ljcdn.com/310000-inspection/prod-f29867db-d6d8-48dc-ab2c-b71363ece82d.jpg.296x216.jpg
20201223,松江,松江老城,海尚名都正两房+双南户型+双阳台,300万,2室2厅 | 89.75平米 | 南 | 毛坯 | 低楼层(共26层) | 2012年建 | 板楼,http://image1.ljcdn.com/110000-inspection/pc1_fEhlitSsF_1.jpg.296x216.jpg
20201223,松江,松江老城,满五唯一税费低，业主诚心出售，价格美丽,243万,2室1厅 | 88.41平米 | 南 | 简装 | 高楼层(共6层) | 1995年建 | 板楼,http://image1.ljcdn.com/110000-inspection/pc1_4XmX9aOch_1.jpg.296x216.jpg
20201223,松江,松江老城,三星苑 3室2厅 南 北,420万,3室2厅 | 150.67平米 | 南 北 | 精装 | 中楼层(共6层) | 2004年建 | 板楼,http://image1.ljcdn.com/110000-inspection/pc1_9bRoMCnjt_1.jpg.296x216.jpg
20201223,松江,松江老城,三星苑 4室2厅 南,420万,4室2厅 | 150.2平米 | 南 | 精装 | 低楼层(共6层) | 2004年建 | 板楼,http://image1.ljcdn.com/110000-inspection/pc1_nTgkuBQPx_1.jpg.296x216.jpg
20201223,松江,松江老城,三星苑 3室2厅 南,375万,3室2厅 | 150.42平米 | 南 | 精装 | 低楼层(共6层) | 2004年建 | 板楼,http://image1.ljcdn.com/110000-inspection/pc1_Plge2UQh7_1.jpg.296x216.jpg
20201223,松江,松江老城,民乐小区正两房，中间楼层，中间位置房主自荐,305万,2室1厅 | 76.69平米 | 南 | 简装 | 中楼层(共6层) | 1997年建 | 板楼,http://image1.ljcdn.com/110000-inspection/518b79fa-725a-40d3-840f-f9c11d8fd2d9_1000.jpg.296x216.jpg
20201223,松江,松江老城,业主诚意出售，视野开阔 精装修 拎包入住,235万,1室1厅 | 65平米 | 南 | 精装 | 低楼层(共14层) | 2014年建 | 板楼,http://image1.ljcdn.com/310000-inspection/pc1_twIhESQCR_1.jpg.296x216.jpg
20201223,松江,松江老城,老城少有电梯房，小区环境优美。。。。。房主自荐,378万,2室1厅 | 90平米 | 南 北 | 精装 | 高楼层(共12层) | 2012年建 | 板楼,http://image1.ljcdn.com/110000-inspection/pc1_NCPKprY6N_1.jpg.296x216.jpg
20201223,松江,松江老城,房子满五唯一税费低，楼层好，近地铁,248万,2室1厅 | 88.41平米 | 南 北 | 精装 | 中楼层(共6层) | 1982年建 | 板楼,http://image1.ljcdn.com/110000-inspection/pc1_FpMOTE1GX_1.jpg.296x216.jpg
20201223,松江,松江老城,乐都路人乐北门口，南北直通大两房，随时看房,260万,2室2厅 | 90平米 | 南 | 简装 | 高楼层(共6层) | 1998年建 | 板楼,http://image1.ljcdn.com/110000-inspection/pc1_vyvMafC0z_1.jpg.296x216.jpg
20201223,松江,松江老城,满五唯一税费少，精装修，楼层好，近地铁。,192万,2室1厅 | 69.2平米 | 南 | 简装 | 低楼层(共6层) | 1995年建 | 板楼,http://image1.ljcdn.com/110000-inspection/pc1_nHk3XvUUz_1.jpg.296x216.jpg
20201223,松江,松江老城,优质简装两房，好楼层，采光好，诚意出售,255万,2室1厅 | 70.95平米 | 南 | 简装 | 低楼层(共18层) | 2012年建 | 板楼,http://image1.ljcdn.com/110000-inspection/pc1_0FDSLGdK7_1.jpg.296x216.jpg
20201223,松江,松江老城,南北房，小区中间位置，近地铁，交通便利房主自荐,320万,2室1厅 | 100.02平米 | 南 | 简装 | 高楼层(共6层) | 1999年建 | 板楼,http://image1.ljcdn.com/310000-inspection/prod-95ffb00f-2e97-4c39-a54b-064372f4df34.jpg.296x216.jpg
20201223,松江,松江老城,现浇房 民乐雪区 南北直通两房 楼层好 位置优房主自荐,360万,2室2厅 | 111平米 | 南 | 简装 | 中楼层(共6层) | 2001年建 | 板楼,http://image1.ljcdn.com/110000-inspection/pc1_aEjgt4OVH_1.jpg.296x216.jpg
20201223,松江,松江老城,满五唯一税少  电梯景观房 南北直通,350万,2室2厅 | 95.92平米 | 南 | 精装 | 中楼层(共26层) | 2012年建 | 板楼,http://image1.ljcdn.com/110000-inspection/pc1_mD7JsDLam_1.jpg.296x216.jpg
20201223,松江,松江老城,小区中间位置，中间楼层，满五唯一，装修好新上,265万,2室1厅 | 72.35平米 | 南 | 精装 | 高楼层(共6层) | 2006年建 | 板楼,http://image1.ljcdn.com/x-se/hdic-frame/03cc7b97-d4f6-4433-9ebe-e4a38b189231.png.296x216.jpg
20201223,松江,松江老城,万科金色华亭 3室2厅 南新上,376万,3室2厅 | 89.62平米 | 南 | 其他 | 高楼层(共11层) | 2013年建 | 板楼,http://image1.ljcdn.com/x-se/hdic-frame/91b94ee5-0c6c-4dfe-bea5-93ee33a3709f.png.296x216.jpg
20201223,松江,松江老城,万科红人馆 2室1厅 东,106万,2室1厅 | 46.74平米 | 东 | 其他 | 高楼层(共5层) | 2013年建 | 板楼,
20201223,松江,松江老城,万科红人馆 2室1厅 南,110万,2室1厅 | 50平米 | 南 | 其他 | 中楼层(共5层) | 2013年建 | 板楼,
20201223,松江,松江老城,万科红人馆 2室1厅 东,110万,2室1厅 | 50平米 | 东 | 其他 | 中楼层(共5层) | 2013年建 | 板楼,
20201223,松江,松江老城,万科红人馆 2室1厅 南,105万,2室1厅 | 46平米 | 南 | 其他 | 中楼层(共5层) | 2013年建 | 板楼,http://image1.ljcdn.com/x-se/hdic-frame/prod-fded361d-00d6-4f8a-bbbf-57dc824afe86.png.296x216.jpg
20201223,松江,松江老城,万科红人馆 1室1厅 东 西,110万,1室1厅 | 57平米 | 东 西 | 其他 | 高楼层(共5层) | 2013年建 | 板楼,http://image1.ljcdn.com/x-se/hdic-frame/prod-da5bc9f4-c452-4351-9910-39f8f579a999.png.296x216.jpg
20201223,松江,松江老城,万科红人馆 1室1厅 西,110万,1室1厅 | 46.78平米 | 西 | 其他 | 高楼层(共5层) | 2013年建 | 板楼,
20201223,松江,松江老城,万科红人馆 2室1厅 东,109万,2室1厅 | 46.09平米 | 东 | 精装 | 中楼层(共5层) | 2013年建 | 板楼,
20201223,松江,松江老城,维罗纳贵都经典小户型，精装总价低，满二年，诚心出售,118万,1室1厅 | 30.23平米 | 南 | 简装 | 中楼层(共6层) | 2008年建 | 板楼,http://image1.ljcdn.com/x-se/hdic-frame/bb312c96-178c-42f8-b678-a30c094eb443.png.296x216.jpg
20201223,松江,松江老城,万科红人馆 2室1厅 南,110万,2室1厅 | 47.38平米 | 南 | 其他 | 中楼层(共5层) | 2013年建 | 板楼,
20201223,松江,松江老城,万科红人馆 2室1厅 东,105万,2室1厅 | 47平米 | 东 | 精装 | 中楼层(共5层) | 2013年建 | 板楼,
20201223,松江,松江老城,万科红人馆 2室1厅 东,109万,2室1厅 | 51.9平米 | 东 | 其他 | 中楼层(共5层)  | 板楼,
20201223,松江,松江老城,万科红人馆 2室1厅 西,100万,2室1厅 | 46平米 | 西 | 其他 | 高楼层(共5层) | 2013年建 | 板楼,
20201223,松江,松江老城,万科红人馆 2室1厅 西,105万,2室1厅 | 47平米 | 西 | 其他 | 中楼层(共5层) | 2013年建 | 板楼,http://image1.ljcdn.com/x-se/hdic-frame/prod-fe9be495-0429-44f1-ac95-70d472287666.png.296x216.jpg
20201223,松江,松江老城,万科红人馆 2室2厅 南,120万,2室2厅 | 45.37平米 | 南 | 其他 | 高楼层(共5层) | 2013年建 | 板楼,http://image1.ljcdn.com/x-se/hdic-frame/prod-2d453b75-6b16-4857-b960-a73d9869086a.png.296x216.jpg
20201223,松江,松江老城,万科红人馆 2室1厅 东,120万,2室1厅 | 46.85平米 | 东 | 精装 | 中楼层(共5层) | 2013年建 | 板楼,http://image1.ljcdn.com/x-se/hdic-frame/prod-04c6d2d0-094b-4ae0-9b84-03a1d4916bf5.png.296x216.jpg
20201223,松江,松江老城,万科红人馆 2室1厅 西,110万,2室1厅 | 47.38平米 | 西 | 精装 | 中楼层(共5层) | 2013年建 | 板楼,
20201223,松江,松江老城,万科红人馆 2室1厅 南,110万,2室1厅 | 46平米 | 南 | 其他 | 中楼层(共5层) | 2013年建 | 板楼,
20201223,松江,松江老城,万科红人馆 2室1厅 西,120万,2室1厅 | 46.26平米 | 西 | 其他 | 中楼层(共5层) | 2013年建 | 板楼,
20201223,松江,松江老城,万科红人馆 2室1厅 西,120万,2室1厅 | 45.39平米 | 西 | 精装 | 高楼层(共5层) | 2013年建 | 板楼,http://image1.ljcdn.com/x-se/hdic-frame/prod-fd7e9271-922b-4e6f-bfb6-ac3ec3849264.png.296x216.jpg
20201223,松江,松江老城,此房满五，全明户型，楼层好，视野开阔,430万,3室2厅 | 118.81平米 | 南 | 精装 | 中楼层(共6层) | 2006年建 | 板楼,
20201223,松江,松江老城,万科红人馆 2室1厅 南,125万,2室1厅 | 48平米 | 南 | 其他 | 高楼层(共5层) | 2013年建 | 板楼,
