20201223,松江,松江大学城,御上海小区 南北直通 精装修小三居室 带40平方花园必看好房,389.9万,3室2厅 | 91.26平米 | 南 | 精装 | 低楼层(共11层) | 2009年建 | 板楼,http://image1.ljcdn.com/110000-inspection/pc1_dofKU7zbi_1.jpg.296x216.jpg
20201223,松江,松江大学城,保利新出南北通两房+楼层好位置佳+房东诚意出售必看好房,388万,2室2厅 | 89.85平米 | 南 | 精装 | 低楼层(共18层) | 2009年建 | 板楼,http://image1.ljcdn.com/110000-inspection/pc1_AUdrAhRU3_1.jpg.296x216.jpg
20201223,松江,松江大学城,满二+精装修+品牌家具家电+带车位+万科物业管理必看好房,438万,3室2厅 | 90.72平米 | 南 | 精装 | 低楼层(共18层) | 2016年建 | 板楼,http://image1.ljcdn.com/110000-inspection/pc1_FSJ8weVIW_1.jpg.296x216.jpg
20201223,松江,松江大学城,满五唯一，精装修加地暖，飞机户型，楼层位置好，急售必看好房,435万,3室2厅 | 131.03平米 | 南 北 | 精装 | 中楼层(共6层) | 2006年建 | 板楼,http://image1.ljcdn.com/110000-inspection/pc1_EbgWgh1dw_1.jpg.296x216.jpg
20201223,松江,松江大学城,高品质小区，小区人车分流，高楼层，业主诚意出售必看好房,350万,3室2厅 | 87.69平米 | 南 | 精装 | 低楼层(共20层) | 2012年建 | 塔楼,http://image1.ljcdn.com/110000-inspection/pc1_UIKoilHL0_1.jpg.296x216.jpg
20201223,松江,松江大学城,独立一栋，中，央位置，有产权车位，带地暖，近万达必看好房,660万,3室2厅 | 140.86平米 | 南 北 | 精装 | 中楼层(共18层) | 2016年建 | 板楼,http://image1.ljcdn.com/110000-inspection/pc1_yvaI12o1n_1.jpg.296x216.jpg
20201223,松江,松江大学城,钻石楼层，浪漫唯美，拎包入住，畅享阳光生活~必看好房,425万,2室2厅 | 93.97平米 | 南 | 精装 | 高楼层(共18层) | 2009年建 | 板楼,http://image1.ljcdn.com/110000-inspection/pc1_BHIMrpU2s_1.jpg.296x216.jpg
20201223,松江,松江大学城,次新房+南北通透+大平层+一梯一户必看好房,770万,3室2厅 | 180.02平米 | 南 北 | 简装 | 低楼层(共17层) | 2014年建 | 板楼,http://image1.ljcdn.com/110000-inspection/pc1_xOpNgZDZZ_1.jpg.296x216.jpg
20201223,松江,松江大学城,四期新出大三房，得房率高，中间楼层，开发商精装修必看好房,505万,3室2厅 | 116.37平米 | 南 北 | 精装 | 中楼层(共15层) | 2014年建 | 板楼,http://image1.ljcdn.com/110000-inspection/pc1_0qO2eP4Kq_1.jpg.296x216.jpg
20201223,松江,松江大学城,景观房|对口十二年制松外|精装南北通|满五唯一税费少必看好房,560万,3室2厅 | 142平米 | 南 北 | 精装 | 中楼层(共14层) | 2006年建 | 板楼,http://image1.ljcdn.com/110000-inspection/pc1_fhUuYLH3i_1.jpg.296x216.jpg
20201223,松江,松江大学城,三湘大三房，楼层好，满五唯一，视野好，南北直通必看好房,578万,3室2厅 | 123.1平米 | 南 北 | 精装 | 中楼层(共14层) | 2007年建 | 板楼,http://image1.ljcdn.com/110000-inspection/pc1_fjWDbfRpn_1.jpg.296x216.jpg
20201223,松江,松江大学城,新上9号线上外 品质小区 品质物业 精装全配，高层必看好房,460万,3室2厅 | 121.67平米 | 南 | 精装 | 高楼层(共20层) | 2013年建 | 塔楼,http://image1.ljcdn.com/110000-inspection/pc1_HKVv19L8X_1.jpg.296x216.jpg
20201223,松江,松江大学城,满五年唯一；精装修；诚售；万科物业；近万达必看好房,445万,3室2厅 | 88.17平米 | 南 | 精装 | 中楼层(共21层) | 2014年建 | 板楼,http://image1.ljcdn.com/110000-inspection/pc1_3sLIHqqfg_1.jpg.296x216.jpg
20201223,松江,松江大学城,各付税!!!品质小区，温馨小复式，业主诚心出售必看好房,332万,2室2厅 | 82.71平米 | 南 | 简装 | 高楼层(共20层) | 2013年建 | 塔楼,http://image1.ljcdn.com/110000-inspection/pc1_Hbg0DNVQm_1.jpg.296x216.jpg
20201223,松江,松江大学城,新城东华+绿地品质+阁楼35平+无个税+封闭阳台+诚心卖必看好房,215万,2室1厅 | 45.7平米 | 南 北 | 精装 | 10层 | 2010年建 | 板楼,http://image1.ljcdn.com/110000-inspection/pc1_0MYdIgVXW_1.jpg.296x216.jpg
20201223,松江,松江大学城,九号线+上外松外+联排边套大花园+百万装修+仅契税必看好房,664万,3室2厅 | 114.57平米 | 南 | 精装 | 低楼层(共3层) | 2010年建 | 板楼,http://image1.ljcdn.com/110000-inspection/pc1_gSglUecXo_1.jpg.296x216.jpg
20201223,松江,松江大学城,满五唯一 诚意出售 户型方正 82%得房率 看房方便必看好房,469万,3室2厅 | 120.24平米 | 南 北 | 精装 | 低楼层(共12层) | 2007年建 | 板楼,http://image1.ljcdn.com/110000-inspection/pc1_hv3uzrKAx_1.jpg.296x216.jpg
20201223,松江,松江大学城,诚心出售，格局好，全明户型，前后无遮挡，采光好必看好房,445万,2室2厅 | 101.02平米 | 南 | 精装 | 中楼层(共14层) | 2006年建 | 板楼,http://image1.ljcdn.com/110000-inspection/pc1_ElMDTHjQ8_1.jpg.296x216.jpg
20201223,松江,松江大学城,御上海  两居室  两房超南  采光好  位置好必看好房,295万,2室1厅 | 65.59平米 | 南 | 精装 | 中楼层(共18层) | 2009年建 | 板楼,http://image1.ljcdn.com/110000-inspection/pc1_s1hWDzwLc_1.jpg.296x216.jpg
20201223,松江,松江大学城,新上/满2年；万达配套；次新房；万科物业；必看好房,385万,3室2厅 | 81.73平米 | 南 | 精装 | 低楼层(共20层) | 2015年建 | 板楼,http://image1.ljcdn.com/110000-inspection/pc1_5ecwQ8SYz_1.jpg.296x216.jpg
20201223,松江,松江大学城,近万达商圈 ，T2有轨电车，次新房，生活交通便利必看好房,660万,3室2厅 | 145.31平米 | 南 北 | 精装 | 低楼层(共18层) | 2016年建 | 板楼,http://image1.ljcdn.com/110000-inspection/pc1_vsL2Nq1QQ_1.jpg.296x216.jpg
20201223,松江,松江大学城,首创优质房源，位置好，带花园。必看好房,460万,3室2厅 | 96.19平米 | 南 | 简装 | 低楼层(共6层) | 2015年建 | 板楼,http://image1.ljcdn.com/110000-inspection/94cebd83-64b0-4bf1-ac2b-05746b766ca4.jpeg.296x216.jpg
20201223,松江,松江大学城,楼层高采光好，满两年，业主诚意出售，近万达必看好房,400万,2室1厅 | 80.5平米 | 南 | 简装 | 高楼层(共22层) | 2015年建 | 板楼,
20201223,松江,松江大学城,保利必看好房，南北通，中楼层，满五唯一，诚心出售。必看好房,380万,2室2厅 | 90.34平米 | 南 北 | 简装 | 中楼层(共14层) | 2008年建 | 板楼,
20201223,松江,松江大学城,房东急售，满五唯一精装修好房子新上,545万,3室1厅 | 127.85平米 | 南 | 精装 | 低楼层(共18层) | 2005年建 | 板楼,http://image1.ljcdn.com/110000-inspection/pc1_oFO2wP7sz_1.jpg.296x216.jpg
20201223,松江,松江大学城,低密度洋房，临河位置，附带使用权车位，储藏室新上,578万,3室2厅 | 148.01平米 | 南 | 精装 | 高楼层(共6层) | 2007年建 | 板楼,http://image1.ljcdn.com/110000-inspection/pc1_gsmj5rVuY_1.jpg.296x216.jpg
20201223,松江,松江大学城,绿地蔷薇九里(公寓) 3室1厅 南新上,418万,3室1厅 | 91.04平米 | 南 | 精装 | 低楼层(共12层) | 2012年建 | 板楼,http://image1.ljcdn.com/110000-inspection/pc1_R8BgsZq4J_1.jpg.296x216.jpg
20201223,松江,松江大学城,九龙仓精装下叠，拎包入住，业主诚心房主自荐,690万,4室2厅 | 193.05平米 | 南 北 | 精装 | 下叠(共3层) | 2014年建 | 板楼 | 叠拼别墅,http://image1.ljcdn.com/110000-inspection/pc1_ocqhG7EpH_1.jpg.296x216.jpg
20201223,松江,松江大学城,清水毛坯房 一楼带花园加大地下室 急售急售！！房主自荐,680万,3室2厅 | 205.11平米 | 南 | 毛坯 | 低楼层(共14层) | 2006年建 | 板楼,http://image1.ljcdn.com/110000-inspection/pc1_8lwqQBYKf_1.jpg.296x216.jpg
20201223,松江,松江大学城,顶楼复式 俯瞰大学城 看房方便 5房 诚意出售！房主自荐,690万,5室2厅 | 187平米 | 南 北 | 精装 | 高楼层(共14层) | 2008年建 | 板楼,http://image1.ljcdn.com/110000-inspection/pc1_TsLYBJJjP_1.jpg.296x216.jpg
20201223,松江,松江大学城,店长推荐保利临河位置，不靠地铁精装看房方便，新上,528万,3室2厅 | 112.72平米 | 南 | 精装 | 低楼层(共14层) | 2008年建 | 板楼,http://image1.ljcdn.com/110000-inspection/pc1_hmOnTzcDW_1.jpg.296x216.jpg
20201223,松江,松江大学城,满五年，双南户型，精装修，出门方便自带shangyejie,272万,1室2厅 | 63平米 | 南 | 精装 | 低楼层(共18层) | 2009年建 | 板楼,http://image1.ljcdn.com/110000-inspection/pc1_C1PIHnPXj_1.jpg.296x216.jpg
20201223,松江,松江大学城,满五唯一，税费少，二期位置，带花园。,410万,2室2厅 | 89.03平米 | 南 | 精装 | 低楼层(共18层) | 2009年建 | 板楼,http://image1.ljcdn.com/110000-inspection/pc1_yzrN7sp5n_1.jpg.296x216.jpg
20201223,松江,松江大学城,万科梦想派 3室2厅 南新上,443万,3室2厅 | 85.34平米 | 南 | 精装 | 低楼层(共22层) | 2015年建 | 板楼,http://image1.ljcdn.com/110000-inspection/pc1_uWaenQFlB_1.jpg.296x216.jpg
20201223,松江,松江大学城,上外大俩房  近地铁  精装修 期待近期出售 期待有缘人新上,438万,2室2厅 | 98.73平米 | 南 | 精装 | 低楼层(共18层) | 2005年建 | 板楼,http://image1.ljcdn.com/110000-inspection/pc1_SETPDNhVi_1.jpg.296x216.jpg
20201223,松江,松江大学城,超罕见！三湘少有四房+大花园+明窗地下室房主自荐,789万,4室2厅 | 250平米 | 南 | 精装 | 低楼层(共14层) | 2007年建 | 板楼,http://image1.ljcdn.com/110000-inspection/pc1_KnGcGHtmF_1.jpg.296x216.jpg
20201223,松江,松江大学城,店长推荐，诚意出售大三房，楼层好房主自荐,485万,3室2厅 | 122.1平米 | 南 | 毛坯 | 高楼层(共12层) | 2007年建 | 板楼,http://image1.ljcdn.com/110000-inspection/pc1_9W6A9AXOT_1.jpg.296x216.jpg
20201223,松江,松江大学城,九龙仓精品上叠，税费少，业主诚心出售房主自荐,660万,3室2厅 | 161平米 | 南 | 简装 | 上叠(共4层) | 2014年建 | 板楼 | 叠拼别墅,http://image1.ljcdn.com/110000-inspection/pc1_vtVFfOQ8b_1.jpg.296x216.jpg
20201223,松江,松江大学城,珑园三期叠加 大花园 有车位 一手清水房 带地下储藏室房主自荐,660万,4室2厅 | 117.74平米 | 南 | 简装 | 中楼层(共5层) | 2015年建 | 板楼,http://image1.ljcdn.com/110000-inspection/pc1_NAqJxBOrf_1.jpg.296x216.jpg
20201223,松江,松江大学城,链家优选：精装修  保利二期  楼层好,278万,1室2厅 | 59.49平米 | 南 | 精装 | 中楼层(共18层) | 2009年建 | 板楼,http://image1.ljcdn.com/110000-inspection/pc1_yoMsGAt97_1.jpg.296x216.jpg
20201223,松江,松江大学城,满五唯一，有车位景观楼层视野宽阔配套设施齐全诚售,398万,3室2厅 | 89.47平米 | 南 北 | 精装 | 中楼层(共18层) | 2013年建 | 板楼,http://image1.ljcdn.com/110000-inspection/pc1_dha6KkvUC_1.jpg.296x216.jpg
20201223,松江,松江大学城,满五唯一，开发商装修，自住保养好，小区中间位置,390万,2室2厅 | 88.04平米 | 南 | 精装 | 低楼层(共12层) | 2012年建 | 板楼,http://image1.ljcdn.com/110000-inspection/pc1_fALdTf9Wm_1.jpg.296x216.jpg
20201223,松江,松江大学城,大学城大三房两卫！合家欢户型！位置楼层好！房主自荐,660万,3室2厅 | 158.75平米 | 南 | 精装 | 高楼层(共27层) | 2006年建 | 板楼,http://image1.ljcdn.com/110000-inspection/pc1_2tF35K7Th_1.jpg.296x216.jpg
20201223,松江,松江大学城,高品质小区 二期中间位置 带字母车位  改造合理房主自荐,800万,4室2厅 | 250.69平米 | 南 | 其他 | 下叠(共3层) | 2014年建 | 板楼 | 叠拼别墅,http://image1.ljcdn.com/110000-inspection/pc1_13FfpzgF5_1.jpg.296x216.jpg
20201223,松江,松江大学城,少有顶楼复式，俯瞰松江，3年内的新装修，全屋地暖。房主自荐,780万,5室3厅 | 252.54平米 | 南 北 | 精装 | 高楼层(共24层) | 2005年建 | 板楼,http://image1.ljcdn.com/110000-inspection/pc1_j3wcVT8TA_1.jpg.296x216.jpg
20201223,松江,松江大学城,满两年、带花园、南北通、飞机户型、看房随时房主自荐,490万,3室2厅 | 114.88平米 | 南 | 毛坯 | 低楼层(共7层) | 2016年建 | 板楼,http://image1.ljcdn.com/110000-inspection/pc1_6jaNhIFbG_1.jpg.296x216.jpg
20201223,松江,松江大学城,房东忍痛出售寻求有缘人，静谧大三房小区中间位置房主自荐,425万,3室2厅 | 145.68平米 | 南 | 简装 | 低楼层(共14层) | 2005年建 | 板楼,http://image1.ljcdn.com/110000-inspection/pc1_cHsHSfGMd_1.jpg.296x216.jpg
20201223,松江,松江大学城,首创锦悦 3室2厅 南 北,429万,3室2厅 | 93.93平米 | 南 北 | 精装 | 高楼层(共17层) | 2016年建 | 板楼,http://image1.ljcdn.com/110000-inspection/pc1_hp5hp5LNs_1.jpg.296x216.jpg
20201223,松江,松江大学城,本房离万达广场，地铁站，公交总站，轻轨站，人民医院,378万,2室2厅 | 125.89平米 | 南 | 毛坯 | 中楼层(共24层) | 2005年建 | 板楼,http://image1.ljcdn.com/110000-inspection/pc1_7Z2sg0bU0_1.jpg.296x216.jpg
20201223,松江,松江大学城,近小区南门 前排无遮挡 精装修大两房 看房方便房主自荐,352万,2室1厅 | 114.38平米 | 南 北 | 精装 | 中楼层(共14层) | 2005年建 | 板楼,http://image1.ljcdn.com/310000-inspection/pc1_nITIH5Uw2_1.jpg.296x216.jpg
20201223,松江,松江大学城,房东诚意出售，精装修带空调，楼层好，视野好,600万,3室2厅 | 108.55平米 | 南 | 精装 | 高楼层(共7层) | 2016年建 | 板楼,http://image1.ljcdn.com/110000-inspection/pc1_kkf7jYUbB_1.jpg.296x216.jpg
20201223,松江,松江大学城,顶楼复式丨婚房装修丨全明户型丨房东急售丨拎包入住丨房主自荐,568万,3室3厅 | 133.78平米 | 南 | 精装 | 高楼层(共12层) | 2012年建 | 板楼,http://image1.ljcdn.com/310000-inspection/prod-c0810404-ce30-4f2c-ba5b-0bbc505e9664.jpg.296x216.jpg
20201223,松江,松江大学城,东边套南北全明三房两卫，满五唯一，纯毛坯任意装修,466万,3室2厅 | 154.89平米 | 南 | 毛坯 | 中楼层(共22层) | 2005年建 | 板楼,http://image1.ljcdn.com/310000-inspection/prod-a52cdedc-39cc-423f-932f-5e895fabe3c4.jpg.296x216.jpg
20201223,松江,松江大学城,品质装修+拎包入住+大平层+一梯一户房主自荐,980万,4室2厅 | 194.84平米 | 南 | 精装 | 中楼层(共19层) | 2012年建 | 板楼,http://image1.ljcdn.com/110000-inspection/pc1_eCfld8vSZ_1.jpg.296x216.jpg
20201223,松江,松江大学城,九龙仓精装修别墅 诚心出售 看房方便房主自荐,690万,3室2厅 | 192.28平米 | 南 | 精装 | 下叠(共4层) | 2014年建 | 板楼 | 叠拼别墅,http://image1.ljcdn.com/110000-inspection/pc1_xp1YZplbY_1.jpg.296x216.jpg
20201223,松江,松江大学城,四房三卫+景观房+上外+近地铁+小区+高楼层+阁楼新上,645万,4室2厅 | 146.28平米 | 南 | 精装 | 高楼层(共18层) | 2005年建 | 板楼,http://image1.ljcdn.com/110000-inspection/pc1_BVH8RE1C5_1.jpg.296x216.jpg
20201223,松江,松江大学城,佘山珑原二期顶复 精装修拎包即住 房东诚意出售,698万,3室2厅 | 222.32平米 | 南 | 精装 | 高楼层(共6层) | 2014年建 | 板楼,http://image1.ljcdn.com/110000-inspection/pc1_CFibHoe5n_1.jpg.296x216.jpg
20201223,松江,松江大学城,四期新房源，3房2厅2卫，南北直通,646.5万,3室2厅 | 129.94平米 | 南 北 | 精装 | 低楼层(共12层) | 2013年建 | 板楼,http://image1.ljcdn.com/110000-inspection/pc1_sH9dnggv6_1.jpg.296x216.jpg
20201223,松江,松江大学城,该房位于小区中间位置，精装修拎包入住，采光通风好,679万,4室2厅 | 264平米 | 南 | 精装 | 低楼层(共4层) | 2010年建 | 板楼,http://image1.ljcdn.com/110000-inspection/pc1_Fl2SDR4sh_1.jpg.296x216.jpg
20201223,松江,松江大学城,二期大叠加，上下四层双车位，精装修看房随时拎包入住房主自荐,760万,4室2厅 | 223平米 | 南 | 精装 | 下叠(共3层) | 2014年建 | 板楼 | 叠拼别墅,http://image1.ljcdn.com/110000-inspection/pc1_omST8QjJn_1.jpg.296x216.jpg
20201223,松江,松江大学城,清一色大平层，好装，空调，地暖进水系统新风,950万,4室2厅 | 187.17平米 | 南 | 精装 | 低楼层(共16层) | 2014年建 | 板楼,http://image1.ljcdn.com/110000-inspection/pc1_vjZ6Xy1yR_1.jpg.296x216.jpg
20201223,松江,松江大学城,绿地蔷薇九里(公寓) 3室2厅 南,490万,3室2厅 | 109.68平米 | 南 | 精装 | 低楼层(共12层) | 2011年建 | 板楼,http://image1.ljcdn.com/110000-inspection/pc1_vp6R2ndeW_1.jpg.296x216.jpg
20201223,松江,松江大学城,绿地蔷薇九里(公寓) 3室2厅 南房主自荐,630万,3室2厅 | 129.94平米 | 南 | 其他 | 中楼层(共12层) | 2013年建 | 板楼,http://image1.ljcdn.com/110000-inspection/pc1_uZDuChyuI_1.jpg.296x216.jpg
20201223,松江,松江大学城,满五唯一   楼层视野好 诚意出售 看房方便,290万,1室1厅 | 64平米 | 南 | 精装 | 高楼层(共18层) | 2009年建 | 板楼,http://image1.ljcdn.com/110000-inspection/pc1_HKSTdDvy2_1.jpg.296x216.jpg
20201223,松江,松江大学城,一楼带大花园80平，要大花园的看过来，近地铁房主自荐,285万,1室1厅 | 62.83平米 | 南 | 简装 | 低楼层(共18层) | 2009年建 | 板楼,http://image1.ljcdn.com/110000-inspection/pc1_w64tYHp6n_1.jpg.296x216.jpg
20201223,松江,松江大学城,房东诚意出售，小区后排位置，中jian楼层。房主自荐,384万,2室2厅 | 89.82平米 | 南 | 毛坯 | 中楼层(共19层) | 2009年建 | 板楼,http://image1.ljcdn.com/110000-inspection/pc1_DAgNgDZGM_1.jpg.296x216.jpg
20201223,松江,松江大学城,此房好楼层，户型正气，业主诚心出售，配套齐全房主自荐,375万,2室2厅 | 94平米 | 南 | 简装 | 高楼层(共18层) | 2009年建 | 板楼,http://image1.ljcdn.com/110000-inspection/pc1_6cAwzVRGS_1.jpg.296x216.jpg
20201223,松江,松江大学城,精装大两房,房子满五唯一，南北双花园 30平 看房方便房主自荐,473万,2室2厅 | 100.72平米 | 南 | 精装 | 低楼层(共14层) | 2006年建 | 板楼,http://image1.ljcdn.com/110000-inspection/pc1_5vH0z6YWG_1.jpg.296x216.jpg
20201223,松江,松江大学城,店长推荐 40平花园，户型方正，采光无影响，看房随时房主自荐,560万,3室2厅 | 132.08平米 | 南 | 简装 | 低楼层(共18层) | 2009年建 | 板楼,http://image1.ljcdn.com/110000-inspection/pc1_uY3UXM2CE_1.jpg.296x216.jpg
20201223,松江,松江大学城,飞机户型，使用面积大，南北直通，配套齐全，性价高,340万,2室2厅 | 101.53平米 | 南 北 | 毛坯 | 高楼层(共6层) | 2006年建 | 板楼,http://image1.ljcdn.com/110000-inspection/pc1_7Evoo4fqi_1.jpg.296x216.jpg
20201223,松江,松江大学城,品质小区，精装修空调带地暖，另有子母车位出售房主自荐,440万,3室2厅 | 85.75平米 | 南 北 | 精装 | 高楼层(共14层) | 2016年建 | 板楼,http://image1.ljcdn.com/110000-inspection/pc1_0H22nqNA5_1.jpg.296x216.jpg
20201223,松江,松江大学城,九龙仓精品上叠，超高阁楼，税费少，业主诚心出售！,685万,3室1厅 | 161.03平米 | 南 | 毛坯 | 下叠(共3层) | 2014年建 | 板楼 | 叠拼别墅,http://image1.ljcdn.com/110000-inspection/pc1_X4ClWQ08k_1.jpg.296x216.jpg
20201223,松江,松江大学城,南北错通户型，格局可灵活改动，临河位置新上,315万,2室2厅 | 88.38平米 | 南 | 精装 | 高楼层(共5层) | 2009年建 | 板楼,http://image1.ljcdn.com/110000-inspection/pc1_QHifXr9Wq_1.jpg.296x216.jpg
20201223,松江,松江大学城,保利西子湾 1室1厅 南新上,280万,1室1厅 | 59.7平米 | 南 | 精装 | 高楼层(共18层) | 2009年建 | 板楼,http://image1.ljcdn.com/110000-inspection/pc1_fQoYaavrh_1.jpg.296x216.jpg
20201223,松江,松江大学城,边套正三房，楼层位置好，居家必备户型,525万,3室2厅 | 110.69平米 | 南 北 | 精装 | 中楼层(共12层) | 2012年建 | 板楼,http://image1.ljcdn.com/110000-inspection/pc1_G6PU0gBbB_1.jpg.296x216.jpg
20201223,松江,松江大学城,交通便利，近地铁；教育资源丰富；万达广场和万科印象,570万,3室2厅 | 127.85平米 | 南 | 精装 | 高楼层(共18层) | 2005年建 | 板楼,http://image1.ljcdn.com/110000-inspection/pc1_xSi5mMWjV_1.jpg.296x216.jpg
20201223,松江,松江大学城,三湘三房，诚意出售，近地铁，满五年,528万,3室1厅 | 113.23平米 | 南 | 简装 | 低楼层(共18层) | 2007年建 | 板楼,http://image1.ljcdn.com/110000-inspection/pc1_R4jkkfrDf_1.jpg.296x216.jpg
20201223,松江,松江大学城,三湘四季花城 3室2厅 南新上,700万,3室2厅 | 136.29平米 | 南 | 精装 | 中楼层(共14层) | 2007年建 | 板楼,http://image1.ljcdn.com/110000-inspection/pc1_dZYU64vxp_1.jpg.296x216.jpg
20201223,松江,松江大学城,松云水苑中高楼层精装修满五唯一大房子,355万,3室1厅 | 125平米 | 南 | 精装 | 中楼层(共14层) | 2005年建 | 板楼,http://image1.ljcdn.com/110000-inspection/pc1_NAO8m2MWx_1.jpg.296x216.jpg
20201223,松江,松江大学城,好房来啦~直通户型，好楼层，有车位！,315万,1室1厅 | 65.69平米 | 南 | 精装 | 中楼层(共16层) | 2009年建 | 板楼,http://image1.ljcdn.com/110000-inspection/pc1_Fl20HetHF_1.jpg.296x216.jpg
20201223,松江,松江大学城,急售、纯一手毛坯大三房、中间楼层、位置好、满五年,500万,3室2厅 | 112.05平米 | 南 | 毛坯 | 中楼层(共11层) | 2011年建 | 板楼,http://image1.ljcdn.com/310000-inspection/prod-e648a8c5-842f-4346-bcda-31b6134319e7.jpg.296x216.jpg
20201223,松江,松江大学城,龙湖物业，高品质小区，人车分流 装修210万 入包入住房主自荐,1530万,4室3厅 | 327平米 | 南 | 精装 | 低楼层(共3层) | 2013年建 | 板楼,http://image1.ljcdn.com/110000-inspection/pc1_42wx8Qdgw_1.jpg.296x216.jpg
20201223,松江,松江大学城,边套正三房！无户口！满五唯一税少！诚心出售!房主自荐,525万,3室2厅 | 113.88平米 | 南 | 精装 | 低楼层(共18层) | 2006年建 | 板楼,http://image1.ljcdn.com/110000-inspection/pc1_dUw6q3fHD_1.jpg.296x216.jpg
20201223,松江,松江大学城,南北通正三房，北望佘山视野好，精装修可拎包入住,530万,3室2厅 | 109.73平米 | 南 | 精装 | 中楼层(共12层) | 2011年建 | 板楼,http://image1.ljcdn.com/110000-inspection/pc1_oyYWl9ZWi_1.jpg.296x216.jpg
20201223,松江,松江大学城,首创锦悦正三房，三开间朝南，楼层好位置好。,418万,3室2厅 | 93.92平米 | 南 北 | 精装 | 中楼层(共17层) | 2016年建 | 板楼,http://image1.ljcdn.com/110000-inspection/pc1_NUJ0UVTRT_1.jpg.296x216.jpg
20201223,松江,松江大学城,松云水苑 大四房 稍有边套复式，带露台 满五,587万,4室1厅 | 190.11平米 | 南 北 | 简装 | 高楼层(共14层) | 2005年建 | 板楼,http://image1.ljcdn.com/110000-inspection/pc1_FFAvLXWPe_1.jpg.296x216.jpg
20201223,松江,松江大学城,满五唯一，全屋地暖精装修，位置好，楼层好房主自荐,433万,2室2厅 | 98.58平米 | 东 南 | 精装 | 中楼层(共18层) | 2005年建 | 板楼,http://image1.ljcdn.com/110000-inspection/pc1_dxRDynqKM_1.jpg.296x216.jpg
20201223,松江,松江大学城,少有大四房，拎包可入住， 高层景观，临湖东bian'tao,685万,4室2厅 | 137.08平米 | 南 | 精装 | 高楼层(共17层) | 2009年建 | 板楼,http://image1.ljcdn.com/110000-inspection/pc1_x6y9GR1ZH_1.jpg.296x216.jpg
20201223,松江,松江大学城,满五唯一，带产权车位，高层景观房房主自荐,430万,2室2厅 | 94.01平米 | 南 | 精装 | 中楼层(共18层) | 2009年建 | 板楼,http://image1.ljcdn.com/110000-inspection/pc1_AeGhQuUbU_1.jpg.296x216.jpg
20201223,松江,松江大学城,改好三房，满五唯一，诚心出售，前排位置，采光好房主自荐,475万,3室2厅 | 100.91平米 | 南 | 简装 | 低楼层(共14层) | 2006年建 | 板楼,http://image1.ljcdn.com/110000-inspection/pc1_HEFUXWP6t_1.jpg.296x216.jpg
20201223,松江,松江大学城,业主诚意出售，精装，满五唯一，楼层位置佳房主自荐,285万,1室1厅 | 59.56平米 | 南 | 精装 | 中楼层(共18层) | 2009年建 | 板楼,http://image1.ljcdn.com/110000-inspection/pc1_7U0LlyKaF_1.jpg.296x216.jpg
20201223,松江,松江大学城,自住 精装修 拎包入住 采光无遮挡  河景房 二期位置,290万,2室1厅 | 59.7平米 | 南 | 精装 | 低楼层(共18层) | 2009年建 | 板楼,http://image1.ljcdn.com/110000-inspection/pc1_nS6tH1khq_1.jpg.296x216.jpg
20201223,松江,松江大学城,诚心出售，楼层好，小区位置好，欢迎预约新上,285万,1室1厅 | 64平米 | 南 | 精装 | 中楼层(共20层) | 2009年建 | 板楼,http://image1.ljcdn.com/110000-inspection/pc1_GhG9eZXZg_1.jpg.296x216.jpg
20201223,松江,松江大学城,龙湖精装别墅，南联排东边套，满5唯一，未入住过房主自荐,1450万,4室2厅 | 331.19平米 | 南 | 精装 | 低楼层(共3层) | 2012年建 | 板楼,http://image1.ljcdn.com/110000-inspection/pc1_qY4i3LEFg_1.jpg.296x216.jpg
20201223,松江,松江大学城,急售 急售  安静位置  房型正气，使用面积大,558万,4室2厅 | 104.14平米 | 南 | 毛坯 | 中楼层(共5层)  | 板楼,http://image1.ljcdn.com/110000-inspection/pc1_auX7EMfDo_1.jpg.296x216.jpg
20201223,松江,松江大学城,绿地林肯公园 4室2厅 南,699万,4室2厅 | 149平米 | 南 | 精装 | 高楼层(共18层) | 2018年建 | 板楼,http://image1.ljcdn.com/110000-inspection/pc1_yBoWR1v4e_1.jpg.296x216.jpg
20201223,松江,松江大学城,急售 急售 佘山珑原叠墅 房东诚意出售,690万,3室2厅 | 123.44平米 | 南 | 精装 | 中楼层(共5层) | 2014年建 | 板楼,http://image1.ljcdn.com/110000-inspection/pc1_qKzsRCL4R_1.jpg.296x216.jpg
20201223,松江,松江大学城,正气两房，精装修，楼层佳位置好，可赏通波河景房主自荐,350万,2室2厅 | 114.27平米 | 南 | 精装 | 中楼层(共14层) | 2005年建 | 板楼,http://image1.ljcdn.com/110000-inspection/pc1_11y7zGyry_1.jpg.296x216.jpg
20201223,松江,松江大学城,满五唯一有钥匙，诚心出售价格可谈,280万,1室1厅 | 59.93平米 | 南 | 精装 | 中楼层(共14层) | 2009年建 | 板楼,http://image1.ljcdn.com/110000-inspection/pc1_mb8Vk1mhZ_1.jpg.296x216.jpg
20201223,松江,松江大学城,五年唯一丨诚意售房丨近地铁丨方便看房丨交通便利丨房主自荐,585万,3室2厅 | 133.02平米 | 南 北 | 简装 | 低楼层(共18层) | 2007年建 | 板楼,http://image1.ljcdn.com/110000-inspection/pc1_Jhg84dDfi_1.jpg.296x216.jpg
20201223,松江,松江大学城,三期叠加别墅 有花园 储藏室 交通便利 期待有缘人,630万,3室2厅 | 108.8平米 | 南 | 简装 | 中楼层(共5层) | 2015年建 | 板楼,http://image1.ljcdn.com/110000-inspection/pc1_P5vrETA6U_1.jpg.296x216.jpg
20201223,松江,松江大学城,松云水苑 少有顶楼复式带露台 使用面积大 景观房房主自荐,515万,4室2厅 | 170.68平米 | 南 | 精装 | 高楼层(共24层) | 2005年建 | 板楼,http://image1.ljcdn.com/110000-inspection/pc1_xtPu5rCDz_1.jpg.296x216.jpg
20201223,松江,松江大学城,湖景房，二手买进税少，精装自住，业主诚意售房房主自荐,578万,3室2厅 | 134.4平米 | 南 | 精装 | 低楼层(共14层) | 2007年建 | 板楼,http://image1.ljcdn.com/110000-inspection/pc1_V6czmjtAN_1.jpg.296x216.jpg
20201223,松江,松江大学城,精装修大三房，南北直通户型，满五唯一，税费少房主自荐,344万,3室2厅 | 115.12平米 | 东 | 精装 | 高楼层(共6层) | 2005年建 | 板楼,http://image1.ljcdn.com/110000-inspection/pc1_wruBJldsQ_1.jpg.296x216.jpg
20201223,松江,松江大学城,松云水苑，带地下室的大三房，满五唯一税少，诚意出售房主自荐,400万,3室2厅 | 138平米 | 南 | 精装 | 低楼层(共24层) | 2005年建 | 板楼,http://image1.ljcdn.com/110000-inspection/pc1_M7BB2zVLH_1.jpg.296x216.jpg
20201223,松江,松江大学城,东华一路之隔，户型正位置好新装修，带地暖，储藏室房主自荐,550万,3室2厅 | 137.15平米 | 南 北 | 精装 | 低楼层(共11层) | 2007年建 | 板楼,http://image1.ljcdn.com/110000-inspection/pc1_YNxqiUKdD_1.jpg.296x216.jpg
20201223,松江,松江大学城,保利精装双南双北房+位置好采光好+满五唯一带车位房主自荐,667万,4室2厅 | 140.56平米 | 南 北 | 精装 | 低楼层(共18层) | 2009年建 | 板楼,http://image1.ljcdn.com/110000-inspection/pc1_J5PZi5mww_1.jpg.296x216.jpg
20201223,松江,松江大学城,店长推荐 满五唯一产权车位 次顶楼税费少 看房随时房主自荐,279万,2室1厅 | 62.84平米 | 南 | 精装 | 高楼层(共18层) | 2009年建 | 板楼,http://image1.ljcdn.com/110000-inspection/pc1_q2r1hzDUi_1.jpg.296x216.jpg
20201223,松江,松江大学城,御上海精装大三房，买进价高税费少  前排无遮挡！房主自荐,550万,3室2厅 | 134.19平米 | 南 | 简装 | 低楼层(共16层) | 2009年建 | 板楼,http://image1.ljcdn.com/110000-inspection/pc1_SUMJJG9fw_1.jpg.296x216.jpg
20201223,松江,松江大学城,保利二期 有钥匙 刚需二房 边套房主自荐,293万,2室1厅 | 78.93平米 | 南 | 精装 | 中楼层(共11层) | 2009年建 | 塔楼,http://image1.ljcdn.com/110000-inspection/pc1_sv8HIVemJ_1.jpg.296x216.jpg
20201223,松江,松江大学城,该房位于小区中间位置，精装修拎包入住，采光通风好房主自荐,495万,3室2厅 | 121.62平米 | 南 | 精装 | 低楼层(共27层) | 2015年建 | 板楼,http://image1.ljcdn.com/110000-inspection/pc1_suwWJAZUC_1.jpg.296x216.jpg
20201223,松江,松江大学城,信达蓝爵 3室2厅 南,410万,3室2厅 | 83.66平米 | 南 | 精装 | 高楼层(共22层) | 2015年建 | 板楼,http://image1.ljcdn.com/110000-inspection/pc1_hEIn71aYo_1.jpg.296x216.jpg
20201223,松江,松江大学城,满五年，自住装修，楼层位置好，户型正气，视野开阔房主自荐,498万,4室2厅 | 137.03平米 | 南 北 | 精装 | 高楼层(共11层) | 2007年建 | 板楼,http://image1.ljcdn.com/110000-inspection/pc1_NAcePTFkC_1.jpg.296x216.jpg
20201223,松江,松江大学城,龙湖物业 品质小区 9号线   满五唯一 楼层采光好房主自荐,468万,3室2厅 | 121.67平米 | 南 | 精装 | 低楼层(共20层) | 2013年建 | 塔楼,http://image1.ljcdn.com/110000-inspection/pc1_rvFtXWnQu_1.jpg.296x216.jpg
20201223,松江,松江大学城,满五唯一 位置楼层好 税费很少 精装修  安家必选房主自荐,560万,3室1厅 | 106.17平米 | 南 | 精装 | 高楼层(共14层) | 2006年建 | 板楼,http://image1.ljcdn.com/110000-inspection/pc1_Piall1prN_1.jpg.296x216.jpg
20201223,松江,松江大学城,御上海正两房  采光足  随时看房主自荐,410万,2室1厅 | 94平米 | 南 | 精装 | 低楼层(共18层) | 2009年建 | 板楼,http://image1.ljcdn.com/110000-inspection/pc1_xOeFJDTso_1.jpg.296x216.jpg
20201223,松江,松江大学城,近地铁出门方便 配套成熟 满五唯一税费少房主自荐,420万,2室2厅 | 98.58平米 | 南 | 精装 | 低楼层(共18层) | 2005年建 | 板楼,http://image1.ljcdn.com/110000-inspection/pc1_uMQ51Ctg9_1.jpg.296x216.jpg
20201223,松江,松江大学城,自住精装修，满五唯一保养好，得房率高采光通风好。房主自荐,498万,3室2厅 | 118.48平米 | 南 北 | 精装 | 中楼层(共18层) | 2007年建 | 板楼,http://image1.ljcdn.com/110000-inspection/pc1_y5xNp5z4A_1.jpg.296x216.jpg
20201223,松江,松江大学城,本房经典复式使用面积大，分层独立空间，少有户型,570万,3室2厅 | 126.51平米 | 南 | 简装 | 高楼层(共12层) | 2011年建 | 板楼,http://image1.ljcdn.com/110000-inspection/pc1_35GYB9bLX_1.jpg.296x216.jpg
20201223,松江,松江大学城,2016年竣工距松江大学城地铁站3公里 万科物业325万2房房主自荐,315万,2室2厅 | 78.12平米 | 南 | 精装 | 低楼层(共17层) | 2016年建 | 板楼,http://image1.ljcdn.com/110000-inspection/pc1_SuxxjeuiN_1.jpg.296x216.jpg
20201223,松江,松江大学城,东华可做普宅税费少+正两房+精装修,282万,2室2厅 | 77.52平米 | 南 | 简装 | 低楼层(共5层) | 2009年建 | 板楼,http://image1.ljcdn.com/110000-inspection/pc1_vNMcbXxk9_1.jpg.296x216.jpg
20201223,松江,松江大学城,满五唯一＋临河位置＋通透户型＋便利商圈＋东华房主自荐,315万,3室2厅 | 90.61平米 | 南 北 | 精装 | 高楼层(共6层) | 2009年建 | 板楼,http://image1.ljcdn.com/110000-inspection/pc1_1rQZWpu3W_1.jpg.296x216.jpg
20201223,松江,松江大学城,此房满五唯一，楼层视野都很好，装修保养好，拎包入住,306万,1室1厅 | 62.9平米 | 南 | 精装 | 高楼层(共18层) | 2009年建 | 板楼,http://image1.ljcdn.com/110000-inspection/pc1_USrc3rW1J_1.jpg.296x216.jpg
20201223,松江,松江大学城,保利三房+满五唯一+铂金地段+自住诚心房主自荐,620万,3室2厅 | 137.54平米 | 南 | 精装 | 低楼层(共14层) | 2009年建 | 板楼,http://image1.ljcdn.com/110000-inspection/pc1_xQMSx0xGF_1.jpg.296x216.jpg
20201223,松江,松江大学城,空中大平层带花园 精装修 满五唯一距离地铁站500米,2200万,7室4厅 | 488平米 | 南 北 | 精装 | 高楼层(共17层) | 2009年建 | 板楼,http://image1.ljcdn.com/110000-inspection/pc1_jjRPFrsJN_1.jpg.296x216.jpg
20201223,松江,松江大学城,次顶楼，精装修，诚售南北通透格局好13平花园免费用房主自荐,495万,3室2厅 | 120.11平米 | 南 北 | 精装 | 高楼层(共16层) | 2007年建 | 板楼,http://image1.ljcdn.com/110000-inspection/pc1_0NTZgAftr_1.jpg.296x216.jpg
20201223,松江,松江大学城,边套洋房，精装修，拎包入住，看房随时，诚意出售,788万,4室2厅 | 292平米 | 南 | 精装 | 低楼层(共4层) | 2010年建 | 板楼,http://image1.ljcdn.com/110000-inspection/pc1_5BldVyDt4_1.jpg.296x216.jpg
20201223,松江,松江大学城,三南房，满五唯一， 精装自住保养好，位置好,628万,3室2厅 | 146.51平米 | 南 | 精装 | 高楼层(共18层) | 2005年建 | 板楼,http://image1.ljcdn.com/110000-inspection/pc1_dnCMnjbQa_1.jpg.296x216.jpg
20201223,松江,松江大学城,楼层好位置好+满五年唯一+精装修+户型方正南北直通,515万,3室1厅 | 130.06平米 | 南 北 | 精装 | 中楼层(共12层) | 2007年建 | 板楼,http://image1.ljcdn.com/110000-inspection/pc1_0w9RvaefG_1.jpg.296x216.jpg
20201223,松江,松江大学城,店长推荐！精装大四房，满五唯一税费少，业主精装自住房主自荐,508万,4室2厅 | 142.16平米 | 南 北 | 精装 | 低楼层(共13层) | 2006年建 | 板楼,http://image1.ljcdn.com/110000-inspection/pc1_J4zdu5etD_1.jpg.296x216.jpg
20201223,松江,松江大学城,品质生活 奢华享受 幸福家园!有房才有家!预购从速!,980万,5室2厅 | 211.5平米 | 南 | 精装 | 低楼层(共1层) | 2013年建 | 板楼,http://image1.ljcdn.com/110000-inspection/pc1_8aWAOmq5I_1.jpg.296x216.jpg
20201223,松江,松江大学城,三湘一房顶复 空中花园  M5V1房主自荐,500万,3室2厅 | 64.41平米 | 南 | 简装 | 高楼层(共14层) | 2008年建 | 板楼,http://image1.ljcdn.com/310000-inspection/pc1_dmeWfiuAG_1.jpg.296x216.jpg
20201223,松江,松江大学城,满五年唯一税费少，楼层位置好，采光通风佳。,280万,1室1厅 | 59.57平米 | 南 | 简装 | 高楼层(共18层) | 2009年建 | 板楼,http://image1.ljcdn.com/110000-inspection/pc1_VahnkmH3M_1.jpg.296x216.jpg
20201223,松江,松江大学城,御上海，南北好户型，满五唯一税费少，视野开阔房主自荐,408万,2室2厅 | 92.82平米 | 南 | 简装 | 中楼层(共11层) | 2009年建 | 板楼,http://image1.ljcdn.com/310000-inspection/pc1_1M4j6SDkc_1.jpg.296x216.jpg
20201223,松江,松江大学城,星辰园，大两房，满五唯一，品牌家具家电，诚意出售房主自荐,435万,2室2厅 | 98.58平米 | 南 | 精装 | 低楼层(共18层) | 2005年建 | 板楼,http://image1.ljcdn.com/110000-inspection/pc1_pmnOWDX5y_1.jpg.296x216.jpg
20201223,松江,松江大学城,近九号线地铁口+精装一房+租金3800,243万,1室1厅 | 59.44平米 | 南 | 精装 | 低楼层(共27层) | 2006年建 | 板楼,http://image1.ljcdn.com/110000-inspection/pc1_0LIQK9vuz_1.jpg.296x216.jpg
20201223,松江,松江大学城,松云水苑 楼层位置好 河景房 税费少 9号线 万达房主自荐,348万,2室2厅 | 124.05平米 | 南 | 简装 | 中楼层(共14层) | 2005年建 | 板楼,http://image1.ljcdn.com/110000-inspection/pc1_E5oUbAmCU_1.jpg.296x216.jpg
20201223,松江,松江大学城,东，华＋高层视野＋正气户型＋满五唯一＋采光好房主自荐,234.8万,1室1厅 | 65.15平米 | 南 | 精装 | 高楼层(共12层) | 2007年建 | 板楼,http://image1.ljcdn.com/110000-inspection/pc1_iIlT3eBpn_1.jpg.296x216.jpg
20201223,松江,松江大学城,满二税少，带地下室，位置好，生活交通便利,565万,4室2厅 | 192.44平米 | 南 | 毛坯 | 低楼层(共14层) | 2015年建 | 板楼,http://image1.ljcdn.com/110000-inspection/pc1_DrmUtZHjE_1.jpg.296x216.jpg
20201223,松江,松江大学城,松云水苑，低总价，中间套两南房，满五年，税费少房主自荐,312万,2室2厅 | 102.14平米 | 南 | 简装 | 低楼层(共24层) | 2005年建 | 板楼,http://image1.ljcdn.com/110000-inspection/pc1_zeuTlbTUJ_1.jpg.296x216.jpg
20201223,松江,松江大学城,满五年唯一中间楼层，不沿马路，诚心出售，看房有钥匙,435万,3室2厅 | 132.07平米 | 南 | 精装 | 中楼层(共6层) | 2006年建 | 板楼,http://image1.ljcdn.com/110000-inspection/pc1_OZBKwNYnW_1.jpg.296x216.jpg
20201223,松江,松江大学城,南北通透大三房，精装修，拎包入住，业主诚意出售,465万,3室2厅 | 117.45平米 | 南 北 | 精装 | 低楼层(共16层) | 2007年建 | 板楼,http://image1.ljcdn.com/110000-inspection/pc1_iZKGT6uG6_1.jpg.296x216.jpg
20201223,松江,松江大学城,衣食住行全解决，出门地铁站大两房，大房间，大空间。房主自荐,415万,2室2厅 | 98.58平米 | 南 | 简装 | 中楼层(共18层) | 2005年建 | 板楼,http://image1.ljcdn.com/110000-inspection/pc1_mvSrawLlh_1.jpg.296x216.jpg
20201223,松江,松江大学城,顶楼复式，景观nice，看房方便，业主诚心出售房主自荐,625万,3室2厅 | 144.71平米 | 南 | 精装 | 高楼层(共14层) | 2006年建 | 板楼,http://image1.ljcdn.com/110000-inspection/pc1_jFimp8iGm_1.jpg.296x216.jpg
20201223,松江,松江大学城,满五，南北通户型，全明南采光边套，生活交通便利,1050万,4室2厅 | 227.41平米 | 南 北 | 简装 | 低楼层(共3层) | 2009年建 | 板楼,http://image1.ljcdn.com/110000-inspection/pc1_SLjFICadi_1.jpg.296x216.jpg
20201223,松江,松江大学城,精装自住|带花园|二手买进税费少|诚意出售房主自荐,550万,2室2厅 | 121.03平米 | 南 | 精装 | 低楼层(共14层) | 2007年建 | 板楼,http://image1.ljcdn.com/110000-inspection/pc1_JPBInzaB9_1.jpg.296x216.jpg
20201223,松江,松江大学城,保利二期临河，总价低景观小户型，和万达一河之隔,205万,1室1厅 | 57.03平米 | 南 | 精装 | 低楼层(共11层) | 2009年建 | 塔楼,http://image1.ljcdn.com/110000-inspection/pc1_9q3Ff5nv9_1.jpg.296x216.jpg
20201223,松江,松江大学城,后排位置佳，户型优，联排别墅  诚意出售  置换好选择,690万,3室2厅 | 128平米 | 南 | 毛坯 | 低楼层(共3层) | 2010年建 | 板楼,http://image1.ljcdn.com/110000-inspection/pc1_ufyrOphUH_1.jpg.296x216.jpg
20201223,松江,松江大学城,保利飞机户型三房  位置安静  采光好,588万,3室2厅 | 125.45平米 | 南 北 | 精装 | 高楼层(共14层) | 2009年建 | 板楼,http://image1.ljcdn.com/110000-inspection/pc1_siR48ButD_2.jpg.296x216.jpg
20201223,松江,松江大学城,网红小区，叠加别墅，带字母车位，好装修，大花园房主自荐,838万,3室2厅 | 160平米 | 南 北 | 精装 | 下叠(共3层) | 2014年建 | 板楼 | 叠拼别墅,http://image1.ljcdn.com/110000-inspection/pc1_MHN4ICkkM_1.jpg.296x216.jpg
20201223,松江,松江大学城,此房满五年唯一，loft风格，诚意出售房主自荐,460万,3室2厅 | 118.7平米 | 南 北 | 精装 | 低楼层(共20层) | 2012年建 | 塔楼,http://image1.ljcdn.com/110000-inspection/pc1_uJnLJihGQ_1.jpg.296x216.jpg
20201223,松江,松江大学城,龙湖联排边套,安静位置，毛坯房 满5年 诚意急售！！房主自荐,1260万,5室2厅 | 333.6平米 | 南 | 简装 | 低楼层(共3层) | 2013年建 | 板楼,http://image1.ljcdn.com/110000-inspection/pc1_pfqz1f9ML_1.jpg.296x216.jpg
20201223,松江,松江大学城,自住精装修，业主诚意出售，装修200万，位置好,870万,4室2厅 | 216.33平米 | 南 | 精装 | 低楼层(共5层) | 2015年建 | 板楼,http://image1.ljcdn.com/110000-inspection/pc1_yaWnEscUY_2.jpg.296x216.jpg
20201223,松江,松江大学城,哇！哇！顶楼复式 河景房 视野开阔 可看整个松江新城,860万,5室3厅 | 252.54平米 | 南 | 精装 | 高楼层(共24层) | 2005年建 | 板楼,http://image1.ljcdn.com/110000-inspection/pc1_wiv74wDm2_1.jpg.296x216.jpg
20201223,松江,松江大学城,联排别墅，精致装修，拎包即住，看房预约 带车位房主自荐,1158万,5室3厅 | 251.8平米 | 南 | 精装 | 低楼层(共1层) | 2013年建 | 板楼,http://image1.ljcdn.com/110000-inspection/pc1_BNklqdwT2_1.jpg.296x216.jpg
20201223,松江,松江大学城,上尚缘 4室2厅 南房主自荐,725万,4室2厅 | 255.26平米 | 南 | 其他 | 低楼层(共4层) | 2010年建 | 板楼,http://image1.ljcdn.com/110000-inspection/pc1_8OozQujEW_1.jpg.296x216.jpg
20201223,松江,松江大学城,二期联排别墅 精装修150万 户型正气 小区位置好,1080万,4室2厅 | 258.28平米 | 南 | 精装 | 低楼层(共3层) | 2014年建 | 板楼,http://image1.ljcdn.com/110000-inspection/pc1_L2brFBfRp_1.jpg.296x216.jpg
20201223,松江,松江大学城,户型方正，通俗的吆喝，不俗的房源，您一定不要错过房主自荐,1050万,4室2厅 | 211平米 | 南 | 精装 | 低楼层(共1层) | 2013年建 | 板楼,http://image1.ljcdn.com/110000-inspection/pc1_GZVghlDwq_1.jpg.296x216.jpg
20201223,松江,松江大学城,刚需小户型，南北通透，景观楼层，诚意出售,395万,3室2厅 | 89.25平米 | 南 北 | 简装 | 高楼层(共18层) | 2013年建 | 板楼,http://image1.ljcdn.com/110000-inspection/pc1_JXOfeKoLb_1.jpg.296x216.jpg
20201223,松江,松江大学城,大学城地铁正三房 满五唯一 中层中间位置 南北直通,505万,3室2厅 | 111.57平米 | 南 | 精装 | 中楼层(共11层) | 2011年建 | 板楼,http://image1.ljcdn.com/110000-inspection/pc1_9zzm0rZPP_1.jpg.296x216.jpg
20201223,松江,松江大学城,9号线地铁 满五唯一  装修领包入住  楼层高视野好,305万,1室2厅 | 62.82平米 | 南 | 精装 | 中楼层(共18层) | 2009年建 | 板楼,http://image1.ljcdn.com/110000-inspection/pc1_hkbNlvFEx_1.jpg.296x216.jpg
20201223,松江,松江大学城,九号线地铁口+两房精装修，拎包入住，二手买进税费少房主自荐,246万,2室1厅 | 66.15平米 | 南 | 精装 | 低楼层(共27层) | 2006年建 | 板楼,http://image1.ljcdn.com/110000-inspection/pc1_nBaVa3rYS_1.jpg.296x216.jpg
20201223,松江,松江大学城,地铁口，高品质新小区，温馨小复式,满五唯一，税少！,330万,2室1厅 | 81.99平米 | 南 | 精装 | 低楼层(共20层) | 2012年建 | 塔楼,http://image1.ljcdn.com/110000-inspection/pc1_Ks3Bq77eG_1.jpg.296x216.jpg
20201223,松江,松江大学城,星辰园精装修++位置好+双南房+满五唯一+业主诚心房主自荐,282万,2室1厅 | 82.24平米 | 南 | 精装 | 低楼层(共27层) | 2006年建 | 板楼,http://image1.ljcdn.com/310000-inspection/prod-5145478a-13c8-4abb-b85c-b128cd3f8af5.jpg.296x216.jpg
20201223,松江,松江大学城,日式原木风格装修，一房!带地暖！!温馨治愈色系房主自荐,277万,1室2厅 | 63.83平米 | 南 | 精装 | 低楼层(共18层) | 2009年建 | 板楼,http://image1.ljcdn.com/110000-inspection/pc1_PssTqO8Md_1.jpg.296x216.jpg
20201223,松江,松江大学城,2010品质社区+新城东华+电梯房+南北通透+宜居住,230万,1室1厅 | 56.35平米 | 南 北 | 精装 | 10层 | 2010年建 | 板楼,http://image1.ljcdn.com/110000-inspection/pc1_r2z0ZohFe_1.jpg.296x216.jpg
20201223,松江,松江大学城,御上海两居室  两房朝南  随时看房,287万,2室1厅 | 63.97平米 | 南 | 精装 | 低楼层(共18层) | 2009年建 | 板楼,http://image1.ljcdn.com/110000-inspection/pc1_MXu67PUtY_1.jpg.296x216.jpg
20201223,松江,松江大学城,此房满五唯一税费少，南北通格局，房屋精装修,450万,2室2厅 | 89.64平米 | 南 北 | 精装 | 中楼层(共18层) | 2010年建 | 板楼,http://image1.ljcdn.com/110000-inspection/pc1_R7nQdTZMn_1.jpg.296x216.jpg
20201223,松江,松江大学城,视野宽阔，南北通透格局，看房方便。房主自荐,270万,2室2厅 | 84.71平米 | 南 北 | 毛坯 | 高楼层(共11层) | 2006年建 | 板楼,http://image1.ljcdn.com/110000-inspection/pc1_vJx4ciVqX_1.jpg.296x216.jpg
20201223,松江,松江大学城,2011年品质社区+新城东华+地下车位+景观房+税费少,323万,2室2厅 | 79.84平米 | 南 | 精装 | 11层 | 2011年建 | 板楼,http://image1.ljcdn.com/110000-inspection/pc1_WE4CPHF8g_1.jpg.296x216.jpg
20201223,松江,松江大学城,御上海  景观房  楼层好  采光好房主自荐,285万,2室1厅 | 65.62平米 | 南 北 | 简装 | 高楼层(共18层) | 2009年建 | 板楼,http://image1.ljcdn.com/110000-inspection/pc1_sKu8ywlET_1.jpg.296x216.jpg
20201223,松江,松江大学城,三湘朝南一室户，高楼层近地铁，采光好，诚意出售,300万,1室1厅 | 57平米 | 南 | 简装 | 中楼层(共18层) | 2007年建 | 板楼,http://image1.ljcdn.com/110000-inspection/pc1_cF8bMcgb4_1.jpg.296x216.jpg
20201223,松江,松江大学城,婚房装修，拎包入住，税费少，不容错过，配套齐全房主自荐,320万,2室2厅 | 89.18平米 | 南 北 | 精装 | 低楼层(共6层) | 2009年建 | 板楼,http://image1.ljcdn.com/110000-inspection/pc1_lin82om0y_1.jpg.296x216.jpg
20201223,松江,松江大学城,满五唯一税费少，户型正气，楼层好，商圈成熟,325万,2室2厅 | 87.47平米 | 南 北 | 精装 | 5层 | 2006年建 | 板楼,http://image1.ljcdn.com/110000-inspection/pc1_MhZXBgvAv_1.jpg.296x216.jpg
20201223,松江,松江大学城,满五唯一，90+60平使用，高品质小区，值得拥有，急售房主自荐,420万,3室2厅 | 89.84平米 | 南 北 | 精装 | 11层 | 2010年建 | 板楼,http://image1.ljcdn.com/110000-inspection/pc1_eJa8s8WYR_1.jpg.296x216.jpg
20201223,松江,松江大学城,松云精装修小两房，满五唯一税少，采光好！,255万,2室1厅 | 69.35平米 | 南 | 精装 | 低楼层(共6层) | 2005年建 | 板楼,http://image1.ljcdn.com/110000-inspection/pc1_9tiaG2B2x_1.jpg.296x216.jpg
20201223,松江,松江大学城,新城东华+松江烫金位置+三南房+全明户型+阁楼80平,460万,3室2厅 | 149平米 | 南 北 | 毛坯 | 高楼层(共6层) | 2007年建 | 板楼,http://image1.ljcdn.com/310000-inspection/pc1_sRJJtAvu3_1.jpg.296x216.jpg
20201223,松江,松江大学城,御上海大四房，缺少户型，南北直通，看房方便。房主自荐,750万,4室2厅 | 180.72平米 | 南 | 毛坯 | 低楼层(共19层) | 2009年建 | 板楼,http://image1.ljcdn.com/310000-inspection/2bdb9634-90c4-4b0d-871a-22a31382d91d_1000.jpg.296x216.jpg
20201223,松江,松江大学城,总价蕞低！本户型房使用率高 三开间朝南+有钥匙随时看房主自荐,495万,3室2厅 | 112.72平米 | 南 | 毛坯 | 中楼层(共14层) | 2008年建 | 板楼,http://image1.ljcdn.com/110000-inspection/pc1_U9KLXe0Bs_1.jpg.296x216.jpg
20201223,松江,松江大学城,龙湖大平层，房东诚意出售，看房提前预约,878万,5室2厅 | 195.16平米 | 南 | 毛坯 | 中楼层(共17层) | 2012年建 | 板楼,http://image1.ljcdn.com/110000-inspection/pc1_xbL9WGEas_1.jpg.296x216.jpg
20201223,松江,松江大学城,清水毛坯，一楼半挑空垫高，飞机户型，税费少交通便利,398万,3室2厅 | 121.74平米 | 南 | 毛坯 | 低楼层(共6层) | 2006年建 | 板楼,http://image1.ljcdn.com/110000-inspection/pc1_35OkTKFdd_1.jpg.296x216.jpg
20201223,松江,松江大学城,满五，楼层位置好，景观房，正小三房，得房高，急售,325万,3室2厅 | 90.04平米 | 南 北 | 毛坯 | 高楼层(共5层) | 2009年建 | 板楼,http://image1.ljcdn.com/110000-inspection/pc1_1NLTh0ziz_1.jpg.296x216.jpg
20201223,松江,松江大学城,新城东华+2011年品质社区+全明户型+多层住宅+挥泪出售房主自荐,255万,2室2厅 | 77.23平米 | 南 北 | 毛坯 | 3层 | 2011年建 | 板楼,http://image1.ljcdn.com/110000-inspection/pc1_Aa5fCoW0S_1.jpg.296x216.jpg
20201223,松江,松江大学城,新城东华+2011年品质社区+全明户型+多层住宅+挥泪出售房主自荐,248万,2室2厅 | 75.4平米 | 南 北 | 毛坯 | 3层 | 2011年建 | 板楼,http://image1.ljcdn.com/110000-inspection/pc1_D8oGa8YuT_1.jpg.296x216.jpg
20201223,松江,松江大学城,自住 精装修 诚意出售 提前预约 河景房 二期位置房主自荐,198万,1室2厅 | 57.05平米 | 西 | 精装 | 中楼层(共11层) | 2009年建 | 塔楼,http://image1.ljcdn.com/310000-inspection/pc1_8rnyvKTSG_1.jpg.296x216.jpg
20201223,松江,松江大学城,星辰元边套通煤气户型+买入价格高+满二低税费房主自荐,269万,1室1厅 | 71.29平米 | 南 | 简装 | 低楼层(共27层) | 2006年建 | 板楼,http://image1.ljcdn.com/110000-inspection/pc1_PiwobRucE_1.jpg.296x216.jpg
20201223,松江,松江大学城,高层景观房 近地铁 朝南大阳台 房东诚心出售房主自荐,275万,1室2厅 | 63平米 | 南 | 简装 | 高楼层(共18层) | 2009年建 | 板楼,http://image1.ljcdn.com/110000-inspection/pc1_uaSk3xog0_1.jpg.296x216.jpg
20201223,松江,松江大学城,小户型大风景，高层边套，开启您的阳光生活~,285万,1室2厅 | 65.6平米 | 南 | 毛坯 | 中楼层(共18层) | 2009年建 | 板楼,http://image1.ljcdn.com/110000-inspection/pc1_p1E1UOPhT_1.jpg.296x216.jpg
20201223,松江,松江大学城,文翔二期毛坯房 房子风格由你来定房主自荐,295万,2室2厅 | 88.38平米 | 南 | 毛坯 | 高楼层(共5层) | 2009年建 | 板楼,http://image1.ljcdn.com/310000-inspection/pc1_HCPwV26QC_1.jpg.296x216.jpg
20201223,松江,松江大学城,信达蓝爵|近万达，满两年，业主诚意出售，看房方便,599万,3室2厅 | 126.12平米 | 南 | 精装 | 低楼层(共18层) | 2016年建 | 板楼,http://image1.ljcdn.com/310000-inspection/prod-651589a2-8f72-4c97-8ca2-0e0ade9609f3.jpg.296x216.jpg
20201223,松江,松江大学城,三湘四季大三房  毛坯 看房方便房主自荐,566万,3室2厅 | 124.42平米 | 南 | 简装 | 低楼层(共14层) | 2006年建 | 板楼,http://image1.ljcdn.com/110000-inspection/pc1_FGDruBS55_1.jpg.296x216.jpg
20201223,松江,松江大学城,本房通透格局，视野开阔，采光充足，配套齐全！,385万,2室2厅 | 90.94平米 | 南 | 精装 | 低楼层(共11层) | 2008年建 | 板楼,http://image1.ljcdn.com/110000-inspection/pc1_c7AqVli5T_1.jpg.296x216.jpg
20201223,松江,松江大学城,New！九龙仓品质叠墅小区 二期中xin位置 改造装修合理房主自荐,770万,3室2厅 | 179.88平米 | 南 | 精装 | 上叠(共4层) | 2014年建 | 板楼 | 叠拼别墅,http://image1.ljcdn.com/110000-inspection/pc1_5rEavmdcE_1.jpg.296x216.jpg
20201223,松江,松江大学城,满五唯一，诚意出售，小区中间位置，采光好,465万,3室2厅 | 120.11平米 | 南 北 | 精装 | 低楼层(共16层) | 2007年建 | 板楼,http://image1.ljcdn.com/110000-inspection/pc1_zPCgvm6v5_1.jpg.296x216.jpg
20201223,松江,松江大学城,满五唯一双南房 楼层位置好 前后楼间距大 值得入手,390万,2室2厅 | 85.99平米 | 南 | 毛坯 | 中楼层(共18层) | 2013年建 | 板楼,http://image1.ljcdn.com/110000-inspection/pc1_RpxJfFBop_1.jpg.296x216.jpg
20201223,松江,松江大学城,户型正气离南门口近出行方便业主诚意出售价格有空间,380万,2室2厅 | 90.42平米 | 南 | 精装 | 低楼层(共15层) | 2008年建 | 板楼,http://image1.ljcdn.com/110000-inspection/pc1_xzFedaucl_1.jpg.296x216.jpg
20201223,松江,松江大学城,此房满五唯一，装修保养好，楼层位置好，诚意出售房主自荐,408万,2室2厅 | 92.99平米 | 南 | 精装 | 中楼层(共18层) | 2005年建 | 板楼,http://image1.ljcdn.com/110000-inspection/pc1_Pc2QQtQr1_1.jpg.296x216.jpg
20201223,松江,松江大学城,急急急！！三湘大三房，少有直通飞机户型，看房方便房主自荐,568万,3室1厅 | 124.42平米 | 南 | 简装 | 中楼层(共14层) | 2006年建 | 板楼,http://image1.ljcdn.com/110000-inspection/pc1_ftC7S7Kzk_1.jpg.296x216.jpg
20201223,松江,松江大学城,视野景观好+出行方便+日照时间长+拎包即住+税费少房主自荐,535万,3室2厅 | 112.72平米 | 南 | 精装 | 中楼层(共14层) | 2008年建 | 板楼,http://image1.ljcdn.com/110000-inspection/pc1_E7gW21Vhk_1.jpg.296x216.jpg
20201223,松江,松江大学城,二期临河自住装修 诚意出售 两房朝南,398万,2室1厅 | 89.03平米 | 南 | 精装 | 低楼层(共18层) | 2009年建 | 板楼,http://image1.ljcdn.com/110000-inspection/pc1_0cbT7FXRA_1.jpg.296x216.jpg
20201223,松江,松江大学城,御上海边套户型，通风好，采光好，业主很诚意出售房主自荐,280万,1室1厅 | 65.72平米 | 南 | 简装 | 低楼层(共18层) | 2009年建 | 板楼,http://image1.ljcdn.com/310000-inspection/prod-7b6b2b03-2fbb-40b4-a102-2c3dfc3bc8a0.jpg.296x216.jpg
20201223,松江,松江大学城,上尚缘二期，精装修三房，有电梯，采光好，有车位房主自荐,439万,3室1厅 | 98.15平米 | 南 | 精装 | 低楼层(共14层) | 2015年建 | 板楼,http://image1.ljcdn.com/110000-inspection/pc1_k01fptXVL_1.jpg.296x216.jpg
20201223,松江,松江大学城,普通住宅，首套只要1%契税，万达商圈上外松外房主自荐,199万,1室1厅 | 56.33平米 | 西北 | 精装 | 中楼层(共11层) | 2009年建 | 塔楼,http://image1.ljcdn.com/310000-inspection/f73cf124-4ec5-46d5-8e7f-14742c318c30_1000.jpg.296x216.jpg
20201223,松江,松江大学城,满五唯一、居家装修、南北直通、不靠路、配套成熟。,465万,3室2厅 | 131.03平米 | 南 北 | 精装 | 高楼层(共6层) | 2006年建 | 板楼,http://image1.ljcdn.com/310000-inspection/test-50b21166-d62c-4d5d-84e4-b1acc100c718.png.296x216.jpg
20201223,松江,松江大学城,大三房两卫，装修刚一年有余，可拎包入住,530万,3室2厅 | 133.84平米 | 南 | 精装 | 低楼层(共21层) | 2009年建 | 板楼,http://image1.ljcdn.com/310000-inspection/pc1_fqjvX35KV_1.jpg.296x216.jpg
20201223,松江,松江大学城,楼层好  采光足  欢迎看房  随时咨询,276万,1室1厅 | 63.99平米 | 南 | 简装 | 高楼层(共18层) | 2009年建 | 板楼,http://image1.ljcdn.com/110000-inspection/pc1_zXdhKiNQx_1.jpg.296x216.jpg
20201223,松江,松江大学城,普宅两房，东华一路之隔，俯瞰泰晤士全景，看房随时房主自荐,273万,2室2厅 | 71.88平米 | 南 | 简装 | 高楼层(共12层) | 2007年建 | 板楼,http://image1.ljcdn.com/110000-inspection/pc1_X4Rv9kaT4_1.jpg.296x216.jpg
20201223,松江,松江大学城,三湘少有小户型顶楼复式，业主诚售房主自荐,424万,3室2厅 | 100平米 | 南 | 简装 | 高楼层(共18层) | 2007年建 | 板楼,http://image1.ljcdn.com/110000-inspection/pc1_RAysMNEMI_1.jpg.296x216.jpg
20201223,松江,松江大学城,高楼层户型方正一居室，满五唯一，买进价高,305万,1室2厅 | 57平米 | 南 | 精装 | 高楼层(共18层) | 2007年建 | 板楼,http://image1.ljcdn.com/110000-inspection/pc1_Oqirr6rB5_1.jpg.296x216.jpg
20201223,松江,松江大学城,三湘一房，近地铁，高楼层，诚意出售！,310万,1室1厅 | 57平米 | 南 | 简装 | 高楼层(共18层) | 2007年建 | 板楼,http://image1.ljcdn.com/110000-inspection/pc1_y1zCPPRiF_1.jpg.296x216.jpg
20201223,松江,松江大学城,装修保养好，从未入住过，品牌家电，拎包入住欢迎咨询,430万,2室2厅 | 90.46平米 | 南 北 | 精装 | 高楼层(共11层) | 2011年建 | 板楼,http://image1.ljcdn.com/110000-inspection/pc1_n3iC1LAue_2.jpg.296x216.jpg
20201223,松江,松江大学城,此房满五唯一，大四房，精装修，南北通透房主自荐,608万,4室2厅 | 143.09平米 | 南 北 | 精装 | 低楼层(共12层) | 2007年建 | 板楼,http://image1.ljcdn.com/110000-inspection/pc1_B1lrkSNlm_1.jpg.296x216.jpg
20201223,松江,松江大学城,精装自住保养好，紧挨别墅区视野好，满二年税费少！房主自荐,395万,3室2厅 | 88.86平米 | 南 | 精装 | 低楼层(共12层) | 2010年建 | 板楼,http://image1.ljcdn.com/110000-inspection/pc1_JcllrJZbs_1.jpg.296x216.jpg
20201223,松江,松江大学城,税费低，位置楼层好，精装自住，诚意出售房主自荐,580万,4室2厅 | 143.09平米 | 南 | 精装 | 中楼层(共12层) | 2007年建 | 板楼,http://image1.ljcdn.com/110000-inspection/pc1_cCoertApS_1.jpg.296x216.jpg
20201223,松江,松江大学城,品质小区，南北双花园，精装修，拎包入住,849万,3室2厅 | 164平米 | 南 | 精装 | 低楼层(共17层) | 2014年建 | 板楼,http://image1.ljcdn.com/110000-inspection/pc1_F1thkRNCV_1.jpg.296x216.jpg
20201223,松江,松江大学城,满五唯一，户型方正，总价低，新小区，业主诚心出售房主自荐,360万,2室1厅 | 92.11平米 | 南 | 精装 | 中楼层(共20层) | 2013年建 | 塔楼,http://image1.ljcdn.com/110000-inspection/pc1_0FDcEvIC2_1.jpg.296x216.jpg
20201223,松江,松江大学城,上下楼方便，离小区南门近,出行十分方便,370万,2室2厅 | 90.34平米 | 南 | 简装 | 低楼层(共14层) | 2008年建 | 板楼,http://image1.ljcdn.com/110000-inspection/pc1_EY614IsEs_1.jpg.296x216.jpg
20201223,松江,松江大学城,万科梦想派|少有三房，保养好，二手买进税费少,470万,3室2厅 | 93平米 | 南 | 精装 | 高楼层(共21层) | 2015年建 | 板楼,http://image1.ljcdn.com/110000-inspection/pc1_HA40oCNFP_1.jpg.296x216.jpg
20201223,松江,松江大学城,绿地蔷薇九里 交通便利商圈近生活方便房型很好采光好,472万,3室2厅 | 109.73平米 | 南 北 | 简装 | 低楼层(共12层) | 2011年建 | 板楼,http://image1.ljcdn.com/110000-inspection/pc1_NHZkm625C_1.jpg.296x216.jpg
20201223,松江,松江大学城,该房位于小区中间位置，精装修拎包入住，采光通风好,636万,5室2厅 | 168平米 | 南 北 | 精装 | 高楼层(共14层) | 2015年建 | 板楼,http://image1.ljcdn.com/110000-inspection/pc1_FKnDDQV0Y_1.jpg.296x216.jpg
20201223,松江,松江大学城,文翔大三房，中间位置，中间楼层，看房有钥匙,450万,3室2厅 | 131平米 | 南 北 | 简装 | 中楼层(共6层) | 2006年建 | 板楼,http://image1.ljcdn.com/110000-inspection/pc1_6BBuFKURy_1.jpg.296x216.jpg
20201223,松江,松江大学城,顶楼复式，拥有超大露台。精装修。,550万,3室2厅 | 120平米 | 南 北 | 精装 | 高楼层(共18层) | 2009年建 | 板楼,http://image1.ljcdn.com/110000-inspection/pc1_6KgP0oCbr_1.jpg.296x216.jpg
20201223,松江,松江大学城,圆了你的复式梦！品质小区满五年的精装复式，看过来~,358万,2室1厅 | 92.1平米 | 南 | 精装 | 高楼层(共20层) | 2013年建 | 塔楼,http://image1.ljcdn.com/110000-inspection/pc1_esrDNSP6L_1.jpg.296x216.jpg
20201223,松江,松江大学城,在售大户型，中间楼层，户型通透，拎包入住房主自荐,430万,3室2厅 | 138.91平米 | 南 | 简装 | 低楼层(共24层) | 2005年建 | 板楼,http://image1.ljcdn.com/110000-inspection/pc1_tMaJ4HV2q_1.jpg.296x216.jpg
20201223,松江,松江大学城,品质小区，精装三房复式，拎包入住！！！不要错过呦!,485万,3室2厅 | 119.55平米 | 南 | 精装 | 高楼层(共20层) | 2012年建 | 塔楼,http://image1.ljcdn.com/110000-inspection/pc1_ODrdZS9K7_1.jpg.296x216.jpg
20201223,松江,松江大学城,店长推荐/实用面积大/南北直通/大两房,590万,2室2厅 | 244平米 | 南 | 精装 | 低楼层(共18层)  | 板楼,http://image1.ljcdn.com/110000-inspection/pc1_qDOKxX0nY_1.jpg.296x216.jpg
20201223,松江,松江大学城,文翔名苑90平以下正三房，户型正气，业主诚心出售,325万,3室2厅 | 89.57平米 | 南 | 精装 | 低楼层(共6层) | 2009年建 | 板楼,http://image1.ljcdn.com/110000-inspection/pc1_81VTEf0nv_1.jpg.296x216.jpg
20201223,松江,松江大学城,三湘四季花城 5室2厅 南,830万,5室2厅 | 165平米 | 南 | 其他 | 低楼层(共18层) | 2006年建 | 板楼,http://image1.ljcdn.com/110000-inspection/pc1_ST2OTzmZH_1.jpg.296x216.jpg
20201223,松江,松江大学城,满五年唯一中间楼层，不沿马路，诚心出售,439万,3室2厅 | 131.19平米 | 南 | 精装 | 中楼层(共6层) | 2006年建 | 板楼,http://image1.ljcdn.com/110000-inspection/pc1_pB9lv7hO3_1.jpg.296x216.jpg
20201223,松江,松江大学城,店长推荐 满五唯一，二改三房精装修拎包入住看房随时房主自荐,395万,3室1厅 | 92.23平米 | 南 | 精装 | 低楼层(共11层) | 2009年建 | 板楼,http://image1.ljcdn.com/110000-inspection/pc1_hbVcplYs5_1.jpg.296x216.jpg
20201223,松江,松江大学城,直通户型好改 楼层好视野开阔 诚意出售方便看房,390万,2室2厅 | 90.79平米 | 南 | 精装 | 低楼层(共11层) | 2008年建 | 板楼,http://image1.ljcdn.com/110000-inspection/pc1_fuv78i0z1_1.jpg.296x216.jpg
20201223,松江,松江大学城,绿地联排  交通方便 精致装修 诚意出售,705万,4室2厅 | 129平米 | 南 | 精装 | 低楼层(共3层) | 2010年建 | 板楼,http://image1.ljcdn.com/110000-inspection/pc1_WIRSwwz0n_1.jpg.296x216.jpg
20201223,松江,松江大学城,满五唯一品质社区+新城东华+带车位+景观房+税费少房主自荐,325万,2室2厅 | 81.38平米 | 南 北 | 精装 | 11层 | 2011年建 | 板楼,http://image1.ljcdn.com/110000-inspection/pc1_RekkARI5v_1.jpg.296x216.jpg
20201223,松江,松江大学城,高楼层 景观好 满五唯一 看房方便房主自荐,575万,3室1厅 | 124.54平米 | 南 | 精装 | 高楼层(共14层) | 2006年建 | 板楼,http://image1.ljcdn.com/110000-inspection/pc1_L89dNDTGI_1.jpg.296x216.jpg
20201223,松江,松江大学城,三湘经典一房 精装修 楼层位置好 上外松外 近地铁,300万,1室1厅 | 58.17平米 | 南 | 精装 | 中楼层(共14层) | 2008年建 | 板楼,http://image1.ljcdn.com/310000-inspection/18df5588-1de5-4f43-bd91-e02e89fd513f_1000.jpg.296x216.jpg
20201223,松江,松江大学城,店长推荐 满五唯一，南北直通精装修拎包入住看房随时,389万,3室1厅 | 94.01平米 | 南 | 精装 | 低楼层(共18层) | 2009年建 | 板楼,http://image1.ljcdn.com/310000-inspection/prod-50f4d6be-2377-4aef-86a0-1147236404a7.jpg.296x216.jpg
20201223,松江,松江大学城,房东诚意出售 松江大学城 位置楼层好 精装拎包入住房主自荐,439万,2室2厅 | 99.63平米 | 南 | 精装 | 中楼层(共17层) | 2009年建 | 板楼,http://image1.ljcdn.com/110000-inspection/pc1_2hmL8c2oq_1.jpg.296x216.jpg
20201223,松江,松江大学城,星辰园 好配套好环境交通便利,通俗的吆喝不俗的房源房主自荐,288万,2室1厅 | 81.51平米 | 南 | 精装 | 低楼层(共27层) | 2006年建 | 板楼,http://image1.ljcdn.com/310000-inspection/00c7e364-f923-4eef-92be-b7325e326e6d_1000.jpg.296x216.jpg
20201223,松江,松江大学城,楼层位置好，装修精装随时拎包入住，没有个税,279万,1室2厅 | 59.83平米 | 南 | 精装 | 中楼层(共14层) | 2008年建 | 板楼,http://image1.ljcdn.com/110000-inspection/pc1_mhHjCSSRi_1.jpg.296x216.jpg
20201223,松江,松江大学城,房子满五唯一  边套两房 南北通房主自荐,298万,2室1厅 | 65.76平米 | 南 | 简装 | 低楼层(共18层) | 2009年建 | 板楼,http://image1.ljcdn.com/110000-inspection/pc1_JJUi1iygk_1.jpg.296x216.jpg
20201223,松江,松江大学城,松云水苑114平两房，房子位置好，楼层好，出行方便,348万,2室2厅 | 114平米 | 南 | 精装 | 中楼层(共14层) | 2005年建 | 板楼,http://image1.ljcdn.com/110000-inspection/pc1_qpTOP5LqI_1.jpg.296x216.jpg
20201223,松江,松江大学城,御上海94平两房，精装修，满五唯一 临湖吗，户型好,405万,2室1厅 | 94.01平米 | 南 | 精装 | 低楼层(共18层) | 2009年建 | 板楼,http://image1.ljcdn.com/110000-inspection/pc1_dWmsygzPF_1.jpg.296x216.jpg
20201223,松江,松江大学城,御上海精装小户型 高层景观房 楼层位置好房主自荐,290万,1室2厅 | 63平米 | 南 | 其他 | 中楼层(共18层) | 2009年建 | 板楼,http://image1.ljcdn.com/110000-inspection/pc1_x9eCUMqXp_1.jpg.296x216.jpg
20201223,松江,松江大学城,满二，普宅，税费低，配套成熟，交通便利房主自荐,252万,1室1厅 | 65平米 | 南 | 精装 | 低楼层(共27层) | 2006年建 | 板楼,http://image1.ljcdn.com/110000-inspection/pc1_neoNx9eAc_1.jpg.296x216.jpg
20201223,松江,松江大学城,居家装修，带花园，可利用空间大，双南房,660万,4室2厅 | 128平米 | 南 | 精装 | 低楼层(共7层) | 2017年建 | 板楼,http://image1.ljcdn.com/310000-inspection/prod-43458854-ec1f-4d14-b90e-de891078ea69.jpg.296x216.jpg
20201223,松江,松江大学城,五年唯一，三湘少有的户型，诚心出售，朝东方向,245万,1室1厅 | 61.07平米 | 东 | 简装 | 高楼层(共8层) | 2012年建 | 板楼,http://image1.ljcdn.com/310000-inspection/test-10baab3f-475b-45fc-962f-84a9e799a090.png.296x216.jpg
20201223,松江,松江大学城,在售不多的毛坯，装修请随意发挥，4房总价超低！！！,539万,4室2厅 | 148.46平米 | 南 北 | 毛坯 | 低楼层(共18层) | 2007年建 | 板楼,http://image1.ljcdn.com/110000-inspection/pc1_nTgH20r8i_1.jpg.296x216.jpg
20201223,松江,松江大学城,M5V1省税费 两房朝南 位置好 大阳台 近文翔路房主自荐,260万,2室1厅 | 69平米 | 南 | 精装 | 低楼层(共6层) | 2005年建 | 板楼,http://image1.ljcdn.com/310000-inspection/pc1_ZpE6MK3IB_1.jpg.296x216.jpg
20201223,松江,松江大学城,户型方正，总价低，新小区，业主诚心出售房主自荐,298万,1室2厅 | 83.73平米 | 南 | 其他 | 低楼层(共20层) | 2013年建 | 塔楼,http://image1.ljcdn.com/110000-inspection/pc1_pM3iV7ET9_1.jpg.296x216.jpg
20201223,松江,松江大学城,普宅，各付税，东华一路之隔。南北通，采光好，位置佳,262万,2室1厅 | 67.8平米 | 南 | 精装 | 低楼层(共6层) | 2009年建 | 板楼,http://image1.ljcdn.com/110000-inspection/pc1_QFX9izzr7_1.jpg.296x216.jpg
20201223,松江,松江大学城,9号旁，万达商圈，上外资源，保利开发保利物业,269万,1室1厅 | 59.83平米 | 南 | 精装 | 低楼层(共14层) | 2009年建 | 板楼,http://image1.ljcdn.com/110000-inspection/pc1_YppzK70Wk_1.jpg.296x216.jpg
20201223,松江,松江大学城,房东急卖，价格可谈，有不满意的都能谈,265万,1室2厅 | 59.93平米 | 南 | 简装 | 高楼层(共14层) | 2009年建 | 板楼,http://image1.ljcdn.com/110000-inspection/pc1_7DcKxELAt_1.jpg.296x216.jpg
20201223,松江,松江大学城,中间楼层 装修保养好可拎包入住  五年唯一税费少,280万,1室1厅 | 59.83平米 | 南 | 精装 | 中楼层(共14层) | 2008年建 | 板楼,http://image1.ljcdn.com/110000-inspection/pc1_EPEe2stMc_1.jpg.296x216.jpg
20201223,松江,松江大学城,绿地品质 新城东华 满五唯一  居家装修 带露台,210万,1室1厅 | 45.36平米 | 南 | 精装 | 10层 | 2010年建 | 板楼,http://image1.ljcdn.com/110000-inspection/pc1_MygurRTUF_1.jpg.296x216.jpg
20201223,松江,松江大学城,御上海经典一房，楼层好位置好，远离地铁一边,298万,1室1厅 | 63.96平米 | 南 | 毛坯 | 高楼层(共18层) | 2009年建 | 板楼,http://image1.ljcdn.com/110000-inspection/pc1_XrLprQMo5_1.jpg.296x216.jpg
20201223,松江,松江大学城,满五，楼层位置好，CC空调，有车位，品质小区,255万,1室1厅 | 55.2平米 | 南 | 精装 | 11层 | 2011年建 | 板楼,http://image1.ljcdn.com/110000-inspection/pc1_52kTNeXMm_1.jpg.296x216.jpg
20201223,松江,松江大学城,九号地铁！一室户！自住投z！诚意出售！,255万,1室1厅 | 64.99平米 | 南 | 毛坯 | 低楼层(共27层) | 2006年建 | 板楼,http://image1.ljcdn.com/310000-inspection/prod-500875f3-a6a6-48d0-aa40-cac7da037a0e.jpg.296x216.jpg
20201223,松江,松江大学城,九号线地铁口+小区前排，高层景观大3房，明卫明厨房主自荐,528万,3室1厅 | 124.92平米 | 南 | 精装 | 中楼层(共27层) | 2006年建 | 板楼,http://image1.ljcdn.com/110000-inspection/pc1_1LffwbsRB_1.jpg.296x216.jpg
20201223,松江,松江大学城,龙湖好望山(公寓) 4室2厅 南,850万,4室2厅 | 193.11平米 | 南 | 毛坯 | 高楼层(共17层) | 2012年建 | 板楼,http://image1.ljcdn.com/310000-inspection/test-c0268f53-149a-476d-ac87-a9bdbd18d6e6.png.296x216.jpg
20201223,松江,松江大学城,三湘双南房 精装修 南北直通 视野采光好 配套齐全,529万,2室1厅 | 107.29平米 | 南 | 精装 | 中楼层(共14层) | 2008年建 | 板楼,http://image1.ljcdn.com/310000-inspection/test-30173500-5901-44e5-bcee-6c31dcb22b9e.png.296x216.jpg
20201223,松江,松江大学城,松云水苑(公寓) 2室1厅 南房主自荐,355万,2室1厅 | 131平米 | 南 | 毛坯 | 高楼层(共14层) | 2005年建 | 板楼,http://image1.ljcdn.com/310000-inspection/pc1_E6I5H3sap_1.jpg.296x216.jpg
20201223,松江,松江大学城,莱顿南北格局楼层佳，精装四开间业主诚意出售带车位房主自荐,810万,4室2厅 | 169.7平米 | 东 | 精装 | 高楼层(共18层) | 2006年建 | 板楼,http://image1.ljcdn.com/310000-inspection/pc1_mxJPY5Tu6_1.jpg.296x216.jpg
20201223,松江,松江大学城,总价低，税费少，楼层好，看房方便，,285万,2室2厅 | 84.71平米 | 南 | 精装 | 中楼层(共11层) | 2006年建 | 板楼,http://image1.ljcdn.com/310000-inspection/prod-fe405abb-062b-4786-850b-840e20786ac5.jpg.296x216.jpg
20201223,松江,松江大学城,精装修，近地铁，拎包入住，诚意出售房主自荐,900万,3室2厅 | 195.16平米 | 南 | 精装 | 中楼层(共17层) | 2012年建 | 板楼,http://image1.ljcdn.com/110000-inspection/pc1_o6Q5Jyf5U_1.jpg.296x216.jpg
20201223,松江,松江大学城,全明户型 总价低税少 看房方便 业主诚意出售房主自荐,265万,1室1厅 | 59.97平米 | 南 北 | 精装 | 低楼层(共14层) | 2009年建 | 板楼,http://image1.ljcdn.com/110000-inspection/pc1_2OACFKz3u_2.jpg.296x216.jpg
20201223,松江,松江大学城,好房不等人，总价低大三房，诚意出售,460万,3室2厅 | 127.06平米 | 南 北 | 简装 | 低楼层(共12层) | 2006年建 | 板楼,http://image1.ljcdn.com/110000-inspection/pc1_Zd6AfEhzb_1.jpg.296x216.jpg
20201223,松江,松江大学城,位置好，精装修，正三房 满五税费少  安家必选,567万,3室1厅 | 124.56平米 | 南 | 精装 | 低楼层(共14层) | 2006年建 | 板楼,http://image1.ljcdn.com/310000-inspection/test-339c1199-0364-4631-b235-9d7d0a21787d.png.296x216.jpg
20201223,松江,松江大学城,松云南北直通三房  高层景观房 满五年唯一 诚心出售房主自荐,438万,3室2厅 | 137.63平米 | 南 | 精装 | 高楼层(共14层) | 2005年建 | 板楼,http://image1.ljcdn.com/110000-inspection/pc1_2Fh8DtMXv_1.jpg.296x216.jpg
20201223,松江,松江大学城,上尚缘丨新加坡叠加墅丨满二税费低丨业主诚意出售,768万,4室2厅 | 292平米 | 南 | 毛坯 | 低楼层(共4层) | 2015年建 | 板楼,http://image1.ljcdn.com/110000-inspection/pc1_c6qXXp5dL_1.jpg.296x216.jpg
20201223,松江,松江大学城,满五唯一，经典小三房，使用面积大，采光好，位置好新上,329万,3室2厅 | 89.82平米 | 南 北 | 精装 | 高楼层(共6层) | 2009年建 | 板楼,http://image1.ljcdn.com/110000-inspection/pc1_pZndIpUQq_1.jpg.296x216.jpg
20201223,松江,松江大学城,复试房 隐身性 食住分开 超大南卧 产权清晰 拎包入住,478万,2室1厅 | 109.83平米 | 南 | 精装 | 高楼层(共8层) | 2012年建 | 板楼,http://image1.ljcdn.com/310000-inspection/140f2c79-3c47-420b-b07c-554b89c61601.jpg.296x216.jpg
20201223,松江,松江大学城,大院子 南北通 精装  房东诚意出售 位置佳 两卫房主自荐,455万,3室2厅 | 108.55平米 | 南 | 精装 | 低楼层(共12层) | 2011年建 | 板楼,http://image1.ljcdn.com/shfdfs-image/20170406/a1e997ba-e5e5-49f3-a1c1-c93402a634d0.jpg.296x216.jpg
20201223,松江,松江大学城,九号线地铁口+空中精装大平层+四房+楼层好+采光充足,650万,4室2厅 | 150.17平米 | 南 | 精装 | 高楼层(共18层) | 2005年建 | 板楼,http://image1.ljcdn.com/310000-inspection/c8e0d09b-0f8c-4321-9672-5b10c54eb56f.jpg.296x216.jpg
20201223,松江,松江大学城,星辰园唯一在售别墅+位置好+价格优+业主诚意房主自荐,1150万,5室2厅 | 221.38平米 | 南 北 | 毛坯 | 低楼层(共3层) | 2006年建 | 板楼,http://image1.ljcdn.com/110000-inspection/de9b901065b59ccfded413057c89b490-011.jpg.296x216.jpg
20201223,松江,松江大学城,纯别墅小区  四房带三大露台 视野采光好 停车方便,779万,4室2厅 | 204平米 | 南 北 | 精装 | 低楼层(共1层) | 2005年建 | 板楼,http://image1.ljcdn.com/310000-inspection/19b3c45e-0105-474b-80c3-d4dce00d1f17.jpg.296x216.jpg
20201223,松江,松江大学城,纯别墅小区 满五唯一 居家装修 三大露台 看房方便房主自荐,740万,4室2厅 | 205.74平米 | 南 | 精装 | 低楼层(共3层) | 2005年建 | 板楼,http://image1.ljcdn.com/110000-inspection/155eeda361b4f78bd2b3837b9d562030-002.jpg.296x216.jpg
20201223,松江,松江大学城,链家包销房源 联排边户 四南房 位置安静 清水房,790万,4室2厅 | 203.96平米 | 南 北 | 毛坯 | 低楼层(共1层) | 2005年建 | 板楼,http://image1.ljcdn.com/110000-inspection/7f71138a7e528a1a70cf2baa547a860a-086.jpg.296x216.jpg
20201223,松江,松江大学城,俯瞰佘山全景，中。央空调带地暖3个景观露台.各付税,788万,5室4厅 | 198平米 | 南 | 精装 | 低楼层(共1层) | 2005年建 | 板楼,http://image1.ljcdn.com/110000-inspection/671f77189d216bfd060a6cc0b4321153-028.jpg.296x216.jpg
20201223,松江,松江大学城,九龙仓二期毛坯下叠，带大花园，看房方便,680万,3室2厅 | 251平米 | 南 | 毛坯 | 下叠(共3层) | 2014年建 | 板楼 | 叠拼别墅,http://image1.ljcdn.com/110000-inspection/3d84a5f3ebc225dceef214a5e8b7c6e2-097.jpg.296x216.jpg
20201223,松江,松江大学城,清一色大平层，好装，空调，地暖，装修百万新上,980万,4室2厅 | 193.11平米 | 南 | 精装 | 中楼层(共17层) | 2012年建 | 板楼,http://image1.ljcdn.com/x-se/hdic-frame/67e0f130-d00d-4971-88e9-be5cb0d24a02.png.296x216.jpg
20201223,松江,松江大学城,空中别墅 近地铁 300平露台 低税费 俯瞰松江,1750万,7室5厅 | 488.4平米 | 南 | 毛坯 | 高楼层(共17层) | 2009年建 | 板楼,http://image1.ljcdn.com/110000-inspection/64b135aa-a2a1-4c7e-a3ad-d970df45d27e.jpeg.296x216.jpg
20201223,松江,松江大学城,楼层好，位置好，自如装修，拎包入住,285.9万,1室1厅 | 59.56平米 | 南 | 精装 | 高楼层(共18层) | 2009年建 | 板楼,http://image1.ljcdn.com/x-se/hdic-frame/b4bcb4dc-2ab1-4fdf-8f86-0daf803c04da.png.296x216.jpg
20201223,松江,松江大学城,三湘四季花城 3室2厅 南新上,690万,3室2厅 | 133平米 | 南 | 精装 | 低楼层(共14层) | 2007年建 | 板楼,http://image1.ljcdn.com/x-se/hdic-frame/4c1eb6c5-c87d-41dc-8316-d946b6cd7579.png.296x216.jpg
20201223,松江,松江大学城,精装修拎包入住，采光通风好，带地暖,538万,3室2厅 | 130平米 | 南 | 精装 | 低楼层(共14层) | 2015年建 | 板楼,http://image1.ljcdn.com/310000-inspection/16ff909f-1c5c-4a42-b512-a11ea8b4c802.jpg.296x216.jpg
20201223,松江,松江大学城,动静分离 花园洋房  满两年  有车位房主自荐,638万,4室2厅 | 129.88平米 | 南 北 | 简装 | 低楼层(共5层) | 2015年建 | 板楼,http://image1.ljcdn.com/x-se/310000-frame/b42d0649-6cfa-42da-9a58-9ba05168b5bc.jpg.296x216.jpg
20201223,松江,松江大学城,位置好，价格优，无抵押无贷款，产权清晰，房东诚意房主自荐,1200万,5室2厅 | 226.13平米 | 南 北 | 简装 | 低楼层(共3层) | 2006年建 | 板楼,http://image1.ljcdn.com/x-se/310000-frame/302d880d-e680-4286-842f-a4bf738b9d3e.jpg.296x216.jpg
20201223,松江,松江大学城,星辰园经典户型+双阳台+产权清晰房主自荐,409万,2室2厅 | 93.13平米 | 南 | 简装 | 低楼层(共18层) | 2005年建 | 板楼,http://image1.ljcdn.com/x-se/hdic-frame/e5b27f99-233d-4d54-9bff-b6d8f541fd8f.png.296x216.jpg
20201223,松江,松江大学城,三湘大三房 飞机户型 动静分离 精装修 近地铁,660万,3室2厅 | 136.66平米 | 南 | 精装 | 低楼层(共14层) | 2008年建 | 板楼,http://image1.ljcdn.com/x-se/hdic-frame/241aae3f-fb57-4487-88d8-06bf75c290bc.png.296x216.jpg
20201223,松江,松江大学城,龙湖南双拼别墅 毛坯房 满5唯一 安静位置 方便看房！,1400万,4室2厅 | 436平米 | 南 北 | 毛坯 | 低楼层(共3层) | 2012年建 | 板楼,http://image1.ljcdn.com/310000-inspection/99dc533f-ca97-468e-a412-2acc301b3bbf.jpg.296x216.jpg
20201223,松江,松江大学城,下叠别墅居住感   小区临河位置大花园  南北通,525万,3室2厅 | 105.39平米 | 南 | 毛坯 | 低楼层(共14层) | 2008年建 | 板楼,
20201223,松江,松江大学城,满五，南北通透，性价高，楼层位置好，生活交通便利,285万,2室2厅 | 77.52平米 | 南 北 | 精装 | 中楼层(共5层) | 2009年建 | 板楼,http://image1.ljcdn.com/x-se/hdic-frame/8ffba792-bf9a-46a0-9ef9-4712682df278.png.296x216.jpg
20201223,松江,松江大学城,此房满五年，南北直通，位置好，带车位,550万,3室2厅 | 132.08平米 | 南 | 简装 | 低楼层(共18层) | 2009年建 | 板楼,http://image1.ljcdn.com/x-se/hdic-frame/3a5d70c4-e15f-479c-8c75-9cf838639c58.png.296x216.jpg
20201223,松江,松江大学城,御上海 精装大三房 楼层位置好 景观视野好,610万,3室2厅 | 132.44平米 | 南 | 精装 | 中楼层(共18层) | 2009年建 | 板楼,http://image1.ljcdn.com/x-se/310000-frame/9b5ca01d-36c7-4ec0-b508-0697f1190afa.png.296x216.jpg
20201223,松江,松江大学城,保利中间地方  位置安静  诚意出售,270万,1室1厅 | 59.7平米 | 南 | 简装 | 低楼层(共18层) | 2009年建 | 板楼,http://image1.ljcdn.com/x-se/hdic-frame/prod-df81aa7f-356a-4654-b03b-ff34f14371d9.png.296x216.jpg
20201223,松江,松江大学城,楼层好，视野宽阔，采光充足，户型方正,418万,3室2厅 | 91.42平米 | 南 | 精装 | 高楼层(共12层) | 2012年建 | 板楼,http://image1.ljcdn.com/x-se/hdic-frame/1574e78a-7286-48ac-814f-8ec61f18369d.png.296x216.jpg
20201223,松江,松江大学城,首创锦悦南北直通三房业主精装修急售,430万,3室2厅 | 93平米 | 南 | 精装 | 低楼层(共17层) | 2016年建 | 板楼,
20201223,松江,松江大学城,大花园 位置佳 诚意出售 南北通 通风采光优 西边套,405万,3室2厅 | 92.71平米 | 南 | 简装 | 低楼层(共11层) | 2012年建 | 板楼,
20201223,松江,松江大学城,保利西子湾 近万达 两房 南北直通户型 带大花园房主自荐,385万,2室2厅 | 90.54平米 | 南 | 精装 | 低楼层(共11层) | 2008年建 | 板楼,http://image1.ljcdn.com/x-se/hdic-frame/730842d4-c389-4997-9b06-7916ec8868c4.png.296x216.jpg
20201223,松江,松江大学城,高楼层大三房 随时购买随时入住 满五唯一税少,620万,3室2厅 | 136.66平米 | 南 | 毛坯 | 中楼层(共14层) | 2008年建 | 板楼,http://image1.ljcdn.com/x-se/hdic-frame/241aae3f-fb57-4487-88d8-06bf75c290bc.png.296x216.jpg
20201223,松江,松江大学城,满五唯一税费少、楼层好位置佳、景观房 业主诚意出售房主自荐,620万,3室2厅 | 153.24平米 | 南 北 | 毛坯 | 高楼层(共18层) | 2007年建 | 板楼,http://image1.ljcdn.com/x-se/hdic-frame/98c9e60f-51ec-4e9b-87e3-0b573bd434c5.png.296x216.jpg
20201223,松江,松江大学城,三湘四季花城少有顶复+满五唯一有车位+小区位置好,730万,5室2厅 | 200平米 | 南 | 精装 | 高楼层(共14层) | 2006年建 | 板楼,
20201223,松江,松江大学城,三湘三房  一复一 小区中间位置 近地铁 配套齐全,400万,3室2厅 | 142平米 | 南 | 简装 | 低楼层(共14层) | 2008年建 | 板楼,http://image1.ljcdn.com/x-se/hdic-frame/b283ba21-e7ee-498c-8a35-6c4cb5aa7dcf.png.296x216.jpg
20201223,松江,松江大学城,此房景观房 楼层位置好 视野开阔 采光无遮挡 交通便利,508万,3室2厅 | 110.22平米 | 南 | 精装 | 高楼层(共22层) | 2015年建 | 板楼,
20201223,松江,松江大学城,户型方正  格局好 楼层高 通风好  采光无遮挡,480万,3室2厅 | 109.27平米 | 南 北 | 简装 | 高楼层(共22层) | 2015年建 | 板楼,http://image1.ljcdn.com/x-se/hdic-frame/5f0c41b9-6bfc-4325-92ec-3d42218f93da.png.296x216.jpg
20201223,松江,松江大学城,纯别墅小区 下叠别墅 靠河 带室内车库 户型正气房主自荐,750万,4室2厅 | 175.46平米 | 南 | 简装 | 低楼层(共1层) | 2005年建 | 板楼,
20201223,松江,松江大学城,龙湖品质大三房，精装修，采光无遮挡，满五，随时看,469万,3室2厅 | 121.67平米 | 南 | 精装 | 低楼层(共20层) | 2013年建 | 塔楼,http://image1.ljcdn.com/x-se/hdic-frame/prod-8501243d-e366-4798-bfea-6caeceac83a2.png.296x216.jpg
20201223,松江,松江大学城,诚心卖的边套户型，您还在等什么，上外配套,513万,3室1厅 | 127.85平米 | 南 | 毛坯 | 低楼层(共18层) | 2005年建 | 板楼,http://image1.ljcdn.com/x-se/hdic-frame/87896647-5afa-4ce1-aba6-e8f860e195b7.png.296x216.jpg
20201223,松江,松江大学城,南北通 通风好采光优 好房必卖 视野宽阔 诚意出售房主自荐,490万,3室2厅 | 109.68平米 | 南 | 简装 | 中楼层(共12层) | 2011年建 | 板楼,http://image1.ljcdn.com/x-se/hdic-frame/f0435bfd-f549-4360-9c6f-4adc4239cc1a.png.296x216.jpg
20201223,松江,松江大学城,靠河联排 接受置换 四南房 带室内车库 视野好,778万,4室2厅 | 205.36平米 | 南 | 毛坯 | 低楼层(共1层) | 2005年建 | 板楼,
20201223,松江,松江大学城,位置好，价格优，无抵押无贷款，产权清晰，房东诚意。房主自荐,1200万,4室2厅 | 221.38平米 | 南 | 毛坯 | 低楼层(共18层) | 2006年建 | 板楼,
20201223,松江,松江大学城,希望渴望您是它的主人，我带着你，你带着钱，帮您选房,890万,4室2厅 | 215平米 | 南 北 | 毛坯 | 低楼层(共1层) | 2013年建 | 板楼,http://image1.ljcdn.com/x-se/310000-frame/rsp_pic_upload81b67af1-8b84-461b-bbe8-c9abc2e8088e.png.296x216.jpg
20201223,松江,松江大学城,户型方正 南北通 精装修可拎包住 采光无遮挡房主自荐,480万,2室2厅 | 102平米 | 南 | 精装 | 低楼层(共14层) | 2006年建 | 板楼,
20201223,松江,松江大学城,带车位 办公楼，看房提前约，价格实惠,228万,2室2厅 | 87.55平米 | 南 | 简装 | 高楼层(共9层) | 2013年建 | 板楼,
20201223,松江,松江大学城,三湘四季花城 3室2厅 南,588万,3室2厅 | 134.4平米 | 南 | 精装 | 中楼层(共14层) | 2007年建 | 板楼,http://image1.ljcdn.com/x-se/hdic-frame/949458f6-6e9a-42b4-a895-fea1914add5a.png.296x216.jpg
20201223,松江,松江大学城,松云水苑(公寓) 2室2厅 南 北,340万,2室2厅 | 114.38平米 | 南 北 | 毛坯 | 中楼层(共14层) | 2005年建 | 板楼,http://image1.ljcdn.com/x-se/hdic-frame/1eb91a78-84d1-4859-86aa-197f12a9e7fa.png.296x216.jpg
20201223,松江,松江大学城,联排别墅中间套，大户型带花园，有产权车位,729万,3室2厅 | 130.07平米 | 南 | 精装 | 低楼层(共3层) | 2010年建 | 板楼,http://image1.ljcdn.com/x-se/310000-frame/24d88ed6-7c0d-4225-b8df-e8318c5db043.png.296x216.jpg
20201223,松江,松江大学城,莱顿小城 4室2厅 南 北,600万,4室2厅 | 144.81平米 | 南 北 | 精装 | 中楼层(共12层) | 2006年建 | 板楼,http://image1.ljcdn.com/x-se/hdic-frame/test-18608494-9361-49ce-ad2f-dfde1ac1fe82.png.296x216.jpg
20201223,松江,松江大学城,保利二期靠河位置 大三房 近地铁 一楼超大花园,608万,3室2厅 | 137.54平米 | 南 | 精装 | 低楼层(共14层) | 2009年建 | 板楼,http://image1.ljcdn.com/110000-inspection/pc1_SrSe7Fxg3_1.jpg.296x216.jpg
20201223,松江,松江大学城,在寂静中品味,在喧闹中生此房深情并茂 超低价活房主自荐,850万,3室2厅 | 204平米 | 南 | 精装 | 低楼层(共1层) | 2013年建 | 板楼,http://image1.ljcdn.com/110000-inspection/pc1_rMCTckBBV_1.jpg.296x216.jpg
20201223,松江,松江大学城,唯一在售大叠加别墅，400平超大面积，带花园地下室,1600万,4室2厅 | 403平米 | 南 | 毛坯 | 下叠(共4层) | 2014年建 | 板楼 | 叠拼别墅,http://image1.ljcdn.com/110000-inspection/pc1_h1cK1k69R_1.jpg.296x216.jpg
20201223,松江,松江大学城,九龙仓二期前排 楼层视野好 诚心出售,860万,3室2厅 | 178.6平米 | 南 | 精装 | 下叠(共3层) | 2014年建 | 板楼 | 叠拼别墅,http://image1.ljcdn.com/110000-inspection/pc1_VNK0NhWqH_1.jpg.296x216.jpg
20201223,松江,松江大学城,此房满两年，买入价高，税费少，配套成熟，交通便利房主自荐,320万,1室1厅 | 65.24平米 | 南 | 精装 | 低楼层(共18层) | 2005年建 | 板楼,http://image1.ljcdn.com/110000-inspection/pc1_lUbxLOJAp_1.jpg.296x216.jpg
20201223,松江,松江大学城,此房位置好，精装修，带车位，小两房,300万,2室1厅 | 62.88平米 | 南 | 精装 | 低楼层(共18层) | 2009年建 | 板楼,http://image1.ljcdn.com/110000-inspection/pc1_ZfZH4DSMk_1.jpg.296x216.jpg
20201223,松江,松江大学城,松云优质两房两卫，满五年唯一，拎包入住,350万,2室2厅 | 115.12平米 | 南 | 精装 | 低楼层(共6层) | 2005年建 | 板楼,http://image1.ljcdn.com/110000-inspection/pc1_oWWlAD2sJ_1.jpg.296x216.jpg
20201223,松江,松江大学城,高楼层景观房，户型正气，享受都市繁华,435万,2室2厅 | 94.01平米 | 南 北 | 精装 | 中楼层(共16层) | 2009年建 | 板楼,http://image1.ljcdn.com/110000-inspection/pc1_F2A77k2aU_1.jpg.296x216.jpg
20201223,松江,松江大学城,绿地林肯公园 4室2厅 南,720万,4室2厅 | 145平米 | 南 | 精装 | 高楼层(共18层)  | 板楼,http://image1.ljcdn.com/110000-inspection/pc1_E2xreB5OP_1.jpg.296x216.jpg
20201223,松江,松江大学城,南北通透  户型方正  精装全配  拎包入住  交通便利房主自荐,646万,3室2厅 | 129.33平米 | 南 北 | 精装 | 低楼层(共12层) | 2011年建 | 板楼,http://image1.ljcdn.com/110000-inspection/pc1_VsXdoWmA1_1.jpg.296x216.jpg
20201223,松江,松江大学城,双拼别墅，新小区品质好，使用面积大，位置好,1500万,4室2厅 | 351.43平米 | 南 北 | 毛坯 | 3层 | 2011年建 | 板楼 | 双拼别墅,http://image1.ljcdn.com/110000-inspection/pc1_aKmmjSRlm_1.jpg.296x216.jpg
20201223,松江,松江大学城,临湖景观房 满五年唯一 精装修 房东诚信出售房主自荐,652万,3室2厅 | 133.64平米 | 南 | 其他 | 中楼层(共18层) | 2009年建 | 板楼,http://image1.ljcdn.com/110000-inspection/pc1_33IWOtvnO_1.jpg.296x216.jpg
20201223,松江,松江大学城,三湘四季财富广场 1室1厅 南,245万,1室1厅 | 59平米 | 南 | 精装 | 低楼层(共8层) | 2012年建 | 板楼,http://image1.ljcdn.com/110000-inspection/pc1_ZwTBc11ep_1.jpg.296x216.jpg
20201223,松江,松江大学城,西子湾 满五唯一 靠河双南景观房,325万,2室2厅 | 78.95平米 | 东南 | 精装 | 中楼层(共11层) | 2009年建 | 塔楼,http://image1.ljcdn.com/310000-inspection/prod-43173f7b-8167-4505-a6ab-845daef7dcb8.jpg.296x216.jpg
20201223,松江,松江大学城,三湘四季财富广场 1室1厅 南房主自荐,270万,1室1厅 | 62.36平米 | 南 | 其他 | 高楼层(共8层) | 2012年建 | 板楼,http://image1.ljcdn.com/110000-inspection/pc1_422tMG6bh_1.jpg.296x216.jpg
20201223,松江,松江大学城,精装修，70年产权、 小户型 总价低 ，湖景房,208万,1室1厅 | 56.33平米 | 东南 | 精装 | 中楼层(共11层) | 2009年建 | 塔楼,http://image1.ljcdn.com/110000-inspection/pc1_Ye4Hkq9mc_1.jpg.296x216.jpg
20201223,松江,松江大学城,三湘四季财富广场 4室2厅 南,650万,4室2厅 | 192.56平米 | 南 | 精装 | 高楼层(共8层) | 2012年建 | 板楼,http://image1.ljcdn.com/110000-inspection/pc1_rtNkFE20b_1.jpg.296x216.jpg
20201223,松江,松江大学城,保利西子湾 2室2厅 东,325万,2室2厅 | 78.95平米 | 东 | 简装 | 低楼层(共11层) | 2009年建 | 塔楼,http://image1.ljcdn.com/110000-inspection/pc1_E8wXOHNgP_1.jpg.296x216.jpg
20201223,松江,松江大学城,保利湖景 精装一房 万达旁 近地铁,210万,1室1厅 | 56.33平米 | 南 | 简装 | 中楼层(共11层) | 2009年建 | 塔楼,http://image1.ljcdn.com/310000-inspection/prod-485fcd6d-41fb-4ea9-9bbd-71a027316bf7.jpg.296x216.jpg
20201223,松江,松江大学城,三湘四季财富广场 1室1厅 南,235万,1室1厅 | 62.36平米 | 南 | 其他 | 中楼层(共8层) | 2012年建 | 板楼,http://image1.ljcdn.com/110000-inspection/pc1_t810cm55y_1.jpg.296x216.jpg
20201223,松江,松江大学城,得房率高，满五唯一，税费少，人车分流，自带景观河房主自荐,545万,3室2厅 | 109.24平米 | 南 | 精装 | 低楼层(共18层) | 2010年建 | 板楼,http://image1.ljcdn.com/310000-inspection/prod-65537105-90ef-44f2-92af-53f34e74177d.jpg.296x216.jpg
20201223,松江,松江大学城,特殊小户型！*套！南北通小两房带花园！精装,300万,2室1厅 | 65.09平米 | 南 | 精装 | 低楼层(共14层) | 2009年建 | 板楼,http://image1.ljcdn.com/310000-inspection/test-25762249-44bf-4c77-857d-4b111c3c4376.png.296x216.jpg
20201223,松江,松江大学城,满五唯一，小三房，位置好，生活交通便利,330万,3室2厅 | 90.04平米 | 南 | 简装 | 低楼层(共5层) | 2009年建 | 板楼,http://image1.ljcdn.com/310000-inspection/pc1_srU6fxmIA_1.jpg.296x216.jpg
20201223,松江,松江大学城,河景房，装修好，总价低，采光好，前排位置,210万,1室1厅 | 56.33平米 | 西南 | 精装 | 低楼层(共11层) | 2009年建 | 塔楼,http://image1.ljcdn.com/110000-inspection/pc1_hXy0KqknV_2.jpg.296x216.jpg
20201223,松江,松江大学城,三湘四季财富广场出门地铁，小吃街，超市，银行，,430万,2室2厅 | 109.42平米 | 暂无数据 | 精装 | 中楼层(共8层) | 2012年建 | 板楼,http://image1.ljcdn.com/shfdfs-image/20171210/6566919f-62fa-4830-b32d-0eb1a52ab8b9.jpg.296x216.jpg
20201223,松江,松江大学城,松云水苑 两房两卫 满两年 南北直通 红木装修房主自荐,380万,2室2厅 | 126平米 | 南 | 精装 | 低楼层(共14层) | 2005年建 | 板楼,http://image1.ljcdn.com/shfdfs-image/20160309/24f7a8dd-1438-413e-b57a-2db1be693d2c.jpg.296x216.jpg
20201223,松江,松江大学城,首推房源！南北通透正3房1卫楼层位置好电梯房配套齐全新上,590万,3室2厅 | 123.77平米 | 南 北 | 简装 | 高楼层(共14层) | 2007年建 | 板楼,http://image1.ljcdn.com/x-se/hdic-frame/standard_bea17fa9-fb37-458e-94ac-f75ed62f7d16.png.296x216.jpg
20201223,松江,松江大学城,中星佘山溪语 1室0厅 西南,203万,1室0厅 | 70.39平米 | 西南 | 精装 | 中楼层(共9层) | 2013年建 | 板楼,http://image1.ljcdn.com/310000-inspection/fd8cac51-b2bb-414b-96cb-5768287802a8.jpg.296x216.jpg
20201223,松江,松江大学城,中星佘山溪语 1室0厅 南,270万,1室0厅 | 96.52平米 | 南 | 精装 | 中楼层(共9层) | 2013年建 | 板楼,http://image1.ljcdn.com/310000-inspection/0aa44e4e-a0ca-4b50-821c-02d936fecf34.jpg.296x216.jpg
20201223,松江,松江大学城,中星佘山溪语 1室0厅 南,294万,1室0厅 | 105.29平米 | 南 | 精装 | 中楼层(共9层) | 2013年建 | 板楼,http://image1.ljcdn.com/310000-inspection/d6ecf13a-c33e-471b-b50d-20593b3aa3a1.jpg.296x216.jpg
20201223,松江,松江大学城,中星佘山溪语 1室0厅 南,274万,1室0厅 | 98.63平米 | 南 | 毛坯 | 中楼层(共9层) | 2013年建 | 板楼,http://image1.ljcdn.com/310000-inspection/bea76bd1-fad0-445b-804c-5dcc0f17cf02.jpg.296x216.jpg
20201223,松江,松江大学城,中星佘山溪语 1室0厅 南,193.2万,1室0厅 | 69.49平米 | 南 | 毛坯 | 中楼层(共9层) | 2013年建 | 板楼,http://image1.ljcdn.com/310000-inspection/9d5fce99-12cb-4f30-80c1-8da2eb31f2c5.jpg.296x216.jpg
20201223,松江,松江大学城,中星佘山溪语 1室0厅 西北,268万,1室0厅 | 96.62平米 | 西北 | 精装 | 中楼层(共9层) | 2013年建 | 板楼,http://image1.ljcdn.com/310000-inspection/899ade82-2a3a-4339-a365-0b5ab9549f93.jpg.296x216.jpg
20201223,松江,松江大学城,中星佘山溪语 1室0厅 东北,271万,1室0厅 | 97.49平米 | 东北 | 精装 | 中楼层(共9层) | 2013年建 | 板楼,http://image1.ljcdn.com/310000-inspection/3e5526a4-ebea-4176-b43e-04baee533912.jpg.296x216.jpg
20201223,松江,松江大学城,九龙仓地铁站，万达广场，人民医院，万科印象城都近新上,690万,3室2厅 | 193.05平米 | 南 | 精装 | 下叠(共4层) | 2014年建 | 板楼 | 叠拼别墅,http://image1.ljcdn.com/x-se/310000-frame/3732d5d3-fb7e-46f8-a2da-4abab22a07b4.png.296x216.jpg
20201223,松江,松江大学城,大学城新上好房 房东诚意出售 配套齐全新上,615万,3室2厅 | 132.1平米 | 南 | 简装 | 中楼层(共18层) | 2009年建 | 板楼,http://image1.ljcdn.com/x-se/hdic-frame/0634f327-4757-415e-96ee-bd8973cc015f.png.296x216.jpg
20201223,松江,松江大学城,复地翠堤苑(公寓) 3室2厅 南新上,385万,3室2厅 | 131.72平米 | 南 | 其他 | 低楼层(共11层) | 2006年建 | 板楼,http://image1.ljcdn.com/x-se/310000-frame/4034b73a-8d6e-4345-a2b6-734815ad4b5c.jpg.296x216.jpg
20201223,松江,松江大学城,三湘四季财富广场 2室2厅 南,450万,2室2厅 | 104.66平米 | 南 | 其他 | 中楼层(共8层) | 2012年建 | 板楼,http://image1.ljcdn.com/x-se/310000-frame/dcd7bdb6-5453-45ce-bdea-9c7bd1653838.jpg.296x216.jpg
20201223,松江,松江大学城,三湘四季财富广场 1室1厅 283万,283万,1室1厅 | 62.36平米 | 东 | 精装 | 中楼层(共8层) | 2012年建 | 板楼,
20201223,松江,松江大学城,高层景观房 满五年唯一 税费少,370万,2室2厅 | 125.89平米 | 南 | 其他 | 中楼层(共14层) | 2005年建 | 板楼,http://image1.ljcdn.com/x-se/hdic-frame/49f18877-7da9-4d50-8a36-fb467d6ca97f.png.296x216.jpg
20201223,松江,松江大学城,中星佘山溪语 2室2厅 东,265万,2室2厅 | 96.43平米 | 东 | 其他 | 高楼层(共9层) | 2013年建 | 板楼,
