20201223,杨浦,黄兴公园,次新小区，配套设施齐全配套成熟，交通便利，诚心出售必看好房,420万,1室1厅 | 54.77平米 | 南 | 精装 | 低楼层(共11层) | 2012年建 | 板楼,http://image1.ljcdn.com/110000-inspection/pc1_xzdSzGlde_1.jpg.296x216.jpg
20201223,杨浦,黄兴公园,02年次新房+全明户型+一梯两户+靠黄兴公园+带花园！必看好房,815万,3室2厅 | 129.8平米 | 南 北 | 简装 | 低楼层(共7层) | 2002年建 | 板楼,http://image1.ljcdn.com/310000-inspection/pc1_NO3SRa15z_1.jpg.296x216.jpg
20201223,杨浦,黄兴公园,钥匙房   诚意出售  电梯景观房 户型正气   产权清晰必看好房,799万,2室2厅 | 114.69平米 | 南 | 简装 | 高楼层(共17层) | 2005年建 | 板楼,http://image1.ljcdn.com/110000-inspection/0db228d7-9873-4ddf-83a6-df0d59644422_1000.jpg.296x216.jpg
20201223,杨浦,黄兴公园,黄兴公园旁售后公房满五不唯一，精装两房，诚意出售必看好房,303万,2室1厅 | 52.58平米 | 南 | 精装 | 中楼层(共7层) | 1995年建 | 板楼,http://image1.ljcdn.com/110000-inspection/58c1a000-a173-497d-b139-3c3058c0f567_1000.jpg.296x216.jpg
20201223,杨浦,黄兴公园,店长推荐   一梯两户   全明户型必看好房,745万,2室2厅 | 89.03平米 | 南 北 | 简装 | 低楼层(共6层) | 2000年建 | 板楼,http://image1.ljcdn.com/110000-inspection/186dd5ba-9625-434e-9109-ec3874d61721_1000.jpg.296x216.jpg
20201223,杨浦,黄兴公园,精装修朝南一门关+近地铁临公园+延吉示范性小区必看好房,210万,1室1厅 | 35.6平米 | 南 | 精装 | 高楼层(共6层) | 1986年建 | 板楼,http://image1.ljcdn.com/110000-inspection/pc1_VuCoqR2WP_1.jpg.296x216.jpg
20201223,杨浦,黄兴公园,房东诚意出售 价格可谈 看房方便必看好房,950万,3室2厅 | 129.28平米 | 南 | 简装 | 高楼层(共9层) | 1999年建 | 板楼,http://image1.ljcdn.com/110000-inspection/pc1_x7I5p8SMV_1.jpg.296x216.jpg
20201223,杨浦,黄兴公园,售后公房，中楼层、东边套全明、采光好必看好房,608万,3室1厅 | 81.78平米 | 南 | 精装 | 中楼层(共6层) | 1987年建 | 板楼,http://image1.ljcdn.com/110000-inspection/pc1_reyHsOYF4.jpg.296x216.jpg
20201223,杨浦,黄兴公园,近地铁，交通便利，想了解信息随时可以咨询必看好房,200万,1室1厅 | 34.9平米 | 南 | 简装 | 低楼层(共6层) | 1993年建 | 板楼,http://image1.ljcdn.com/110000-inspection/c72d790f-53be-441e-abb5-835568121824_1000.jpg.296x216.jpg
20201223,杨浦,黄兴公园,钥匙房随时可看，满五，精装修，业主诚意出售！！必看好房,236万,1室1厅 | 47.91平米 | 南 | 简装 | 高楼层(共6层) | 1997年建 | 板楼,http://image1.ljcdn.com/110000-inspection/pc1_9zDNoPBl6_1.jpg.296x216.jpg
20201223,杨浦,黄兴公园,此房近公园 店长主推 距离8号线 黄兴公园近必看好房,513万,2室1厅 | 69.84平米 | 南 | 简装 | 中楼层(共6层) | 1996年建 | 板楼,http://image1.ljcdn.com/110000-inspection/41188d11-20d9-422c-87ac-d495a34981a5_1000.jpg.296x216.jpg
20201223,杨浦,黄兴公园,满五唯一税费少，精装修可拎包入住，中间楼层必看好房,340万,1室1厅 | 37.54平米 | 南 | 精装 | 中楼层(共6层) | 1989年建 | 板楼,http://image1.ljcdn.com/110000-inspection/pc1_lsqZLoSyn_1.jpg.296x216.jpg
20201223,杨浦,黄兴公园,采光通风好、中间楼层、配套齐全、不靠马路必看好房,325万,2室1厅 | 49.94平米 | 南 北 | 简装 | 中楼层(共6层) | 1986年建 | 板楼,http://image1.ljcdn.com/110000-inspection/pc1_nYLj15fcD_1.jpg.296x216.jpg
20201223,杨浦,黄兴公园,长白三村 1室0厅 东 北必看好房,148万,1室0厅 | 28.35平米 | 东 北 | 简装 | 中楼层(共4层) | 1993年建 | 板楼,http://image1.ljcdn.com/110000-inspection/pc1_iSqHeyqx7_1.jpg.296x216.jpg
20201223,杨浦,黄兴公园,香阁丽苑大平层 大四房  全天采光无迪 带大花园80平必看好房,1520万,4室2厅 | 166.19平米 | 南 | 简装 | 低楼层(共3层) | 2004年建 | 板楼,http://image1.ljcdn.com/110000-inspection/b5ad0f8b-edf3-4149-b7f2-fd576b6c6338_1000.jpg.296x216.jpg
20201223,杨浦,黄兴公园,婚房大2房+全明户型+双朝南+得房率高+诚意出售+近地铁必看好房,398万,2室1厅 | 65.59平米 | 南 | 精装 | 中楼层(共7层) | 1995年建 | 板楼,http://image1.ljcdn.com/310000-inspection/pc1_7bLdLqbcz_1.jpg.296x216.jpg
20201223,杨浦,黄兴公园,延吉地铁站边一房满五唯一税费少必看好房,205万,1室0厅 | 32.35平米 | 南 | 简装 | 中楼层(共6层) | 1983年建 | 板楼,http://image1.ljcdn.com/310000-inspection/pc1_vxRcweePk_1.jpg.296x216.jpg
20201223,杨浦,黄兴公园,西边套，南北两房一厅，G0LD三楼，精装修，满四唯一必看好房,338万,2室1厅 | 46.8平米 | 南 | 精装 | 中楼层(共6层) | 1985年建 | 板楼,http://image1.ljcdn.com/110000-inspection/pc1_6v2WR3Beo_1.jpg.296x216.jpg
20201223,杨浦,黄兴公园,满五唯一    一楼带天井   附带面积多必看好房,335万,2室1厅 | 51.12平米 | 南 | 简装 | 低楼层(共6层) | 1993年建 | 板楼,http://image1.ljcdn.com/110000-inspection/pc1_FpirfdY0F_1.jpg.296x216.jpg
20201223,杨浦,黄兴公园,此房已满五年，地铁八号线，公园房，南北房复旦xue区必看好房,570万,2室1厅 | 80.97平米 | 南 北 | 简装 | 中楼层(共6层) | 1996年建 | 板楼,http://image1.ljcdn.com/310000-inspection/pc1_djq9ADBDo_1.jpg.296x216.jpg
20201223,杨浦,黄兴公园,小区中间位置，一梯一户，飞机户型，有名.额，诚意卖新上,1265万,3室2厅 | 137.12平米 | 南 | 简装 | 低楼层(共10层) | 2002年建 | 板楼,http://image1.ljcdn.com/110000-inspection/51a697e7-b78e-41bb-a2b7-6d43f128d05e_1000.jpg.296x216.jpg
20201223,杨浦,黄兴公园,佳龙花园 毛坯三房 中间位置 地铁口 公园旁 有钥匙房主自荐,1150万,3室2厅 | 119.47平米 | 南 | 毛坯 | 低楼层(共14层) | 2005年建 | 板楼,http://image1.ljcdn.com/110000-inspection/pc1_OoIzWaAgU.jpg.296x216.jpg
20201223,杨浦,黄兴公园,复式大户型景观五房3卫，80平主卧套间，俯瞰整个杨浦,2308万,5室3厅 | 256.62平米 | 南 北 | 精装 | 高楼层(共18层) | 2008年建 | 板楼,http://image1.ljcdn.com/110000-inspection/pc1_EMAoLjsFq_1.jpg.296x216.jpg
20201223,杨浦,黄兴公园,九州花苑 3室2厅 南,795万,3室2厅 | 99.66平米 | 南 | 精装 | 低楼层(共6层) | 1995年建 | 板楼,http://image1.ljcdn.com/110000-inspection/pc1_PNPdMBiPv_1.jpg.296x216.jpg
20201223,杨浦,黄兴公园,两房两卫，南北户型，满五唯一。,888万,3室2厅 | 107.75平米 | 南 北 | 简装 | 低楼层(共11层) | 2001年建 | 板楼,http://image1.ljcdn.com/110000-inspection/df41b711-0a95-4f90-9a12-ca4a4c58bdc0_1000.jpg.296x216.jpg
20201223,杨浦,黄兴公园,户型方正，一室一厅南北通。次顶楼视野开阔房主自荐,225万,1室1厅 | 35.91平米 | 南 | 简装 | 高楼层(共6层) | 1986年建 | 板楼,http://image1.ljcdn.com/110000-inspection/pc1_FuZmQH0An_1.jpg.296x216.jpg
20201223,杨浦,黄兴公园,大3房 南北通风 楼层好 满五年唯一 楼栋位置好 采光好房主自荐,536万,3室1厅 | 97.83平米 | 南 | 精装 | 高楼层(共7层) | 1995年建 | 板楼,http://image1.ljcdn.com/110000-inspection/df6fa133-60d7-4c1c-a27e-635d9e4682bd_1000.jpg.296x216.jpg
20201223,杨浦,黄兴公园,望春都市家园 3室2厅 南,1016万,3室2厅 | 126.8平米 | 南 | 精装 | 中楼层(共9层) | 1999年建 | 板楼,http://image1.ljcdn.com/110000-inspection/pc1_WrpO2vpXW_1.jpg.296x216.jpg
20201223,杨浦,黄兴公园,满五，采光充足，产权清晰，看房方便,300万,2室1厅 | 49.73平米 | 南 | 精装 | 高楼层(共6层) | 1983年建 | 板楼,http://image1.ljcdn.com/110000-inspection/2a717a6a-573b-4df8-9b70-c65ac0d3d34d_1000.jpg.296x216.jpg
20201223,杨浦,黄兴公园,8号线 上理 满五 诚心出售 原建 双南户型位置好房主自荐,275万,2室1厅 | 44.1平米 | 南 | 简装 | 高楼层(共6层) | 1979年建 | 板楼,http://image1.ljcdn.com/110000-inspection/pc1_nOz5FutSr_1.jpg.296x216.jpg
20201223,杨浦,黄兴公园,浣纱三村 2室1厅 南新上,485万,2室1厅 | 64平米 | 南 | 简装 | 低楼层(共6层) | 1995年建 | 板楼,http://image1.ljcdn.com/110000-inspection/875f5bee-85a3-4cca-8a18-3249195a79c3_1000.jpg.296x216.jpg
20201223,杨浦,黄兴公园,控江西三村 2室1厅 南,338万,2室1厅 | 50.64平米 | 南 | 精装 | 中楼层(共5层) | 1993年建 | 板楼,http://image1.ljcdn.com/110000-inspection/pc1_7FEvEeKuZ_1.jpg.296x216.jpg
20201223,杨浦,黄兴公园,五复六，税费各付，自带南北二个大露台房主自荐,1100万,4室2厅 | 136.24平米 | 南 北 | 简装 | 高楼层(共5层) | 1999年建 | 板楼,http://image1.ljcdn.com/110000-inspection/pc1_nWYNkiuLU_1.jpg.296x216.jpg
20201223,杨浦,黄兴公园,售后公房，满五唯一，中间楼层，精装修，双南带阳台新上,395万,2室1厅 | 52.07平米 | 南 | 精装 | 中楼层(共5层) | 1981年建 | 板楼,http://image1.ljcdn.com/110000-inspection/b9f21cf8-da0b-4215-9fbd-9f7516ca403c_1000.jpg.296x216.jpg
20201223,杨浦,黄兴公园,精装修，一梯3户，8号线地铁口房主自荐,315万,2室1厅 | 50.12平米 | 南 | 其他 | 高楼层(共6层) | 1986年建 | 板楼,http://image1.ljcdn.com/110000-inspection/1f001aed-7f73-47e9-958c-955427c81237_1000.jpg.296x216.jpg
20201223,杨浦,黄兴公园,兰花新村 2室1厅 南,330万,2室1厅 | 47.26平米 | 南 | 精装 | 中楼层(共6层) | 1983年建 | 板楼,http://image1.ljcdn.com/110000-inspection/d29e18b5-7431-4db2-9ff8-7393794c12a8_1000.jpg.296x216.jpg
20201223,杨浦,黄兴公园,精装修、大露台、税较少、诚意出售，错过难再有房主自荐,610万,1室1厅 | 62.06平米 | 南 | 精装 | 低楼层(共11层) | 2004年建 | 板楼,http://image1.ljcdn.com/110000-inspection/d6f30465-bd57-4aba-820f-81f8d0884f01_1000.jpg.296x216.jpg
20201223,杨浦,黄兴公园,带100平露台小区空中花园小区只有一套大露台,1050万,3室2厅 | 123.58平米 | 南 | 精装 | 高楼层(共6层) | 2004年建 | 板楼,http://image1.ljcdn.com/110000-inspection/pc1_d1zcyRG0t_1.jpg.296x216.jpg
20201223,杨浦,黄兴公园,视野开阔，飞机户型，业主诚意出售，看房方便,1120万,3室2厅 | 116.36平米 | 南 | 精装 | 高楼层(共9层) | 2002年建 | 板楼,http://image1.ljcdn.com/110000-inspection/9fd2ceee-46a9-4eab-8d86-6d4c3c417878_1000.jpg.296x216.jpg
20201223,杨浦,黄兴公园,满五唯一税费少，总价低朝南一门关。房主自荐,180万,1室1厅 | 34.76平米 | 南 | 简装 | 高楼层(共5层) | 1957年建 | 板楼,http://image1.ljcdn.com/110000-inspection/cce09a1f-05c4-4b06-8a82-cb82cb230e24_1000.jpg.296x216.jpg
20201223,杨浦,黄兴公园,精装修，一梯3户，带露台，采光好，近地铁房主自荐,340万,2室1厅 | 50.12平米 | 南 | 精装 | 低楼层(共6层) | 1986年建 | 板楼,http://image1.ljcdn.com/110000-inspection/pc1_sZqzPeix0_1.jpg.296x216.jpg
20201223,杨浦,黄兴公园,视野开阔+采光无遮挡+小区中间+正对花园新上,230万,1室1厅 | 35.72平米 | 南 | 精装 | 中楼层(共6层) | 1986年建 | 板楼,http://image1.ljcdn.com/110000-inspection/pc1_gUkuq7EyD_1.jpg.296x216.jpg
20201223,杨浦,黄兴公园,一室户，楼层好，采光好，通透格局，配套设施齐新上,232万,1室0厅 | 35.77平米 | 南 | 简装 | 中楼层(共5层) | 1996年建 | 板楼,http://image1.ljcdn.com/110000-inspection/pc1_jmctvqggR_1.jpg.296x216.jpg
20201223,杨浦,黄兴公园,《地铁站边》《南北双公园》《中间楼层》《税费低》新上,218万,1室1厅 | 34.94平米 | 南 | 简装 | 中楼层(共6层) | 1993年建 | 板楼,http://image1.ljcdn.com/110000-inspection/pc1_v2D0b9jNe_1.jpg.296x216.jpg
20201223,杨浦,黄兴公园,满五唯一 视野宽阔 采光充足 楼层好 采光好 诚意出售房主自荐,485万,2室1厅 | 85.85平米 | 南 | 简装 | 中楼层(共24层) | 1998年建 | 塔楼,http://image1.ljcdn.com/310000-inspection/pc1_hPlpA4CVj_1.jpg.296x216.jpg
20201223,杨浦,黄兴公园,黄兴公园大氧吧  满五唯一税少  南北板式  有大花园房主自荐,825万,2室2厅 | 102.37平米 | 南 | 简装 | 低楼层(共6层) | 2002年建 | 板楼,http://image1.ljcdn.com/110000-inspection/pc1_bVS398BLc_1.jpg.296x216.jpg
20201223,杨浦,黄兴公园,满五年 近地铁8号线   诚意出售,360万,1室1厅 | 47.99平米 | 南 北 | 简装 | 中楼层(共6层) | 1984年建 | 板楼,http://image1.ljcdn.com/110000-inspection/pc1_v04Z5se8H_1.jpg.296x216.jpg
20201223,杨浦,黄兴公园,怡佳苑，一室一厅，厅房同宽，高楼层，采光好无遮挡。房主自荐,260万,1室1厅 | 50.69平米 | 南 | 毛坯 | 高楼层(共7层) | 1994年建 | 板楼,http://image1.ljcdn.com/110000-inspection/d55c4423-0794-4ad9-ad4e-d51fff1ccef8_1000.jpg.296x216.jpg
20201223,杨浦,黄兴公园,精装修朝南一门关，业主诚意出售，有钥匙。随时看房。房主自荐,178万,1室0厅 | 34.14平米 | 南 | 精装 | 高楼层(共4层) | 1988年建 | 板楼,http://image1.ljcdn.com/110000-inspection/pc1_QsYN247QR.jpg.296x216.jpg
20201223,杨浦,黄兴公园,佳龙花园 3室2厅 南,1300万,3室2厅 | 134平米 | 南 | 精装 | 低楼层(共10层) | 2005年建 | 板楼,http://image1.ljcdn.com/110000-inspection/pc1_hZIOoZYos_1.jpg.296x216.jpg
20201223,杨浦,黄兴公园,黄兴绿园 3室2厅 南,980万,3室2厅 | 122.77平米 | 南 | 简装 | 低楼层(共6层) | 2004年建 | 板楼,http://image1.ljcdn.com/110000-inspection/36503820-5d30-4479-8e93-8144a21ab9eb_1000.jpg.296x216.jpg
20201223,杨浦,黄兴公园,西边套全明，少有户型，厅南北通，楼层好带露台,520万,2室1厅 | 76.45平米 | 南 | 精装 | 低楼层(共6层) | 1985年建 | 板楼,http://image1.ljcdn.com/110000-inspection/pc1_uzNgpieY0_1.jpg.296x216.jpg
20201223,杨浦,黄兴公园,怡佳苑 简装 中间楼层 采光无遮挡 带阳台,295万,2室0厅 | 53.03平米 | 南 | 简装 | 中楼层(共7层) | 1994年建 | 板楼,http://image1.ljcdn.com/110000-inspection/6c5f319f-0d55-4e0a-af9d-1fc8dac1f949_1000.jpg.296x216.jpg
20201223,杨浦,黄兴公园,婚房精装 配套齐全 地铁沿线  诚心出售 近黄兴公园房主自荐,350万,2室1厅 | 62.26平米 | 南 | 精装 | 高楼层(共7层) | 1995年建 | 板楼,http://image1.ljcdn.com/110000-inspection/a2747021-5943-4767-9258-eb22c03a3afe_1000.jpg.296x216.jpg
20201223,杨浦,黄兴公园,近地铁临公园+精装修+业主诚心出售+看房方便,239万,1室1厅 | 42.24平米 | 南 | 精装 | 高楼层(共5层) | 1989年建 | 板楼,http://image1.ljcdn.com/110000-inspection/pc1_qSjcPeCei_1.jpg.296x216.jpg
20201223,杨浦,黄兴公园,精致小户型 位置好 产权人一个，户口一个，放心购买房主自荐,175万,1室1厅 | 27.11平米 | 南 | 简装 | 高楼层(共6层) | 1980年建 | 板楼,http://image1.ljcdn.com/110000-inspection/pc1_xyRL6sJK9_1.jpg.296x216.jpg
20201223,杨浦,黄兴公园,原建南北2房+采光通风无遮挡+精装入住+尖顶阁楼,255万,2室0厅 | 42.41平米 | 南 北 | 精装 | 高楼层(共6层) | 1985年建 | 板楼,http://image1.ljcdn.com/110000-inspection/pc1_shvc8IGqA_1.jpg.296x216.jpg
20201223,杨浦,黄兴公园,本房诚意出售，满五唯一，全明户型，朝南一门关房主自荐,175万,1室0厅 | 27.11平米 | 南 | 精装 | 高楼层(共6层) | 1980年建 | 板楼,http://image1.ljcdn.com/110000-inspection/pc1_QCNd0VEx3_1.jpg.296x216.jpg
20201223,杨浦,黄兴公园,采光好，全明户型，南北两房，业主诚心出售,455万,2室1厅 | 66.97平米 | 东南 | 简装 | 中楼层(共19层) | 1991年建 | 塔楼,http://image1.ljcdn.com/310000-inspection/prod-3c93665e-c3fb-4082-af55-2397a97d6397.jpg.296x216.jpg
20201223,杨浦,黄兴公园,南北通一门关带厅采光充足配套齐全交通便利近地铁房主自荐,189万,1室1厅 | 37.41平米 | 南 | 精装 | 高楼层(共6层) | 1985年建 | 板楼,http://image1.ljcdn.com/310000-inspection/pc1_A9jyphjAr_2.jpg.296x216.jpg
20201223,杨浦,黄兴公园,《满五唯一》《低税费》《地铁站房子》《交通方便》房主自荐,207万,1室1厅 | 34.2平米 | 南 | 精装 | 高楼层(共6层) | 1993年建 | 板楼,http://image1.ljcdn.com/110000-inspection/6595e95d-f2de-44af-8a52-a0fa01d03f60_1000.jpg.296x216.jpg
20201223,杨浦,黄兴公园,《店长推荐》《中间楼层》《无个税》《近地铁》房主自荐,319万,2室1厅 | 50.69平米 | 南 | 简装 | 中楼层(共6层) | 1993年建 | 板楼,http://image1.ljcdn.com/110000-inspection/pc1_vTVH1OA57_1.jpg.296x216.jpg
20201223,杨浦,黄兴公园,房屋为地铁口的小区，是模范小区，美丽家园已经改好,372万,2室1厅 | 53.61平米 | 南 北 | 精装 | 中楼层(共6层) | 1983年建 | 板楼,http://image1.ljcdn.com/110000-inspection/pc1_ZsChQkUKu_1.jpg.296x216.jpg
20201223,杨浦,黄兴公园,有钥匙+随时看房+设施配套齐全+位置好,185万,1室0厅 | 29.76平米 | 南 | 其他 | 高楼层(共6层) | 1983年建 | 板楼,http://image1.ljcdn.com/110000-inspection/48986953-7bf2-43e8-9185-8ee9fd9cde72_1000.jpg.296x216.jpg
20201223,杨浦,黄兴公园,紧挨合生汇  精装修  中间楼层采光好不靠马路,1100万,2室2厅 | 112.53平米 | 南 | 精装 | 中楼层(共18层) | 2008年建 | 板楼,http://image1.ljcdn.com/110000-inspection/e86d74f0-d25b-4148-98f7-accfc3d5a848_1000.jpg.296x216.jpg
20201223,杨浦,黄兴公园,售后公房，满五唯一，南北东边套，上面带阁楼,530万,3室1厅 | 94.98平米 | 南 北 | 简装 | 高楼层(共6层) | 2010年建 | 板楼,http://image1.ljcdn.com/110000-inspection/pc1_JGGtGbFn2_1.jpg.296x216.jpg
20201223,杨浦,黄兴公园,低楼层，带天井，南北两房，配套设施齐全，交通便利,425万,2室1厅 | 57.47平米 | 南 | 简装 | 低楼层(共7层) | 1996年建 | 板楼,http://image1.ljcdn.com/110000-inspection/pc1_GABlTwBkL_1.jpg.296x216.jpg
20201223,杨浦,黄兴公园,满五唯一    小区中间位置   视野宽阔 采光无遮挡,592万,2室1厅 | 78.45平米 | 南 | 简装 | 高楼层(共6层) | 1997年建 | 板楼,http://image1.ljcdn.com/110000-inspection/3ee8670b-e664-47ac-849f-378eb1ce545d_1000.jpg.296x216.jpg
20201223,杨浦,黄兴公园,满五唯一，无个税，1996年建成，1梯3户，双南两房房主自荐,450万,2室1厅 | 71.74平米 | 南 | 简装 | 高楼层(共7层) | 1996年建 | 板楼,http://image1.ljcdn.com/110000-inspection/pc1_eAp1kjPOy_1.jpg.296x216.jpg
20201223,杨浦,黄兴公园,1满五唯一精装修 全明户型 01年小区 近地铁公园房主自荐,610万,2室1厅 | 84.15平米 | 南 | 简装 | 中楼层(共6层) | 2001年建 | 板楼,http://image1.ljcdn.com/110000-inspection/pc1_O0WNuRzVL_1.jpg.296x216.jpg
20201223,杨浦,黄兴公园,产权清晰 边套 采光好 楼层佳,335万,2室1厅 | 62.5平米 | 东北 | 简装 | 中楼层(共6层) | 1954年建 | 板楼,http://image1.ljcdn.com/110000-inspection/2b568d79-5d8e-4da7-abbd-ba6bbb35b2da_1000.jpg.296x216.jpg
20201223,杨浦,黄兴公园,楼层佳 得房率好 诚意出售 看房提前约,760万,3室2厅 | 107.12平米 | 南 北 | 精装 | 低楼层(共6层) | 1995年建 | 板楼,http://image1.ljcdn.com/110000-inspection/pc1_dTfSm1UOX_1.jpg.296x216.jpg
20201223,杨浦,黄兴公园,满五唯一，无个税，电梯房，两房带厅，近黄兴公园,378万,2室1厅 | 70.15平米 | 南 | 简装 | 低楼层(共24层) | 1998年建 | 塔楼,http://image1.ljcdn.com/110000-inspection/pc1_Eqhj0SJHB_1.jpg.296x216.jpg
20201223,杨浦,黄兴公园,浣纱四村 3室2厅 南,740万,3室2厅 | 98.33平米 | 南 | 简装 | 低楼层(共6层) | 1996年建 | 板楼,http://image1.ljcdn.com/110000-inspection/pc1_18sSSiAEd_1.jpg.296x216.jpg
20201223,杨浦,黄兴公园,《售后公房》《满五唯一》《复原三房》《全明户型》房主自荐,310万,2室1厅 | 51.9平米 | 东 西 | 简装 | 高楼层(共6层) | 1986年建 | 板楼,http://image1.ljcdn.com/110000-inspection/5e279799-3c96-4fb5-918f-dfe3872de89f_1000.jpg.296x216.jpg
20201223,杨浦,黄兴公园,靖宇家园 2室1厅 南房主自荐,700万,2室1厅 | 75.01平米 | 南 | 精装 | 中楼层(共17层) | 2011年建 | 板楼,http://image1.ljcdn.com/110000-inspection/pc1_J19LfssHE_1.jpg.296x216.jpg
20201223,杨浦,黄兴公园,松花公寓 2室1厅 东南,485万,2室1厅 | 83.57平米 | 东南 | 简装 | 中楼层(共17层) | 1998年建 | 塔楼,http://image1.ljcdn.com/110000-inspection/2483ca7d-30a0-4c8a-8ccc-f19ea8dc8395_1000.jpg.296x216.jpg
20201223,杨浦,黄兴公园,松花江路95弄，1梯2户，南北边套户型，楼层好，采光足房主自荐,405万,2室1厅 | 67.16平米 | 南 | 简装 | 低楼层(共6层) | 1996年建 | 板楼,http://image1.ljcdn.com/110000-inspection/e8b411cb-88fe-40bb-9a7e-fa6f4736bdca_1000.jpg.296x216.jpg
20201223,杨浦,黄兴公园,满五唯一 精装修 采光充足 配套设施齐全 交通便利,668万,2室2厅 | 99.6平米 | 南 | 精装 | 高楼层(共6层) | 1996年建 | 板楼,http://image1.ljcdn.com/110000-inspection/883c761f-345e-4423-9fb7-513660fd58b3_1000.jpg.296x216.jpg
20201223,杨浦,黄兴公园,次新房，中楼层，采光好，得房率高，南北通户型,805万,2室2厅 | 96.74平米 | 南 | 简装 | 中楼层(共6层) | 2003年建 | 板楼,http://image1.ljcdn.com/110000-inspection/4849676b-ddbd-47b6-9676-293a97c576d4_1000.jpg.296x216.jpg
20201223,杨浦,黄兴公园,总价低的一房一厅，出门地铁黄兴公园菜市场,287万,1室1厅 | 52.58平米 | 南 | 精装 | 高楼层(共7层) | 1995年建 | 板楼,http://image1.ljcdn.com/110000-inspection/2fea120f-c009-4aa4-bcd1-a98d38ecaacb_1000.jpg.296x216.jpg
20201223,杨浦,黄兴公园,售后公房，满五唯一，全明户型，电梯房，采光好,490万,2室1厅 | 82平米 | 南 | 简装 | 低楼层(共17层) | 1998年建 | 塔楼,http://image1.ljcdn.com/110000-inspection/827259ac-88bc-47dd-9070-f52051e275a0_1000.jpg.296x216.jpg
20201223,杨浦,黄兴公园,黄兴公园好地段 2房1厅 精装修 满五年唯一，近8号线,330万,2室1厅 | 55.03平米 | 南 北 | 精装 | 高楼层(共6层) | 1985年建 | 板楼,http://image1.ljcdn.com/110000-inspection/3ac3e506-0577-413a-9d17-ce48b2c33c0d_1000.jpg.296x216.jpg
20201223,杨浦,黄兴公园,怡佳苑 2室1厅 南 北,470万,2室1厅 | 68.25平米 | 南 北 | 精装 | 中楼层(共7层) | 1994年建 | 板楼,http://image1.ljcdn.com/110000-inspection/de3e2607-f08d-44ef-a3e0-54b537f35058_1000.jpg.296x216.jpg
20201223,杨浦,黄兴公园,控江东三村 2室1厅 南新上,245万,2室1厅 | 41.02平米 | 南 | 简装 | 中楼层(共6层) | 1993年建 | 板楼,http://image1.ljcdn.com/110000-inspection/pc1_lYQnA5rfV_1.jpg.296x216.jpg
20201223,杨浦,黄兴公园,中间楼层+小两房+朝南+楼间距大+售后公房+ 诚意出售新上,231万,2室0厅 | 40.97平米 | 南 | 毛坯 | 低楼层(共6层) | 1993年建 | 板楼,http://image1.ljcdn.com/110000-inspection/pc1_efM0evXpJ.jpg.296x216.jpg
20201223,杨浦,黄兴公园,控江四村 2室1厅 南新上,480万,2室1厅 | 74.01平米 | 南 | 精装 | 中楼层(共7层) | 1987年建 | 板楼,http://image1.ljcdn.com/110000-inspection/pc1_TdNmdutlu_1.jpg.296x216.jpg
20201223,杨浦,黄兴公园,看房提前约，房东诚心出售，价钱可以房主自荐,885万,3室2厅 | 128.6平米 | 东 南 | 精装 | 低楼层(共9层) | 1999年建 | 板楼,http://image1.ljcdn.com/310000-inspection/pc1_mxwPVMh6j_1.jpg.296x216.jpg
20201223,杨浦,黄兴公园,近黄兴公园地铁站，南北通三房，诚意出售房主自荐,1100万,3室2厅 | 136.01平米 | 南 | 精装 | 高楼层(共17层) | 2005年建 | 板楼,http://image1.ljcdn.com/110000-inspection/cd7396c7-3339-4d9b-b5f5-ebff95e5300d_1000.jpg.296x216.jpg
20201223,杨浦,黄兴公园,黄兴公园地铁口叠复   业主诚意出售,1498万,4室2厅 | 193平米 | 南 | 简装 | 低楼层(共3层) | 2001年建 | 板楼,http://image1.ljcdn.com/110000-inspection/pc1_CFZtEL8t9_1.jpg.296x216.jpg
20201223,杨浦,黄兴公园,一室一厅，采光好，通透格局，配套设施齐全，一梯三户,298.7万,1室1厅 | 46.92平米 | 南 | 精装 | 中楼层(共7层) | 1987年建 | 板楼,http://image1.ljcdn.com/110000-inspection/pc1_Mm3Zd8QTJ_1.jpg.296x216.jpg
20201223,杨浦,黄兴公园,怡佳苑 1室1厅 南 北房主自荐,320万,1室1厅 | 53.03平米 | 南 北 | 精装 | 中楼层(共7层) | 1994年建 | 板楼,http://image1.ljcdn.com/110000-inspection/62a035bf-70e1-476a-b62f-c8845d1a31b5_1000.jpg.296x216.jpg
20201223,杨浦,黄兴公园,满五唯一 中间楼层 诚意出售。房主自荐,315万,2室1厅 | 49.73平米 | 南 | 精装 | 中楼层(共6层) | 1983年建 | 板楼,http://image1.ljcdn.com/110000-inspection/pc1_HRv9lEYSa_1.jpg.296x216.jpg
20201223,杨浦,黄兴公园,装修精致，交通方便，配套齐全，随时看房,房主自荐,298万,1室1厅 | 52.42平米 | 南 | 精装 | 中楼层(共5层) | 2007年建 | 板楼,http://image1.ljcdn.com/110000-inspection/pc1_iPDuWBs4s_1.jpg.296x216.jpg
20201223,杨浦,黄兴公园,此房满五年，全明户型且南北通，配套齐全，交通便利房主自荐,400万,2室1厅 | 55.1平米 | 东南 | 简装 | 高楼层(共6层) | 1987年建 | 板楼,http://image1.ljcdn.com/110000-inspection/pc1_KxUGByxgf_1.jpg.296x216.jpg
20201223,杨浦,黄兴公园,精装修两房，交通便利，领包入住，生活配套成熟,300万,2室1厅 | 47.4平米 | 南 | 精装 | 高楼层(共6层) | 1986年建 | 板楼,http://image1.ljcdn.com/110000-inspection/pc1_s4mXtMkUG_1.jpg.296x216.jpg
20201223,杨浦,黄兴公园,精装修+平改坡+采光无遮挡+诚意出售房主自荐,236万,1室1厅 | 44.3平米 | 南 | 精装 | 高楼层(共7层) | 1995年建 | 板楼,http://image1.ljcdn.com/110000-inspection/aa5691c5-aa78-4320-9886-71c9872f240a_1000.jpg.296x216.jpg
20201223,杨浦,黄兴公园,此房满五唯一，没有增值税和个税。房主自荐,246万,2室1厅 | 35.66平米 | 南 | 简装 | 高楼层(共5层) | 2007年建 | 板楼,http://image1.ljcdn.com/110000-inspection/pc1_gD3D7iSJ0_1.jpg.296x216.jpg
20201223,杨浦,黄兴公园,精装修，中等楼层采光通风好，环境安静，诚意出售。房主自荐,406万,2室1厅 | 55.1平米 | 南 | 精装 | 高楼层(共6层) | 1987年建 | 板楼,http://image1.ljcdn.com/110000-inspection/cac4b846-75dd-42ef-8f71-6d286de1add5_1000.jpg.296x216.jpg
20201223,杨浦,黄兴公园,电梯房+户型正气+近地铁+近黄兴公园+产权清晰房主自荐,499万,2室1厅 | 86.92平米 | 南 | 简装 | 中楼层(共24层) | 1995年建 | 塔楼,http://image1.ljcdn.com/110000-inspection/pc1_msZMHCnKe_1.jpg.296x216.jpg
20201223,杨浦,黄兴公园,控江东三村 1楼 看房提前约 价格可以商量,238万,1室1厅 | 34.94平米 | 南 | 精装 | 低楼层(共6层) | 1993年建 | 板楼,http://image1.ljcdn.com/110000-inspection/pc1_M4r2SIrMa_1.jpg.296x216.jpg
20201223,杨浦,黄兴公园,满五唯一，双南两房，采光无遮挡，小区品质佳,550万,2室1厅 | 72.57平米 | 南 | 简装 | 中楼层(共7层) | 1996年建 | 板楼,http://image1.ljcdn.com/110000-inspection/92773ed8-7818-4b91-ad13-489120447669_1000.jpg.296x216.jpg
20201223,杨浦,黄兴公园,中等楼层采光好，小区在建美丽家园环境舒适，诚意出售房主自荐,435万,2室1厅 | 57.02平米 | 南 | 简装 | 中楼层(共6层) | 1987年建 | 板楼,http://image1.ljcdn.com/110000-inspection/7331873f-cb88-4dfe-9dc9-b097b45f1209_1000.jpg.296x216.jpg
20201223,杨浦,黄兴公园,控二，小三房，一楼带院子，可以三代人居住房主自荐,470万,3室1厅 | 65.57平米 | 南 北 | 简装 | 低楼层(共6层) | 1987年建 | 板楼,http://image1.ljcdn.com/310000-inspection/prod-130aa06b-8a10-47b5-b1e2-6b04e08b9968.jpg.296x216.jpg
20201223,杨浦,黄兴公园,兰花新村 2室0厅 南房主自荐,308万,2室0厅 | 47.26平米 | 南 | 简装 | 低楼层(共6层) | 1983年建 | 板楼,http://image1.ljcdn.com/110000-inspection/e3e0c02f-83f4-4f91-892a-4f430b691f44_1000.jpg.296x216.jpg
20201223,杨浦,黄兴公园,距离菜场30米，出门80米就是理工小房主自荐,298万,2室1厅 | 47.16平米 | 南 | 简装 | 高楼层(共5层) | 1981年建 | 板楼,http://image1.ljcdn.com/110000-inspection/pc1_XpgbEfAUY_1.jpg.296x216.jpg
20201223,杨浦,黄兴公园,婚房装修一房1厅，户型整齐，看房可约,480万,1室1厅 | 79.15平米 | 南 | 其他 | 高楼层(共24层) | 1997年建 | 塔楼,http://image1.ljcdn.com/310000-inspection/test-e6df1a42-b35d-4e5d-8985-19c527b528ad.png.296x216.jpg
20201223,杨浦,黄兴公园,停车方便！东西南北无遮挡，品质装修，税费低！房主自荐,890万,3室2厅 | 138.85平米 | 南 | 精装 | 高楼层(共20层) | 2000年建 | 塔楼,http://image1.ljcdn.com/110000-inspection/841888cf-6eda-426d-96e0-b4c9153b5396_1000.jpg.296x216.jpg
20201223,杨浦,黄兴公园,精装修，中间楼层，业主诚意出售，看房方便,155万,1室0厅 | 28.11平米 | 北 | 精装 | 中楼层(共5层) | 1990年建 | 板楼,http://image1.ljcdn.com/110000-inspection/pc1_OvyBiLhl1_1.jpg.296x216.jpg
20201223,杨浦,黄兴公园,精装修+近地铁+顶楼+理工+满五不唯一,183万,1室1厅 | 28.2平米 | 南 | 其他 | 高楼层(共6层) | 1978年建 | 板楼,http://image1.ljcdn.com/110000-inspection/pc1_0wDFCtkAA_1.jpg.296x216.jpg
20201223,杨浦,黄兴公园,电梯高层复式房，带露台，采光好视野佳房主自荐,1280万,3室2厅 | 130.29平米 | 南 | 精装 | 高楼层(共12层) | 2005年建 | 板楼,http://image1.ljcdn.com/110000-inspection/pc1_peQQUzRJ1_1.jpg.296x216.jpg
20201223,杨浦,黄兴公园,松花江路95弄 2室2厅 南,565万,2室2厅 | 94.21平米 | 南 | 简装 | 低楼层(共7层) | 1997年建 | 板楼,http://image1.ljcdn.com/110000-inspection/pc1_gTo4VEkkv_1.jpg.296x216.jpg
20201223,杨浦,黄兴公园,地铁8号线沿线 一梯三户 美丽家园模范小区,220万,1室1厅 | 35.6平米 | 南 | 简装 | 高楼层(共6层) | 1985年建 | 板楼,http://image1.ljcdn.com/110000-inspection/pc1_fRIFMc6fd_1.jpg.296x216.jpg
20201223,杨浦,黄兴公园,卫生间朝南明窗 产权清晰 出行便利 好楼层,255万,1室1厅 | 40.95平米 | 东 | 简装 | 中楼层(共6层) | 1993年建 | 板楼,http://image1.ljcdn.com/110000-inspection/pc1_HRBJqSaCi_1.jpg.296x216.jpg
20201223,杨浦,黄兴公园,控江五村 1室2厅 南房主自荐,290万,1室2厅 | 49.49平米 | 南 | 精装 | 低楼层(共5层) | 2007年建 | 板楼,http://image1.ljcdn.com/110000-inspection/pc1_I1nkiKmOZ_1.jpg.296x216.jpg
20201223,杨浦,黄兴公园,控江 黄兴公园  精装修  看房联系维护,428万,2室1厅 | 53平米 | 南 | 简装 | 低楼层(共6层) | 1987年建 | 板楼,http://image1.ljcdn.com/310000-inspection/pc1_Q8L1D8FlB_1.jpg.296x216.jpg
20201223,杨浦,黄兴公园,南北两房，看房方便，诚意出售。房主自荐,400万,2室1厅 | 54.47平米 | 南 | 简装 | 高楼层(共6层) | 1987年建 | 板楼,http://image1.ljcdn.com/310000-inspection/pc1_YAe2oSyGc_3.jpg.296x216.jpg
20201223,杨浦,黄兴公园,全明东边套两房一厅  南北通透总价低，你还不来看？,435万,2室1厅 | 65.34平米 | 北 南 | 简装 | 高楼层(共7层) | 1996年建 | 板楼,http://image1.ljcdn.com/110000-inspection/pc1_zLrzpYDI9_1.jpg.296x216.jpg
20201223,杨浦,黄兴公园,税费低  婚房装修  近地铁  边套全明房主自荐,213万,1室1厅 | 34.7平米 | 南 | 精装 | 中楼层(共6层) | 1993年建 | 板楼,http://image1.ljcdn.com/110000-inspection/pc1_aufuVIlyS.jpg.296x216.jpg
20201223,杨浦,黄兴公园,中间楼层，两房一厅，采光充足，业主诚意出售房主自荐,325万,2室1厅 | 55.86平米 | 南 北 | 精装 | 中楼层(共4层) | 1964年建 | 板楼,http://image1.ljcdn.com/110000-inspection/pc1_ebhIJWUen_1.jpg.296x216.jpg
20201223,杨浦,黄兴公园,精装，楼层佳，空气流通采光好。房主自荐,405万,2室1厅 | 55.1平米 | 东南 | 精装 | 中楼层(共6层) | 1991年建 | 板楼,http://image1.ljcdn.com/110000-inspection/pc1_1bRCjHP1T.jpg.296x216.jpg
20201223,杨浦,黄兴公园,满五，采光好，看房提前约，业主诚意出售此房！！房主自荐,275万,2室1厅 | 48.61平米 | 南 北 | 简装 | 高楼层(共6层) | 1980年建 | 板楼,http://image1.ljcdn.com/110000-inspection/pc1_yi9I1PCwJ.jpg.296x216.jpg
20201223,杨浦,黄兴公园,交通方便 刚需小两房 户型方正没有浪费面积,285万,2室1厅 | 49.02平米 | 南 | 简装 | 高楼层(共6层) | 1983年建 | 板楼,http://image1.ljcdn.com/110000-inspection/d3eafb49-ded2-45e3-a873-ef3a13b0ebd2_1000.jpg.296x216.jpg
20201223,杨浦,黄兴公园,厅房同宽，小区难得大一房，全明户型，生活配套齐全,245万,1室1厅 | 41.89平米 | 南 | 简装 | 高楼层(共6层) | 1983年建 | 板楼,http://image1.ljcdn.com/110000-inspection/edd11383-0c30-4b68-bf62-57db9f0d8139_1000.jpg.296x216.jpg
20201223,杨浦,黄兴公园,朝南一门关，采光好，总价低，满五唯一,318万,1室1厅 | 38.35平米 | 南 | 简装 | 高楼层(共6层) | 1990年建 | 板楼,http://image1.ljcdn.com/110000-inspection/pc1_LjCxXnnih_1.jpg.296x216.jpg
20201223,杨浦,黄兴公园,精装修一房，高区采光好，精装修拧包入住，地铁口小区房主自荐,215万,1室1厅 | 35.6平米 | 南 | 精装 | 高楼层(共6层) | 1985年建 | 板楼,http://image1.ljcdn.com/110000-inspection/pc1_pNrTKsM9i_1.jpg.296x216.jpg
20201223,杨浦,黄兴公园,精装4年+附加60平阁楼3房+有老虎窗+满五唯一+95年原建房主自荐,564万,4室2厅 | 82.16平米 | 南 | 精装 | 高楼层(共7层) | 1995年建 | 板楼,http://image1.ljcdn.com/110000-inspection/pc1_jhPcZsF62_1.jpg.296x216.jpg
20201223,杨浦,黄兴公园,交通便利+总价单价低+电梯房+闹中取静房主自荐,549万,3室1厅 | 108.51平米 | 南 | 简装 | 低楼层(共20层) | 1997年建 | 塔楼,http://image1.ljcdn.com/110000-inspection/pc1_XBdUvR0M0_1.jpg.296x216.jpg
20201223,杨浦,黄兴公园,位置比较好、不靠马路诚意出售、采光无遮挡通风没问题房主自荐,185万,1室1厅 | 37.01平米 | 北 | 简装 | 中楼层(共5层) | 2010年建 | 板楼,http://image1.ljcdn.com/110000-inspection/pc1_BSxJvLerb_1.jpg.296x216.jpg
20201223,杨浦,黄兴公园,总价单价低、小区环境优美、教育资源充足房主自荐,212万,1室1厅 | 35.79平米 | 南 | 简装 | 高楼层(共6层) | 1986年建 | 板楼,http://image1.ljcdn.com/110000-inspection/pc1_2SjKTqNFK_1.jpg.296x216.jpg
20201223,杨浦,黄兴公园,双阳路594弄 2室1厅 南 北,430万,2室1厅 | 52.11平米 | 南 北 | 简装 | 高楼层(共6层) | 1984年建 | 板楼,http://image1.ljcdn.com/110000-inspection/f493c4d9-ff95-4d77-ac95-b6a3679965ac_1000.jpg.296x216.jpg
20201223,杨浦,黄兴公园,电梯房，靠地铁，小区安静，环境好，楼层好，采光好,394万,2室1厅 | 65.82平米 | 南 | 简装 | 低楼层(共12层) | 1987年建 | 塔楼,http://image1.ljcdn.com/110000-inspection/pc1_e2jn682ar_1.jpg.296x216.jpg
20201223,杨浦,黄兴公园,售后公房满五唯一税费少、业主急售、东南西北有窗,470万,2室1厅 | 82.23平米 | 东 南 西 北 | 简装 | 高楼层(共17层) | 1998年建 | 塔楼,http://image1.ljcdn.com/110000-inspection/pc1_r7ZIuwMV7_1.jpg.296x216.jpg
20201223,杨浦,黄兴公园,双南精装修，免增值税，免个税，中间楼层，无小孩房主自荐,290万,2室1厅 | 44.31平米 | 南 | 精装 | 中楼层(共6层) | 1980年建 | 板楼,http://image1.ljcdn.com/110000-inspection/pc1_SG5QMY02i_1.jpg.296x216.jpg
20201223,杨浦,黄兴公园,一手动迁，满五唯一，精装修，次新小区，房主自荐,702万,2室1厅 | 78.42平米 | 南 | 精装 | 低楼层(共18层) | 2012年建 | 板楼,http://image1.ljcdn.com/110000-inspection/pc1_4MM3WVHkb_1.jpg.296x216.jpg
20201223,杨浦,黄兴公园,满五唯一，税费少，近地铁，楼层佳，采光好房主自荐,550万,2室1厅 | 73.44平米 | 西南 | 简装 | 高楼层(共24层) | 1997年建 | 塔楼,http://image1.ljcdn.com/110000-inspection/pc1_OfzUnwhob_1.jpg.296x216.jpg
20201223,杨浦,黄兴公园,大天井户型好 看房方便  诚意出售,195万,1室1厅 | 26.33平米 | 南 | 简装 | 低楼层(共6层) | 1982年建 | 板楼,http://image1.ljcdn.com/110000-inspection/3ab44c37-a57b-4602-9f21-1e6c3b26f951_1000.jpg.296x216.jpg
20201223,杨浦,黄兴公园,上理满五唯一，中间楼层，南北两房，不靠马路,335万,2室1厅 | 50.22平米 | 南 | 简装 | 低楼层(共6层) | 1985年建 | 板楼,http://image1.ljcdn.com/110000-inspection/pc1_eKDJbip8G_1.jpg.296x216.jpg
20201223,杨浦,黄兴公园,原建房、一梯四户、楼层高、采光好,249万,1室1厅 | 44.37平米 | 南 | 简装 | 高楼层(共5层) | 1989年建 | 板楼,http://image1.ljcdn.com/110000-inspection/pc1_3zHAPnvpD_1.jpg.296x216.jpg
20201223,杨浦,黄兴公园,81年原建房，满五唯一，不靠马路，采光好，诚意出售,189万,1室1厅 | 33.07平米 | 南 | 简装 | 高楼层(共6层) | 1981年建 | 板楼,http://image1.ljcdn.com/110000-inspection/e49a5e3f-1844-4c76-b461-75dc27d97802_1000.jpg.296x216.jpg
20201223,杨浦,黄兴公园,满五唯一，精装修，南北两房，采光超棒,310万,2室1厅 | 50.85平米 | 南 | 精装 | 高楼层(共6层) | 1979年建 | 板楼,http://image1.ljcdn.com/110000-inspection/pc1_LdGLuxP3O_1.jpg.296x216.jpg
20201223,杨浦,黄兴公园,理工+美丽家园小区+地铁沿线+自住精装1年,160万,1室0厅 | 29.6平米 | 北 | 其他 | 高楼层(共5层) | 1957年建 | 板楼,http://image1.ljcdn.com/110000-inspection/03522dfe-cb47-46c9-83bf-6137307157bc_1000.jpg.296x216.jpg
20201223,杨浦,黄兴公园,靖宇中路8弄 2室1厅 南,290万,2室1厅 | 51.93平米 | 南 | 毛坯 | 高楼层(共6层) | 1982年建 | 板楼,http://image1.ljcdn.com/110000-inspection/9d620880-368f-41ff-a0fb-95c08cf11538_1000.jpg.296x216.jpg
20201223,杨浦,黄兴公园,《使用面积大》《带天井》《环境优美》《总价低》房主自荐,306万,1室1厅 | 36.52平米 | 南 | 简装 | 低楼层(共6层) | 1990年建 | 板楼,http://image1.ljcdn.com/110000-inspection/pc1_oe6gWfOLa_1.jpg.296x216.jpg
20201223,杨浦,黄兴公园,满五唯一，中间楼层，配套完善，交通方便,215万,1室1厅 | 36.24平米 | 南 | 简装 | 低楼层(共6层) | 1987年建 | 板楼,http://image1.ljcdn.com/110000-inspection/pc1_48Xlz3bok_1.jpg.296x216.jpg
20201223,杨浦,黄兴公园,《好房子+精装修+诚意出售+拎包入住》房主自荐,187万,1室1厅 | 35.49平米 | 南 | 精装 | 高楼层(共6层) | 1983年建 | 板楼,http://image1.ljcdn.com/310000-inspection/pc1_U4VPMVgDb_2.jpg.296x216.jpg
20201223,杨浦,黄兴公园,《钥匙房》《优质房源》《税费少》《精装修》房主自荐,210万,1室1厅 | 34.84平米 | 南 | 简装 | 高楼层(共6层) | 1993年建 | 板楼,http://image1.ljcdn.com/110000-inspection/pc1_EdEFf8cxd.jpg.296x216.jpg
20201223,杨浦,黄兴公园,次新房龄+满五唯一+区已改美丽家园 楼层好 采光佳,210万,1室0厅 | 29.2平米 | 南 | 简装 | 中楼层(共6层) | 1985年建 | 板楼,http://image1.ljcdn.com/110000-inspection/pc1_jAjj34tfR_1.jpg.296x216.jpg
20201223,杨浦,黄兴公园,采光通风俱好，总价低，户型很方正，交通出行方便。,215万,1室0厅 | 40.96平米 | 南 | 精装 | 高楼层(共6层) | 2004年建 | 板楼,http://image1.ljcdn.com/110000-inspection/pc1_KaIbcKb5K_1.jpg.296x216.jpg
20201223,杨浦,黄兴公园,中等楼层，朝南一门关，采光通风好，生活配套成熟房主自荐,173万,1室1厅 | 33.95平米 | 南 | 简装 | 中楼层(共5层) | 1957年建 | 板楼,http://image1.ljcdn.com/110000-inspection/pc1_o2DmFSSPP_1.jpg.296x216.jpg
20201223,杨浦,黄兴公园,两房双朝南双阳台，南北通采光全明，满五唯一税费少,460万,2室2厅 | 77平米 | 南 | 精装 | 中楼层(共5层) | 1958年建 | 板楼,http://image1.ljcdn.com/310000-inspection/prod-48c59229-1985-4912-9f64-5ab4f417d58f.jpg.296x216.jpg
20201223,杨浦,黄兴公园,边套户型，小区环境好，视野宽阔，楼层好，交通便利,225万,2室1厅 | 42.56平米 | 南 | 简装 | 高楼层(共4层) | 1976年建 | 板楼,http://image1.ljcdn.com/110000-inspection/9abad7ac-87fd-458e-b78b-530dde9a1f80_1000.jpg.296x216.jpg
20201223,杨浦,黄兴公园,近地铁临公园+中间楼层三楼+小区环境好+小区环境好,215万,1室1厅 | 31.15平米 | 南 | 精装 | 中楼层(共6层) | 1986年建 | 板楼,http://image1.ljcdn.com/110000-inspection/pc1_eDXrWGZ29_1.jpg.296x216.jpg
20201223,杨浦,黄兴公园,正朝南 接受置换 楼下花园 好楼层房主自荐,205万,1室0厅 | 34.76平米 | 南 | 简装 | 中楼层(共6层) | 1993年建 | 板楼,http://image1.ljcdn.com/110000-inspection/pc1_zQ1HzXwxN.jpg.296x216.jpg
20201223,杨浦,黄兴公园,售后公房，看房方便，电梯两房，生活配套成熟,525万,2室1厅 | 72.85平米 | 南 | 简装 | 低楼层(共24层) | 1997年建 | 塔楼,http://image1.ljcdn.com/110000-inspection/pc1_whpffziHi_1.jpg.296x216.jpg
20201223,杨浦,黄兴公园,精装修，可拎包入住，近地铁，配套设施齐全,315万,1室1厅 | 35.54平米 | 南 | 简装 | 低楼层(共6层) | 1991年建 | 板楼,http://image1.ljcdn.com/110000-inspection/pc1_c3AmNoulN_1.jpg.296x216.jpg
20201223,杨浦,黄兴公园,地铁口 小区美丽家园 看房方便 税费少,335万,2室1厅 | 51.68平米 | 南 | 毛坯 | 中楼层(共6层) | 1983年建 | 板楼,http://image1.ljcdn.com/110000-inspection/pc1_twh0Zkte5_1.jpg.296x216.jpg
20201223,杨浦,黄兴公园,老牌水丰 8号线 经典一室户 小区里面位置,165万,1室1厅 | 28.62平米 | 东北 | 简装 | 中楼层(共4层) | 1993年建 | 板楼,http://image1.ljcdn.com/110000-inspection/pc1_9VNWEiLmU_1.jpg.296x216.jpg
20201223,杨浦,黄兴公园,双阳小区 2室1厅 南新上,478万,2室1厅 | 84.5平米 | 南 | 精装 | 高楼层(共7层) | 1997年建 | 板楼,http://image1.ljcdn.com/310000-inspection/prod-a57d4772-81ef-4d8a-81cb-d7bd13f3dbb8.jpg.296x216.jpg
20201223,杨浦,黄兴公园,双阳台，近地铁，精装修，配套设施齐全，电梯房,685万,2室2厅 | 114.47平米 | 南 | 精装 | 高楼层(共24层) | 1998年建 | 塔楼,http://image1.ljcdn.com/310000-inspection/pc1_oCu1PZBTl_1.jpg.296x216.jpg
20201223,杨浦,黄兴公园,面积大、业主诚意出售、采光通风无遮挡房主自荐,620万,3室1厅 | 110.32平米 | 南 | 简装 | 高楼层(共20层) | 1997年建 | 塔楼,http://image1.ljcdn.com/110000-inspection/pc1_xcV9GaXAf_1.jpg.296x216.jpg
20201223,杨浦,黄兴公园,94年建+一梯两户+两房一厅+近地铁+产权清晰+看房方便,460万,2室1厅 | 61.84平米 | 南 | 简装 | 高楼层(共6层) | 1994年建 | 板楼,http://image1.ljcdn.com/110000-inspection/pc1_93ME33VIz_1.jpg.296x216.jpg
20201223,杨浦,黄兴公园,《美丽家园》《两房朝南得房率高》《永吉菜场+8号线》,315万,2室1厅 | 48平米 | 南 | 简装 | 高楼层(共6层) | 1984年建 | 板楼,http://image1.ljcdn.com/110000-inspection/4f742c2e-efe8-4880-a088-b85ff163a859_1000.jpg.296x216.jpg
20201223,杨浦,黄兴公园,黄兴公园 电梯房 婚房装修  延吉中路地铁站,616万,2室1厅 | 107.74平米 | 南 | 精装 | 中楼层(共24层) | 1997年建 | 塔楼,http://image1.ljcdn.com/110000-inspection/pc1_oH8ye7kJh_1.jpg.296x216.jpg
20201223,杨浦,黄兴公园,一梯两户+厅南北通+产权清晰+急售,738万,2室2厅 | 90.21平米 | 南 | 简装 | 低楼层(共6层) | 1999年建 | 板楼,http://image1.ljcdn.com/110000-inspection/d9dfde18-ded9-44f4-9e36-c81893384e60_1000.jpg.296x216.jpg
20201223,杨浦,黄兴公园,8号地铁+紧挨黄兴公园+双南电梯2房+自住婚房,570万,2室2厅 | 93.47平米 | 南 北 | 精装 | 高楼层(共24层) | 1998年建 | 塔楼,http://image1.ljcdn.com/110000-inspection/c573d061-70cf-44f0-b07c-0b0389275a37_1000.jpg.296x216.jpg
20201223,杨浦,黄兴公园,控江四村 总价低小户型 近地铁 居家出租均适宜,235万,2室1厅 | 42.41平米 | 南 | 精装 | 高楼层(共6层) | 1985年建 | 板楼,http://image1.ljcdn.com/110000-inspection/pc1_xM5svAgdH_1.jpg.296x216.jpg
20201223,杨浦,黄兴公园,控江东三村 4楼 两房 南北通透 全明格局房主自荐,355万,2室1厅 | 51平米 | 南 北 | 精装 | 中楼层(共6层) | 1993年建 | 板楼,http://image1.ljcdn.com/110000-inspection/pc1_LmtNhMXeV_1.jpg.296x216.jpg
20201223,杨浦,黄兴公园,小区中-间位置，花园旁一楼带天井，近出口，诚心出售,255万,1室1厅 | 32.89平米 | 南 | 简装 | 低楼层(共6层) | 1986年建 | 板楼,http://image1.ljcdn.com/110000-inspection/pc1_0HtVSn4v4_1.jpg.296x216.jpg
20201223,杨浦,黄兴公园,安图新村 2室1厅 南房主自荐,335万,2室1厅 | 50.93平米 | 南 | 精装 | 低楼层(共6层) | 1978年建 | 板楼,http://image1.ljcdn.com/110000-inspection/pc1_YMrzb6zDe_1.jpg.296x216.jpg
20201223,杨浦,黄兴公园,怡佳苑 采光好，高区楼层佳，售后公房 税费少,345万,2室1厅 | 56.69平米 | 南 | 简装 | 高楼层(共6层) | 1995年建 | 板楼,http://image1.ljcdn.com/110000-inspection/pc1_HVZD1Sfc8_1.jpg.296x216.jpg
20201223,杨浦,黄兴公园,沧州路180弄 环保精装 拎包入住房主自荐,420万,2室1厅 | 54.81平米 | 南 | 精装 | 低楼层(共6层) | 1987年建 | 板楼,http://image1.ljcdn.com/110000-inspection/pc1_JpLtRcd4Q_1.jpg.296x216.jpg
20201223,杨浦,黄兴公园,房子房龄90年，采光无遮挡，小区环境好，装修干净整洁,166万,1室0厅 | 33.27平米 | 南 | 毛坯 | 高楼层(共6层) | 1990年建 | 板楼,http://image1.ljcdn.com/310000-inspection/test-723a05f5-ded8-4ff7-b5d2-a80a8fbd8f50.png.296x216.jpg
20201223,杨浦,黄兴公园,房龄新 精装修 满五年 诚意出售,205万,1室1厅 | 33.15平米 | 南 | 精装 | 中楼层(共5层) | 1996年建 | 板楼,http://image1.ljcdn.com/110000-inspection/pc1_n0qlLxt1W_1.jpg.296x216.jpg
20201223,杨浦,黄兴公园,小户型，一门关，全明户型，低楼层楼层好房主自荐,235万,1室0厅 | 23.35平米 | 东 | 简装 | 中楼层(共5层) | 1966年建 | 板楼,http://image1.ljcdn.com/110000-inspection/pc1_HpPWNReD2_1.jpg.296x216.jpg
20201223,杨浦,黄兴公园,朝北一门关+总价低+边套全明+诚意卖到价签字,250万,1室0厅 | 27.58平米 | 北 | 简装 | 高楼层(共5层) | 1966年建 | 板楼,http://image1.ljcdn.com/110000-inspection/pc1_iwfHzkz3X_1.jpg.296x216.jpg
20201223,杨浦,黄兴公园,小两室朝南精装修，一楼带天井，近地铁，使用面积大房主自荐,256万,2室1厅 | 34.42平米 | 南 | 精装 | 低楼层(共5层) | 1996年建 | 板楼,http://image1.ljcdn.com/110000-inspection/pc1_fTmneRsAD_1.jpg.296x216.jpg
20201223,杨浦,黄兴公园,总价低   中等装修   近地铁,159万,1室1厅 | 30.36平米 | 北 | 简装 | 中楼层(共5层) | 1996年建 | 板楼,http://image1.ljcdn.com/110000-inspection/pc1_MBxTSnP4d_1.jpg.296x216.jpg
20201223,杨浦,黄兴公园,8号线 上理 唯一 诚心出售 总价低 新产证,158万,1室0厅 | 30.54平米 | 东 北 | 简装 | 低楼层(共5层) | 1996年建 | 板楼,http://image1.ljcdn.com/110000-inspection/pc1_aN4An4syO_1.jpg.296x216.jpg
20201223,杨浦,黄兴公园,上理   8号线延吉中路  诚心出售 总价低   看房方便,175万,1室1厅 | 34.56平米 | 南 | 简装 | 低楼层(共4层) | 1989年建 | 板楼,http://image1.ljcdn.com/110000-inspection/pc1_NZ8VyOZq4_1.jpg.296x216.jpg
20201223,杨浦,黄兴公园,安图新村 近地铁 美丽家园小区 小区中间位置 急售,203万,1室1厅 | 32.54平米 | 南 | 简装 | 中楼层(共6层) | 1978年建 | 板楼,http://image1.ljcdn.com/110000-inspection/pc1_8TWeAgBbj_1.jpg.296x216.jpg
20201223,杨浦,黄兴公园,中间楼层  2010年房龄  诚意出售,200万,1室1厅 | 37.08平米 | 南 | 简装 | 中楼层(共6层) | 2010年建 | 板楼,http://image1.ljcdn.com/110000-inspection/pc1_mespx79SB_1.jpg.296x216.jpg
20201223,杨浦,黄兴公园,满五唯一无个税，南北通透，一梯二户楼层好采光充足房主自荐,415万,1室2厅 | 59.21平米 | 南 北 | 精装 | 中楼层(共6层) | 2001年建 | 板楼,http://image1.ljcdn.com/310000-inspection/prod-04bd5579-6fa3-48a2-91f4-7ec4ea766cdb.jpg.296x216.jpg
20201223,杨浦,黄兴公园,五角场黄兴公yuan中楼2房+养老上学+地铁口+南北通,270万,2室1厅 | 48.13平米 | 南 | 简装 | 中楼层(共6层) | 1983年建 | 板楼,http://image1.ljcdn.com/310000-inspection/prod-420056a5-ba36-41d3-ade6-851102dd1bfa.jpg.296x216.jpg
20201223,杨浦,黄兴公园,得房率高 采光好 南北两房 小区安静房主自荐,292万,2室1厅 | 55.34平米 | 南 | 简装 | 高楼层(共6层) | 1983年建 | 板楼,http://image1.ljcdn.com/110000-inspection/pc1_b2nfqSmqw_1.jpg.296x216.jpg
20201223,杨浦,黄兴公园,双南两房，进地铁，进公园，售后公房,471万,2室1厅 | 68.85平米 | 南 | 简装 | 高楼层(共7层) | 1996年建 | 板楼,http://image1.ljcdn.com/110000-inspection/pc1_q2pndlD6s_1.jpg.296x216.jpg
20201223,杨浦,黄兴公园,基金幼儿园8号线售后公房税费少东山墙全明,225万,1室1厅 | 38.63平米 | 南 | 毛坯 | 高楼层(共6层) | 1984年建 | 板楼,http://image1.ljcdn.com/110000-inspection/pc1_nETxgPkJM.jpg.296x216.jpg
20201223,杨浦,黄兴公园,小户型，总价低，8号线延吉中路站,162万,1室0厅 | 29.11平米 | 南 | 毛坯 | 高楼层(共4层) | 1992年建 | 板楼,http://image1.ljcdn.com/110000-inspection/pc1_OEuiqVM0c_1.jpg.296x216.jpg
20201223,杨浦,黄兴公园,伊格尔公寓，107.74平方，640万,610万,2室2厅 | 107.74平米 | 南 | 简装 | 中楼层(共24层) | 1999年建 | 塔楼,http://image1.ljcdn.com/110000-inspection/pc1_MeDTsKvmq.jpg.296x216.jpg
20201223,杨浦,黄兴公园,《房型正气双南边套全明》《满五年税费少》诚意出售,389万,2室1厅 | 66.19平米 | 南 | 毛坯 | 高楼层(共19层) | 1991年建 | 塔楼,http://image1.ljcdn.com/110000-inspection/pc1_qEpDNNwRE.jpg.296x216.jpg
20201223,杨浦,黄兴公园,满五唯一，低楼层， 小三房，两房朝南，一房朝北房主自荐,518万,3室1厅 | 65.62平米 | 南 | 简装 | 中楼层(共5层) | 1981年建 | 板楼,http://image1.ljcdn.com/110000-inspection/pc1_FWhsWpNUo_1.jpg.296x216.jpg
20201223,杨浦,黄兴公园,双南  对口六一，名 额 还在，房东置换，诚意出售房主自荐,268万,2室1厅 | 49.02平米 | 南 | 简装 | 高楼层(共6层) | 1983年建 | 板楼,http://image1.ljcdn.com/110000-inspection/057746b7-3bd3-4d95-8118-7180af02f6a6_1000.jpg.296x216.jpg
20201223,杨浦,黄兴公园,含产权车位，有钥匙,看房方便 次新电梯房,户型方正,475万,1室1厅 | 54.78平米 | 南 | 简装 | 低楼层(共18层) | 2012年建 | 板楼,http://image1.ljcdn.com/110000-inspection/pc1_ZSwdMPu7o_1.jpg.296x216.jpg
20201223,杨浦,黄兴公园,满五唯一，朝南一门关，交通便利，采光通风俱佳,206万,1室1厅 | 37.02平米 | 南 | 简装 | 高楼层(共5层) | 1989年建 | 板楼,http://image1.ljcdn.com/310000-inspection/prod-29187b5f-b37d-4805-99c3-d7974a495e7c.jpg.296x216.jpg
20201223,杨浦,黄兴公园,售后公房无增值税，南北格局采光好，中楼层，环境好,455万,2室1厅 | 66.13平米 | 南 | 简装 | 中楼层(共7层) | 1996年建 | 板楼,http://image1.ljcdn.com/110000-inspection/376d9e62-91b6-4e78-a64b-5103a000fcba_1000.jpg.296x216.jpg
20201223,杨浦,黄兴公园,《满五唯一+8号线+杨浦公园+采光无遮挡》房主自荐,300万,2室1厅 | 49.8平米 | 南 | 简装 | 高楼层(共6层) | 1983年建 | 板楼,http://image1.ljcdn.com/310000-inspection/pc1_aV4rnS7p2_1.jpg.296x216.jpg
20201223,杨浦,黄兴公园,台益公寓 2室1厅 南,400万,2室1厅 | 76.92平米 | 南 | 毛坯 | 低楼层(共24层) | 1998年建 | 塔楼,http://image1.ljcdn.com/110000-inspection/pc1_grHM72Mgy_1.jpg.296x216.jpg
20201223,杨浦,黄兴公园,做过美丽家园，地铁口，很安静。,253万,2室1厅 | 36.62平米 | 南 | 简装 | 高楼层(共6层) | 1982年建 | 板楼,http://image1.ljcdn.com/110000-inspection/pc1_YnLZbRQ5G_1.jpg.296x216.jpg
20201223,杨浦,黄兴公园,《接受置换周期》《一梯三户》《南北两房》《地铁》,298万,2室1厅 | 50.21平米 | 南 | 简装 | 高楼层(共6层) | 1986年建 | 板楼,http://image1.ljcdn.com/110000-inspection/pc1_a9enTdRSg_1.jpg.296x216.jpg
20201223,杨浦,黄兴公园,《电梯房》《精装修》《地铁隔壁》《边套全明户型》房主自荐,310万,1室1厅 | 51.98平米 | 南 | 精装 | 低楼层(共14层) | 1987年建 | 塔楼,http://image1.ljcdn.com/110000-inspection/pc1_22fyfAP6i_1.jpg.296x216.jpg
20201223,杨浦,黄兴公园,南北两房，朝南，采光好，诚意出售房主自荐,447万,2室1厅 | 59.67平米 | 南 北 | 精装 | 低楼层(共7层) | 1996年建 | 板楼,http://image1.ljcdn.com/110000-inspection/d0dcad37-3a00-4e1c-bd8f-eb176a3a8785_1000.jpg.296x216.jpg
20201223,杨浦,黄兴公园,《精装修》《景观房》《地铁》 《电梯房中高楼层》,395万,2室1厅 | 68平米 | 南 | 简装 | 高楼层(共24层) | 1994年建 | 塔楼,http://image1.ljcdn.com/110000-inspection/pc1_MBIpHKDTZ_2.jpg.296x216.jpg
20201223,杨浦,黄兴公园,双南两房，采光充足，配套设施齐全，交通便利,580万,2室2厅 | 78平米 | 南 | 简装 | 高楼层(共7层) | 1996年建 | 板楼,http://image1.ljcdn.com/110000-inspection/3ad62d2d-41d8-4793-bec4-d5a23e1bcdf1_1000.jpg.296x216.jpg
20201223,杨浦,黄兴公园,新小区，大一房一厅，一梯两户，客厅双朝向窗子,418万,1室1厅 | 61.34平米 | 南 | 简装 | 低楼层(共10层) | 2002年建 | 板楼,http://image1.ljcdn.com/110000-inspection/pc1_YY69pmKKy_1.jpg.296x216.jpg
20201223,杨浦,黄兴公园,房龄新，八号线黄兴公园，楼层老少皆宜，诚意出售房主自荐,305万,1室1厅 | 53.03平米 | 南 | 简装 | 低楼层(共7层) | 1995年建 | 板楼,http://image1.ljcdn.com/110000-inspection/pc1_2pIUzjd6T_1.jpg.296x216.jpg
20201223,杨浦,黄兴公园,此房子朝南一门关，采光好，通风好。房主自荐,400万,2室1厅 | 55.18平米 | 南 | 简装 | 高楼层(共6层) | 1987年建 | 板楼,http://image1.ljcdn.com/110000-inspection/pc1_VZ7MshxDq.jpg.296x216.jpg
20201223,杨浦,黄兴公园,满五唯一，采光好，楼层好，业主诚意售房！！,212万,2室1厅 | 35.79平米 | 南 | 精装 | 中楼层(共6层) | 1983年建 | 板楼,http://image1.ljcdn.com/110000-inspection/pc1_nhAZXb4mQ.jpg.296x216.jpg
20201223,杨浦,黄兴公园,售后公房，无增值税，双南两房带阳台，采光好，低楼层,510万,2室1厅 | 68.85平米 | 南 | 简装 | 低楼层(共7层) | 1996年建 | 板楼,http://image1.ljcdn.com/110000-inspection/pc1_ae0PjDVAm_1.jpg.296x216.jpg
20201223,杨浦,黄兴公园,一门关，朝南，中间楼层，总价低，交通便利,190万,1室1厅 | 31.27平米 | 南 | 简装 | 中楼层(共6层) | 1979年建 | 板楼,http://image1.ljcdn.com/110000-inspection/pc1_Ydj4woLBi_1.jpg.296x216.jpg
20201223,杨浦,黄兴公园,格局方正  位置安静   诚心售卖  拎包入住,405万,2室1厅 | 57.26平米 | 南 | 简装 | 低楼层(共7层) | 1996年建 | 板楼,http://image1.ljcdn.com/110000-inspection/pc1_DjKTW0RC3_1.jpg.296x216.jpg
20201223,杨浦,黄兴公园,次新电梯房，高层视野佳，南北双阳台,856万,2室2厅 | 107.77平米 | 南 北 | 简装 | 高楼层(共17层) | 2005年建 | 板楼,http://image1.ljcdn.com/110000-inspection/bab30043-47e6-4c28-8d93-e2c63076f23f_1000.jpg.296x216.jpg
20201223,杨浦,黄兴公园,房子是03年小区， 正规三房 厅南北通，两房朝南一房北,1060万,3室2厅 | 120.24平米 | 南 | 精装 | 低楼层(共4层) | 2003年建 | 板楼,http://image1.ljcdn.com/110000-inspection/pc1_PHqaY5aL4_1.jpg.296x216.jpg
20201223,杨浦,黄兴公园,《两房一厅》《精装修》《拎包入住》《出行方便》,520万,2室1厅 | 91.02平米 | 南 | 精装 | 低楼层(共24层) | 1998年建 | 塔楼,http://image1.ljcdn.com/110000-inspection/pc1_10nH1bXFy_1.jpg.296x216.jpg
20201223,杨浦,黄兴公园,中间楼层 边套全明  南北两房 诚意出售,485万,2室1厅 | 65.34平米 | 南 | 简装 | 中楼层(共7层) | 1996年建 | 板楼,http://image1.ljcdn.com/110000-inspection/c8301973-0ef3-4843-93ee-6ee04a830183_1000.jpg.296x216.jpg
20201223,杨浦,黄兴公园,此房满五不唯一精装修，户型格局好，业主诚意出售,402万,2室1厅 | 66.27平米 | 南 | 精装 | 高楼层(共7层) | 1996年建 | 板楼,http://image1.ljcdn.com/110000-inspection/pc1_hGbZSxM5V_1.jpg.296x216.jpg
20201223,杨浦,黄兴公园,满五年唯一税费少，松花公寓电梯两房，98年原建上理,299万,2室1厅 | 59.99平米 | 西南 | 简装 | 低楼层(共17层) | 1998年建 | 塔楼,http://image1.ljcdn.com/110000-inspection/pc1_DDax3J0YM_1.jpg.296x216.jpg
20201223,杨浦,黄兴公园,此房满五唯一，格局合理，楼层好，视野宽阔，交通便利,638万,3室2厅 | 104.12平米 | 南 | 简装 | 低楼层(共7层) | 1997年建 | 板楼,http://image1.ljcdn.com/110000-inspection/bb994b64-7d32-4af7-bfab-daf75c4983e4_1000.jpg.296x216.jpg
20201223,杨浦,黄兴公园,满五唯一 税费少 简单装修 房东诚心卖,305万,2室1厅 | 42.25平米 | 南 | 简装 | 高楼层(共6层) | 1981年建 | 板楼,http://image1.ljcdn.com/110000-inspection/3439b6d2-2872-4c68-aa83-c10c7c3c67c6_1000.jpg.296x216.jpg
20201223,杨浦,黄兴公园,住宅+电梯房+中间楼层+满五唯一+两房朝南+全明户型,750万,3室1厅 | 124.42平米 | 南 | 简装 | 中楼层(共19层) | 1998年建 | 板楼,http://image1.ljcdn.com/110000-inspection/8be05b7e-5113-461c-9e6e-66949352d716_1000.jpg.296x216.jpg
20201223,杨浦,黄兴公园,97年品质小区 一梯两户 精装修 配套成熟 诚心出售。房主自荐,360万,2室1厅 | 68.69平米 | 南 | 精装 | 高楼层(共7层) | 1997年建 | 板楼,http://image1.ljcdn.com/110000-inspection/f46afc1e-dc12-4834-8b24-8e3f7c8ea545_1000.jpg.296x216.jpg
20201223,杨浦,黄兴公园,沧州路160弄 2室1厅 南,538万,2室1厅 | 84.38平米 | 南 | 简装 | 高楼层(共5层) | 1993年建 | 板楼,http://image1.ljcdn.com/110000-inspection/pc1_VqALQHXCT_1.jpg.296x216.jpg
20201223,杨浦,黄兴公园,双南双阳台   精装修   自住看房方便   满五年唯一,530万,2室1厅 | 78.19平米 | 南 | 精装 | 中楼层(共7层) | 1995年建 | 板楼,http://image1.ljcdn.com/110000-inspection/pc1_xPO8bnnON_1.jpg.296x216.jpg
20201223,杨浦,黄兴公园,复式户型，非阁楼，一梯两户，99年建商品房，精装,580万,2室2厅 | 103.75平米 | 南 | 简装 | 高楼层(共7层) | 1999年建 | 板楼,http://image1.ljcdn.com/110000-inspection/pc1_GkW3oSCib_1.jpg.296x216.jpg
20201223,杨浦,黄兴公园,伊格尔公寓 3室1厅 南,680万,3室1厅 | 127.25平米 | 南 | 简装 | 高楼层(共24层) | 1997年建 | 塔楼,http://image1.ljcdn.com/110000-inspection/pc1_5TD2X4NIV_1.jpg.296x216.jpg
20201223,杨浦,黄兴公园,售后公房 产权清晰 精装一室一厅 业主诚心卖,235万,1室1厅 | 42.36平米 | 南 | 简装 | 高楼层(共6层) | 1985年建 | 板楼,http://image1.ljcdn.com/110000-inspection/pc1_3qnAzc5Lv_1.jpg.296x216.jpg
20201223,杨浦,黄兴公园,朝南一门关，中间楼层，近地铁，配套设施齐全,220万,1室1厅 | 38.77平米 | 南 | 简装 | 中楼层(共5层) | 1989年建 | 板楼,http://image1.ljcdn.com/110000-inspection/pc1_zASixmSlP_1.jpg.296x216.jpg
20201223,杨浦,黄兴公园,中间楼 近地铁 满五唯一 边套全明房主自荐,222万,1室1厅 | 35平米 | 南 | 简装 | 中楼层(共6层) | 1993年建 | 板楼,http://image1.ljcdn.com/110000-inspection/pc1_KQpjOQCyM_1.jpg.296x216.jpg
20201223,杨浦,黄兴公园,精装修，可拎包入住，采光充足，视野好,195万,1室0厅 | 37.07平米 | 南 | 精装 | 高楼层(共6层) | 1986年建 | 板楼,http://image1.ljcdn.com/110000-inspection/4aea7f26-18a7-4328-be0b-164cd350c913_1000.jpg.296x216.jpg
20201223,杨浦,黄兴公园,总价低，楼层好，朝北一门关，小区中间位置,135万,1室0厅 | 21.39平米 | 北 | 简装 | 中楼层(共5层) | 2007年建 | 板楼,http://image1.ljcdn.com/110000-inspection/pc1_GMbBTKhiZ_1.jpg.296x216.jpg
20201223,杨浦,黄兴公园,3房+中间楼层+双南双阳台+精装修+总价低房主自荐,580万,3室1厅 | 98平米 | 南 北 | 精装 | 低楼层(共7层) | 1995年建 | 板楼,http://image1.ljcdn.com/310000-inspection/pc1_oiomSMOP3_1.jpg.296x216.jpg
20201223,杨浦,黄兴公园,南北两房，全明户型，采光无遮挡房主自荐,305万,2室0厅 | 51.24平米 | 南 | 精装 | 高楼层(共6层) | 1983年建 | 板楼,http://image1.ljcdn.com/110000-inspection/pc1_c77uwCu75_1.jpg.296x216.jpg
20201223,杨浦,黄兴公园,低楼层，近地铁，总价低，理工，宋庆龄基金幼儿园,220万,1室0厅 | 35.91平米 | 南 西 | 简装 | 低楼层(共6层) | 1987年建 | 板楼,http://image1.ljcdn.com/310000-inspection/pc1_C8FyGO4MK_1.jpg.296x216.jpg
20201223,杨浦,黄兴公园,同户型中的单价洼地 楼层佳 采光通风好,336万,1室1厅 | 40.37平米 | 南 | 简装 | 高楼层(共6层) | 1987年建 | 板楼,http://image1.ljcdn.com/110000-inspection/pc1_9i1sn5CzH_1.jpg.296x216.jpg
20201223,杨浦,黄兴公园,《电梯房》《中间楼层》《双南两房》房主自荐,460万,2室1厅 | 69.82平米 | 南 | 精装 | 中楼层(共14层) | 1987年建 | 塔楼,http://image1.ljcdn.com/310000-inspection/pc1_k6jHKdGdC_1.jpg.296x216.jpg
20201223,杨浦,黄兴公园,94年建+一梯两户+两房一厅+近地铁+产权清晰+看房方便,479万,2室1厅 | 70.16平米 | 南 | 其他 | 高楼层(共6层) | 1994年建 | 板楼,http://image1.ljcdn.com/110000-inspection/pc1_s6KS3g5Db_1.jpg.296x216.jpg
20201223,杨浦,黄兴公园,长白三村 1室1厅 北,187万,1室1厅 | 28.58平米 | 北 | 简装 | 中楼层(共5层) | 1991年建 | 板楼,http://image1.ljcdn.com/310000-inspection/pc1_BSrYqJTI0_1.jpg.296x216.jpg
20201223,杨浦,黄兴公园,婚房装修，西边套全明户型，可拎包入住，1990年原建房,235万,1室1厅 | 38.02平米 | 南 | 精装 | 高楼层(共5层) | 1990年建 | 板楼,http://image1.ljcdn.com/110000-inspection/pc1_E8DVsT2Kp.jpg.296x216.jpg
20201223,杨浦,黄兴公园,控江四村 朝南一门关 房东诚心出售,225万,2室1厅 | 39.54平米 | 南 | 简装 | 高楼层(共5层) | 2010年建 | 板楼,http://image1.ljcdn.com/310000-inspection/pc1_vWAeVvqRl_1.jpg.296x216.jpg
20201223,杨浦,黄兴公园,此房满五且唯一，一房朝南一房朝北，保养得很好,430万,2室1厅 | 55.18平米 | 南 北 | 简装 | 低楼层(共6层) | 1987年建 | 板楼,http://image1.ljcdn.com/110000-inspection/pc1_XnSZlhOGE_1.jpg.296x216.jpg
20201223,杨浦,黄兴公园,黄兴公园一室一厅，上理工，近地铁，五角场坐车即达。,235万,1室1厅 | 36.78平米 | 南 | 简装 | 高楼层(共6层) | 1984年建 | 板楼,http://image1.ljcdn.com/110000-inspection/pc1_72tkFoQJ6_1.jpg.296x216.jpg
20201223,杨浦,黄兴公园,楼层好，采光好，朝南一门关，精装修，不靠马路,300万,2室0厅 | 50.97平米 | 南 北 | 简装 | 低楼层(共5层) | 1982年建 | 板楼,http://image1.ljcdn.com/110000-inspection/pc1_VbSpcWUwz_1.jpg.296x216.jpg
20201223,杨浦,黄兴公园,南北通得房率高  小区环境安静近五角场 双规交通,278万,1室1厅 | 42.21平米 | 南 | 精装 | 中楼层(共6层) | 1983年建 | 板楼,http://image1.ljcdn.com/110000-inspection/pc1_9boQk18Xw_1.jpg.296x216.jpg
20201223,杨浦,黄兴公园,南北两房通透格局，产权明晰，看房方便，诚意出售,408万,2室1厅 | 57.02平米 | 南 | 简装 | 中楼层(共6层) | 1987年建 | 板楼,http://image1.ljcdn.com/110000-inspection/pc1_eOGf8HKzb_1.jpg.296x216.jpg
20201223,杨浦,黄兴公园,楼层好，南北通，户型好，满五唯一，房东诚意出售,398万,2室1厅 | 56平米 | 南 北 | 简装 | 中楼层(共6层) | 1987年建 | 板楼,http://image1.ljcdn.com/110000-inspection/pc1_nmXJ7CUZA.jpg.296x216.jpg
20201223,杨浦,黄兴公园,一梯三户+南北通风+8号线延吉中路站,305万,2室1厅 | 50.12平米 | 南 | 简装 | 高楼层(共6层) | 1985年建 | 板楼,http://image1.ljcdn.com/110000-inspection/pc1_90HRaqt8M_1.jpg.296x216.jpg
20201223,杨浦,黄兴公园,八号线+黄兴公园+高层低总价+诚心卖房主自荐,265万,1室1厅 | 53.03平米 | 南 | 简装 | 高楼层(共7层) | 1995年建 | 板楼,http://image1.ljcdn.com/110000-inspection/pc1_9WUhAtEYj.jpg.296x216.jpg
20201223,杨浦,黄兴公园,满五年唯一，双南两房，精装修，可拎包入住，,425万,2室1厅 | 69.55平米 | 南 | 精装 | 高楼层(共12层) | 1987年建 | 塔楼,http://image1.ljcdn.com/110000-inspection/pc1_bxMXrlqHp.jpg.296x216.jpg
20201223,杨浦,黄兴公园,满五唯一，采光好，南北，对装修要求可拎包入住,400万,2室1厅 | 57.02平米 | 南 | 简装 | 高楼层(共6层) | 1987年建 | 板楼,http://image1.ljcdn.com/110000-inspection/pc1_dFB30aPmB.jpg.296x216.jpg
20201223,杨浦,黄兴公园,楼层好，南北通，户型好，采光好，房东诚意出售,450万,2室1厅 | 57.02平米 | 南 | 简装 | 中楼层(共6层) | 1987年建 | 板楼,http://image1.ljcdn.com/110000-inspection/pc1_d77O0Oj98_1.jpg.296x216.jpg
20201223,杨浦,黄兴公园,此房满五唯一，通透格局，楼层好，采光好,172万,2室0厅 | 32.82平米 | 东 | 简装 | 中楼层(共5层) | 1997年建 | 板楼,http://image1.ljcdn.com/110000-inspection/pc1_x1GTIQ447_1.jpg.296x216.jpg
20201223,杨浦,黄兴公园,（店长推荐）美丽家园已造好  8号线地铁 一梯三户房主自荐,310万,2室1厅 | 50.21平米 | 南 | 简装 | 高楼层(共6层) | 1986年建 | 板楼,http://image1.ljcdn.com/110000-inspection/pc1_7f3EUDcRv.jpg.296x216.jpg
20201223,杨浦,黄兴公园,黄兴公园边上，全明厨卫朝北，客厅朝北的精致户型,650万,2室1厅 | 102.18平米 | 南 | 精装 | 中楼层(共24层) | 1997年建 | 塔楼,http://image1.ljcdn.com/110000-inspection/pc1_nIbMXA2EW_1.jpg.296x216.jpg
20201223,杨浦,黄兴公园,尖顶精装修 干净清爽 税费少 诚意出售房主自荐,350万,2室1厅 | 53.61平米 | 南 | 精装 | 高楼层(共6层) | 1981年建 | 板楼,http://image1.ljcdn.com/110000-inspection/pc1_MhGJaa0Tv.jpg.296x216.jpg
20201223,杨浦,黄兴公园,《婚房装修领包入住》《高区电梯房》,550万,2室2厅 | 96.22平米 | 南 | 精装 | 高楼层(共24层) | 1997年建 | 塔楼,http://image1.ljcdn.com/110000-inspection/pc1_m8hb18MHs_1.jpg.296x216.jpg
20201223,杨浦,黄兴公园,中间楼层，环保精装修，可拎包入住房主自荐,485万,2室1厅 | 62.32平米 | 南 | 精装 | 中楼层(共6层) | 1987年建 | 板楼,http://image1.ljcdn.com/110000-inspection/pc1_gdao0C4ph_1.jpg.296x216.jpg
20201223,杨浦,黄兴公园,地铁口  小户型  低总价   中装修  拎包住 出行便捷房主自荐,190万,1室1厅 | 32.53平米 | 南 | 精装 | 中楼层(共6层) | 1983年建 | 板楼,http://image1.ljcdn.com/110000-inspection/88e65867-4c70-4819-8aa2-c41754305185_1000.jpg.296x216.jpg
20201223,杨浦,黄兴公园,精装修 税费少 诚意出售看房方便房主自荐,608万,2室1厅 | 107.7平米 | 南 北 | 精装 | 高楼层(共24层) | 1997年建 | 塔楼,http://image1.ljcdn.com/110000-inspection/pc1_h3N5O5jJJ_1.jpg.296x216.jpg
20201223,杨浦,黄兴公园,99年房龄南北通格局+两室一厅+中间楼层采光好,460万,2室1厅 | 82.83平米 | 南 | 简装 | 中楼层(共5层) | 1999年建 | 板楼,http://image1.ljcdn.com/110000-inspection/pc1_l6s4D9upa_1.jpg.296x216.jpg
20201223,杨浦,黄兴公园,控江四村 2室1厅 西南,378万,2室1厅 | 61.67平米 | 西南 | 精装 | 高楼层(共6层) | 2008年建 | 板楼,http://image1.ljcdn.com/110000-inspection/pc1_UaLeNNCSS_1.jpg.296x216.jpg
20201223,杨浦,黄兴公园,电梯景观房，高区采光好，焕新电梯，紧靠黄兴公园,630万,2室1厅 | 107.74平米 | 南 | 简装 | 中楼层(共24层) | 1997年建 | 塔楼,http://image1.ljcdn.com/110000-inspection/pc1_qmKWY26hb_1.jpg.296x216.jpg
20201223,杨浦,黄兴公园,朝北一门关，精装修，拎包入住，适合年纪老人居住,185万,1室1厅 | 35.22平米 | 北 | 精装 | 低楼层(共5层) | 1999年建 | 板楼,http://image1.ljcdn.com/110000-inspection/pc1_eSt89pOoI_1.jpg.296x216.jpg
20201223,杨浦,黄兴公园,此房满五唯一，诚心出售，双南两房，精装修房主自荐,405万,2室1厅 | 69.36平米 | 南 北 | 精装 | 低楼层(共19层) | 1991年建 | 塔楼,http://image1.ljcdn.com/110000-inspection/pc1_LuyTscPEk_1.jpg.296x216.jpg
20201223,杨浦,黄兴公园,《美丽家园已经做好》+《业主诚意出售》+《杨浦公园》,283万,2室0厅 | 47.93平米 | 南 | 精装 | 高楼层(共6层) | 1986年建 | 板楼,http://image1.ljcdn.com/110000-inspection/pc1_wuVMXFzLk_1.jpg.296x216.jpg
20201223,杨浦,黄兴公园,一房一厅 采光通透 地铁八号线 菜场小区门口,210万,1室1厅 | 36.23平米 | 南 | 简装 | 高楼层(共6层) | 1986年建 | 板楼,http://image1.ljcdn.com/110000-inspection/pc1_3Qh7BOany_1.jpg.296x216.jpg
20201223,杨浦,黄兴公园,楼层好 视野开阔 诚意出售 看房方便 户型佳,228万,2室0厅 | 39.8平米 | 南 | 简装 | 中楼层(共6层) | 1993年建 | 板楼,http://image1.ljcdn.com/110000-inspection/pc1_CFQI24sGV_1.jpg.296x216.jpg
20201223,杨浦,黄兴公园,小区中-心位置，厨卫全明，一楼带天井，看房方便,238万,1室1厅 | 32.72平米 | 南 | 简装 | 低楼层(共6层) | 1983年建 | 板楼,http://image1.ljcdn.com/110000-inspection/84589982-6f0c-4922-a04a-052cc56757d5_1000.jpg.296x216.jpg
20201223,杨浦,黄兴公园,双南两房精装修+税费各付+在做美丽家园,435万,2室1厅 | 53.05平米 | 南 | 精装 | 高楼层(共6层) | 1984年建 | 板楼,http://image1.ljcdn.com/310000-inspection/test-37f6d12f-da19-4bee-a67e-d77f28afe3d6.png.296x216.jpg
20201223,杨浦,黄兴公园,控江四村 中楼层 看房随时 朝西,215万,1室1厅 | 40.34平米 | 西 | 简装 | 中楼层(共6层) | 2008年建 | 板楼,http://image1.ljcdn.com/110000-inspection/pc1_WNIDRtK0V_1.jpg.296x216.jpg
20201223,杨浦,黄兴公园,朝南一门关+中间楼层+81年原建+总价低+诚意出售,285万,1室0厅 | 30.12平米 | 南 | 简装 | 中楼层(共5层) | 1981年建 | 板楼,http://image1.ljcdn.com/110000-inspection/pc1_WWmhsFhMm_1.jpg.296x216.jpg
20201223,杨浦,黄兴公园,《满五不唯一》《3楼》《采光好》《 精装修》,480万,2室1厅 | 68.85平米 | 南 | 精装 | 中楼层(共7层) | 1996年建 | 板楼,http://image1.ljcdn.com/310000-inspection/prod-c0573dcc-62e3-4ea1-8fa6-0d2a82d1c770.jpg.296x216.jpg
20201223,杨浦,黄兴公园,《上理工》《5楼复式》《使用面积大》《无水费》,350万,2室1厅 | 55平米 | 南 | 精装 | 高楼层(共6层) | 2009年建 | 板楼,http://image1.ljcdn.com/310000-inspection/prod-8005212a-33c4-4b10-bbfe-76820ae93db5.jpg.296x216.jpg
20201223,杨浦,黄兴公园,看房随时，两房高层，视野开阔，全天采光，位子安静,506万,2室1厅 | 75.94平米 | 南 | 简装 | 中楼层(共19层) | 1991年建 | 塔楼,http://image1.ljcdn.com/310000-inspection/prod-88fc1b49-64a7-4600-9160-5974b51059d3.jpg.296x216.jpg
20201223,杨浦,黄兴公园,《 双南一北 》《电梯房中高区》《出小区地铁站公园》房主自荐,500万,2室1厅 | 81.67平米 | 南 | 精装 | 高楼层(共14层) | 1987年建 | 塔楼,http://image1.ljcdn.com/110000-inspection/pc1_9yupErdAP_1.jpg.296x216.jpg
20201223,杨浦,黄兴公园,长白三村原建极简一室户，带露台，看房方便房主自荐,198万,1室1厅 | 34.95平米 | 西 | 精装 | 低楼层(共6层) | 1991年建 | 板楼,http://image1.ljcdn.com/110000-inspection/pc1_h6Xv8Rc0I_1.jpg.296x216.jpg
20201223,杨浦,黄兴公园,售后公房满五唯一。 高楼层，采光好。,548万,2室1厅 | 71.34平米 | 南 | 简装 | 中楼层(共24层) | 1997年建 | 塔楼,http://image1.ljcdn.com/310000-inspection/pc1_GoS886iKA_2.jpg.296x216.jpg
20201223,杨浦,黄兴公园,黄兴公园+地铁300米+总价低+小区中间+五角场房主自荐,175万,1室1厅 | 28.4平米 | 南 | 简装 | 高楼层(共6层) | 1983年建 | 板楼,http://image1.ljcdn.com/310000-inspection/pc1_ySH0ZXAwa_1.jpg.296x216.jpg
20201223,杨浦,黄兴公园,《满五年唯一》  《空关有钥匙》 《89年原建可贷款 》房主自荐,179万,1室1厅 | 31.18平米 | 南 | 简装 | 中楼层(共5层) | 1989年建 | 板楼,http://image1.ljcdn.com/310000-inspection/pc1_CiLE3816T_1.jpg.296x216.jpg
20201223,杨浦,黄兴公园,小区距离地铁20米，采光无遮挡，视野开阔，满五年房主自荐,193万,1室0厅 | 29平米 | 南 | 简装 | 高楼层(共6层) | 1981年建 | 板楼,http://image1.ljcdn.com/310000-inspection/pc1_PJkbKYSCi_1.jpg.296x216.jpg
20201223,杨浦,黄兴公园,电梯房 ，采光好，精装修 交通便利,280万,1室1厅 | 42.95平米 | 南 | 精装 | 高楼层(共26层) | 2003年建 | 塔楼,http://image1.ljcdn.com/110000-inspection/pc1_B2qcxDTxY_1.jpg.296x216.jpg
20201223,杨浦,黄兴公园,房子朝南一门关 总价低 采光好 近地铁 2010年,185万,1室0厅 | 35.7平米 | 南 | 简装 | 高楼层(共6层) | 2010年建 | 板楼,http://image1.ljcdn.com/110000-inspection/pc1_ZiuEejUMc_1.jpg.296x216.jpg
20201223,杨浦,黄兴公园,满五年+小区中间+采光无遮挡+地理位置优房主自荐,300万,1室1厅 | 56.85平米 | 南 | 简装 | 高楼层(共12层) | 1987年建 | 塔楼,http://image1.ljcdn.com/110000-inspection/pc1_HdA4e62Ug.jpg.296x216.jpg
20201223,杨浦,黄兴公园,钥匙房 业主诚意 上理 朝南 无增值税,195万,1室1厅 | 34.82平米 | 南 | 简装 | 低楼层(共6层) | 1968年建 | 板楼,http://image1.ljcdn.com/110000-inspection/pc1_yNh4EKFDL_1.jpg.296x216.jpg
20201223,杨浦,黄兴公园,控江东三村 1室1厅 南,210万,1室1厅 | 35平米 | 南 | 简装 | 高楼层(共6层) | 1993年建 | 板楼,http://image1.ljcdn.com/110000-inspection/pc1_J7AYV2VNI.jpg.296x216.jpg
20201223,杨浦,黄兴公园,视野采光好、配套齐全、中等装修、通风好,203万,1室1厅 | 37.13平米 | 南 | 简装 | 高楼层(共6层) | 1983年建 | 板楼,http://image1.ljcdn.com/110000-inspection/43f5d56d-ce78-409e-a7a0-5103852ac671_1000.jpg.296x216.jpg
20201223,杨浦,黄兴公园,水丰 8号线 满五唯一  朝南一门关  一梯四户,185万,1室0厅 | 28.44平米 | 南 | 简装 | 中楼层(共6层) | 1983年建 | 板楼,http://image1.ljcdn.com/110000-inspection/pc1_nvm5a0tfG_1.jpg.296x216.jpg
20201223,杨浦,黄兴公园,长白三村 1室1厅 南,170万,1室1厅 | 33.67平米 | 南 | 毛坯 | 高楼层(共4层) | 1993年建 | 板楼,http://image1.ljcdn.com/110000-inspection/pc1_gk4Ki2tVt_1.jpg.296x216.jpg
20201223,杨浦,黄兴公园,8号线 上理 诚心出售 总价低房主自荐,190万,1室0厅 | 39.98平米 | 南 | 简装 | 中楼层(共6层) | 1957年建 | 板楼,http://image1.ljcdn.com/110000-inspection/pc1_KcWvpIVL5_1.jpg.296x216.jpg
20201223,杨浦,黄兴公园,中楼层电梯房，诚意出售，户型正气，位置好,898万,3室2厅 | 113.17平米 | 南 | 简装 | 中楼层(共11层) | 2001年建 | 板楼,http://image1.ljcdn.com/110000-inspection/pc1_Q3K4IhpWV_1.jpg.296x216.jpg
20201223,杨浦,黄兴公园,小房型，大作为+精装修+地铁300米+4楼+低总价房主自荐,210万,1室1厅 | 34.55平米 | 南 | 简装 | 中楼层(共6层) | 1983年建 | 板楼,http://image1.ljcdn.com/310000-inspection/pc1_0jCjsNtrJ_1.jpg.296x216.jpg
20201223,杨浦,黄兴公园,得房率92%《采光视野好》《近地铁》《边套全明》,245万,1室1厅 | 39.5平米 | 东 南 | 精装 | 高楼层(共6层) | 1985年建 | 板楼,http://image1.ljcdn.com/110000-inspection/pc1_NJmdgN32v_1.jpg.296x216.jpg
20201223,杨浦,黄兴公园,8号轨交，售后公房，黄兴公园，正南朝向，正对花园,333万,1室1厅 | 56.85平米 | 南 | 简装 | 低楼层(共12层) | 1987年建 | 塔楼,http://image1.ljcdn.com/310000-inspection/pc1_k0btVWdvy_1.jpg.296x216.jpg
20201223,杨浦,黄兴公园,只看房是没有结果的，买这套适合自住，适合养老,310万,1室1厅 | 56.77平米 | 南 | 简装 | 高楼层(共14层) | 1987年建 | 塔楼,http://image1.ljcdn.com/310000-inspection/prod-5b930184-bd8e-446b-966e-51aee67eaf59.jpg.296x216.jpg
20201223,杨浦,黄兴公园,西山墙精装修一室户，理工+儿童基金幼儿园,330万,1室1厅 | 54.9平米 | 南 | 简装 | 低楼层(共14层) | 1987年建 | 塔楼,http://image1.ljcdn.com/310000-inspection/prod-df8db20a-a04c-496a-a596-483da954a73d.jpg.296x216.jpg
20201223,杨浦,黄兴公园,业主诚意出售，购物便利。采光好房主自荐,429万,2室1厅 | 62.8平米 | 南 北 | 简装 | 高楼层(共7层) | 1996年建 | 板楼,http://image1.ljcdn.com/310000-inspection/pc1_kWnGgtGje_2.jpg.296x216.jpg
20201223,杨浦,黄兴公园,《楼层好》《近地铁交通便利》《配套成熟》《精装修》,358万,2室1厅 | 51.98平米 | 东 西 | 简装 | 低楼层(共6层) | 1986年建 | 板楼,http://image1.ljcdn.com/310000-inspection/pc1_7c7cSOMgB_1.jpg.296x216.jpg
20201223,杨浦,黄兴公园,全明两房，中间楼层，采光无遮挡房主自荐,343万,2室1厅 | 53.97平米 | 南 | 简装 | 中楼层(共6层) | 1986年建 | 板楼,http://image1.ljcdn.com/310000-inspection/pc1_OBIcCgSIJ_1.jpg.296x216.jpg
20201223,杨浦,黄兴公园,边套全明，得房率高，精装拎包入住。快来看房吧~,222万,1室1厅 | 42.82平米 | 南 | 精装 | 高楼层(共5层) | 1977年建 | 板楼,http://image1.ljcdn.com/110000-inspection/pc1_gQ98zjJqW_1.jpg.296x216.jpg
20201223,杨浦,黄兴公园,居家装修，采光好，可直接拎包入住，适合一家三口,232万,1室1厅 | 49.54平米 | 西南 | 简装 | 中楼层(共6层) | 2008年建 | 板楼,http://image1.ljcdn.com/310000-inspection/pc1_5vMKiF86y_1.jpg.296x216.jpg
20201223,杨浦,黄兴公园,房子满五唯一，税费低，房东诚意卖房。,310万,1室1厅 | 53.03平米 | 南 | 简装 | 高楼层(共7层) | 1995年建 | 板楼,http://image1.ljcdn.com/110000-inspection/pc1_EHkg0KhLB_1.jpg.296x216.jpg
20201223,杨浦,黄兴公园,小区做过美丽家园，环境很好，地铁口，很安静,202万,2室0厅 | 31.79平米 | 南 | 简装 | 高楼层(共6层) | 1982年建 | 板楼,http://image1.ljcdn.com/110000-inspection/pc1_QUBY3eByC_1.jpg.296x216.jpg
20201223,杨浦,黄兴公园,带阁楼 精装修 满五唯一 采光无遮挡,360万,2室1厅 | 64.16平米 | 南 | 简装 | 高楼层(共5层) | 1999年建 | 板楼,http://image1.ljcdn.com/110000-inspection/pc1_RE3meL3gW_1.jpg.296x216.jpg
20201223,杨浦,黄兴公园,《电梯高区》《 地铁8号线延吉中路》《 全明户型》房主自荐,565万,2室2厅 | 93.86平米 | 南 | 精装 | 高楼层(共24层) | 1998年建 | 塔楼,http://image1.ljcdn.com/110000-inspection/pc1_OrFPJwyk7_1.jpg.296x216.jpg
20201223,杨浦,黄兴公园,南北两房，边套全明，采光充足无遮挡房主自荐,482万,2室1厅 | 68.74平米 | 南 | 精装 | 中楼层(共7层) | 1996年建 | 板楼,http://image1.ljcdn.com/110000-inspection/pc1_POcAMWaLP_1.jpg.296x216.jpg
20201223,杨浦,黄兴公园,满五唯一 婚房装修 看房随时 诚意出售,600万,2室1厅 | 98.33平米 | 东南 | 精装 | 低楼层(共25层) | 1996年建 | 塔楼,http://image1.ljcdn.com/110000-inspection/pc1_Z9C7wDhNo_1.jpg.296x216.jpg
20201223,杨浦,黄兴公园,8号线   上理    满五唯一   税费低,236万,1室1厅 | 42.54平米 | 南 | 简装 | 低楼层(共6层) | 2009年建 | 板楼,http://image1.ljcdn.com/110000-inspection/pc1_nwggAN3u6_1.jpg.296x216.jpg
20201223,杨浦,黄兴公园,非底楼，双南两房售后公房，房东诚心出售房主自荐,510万,2室2厅 | 71.74平米 | 南 | 简装 | 低楼层(共7层) | 1996年建 | 板楼,http://image1.ljcdn.com/110000-inspection/pc1_GoC8AkXrK_1.jpg.296x216.jpg
20201223,杨浦,黄兴公园,此房满五年，南北格局，正规一房一厅，户型好，.,305万,1室1厅 | 54.9平米 | 南 | 简装 | 低楼层(共14层) | 1987年建 | 塔楼,http://image1.ljcdn.com/110000-inspection/pc1_HEDcKdLYZ_1.jpg.296x216.jpg
20201223,杨浦,黄兴公园,双南两房，采光充足，近地铁，近公园，诚心出售,490万,2室2厅 | 71.74平米 | 南 | 简装 | 低楼层(共7层) | 1996年建 | 板楼,http://image1.ljcdn.com/110000-inspection/pc1_whh0EnHPL.jpg.296x216.jpg
20201223,杨浦,黄兴公园,满五唯一  楼层佳光线充足 配套齐全 诚心出售,305万,2室1厅 | 55.06平米 | 南 北 | 精装 | 中楼层(共6层) | 1983年建 | 板楼,http://image1.ljcdn.com/110000-inspection/pc1_CxW8NLGo1_1.jpg.296x216.jpg
20201223,杨浦,黄兴公园,满五唯一，税费少，近地铁，看房方便！,190万,1室0厅 | 33.59平米 | 南 | 简装 | 中楼层(共4层) | 1992年建 | 板楼,http://image1.ljcdn.com/110000-inspection/pc1_HTt8jmg4y_2.jpg.296x216.jpg
20201223,杨浦,黄兴公园,业主诚意出售 顶楼带阁楼 诚意出售,350万,3室1厅 | 51.2平米 | 南 | 精装 | 高楼层(共6层) | 1985年建 | 板楼,http://image1.ljcdn.com/110000-inspection/pc1_oFONIoPz3.jpg.296x216.jpg
20201223,杨浦,黄兴公园,地铁口，电梯房，三大公园，小区中间位置房主自荐,240万,1室1厅 | 43.92平米 | 南 | 简装 | 低楼层(共14层) | 1987年建 | 塔楼,http://image1.ljcdn.com/110000-inspection/pc1_fvL9Q3fgs.jpg.296x216.jpg
20201223,杨浦,黄兴公园,税费低，楼层好，朝南两房，业主诚意出售房主自荐,210万,2室0厅 | 43.48平米 | 南 | 简装 | 中楼层(共5层) | 1992年建 | 板楼,http://image1.ljcdn.com/110000-inspection/pc1_QyU4RA2AJ.jpg.296x216.jpg
20201223,杨浦,黄兴公园,延吉四村 南北二房 业主急售 基金幼儿园 税费各付,310万,2室1厅 | 49.94平米 | 南 | 毛坯 | 高楼层(共6层) | 1985年建 | 板楼,http://image1.ljcdn.com/110000-inspection/pc1_XD8W6HQdj_1.jpg.296x216.jpg
20201223,杨浦,黄兴公园,《顶楼复式使用面积120+》《精装修》《近地铁100米》,580万,3室2厅 | 86.3平米 | 南 | 精装 | 高楼层(共6层) | 1993年建 | 板楼,http://image1.ljcdn.com/110000-inspection/pc1_HsZsjLCd7_1.jpg.296x216.jpg
20201223,杨浦,黄兴公园,控江四村   正气2房  一梯三户  采光好,279万,2室1厅 | 49.09平米 | 南 北 | 精装 | 高楼层(共6层) | 1985年建 | 板楼,http://image1.ljcdn.com/110000-inspection/pc1_pPdtV5KBe_1.jpg.296x216.jpg
20201223,杨浦,黄兴公园,延吉四村 理工网红小区 南北二房 花园位置  随时看房主自荐,330万,2室1厅 | 50.22平米 | 南 | 毛坯 | 中楼层(共6层) | 1985年建 | 板楼,http://image1.ljcdn.com/110000-inspection/pc1_wgCzCbSIm_1.jpg.296x216.jpg
20201223,杨浦,黄兴公园,《一房一厅》《近地铁》《满五唯一》《五角场商圈》房主自荐,214万,1室1厅 | 35.6平米 | 东南 | 简装 | 高楼层(共6层) | 1986年建 | 板楼,http://image1.ljcdn.com/110000-inspection/pc1_FUhq6ucz5_1.jpg.296x216.jpg
20201223,杨浦,黄兴公园,户型合理，楼层好，配套齐全，交通便利,190万,1室1厅 | 41.2平米 | 东 | 简装 | 高楼层(共6层) | 2008年建 | 板楼,http://image1.ljcdn.com/110000-inspection/pc1_0tgS07uCq.jpg.296x216.jpg
20201223,杨浦,黄兴公园,理工，南北边套全明户型优质，次顶楼采光足，看房方便,278万,2室1厅 | 47.41平米 | 南 北 | 简装 | 高楼层(共6层) | 1980年建 | 板楼,http://image1.ljcdn.com/110000-inspection/pc1_PHwt4u2g3.jpg.296x216.jpg
20201223,杨浦,黄兴公园,南北两房，全明户型，采光好通风好，诚意出售房主自荐,265万,2室0厅 | 49.73平米 | 南 北 东 | 简装 | 高楼层(共5层) | 1954年建 | 板楼,http://image1.ljcdn.com/110000-inspection/601fe333-2208-4d74-9d1d-54e2ab16ac8e_1000.jpg.296x216.jpg
20201223,杨浦,黄兴公园,双南朝向，采光通风，房屋干净清爽，对口控二,655万,2室1厅 | 82.99平米 | 南 | 精装 | 高楼层(共6层) | 1993年建 | 板楼,http://image1.ljcdn.com/110000-inspection/pc1_UVMrxpKJQ_1.jpg.296x216.jpg
20201223,杨浦,黄兴公园,中高区电梯房，一室户，有地铁，好看房,240万,1室1厅 | 43.92平米 | 南 | 毛坯 | 中楼层(共14层) | 1987年建 | 塔楼,http://image1.ljcdn.com/110000-inspection/pc1_Oh7VsLnxx.jpg.296x216.jpg
20201223,杨浦,黄兴公园,近地铁，黄兴公园，高楼层采光好,620万,2室1厅 | 96.22平米 | 南 | 简装 | 高楼层(共24层) | 1997年建 | 塔楼,http://image1.ljcdn.com/110000-inspection/pc1_vKDbNJxRv_1.jpg.296x216.jpg
20201223,杨浦,黄兴公园,诚意出售+非顶楼+采光好（两间朝南）,295万,2室1厅 | 46.62平米 | 南 | 简装 | 高楼层(共6层) | 1979年建 | 板楼,http://image1.ljcdn.com/110000-inspection/pc1_R0e72V7bE.jpg.296x216.jpg
20201223,杨浦,黄兴公园,靖宇大楼 3室1厅 东南,680万,3室1厅 | 110.08平米 | 东南 | 精装 | 中楼层(共20层) | 1997年建 | 塔楼,http://image1.ljcdn.com/110000-inspection/pc1_dVGzLwUwg_1.jpg.296x216.jpg
20201223,杨浦,黄兴公园,南北两房，边套全明，售后公房，满五唯一房主自荐,450万,2室1厅 | 57平米 | 南 | 简装 | 高楼层(共6层) | 1990年建 | 板楼,http://image1.ljcdn.com/110000-inspection/e12a4701-3a57-4595-ad95-94bc7ea543a8_1000.jpg.296x216.jpg
20201223,杨浦,黄兴公园,8号线延吉中路+厅房同宽，户型全明房主自荐,215万,1室1厅 | 36.23平米 | 南 | 毛坯 | 中楼层(共6层) | 1986年建 | 板楼,http://image1.ljcdn.com/110000-inspection/pc1_d52T01qAd_1.jpg.296x216.jpg
20201223,杨浦,黄兴公园,电梯房 楼层好 视野好 诚意出售,550万,2室1厅 | 75.57平米 | 南 | 简装 | 中楼层(共24层) | 1997年建 | 塔楼,http://image1.ljcdn.com/110000-inspection/pc1_Xy5ahxQF9.jpg.296x216.jpg
20201223,杨浦,黄兴公园,小区中间，诚意出售，南北两房，总价低，一梯四户,320万,2室0厅 | 38.82平米 | 南 | 精装 | 中楼层(共5层) | 1981年建 | 板楼,http://image1.ljcdn.com/110000-inspection/06c84e7e-d56d-4869-8795-79c87f0c88dc_1000.jpg.296x216.jpg
20201223,杨浦,黄兴公园,南北，满五唯一，对口六一，小区中间位置,308万,2室0厅 | 51.3平米 | 南 | 精装 | 高楼层(共6层) | 1983年建 | 板楼,http://image1.ljcdn.com/110000-inspection/356a48fb-c2e2-47df-b812-9da7b34f70bd_1000.jpg.296x216.jpg
20201223,杨浦,黄兴公园,《一房一厅》《中间楼层》《正对花园》《采光通风好》,230万,1室1厅 | 36.23平米 | 南 | 简装 | 中楼层(共6层) | 1985年建 | 板楼,http://image1.ljcdn.com/110000-inspection/pc1_ZKc7LbYBo_1.jpg.296x216.jpg
20201223,杨浦,黄兴公园,精装修，边套户型，独立开门楼层好，有固定停车位,260万,1室1厅 | 37.6平米 | 南 | 精装 | 低楼层(共5层) | 1978年建 | 板楼,http://image1.ljcdn.com/110000-inspection/pc1_uv9qNU1fH_1.jpg.296x216.jpg
20201223,杨浦,黄兴公园,伊格尔公寓 2室2厅 南,650万,2室2厅 | 107.74平米 | 南 | 其他 | 低楼层(共24层) | 1997年建 | 塔楼,http://image1.ljcdn.com/110000-inspection/pc1_Gv95Pnzij_1.jpg.296x216.jpg
20201223,杨浦,黄兴公园,精装修，两房朝南带阳台，房龄新 ，业主诚心出售房主自荐,560万,2室1厅 | 70.87平米 | 南 | 精装 | 低楼层(共24层) | 1997年建 | 塔楼,http://image1.ljcdn.com/110000-inspection/f8faa9aa-e76c-4abb-8e52-876d71b2de49_1000.jpg.296x216.jpg
20201223,杨浦,黄兴公园,精装修南北两房、交通方便、配套齐全,324万,2室1厅 | 51.1平米 | 南 北 | 简装 | 高楼层(共5层) | 1983年建 | 板楼,http://image1.ljcdn.com/110000-inspection/23388752-bbfb-4da6-845f-a3a633c0d7e9_1000.jpg.296x216.jpg
20201223,杨浦,黄兴公园,房子南北两房满五年税费少诚心卖交通生活学习便利。,325万,2室2厅 | 56.12平米 | 南 北 | 精装 | 高楼层(共7层) | 1987年建 | 板楼,http://image1.ljcdn.com/110000-inspection/pc1_gnNHxbS3P_1.jpg.296x216.jpg
20201223,杨浦,黄兴公园,满五年唯一+采光无遮挡+视野开阔,205万,1室1厅 | 35.77平米 | 南 | 简装 | 高楼层(共6层) | 1985年建 | 板楼,http://image1.ljcdn.com/110000-inspection/de42d039-eabc-456f-8b19-c04fa45d7ce9_1000.jpg.296x216.jpg
20201223,杨浦,黄兴公园,控江东三村 一梯2户 顶层复式 全明格局 地铁8号线。房主自荐,605万,3室2厅 | 86平米 | 南 北 | 简装 | 高楼层(共6层) | 1993年建 | 板楼,http://image1.ljcdn.com/110000-inspection/pc1_WBQqhHNJq_1.jpg.296x216.jpg
20201223,杨浦,黄兴公园,满五唯一税费少，南北两房通风好，可开阁楼,365万,2室1厅 | 43.94平米 | 南 | 简装 | 高楼层(共5层) | 1981年建 | 板楼,http://image1.ljcdn.com/110000-inspection/3fabc7f7-9f26-4ac2-8b0f-fa6f5b8a4fb7_1000.jpg.296x216.jpg
20201223,杨浦,黄兴公园,延吉四村东边套全明户型，小区花园旁位置很好,376万,2室1厅 | 53.8平米 | 南 | 简装 | 高楼层(共6层) | 1985年建 | 板楼,http://image1.ljcdn.com/110000-inspection/pc1_1D275y01A.jpg.296x216.jpg
20201223,杨浦,黄兴公园,《 地铁》+《装修干净》+《西边套全明》,215万,2室1厅 | 34.7平米 | 南 | 简装 | 中楼层(共6层) | 1993年建 | 板楼,http://image1.ljcdn.com/110000-inspection/pc1_vSD7C4M3T_1.jpg.296x216.jpg
20201223,杨浦,黄兴公园,新房龄+售后公房+区已改美丽家园+看房方便+诚意出售,335万,2室1厅 | 48.85平米 | 南 | 简装 | 中楼层(共5层) | 1985年建 | 板楼,http://image1.ljcdn.com/110000-inspection/pc1_reH2NRKYr_1.jpg.296x216.jpg
20201223,杨浦,黄兴公园,一室一厅，采光好，通透格局，配套设施齐全,253万,1室1厅 | 46.78平米 | 南 | 简装 | 中楼层(共7层) | 1987年建 | 板楼,http://image1.ljcdn.com/110000-inspection/pc1_iKmhOuZMR_1.jpg.296x216.jpg
20201223,杨浦,黄兴公园,2房朝南厅朝北全明户型+中间楼层+采光通风无遮挡,595万,2室2厅 | 96.05平米 | 南 | 简装 | 低楼层(共7层) | 1997年建 | 板楼,http://image1.ljcdn.com/110000-inspection/pc1_8DaiCHjU1_1.jpg.296x216.jpg
20201223,杨浦,黄兴公园,满五唯一、  原建房、边套全明、采光好房主自荐,483万,3室1厅 | 80.65平米 | 南 | 精装 | 高楼层(共5层) | 1989年建 | 板楼,http://image1.ljcdn.com/110000-inspection/pc1_mwtSerpvR_1.jpg.296x216.jpg
20201223,杨浦,黄兴公园,小区中间楼层+精装修+中间楼层+小区环境好,252万,1室1厅 | 39.43平米 | 南 | 精装 | 中楼层(共5层)  | 板楼,http://image1.ljcdn.com/110000-inspection/pc1_Aqhb4rlfb_1.jpg.296x216.jpg
20201223,杨浦,黄兴公园,电梯房上下楼方便 生活便利，大润发超市，五角场,282万,1室1厅 | 42.95平米 | 南 | 简装 | 中楼层(共26层) | 2003年建 | 塔楼,http://image1.ljcdn.com/110000-inspection/b9103466-4d02-4c3c-adac-a7c79b5e825d_1000.jpg.296x216.jpg
20201223,杨浦,黄兴公园,此房朝南格局，楼层好，视野宽阔，采光充足，总价低,185万,1室1厅 | 27.82平米 | 南 | 精装 | 中楼层(共6层) | 1981年建 | 板楼,http://image1.ljcdn.com/110000-inspection/pc1_6WuJrXyPz.jpg.296x216.jpg
20201223,杨浦,黄兴公园,满五年唯一，小区中间位置，采光无遮挡，视野开阔,310万,2室1厅 | 50.19平米 | 南 北 | 简装 | 高楼层(共6层) | 1986年建 | 板楼,http://image1.ljcdn.com/110000-inspection/pc1_yDvxNd5OP_1.jpg.296x216.jpg
20201223,杨浦,黄兴公园,低楼层出入方便,小区环境好,交通便利,215万,1室1厅 | 40.92平米 | 南 | 精装 | 低楼层(共6层)  | 板楼,http://image1.ljcdn.com/110000-inspection/pc1_RrMiJu0Vn_1.jpg.296x216.jpg
20201223,杨浦,黄兴公园,此房满五，采光好，产权清晰，无抵押，无贷款。房主自荐,175万,1室1厅 | 35.41平米 | 南 | 毛坯 | 高楼层(共6层) | 1991年建 | 板楼,http://image1.ljcdn.com/110000-inspection/pc1_g0R46V17I_1.jpg.296x216.jpg
20201223,杨浦,黄兴公园,《出行方便+一楼带天井+使用面积大+看房方便》房主自荐,242万,1室1厅 | 32.74平米 | 南 | 简装 | 低楼层(共6层) | 1984年建 | 板楼,http://image1.ljcdn.com/310000-inspection/pc1_QF7BRoI9q_1.jpg.296x216.jpg
20201223,杨浦,黄兴公园,小户型，出租，自住便利，位置好，交通便利房主自荐,168万,1室0厅 | 33.49平米 | 南 | 简装 | 中楼层(共5层) | 1976年建 | 板楼,http://image1.ljcdn.com/110000-inspection/pc1_v9vc6Uf2V_1.jpg.296x216.jpg
20201223,杨浦,黄兴公园,精装修南北一室，全明户型带地暖,240万,2室1厅 | 34.75平米 | 南 | 精装 | 高楼层(共6层) | 1983年建 | 板楼,http://image1.ljcdn.com/110000-inspection/pc1_t8GW0u9Yz_1.jpg.296x216.jpg
20201223,杨浦,黄兴公园,中间楼层三楼，近地铁临公园，延吉示范性小区,180万,1室1厅 | 30.81平米 | 南 | 简装 | 中楼层(共6层) | 1986年建 | 板楼,http://image1.ljcdn.com/110000-inspection/pc1_SfkTT0plz_1.jpg.296x216.jpg
20201223,杨浦,黄兴公园,延吉四村精装修，近地铁一房诚意出售房主自荐,225万,1室1厅 | 35.79平米 | 南 | 简装 | 高楼层(共6层) | 1985年建 | 板楼,http://image1.ljcdn.com/110000-inspection/pc1_vJ9ToB3Gn.jpg.296x216.jpg
20201223,杨浦,黄兴公园,房子朝南，满五年，税费少，诚心卖，交通生活学习便利,185万,1室1厅 | 33.27平米 | 南 | 毛坯 | 高楼层(共6层) | 1990年建 | 板楼,http://image1.ljcdn.com/110000-inspection/pc1_oxm11pPcq.jpg.296x216.jpg
20201223,杨浦,黄兴公园,地铁口精装带阁楼两房，随时看房，价格可谈房主自荐,207万,2室1厅 | 34.7平米 | 南 | 简装 | 高楼层(共6层) | 1993年建 | 板楼,http://image1.ljcdn.com/110000-inspection/pc1_y9GxYvvb6.jpg.296x216.jpg
20201223,杨浦,黄兴公园,此房满五不唯一，户型一室户，整体通透，采光通风俱佳,327万,1室1厅 | 39.09平米 | 南 | 精装 | 高楼层(共6层) | 1987年建 | 板楼,http://image1.ljcdn.com/110000-inspection/pc1_SzOrHTFRp_1.jpg.296x216.jpg
20201223,杨浦,黄兴公园,控江四村 一室一厅 尖顶 随时看房 朝南 小区中庭,218万,1室1厅 | 43.26平米 | 南 | 简装 | 高楼层(共5层) | 1974年建 | 板楼,http://image1.ljcdn.com/110000-inspection/pc1_SEU4tn0xJ_1.jpg.296x216.jpg
20201223,杨浦,黄兴公园,售后公房 满五唯一 精装 两房两厅 距离地铁500米,630万,2室2厅 | 100.12平米 | 南 北 | 精装 | 高楼层(共25层) | 1996年建 | 塔楼,http://image1.ljcdn.com/110000-inspection/53e901eb-2ab4-4c42-b4a4-554588b1ffa5_1000.jpg.296x216.jpg
20201223,杨浦,黄兴公园,满五年，电梯房，采光无遮挡，延吉中路地铁站50米,286万,1室1厅 | 56.58平米 | 南 | 简装 | 低楼层(共14层) | 1987年建 | 塔楼,http://image1.ljcdn.com/310000-inspection/test-1f18e0a3-db80-46fe-90d3-87e251782907.jpg.296x216.jpg
20201223,杨浦,黄兴公园,满五年唯一，精装修，采光好，业主诚意出售,185万,1室1厅 | 30.32平米 | 南 | 精装 | 高楼层(共6层) | 1982年建 | 板楼,http://image1.ljcdn.com/310000-inspection/test-de1bae39-cc7c-4e58-beda-0336690d4369.png.296x216.jpg
20201223,杨浦,黄兴公园,2008年改建 控江四村 朝南一门关 楼层好 房东诚心出售,230万,1室1厅 | 41.2平米 | 南 | 简装 | 中楼层(共6层)  | 板楼,http://image1.ljcdn.com/310000-inspection/prod-e4794892-f9de-420e-b663-54ae959df791.jpg.296x216.jpg
20201223,杨浦,黄兴公园,松花一村，朝南一门关一室户，楼层佳，采光足房主自荐,248万,1室0厅 | 41.34平米 | 南 | 精装 | 中楼层(共6层) | 1985年建 | 板楼,http://image1.ljcdn.com/310000-inspection/pc1_6wmEMx033_1.jpg.296x216.jpg
20201223,杨浦,黄兴公园,控江二村107弄 朝南一门关 房东诚心出售,215万,1室1厅 | 36.14平米 | 南 | 简装 | 中楼层(共5层) | 1996年建 | 板楼,http://image1.ljcdn.com/310000-inspection/pc1_JkjP2xxmA_1.jpg.296x216.jpg
20201223,杨浦,黄兴公园,满五唯一，边套，房龄新，诚意出售，看房方便,147万,1室0厅 | 28.81平米 | 西北 西 | 简装 | 低楼层(共5层) | 1996年建 | 板楼,http://image1.ljcdn.com/310000-inspection/pc1_EXFN3WWH6_1.jpg.296x216.jpg
20201223,杨浦,黄兴公园,朝南一室一厅房满五税费少，采光好，停车方便,230万,1室1厅 | 38.41平米 | 南 | 简装 | 高楼层(共5层) | 1978年建 | 板楼,http://image1.ljcdn.com/110000-inspection/pc1_YgophrAFl_1.jpg.296x216.jpg
20201223,杨浦,黄兴公园,本房诚意出售，满五唯一，全明户型，朝南一门关房主自荐,185万,1室0厅 | 31.41平米 | 南 | 简装 | 高楼层(共6层) | 1980年建 | 板楼,http://image1.ljcdn.com/110000-inspection/pc1_OECOkiywp_1.jpg.296x216.jpg
20201223,杨浦,黄兴公园,西边套全明一房 满五唯一 楼层好 采光好 诚心出售,205万,1室0厅 | 32.1平米 | 南 | 简装 | 中楼层(共6层) | 1982年建 | 板楼,http://image1.ljcdn.com/110000-inspection/pc1_HuG1oSdPP_1.jpg.296x216.jpg
20201223,杨浦,黄兴公园,《 无增值税》《地铁300米》《配套成熟》房主自荐,305万,2室1厅 | 51.67平米 | 南 | 精装 | 低楼层(共6层) | 1993年建 | 板楼,http://image1.ljcdn.com/110000-inspection/pc1_Zp8y2FBNY_1.jpg.296x216.jpg
20201223,杨浦,黄兴公园,8号线    上理     无遮挡    满五唯一  税费少房主自荐,179万,1室0厅 | 33.97平米 | 南 | 简装 | 中楼层(共5层) | 1996年建 | 板楼,http://image1.ljcdn.com/110000-inspection/pc1_2xfq2ZjGw_1.jpg.296x216.jpg
20201223,杨浦,黄兴公园,有户口可迁出，无抵押，交易方便,210万,1室1厅 | 31.84平米 | 南 | 简装 | 中楼层(共6层) | 1979年建 | 板楼,http://image1.ljcdn.com/110000-inspection/pc1_IfFPjGETz.jpg.296x216.jpg
20201223,杨浦,黄兴公园,电梯房精装修+近地铁临公园+业主诚意出售+随时看房房主自荐,248万,1室0厅 | 43.92平米 | 南 | 精装 | 低楼层(共14层) | 1987年建 | 塔楼,http://image1.ljcdn.com/110000-inspection/pc1_dhUX4dlmW_1.jpg.296x216.jpg
20201223,杨浦,黄兴公园,精装修；楼层好；朝南，采光和通风都很好。,218万,1室1厅 | 39.76平米 | 南 | 精装 | 低楼层(共3层) | 1958年建 | 板楼,http://image1.ljcdn.com/110000-inspection/pc1_gTphe7Twb.jpg.296x216.jpg
20201223,杨浦,黄兴公园,87年原建 1梯4户 满五唯一 诚意出售,240万,1室1厅 | 46.78平米 | 南 | 简装 | 高楼层(共7层) | 1987年建 | 板楼,http://image1.ljcdn.com/110000-inspection/pc1_T4F6hscJf.jpg.296x216.jpg
20201223,杨浦,黄兴公园,满五不唯一  朝南一门关  一梯四户 业主诚意出售,226万,1室1厅 | 37.85平米 | 南 | 简装 | 高楼层(共6层) | 1991年建 | 板楼,http://image1.ljcdn.com/110000-inspection/pc1_AlkqMuFc8_1.jpg.296x216.jpg
20201223,杨浦,黄兴公园,《满五唯一》《精装修》《地铁隔壁》《生活配套成熟》房主自荐,225万,1室1厅 | 35.6平米 | 南 | 精装 | 低楼层(共6层) | 1985年建 | 板楼,http://image1.ljcdn.com/110000-inspection/pc1_dawIeOX53_1.jpg.296x216.jpg
20201223,杨浦,黄兴公园,属于中间楼层，上下楼比较方便；朝南带阳台。,210万,1室1厅 | 31.15平米 | 南 | 简装 | 中楼层(共6层) | 1985年建 | 板楼,http://image1.ljcdn.com/110000-inspection/d1a12e68-4852-474a-bf39-b448e20ad9f4_1000.jpg.296x216.jpg
20201223,杨浦,黄兴公园,小区中间位置，房东置换，诚意出售,185万,1室1厅 | 29.1平米 | 南 | 精装 | 高楼层(共6层) | 1983年建 | 板楼,http://image1.ljcdn.com/110000-inspection/2609b923-beca-4e6e-8c32-bbd25d9b70e5_1000.jpg.296x216.jpg
20201223,杨浦,黄兴公园,《西边套全明》《满五年唯一税费少》《边套全明》,230万,1室0厅 | 35平米 | 南 西南 | 简装 | 低楼层(共6层) | 1993年建 | 板楼,http://image1.ljcdn.com/110000-inspection/pc1_4QRmA1z3f_1.jpg.296x216.jpg
20201223,杨浦,黄兴公园,兰花新村一房， ，交通方便，生活便利,179万,1室1厅 | 29.06平米 | 南 | 简装 | 高楼层(共6层) | 1983年建 | 板楼,http://image1.ljcdn.com/110000-inspection/pc1_LISULxYTi_1.jpg.296x216.jpg
20201223,杨浦,黄兴公园,8号线  松花新村幼儿园 满五 诚心出售房主自荐,190万,1室0厅 | 38平米 | 南 | 简装 | 高楼层(共5层) | 1996年建 | 板楼,http://image1.ljcdn.com/110000-inspection/pc1_gSz1sAGly_1.jpg.296x216.jpg
20201223,杨浦,黄兴公园,【底价出售，低总价，一门关，近地铁，看房方便】,275万,1室0厅 | 31.24平米 | 东 | 精装 | 中楼层(共5层) | 1981年建 | 板楼,http://image1.ljcdn.com/110000-inspection/pc1_4ZvewdU6p_1.jpg.296x216.jpg
20201223,杨浦,黄兴公园,低楼层南北通商圈成熟小区环境好,205万,1室1厅 | 35.76平米 | 南 | 其他 | 低楼层(共6层) | 1980年建 | 板楼,http://image1.ljcdn.com/110000-inspection/pc1_Hf7c6ij4C_1.jpg.296x216.jpg
20201223,杨浦,黄兴公园,长白三村 水丰路老牌 层高3.3有阁楼 小区位置佳房主自荐,235万,1室1厅 | 39.51平米 | 南 | 简装 | 中楼层(共5层) | 2010年建 | 板楼,http://image1.ljcdn.com/110000-inspection/pc1_h5yj3QAH4_1.jpg.296x216.jpg
20201223,杨浦,黄兴公园,电梯房，正对小区花园，延吉中路地铁口20米,235万,1室1厅 | 43.76平米 | 南 | 简装 | 低楼层(共12层) | 1987年建 | 塔楼,http://image1.ljcdn.com/110000-inspection/pc1_Ga8KGd3uf_1.jpg.296x216.jpg
20201223,杨浦,黄兴公园,一门关+总价低+楼层好+名客页未用+上学方便房主自荐,250万,1室0厅 | 28.17平米 | 西北 | 简装 | 中楼层(共5层)  | 板楼,http://image1.ljcdn.com/110000-inspection/pc1_ysHHcziOc_1.jpg.296x216.jpg
20201223,杨浦,黄兴公园,此房满五唯一，低楼层，适合老人居住。,175万,1室0厅 | 33.26平米 | 南 | 精装 | 低楼层(共4层) | 1957年建 | 板楼,http://image1.ljcdn.com/110000-inspection/pc1_inUxUzilE_1.jpg.296x216.jpg
20201223,杨浦,黄兴公园,满五不唯一  业主诚意出售  一门关  交通便利,155万,1室0厅 | 28.33平米 | 北 | 简装 | 中楼层(共5层) | 1990年建 | 板楼,http://image1.ljcdn.com/110000-inspection/pc1_KwfFviAGl_1.jpg.296x216.jpg
20201223,杨浦,黄兴公园,精装修中间楼层+小区环境好+地铁口小区+业主诚心出售,225万,1室1厅 | 35.6平米 | 南 | 精装 | 中楼层(共6层) | 1986年建 | 板楼,http://image1.ljcdn.com/110000-inspection/pc1_tKkbzU9XN_1.jpg.296x216.jpg
20201223,杨浦,黄兴公园,控江四村 1室1厅 南,230万,1室1厅 | 39.4平米 | 南 | 精装 | 高楼层(共6层)  | 板楼,http://image1.ljcdn.com/110000-inspection/pc1_s8mUuuvjH_1.jpg.296x216.jpg
20201223,杨浦,黄兴公园,《全新装修》《满五唯一税费少》《格局正气附加多》,238万,1室1厅 | 39.36平米 | 南 | 精装 | 高楼层(共6层) | 1993年建 | 板楼,http://image1.ljcdn.com/110000-inspection/pc1_gv0rgQr4Y_1.jpg.296x216.jpg
20201223,杨浦,黄兴公园,长白三村，总价较低，楼层适中。,180万,1室1厅 | 29.79平米 | 南 | 简装 | 中楼层(共6层) | 1979年建 | 板楼,http://image1.ljcdn.com/110000-inspection/pc1_pBH0G6Dnp_1.jpg.296x216.jpg
20201223,杨浦,黄兴公园,8号线黄兴公园，南北两房 采光好 视野好，业主急换房房主自荐,310万,2室1厅 | 63.71平米 | 南 | 简装 | 高楼层(共7层) | 1994年建 | 板楼,http://image1.ljcdn.com/310000-inspection/prod-f9a413d2-acbe-4fbf-bbeb-6fbef32e60ba.jpg.296x216.jpg
20201223,杨浦,黄兴公园,满五年， 精装修，中楼层，适合老年人群，交通便利房主自荐,330万,2室0厅 | 47.2平米 | 南 | 简装 | 中楼层(共6层) | 1982年建 | 板楼,http://image1.ljcdn.com/310000-inspection/pc1_gLmiOXndL_1.jpg.296x216.jpg
20201223,杨浦,黄兴公园,精装修一房，水丰路。近地铁，采光好，通风好房主自荐,195万,1室0厅 | 34平米 | 南 | 精装 | 高楼层(共5层) | 1990年建 | 板楼,http://image1.ljcdn.com/110000-inspection/pc1_azB4KLG7Y_1.jpg.296x216.jpg
20201223,杨浦,黄兴公园,此房源2021年满五年，产权清晰，无纠纷，到价签字,195万,1室1厅 | 37平米 | 南 | 简装 | 高楼层(共7层) | 1987年建 | 板楼,http://image1.ljcdn.com/110000-inspection/pc1_0FbfQisqE_1.jpg.296x216.jpg
20201223,杨浦,黄兴公园,《朝南一室户》《精装修》《三楼》《五角场商圈》房主自荐,180万,1室0厅 | 30.88平米 | 西南 | 精装 | 中楼层(共6层) | 1986年建 | 板楼,http://image1.ljcdn.com/110000-inspection/pc1_qFrKrShkx_1.jpg.296x216.jpg
20201223,杨浦,黄兴公园,卖点： 8号线  满五 诚心出售 原建 精装修房主自荐,190万,1室0厅 | 38.07平米 | 南 | 简装 | 高楼层(共5层) | 1990年建 | 板楼,http://image1.ljcdn.com/110000-inspection/pc1_g65sO5Q6I_1.jpg.296x216.jpg
20201223,杨浦,黄兴公园,黄兴公园板块    近地铁  业主诚售两房,900万,2室2厅 | 102.93平米 | 南 北 | 简装 | 低楼层(共18层) | 2004年建 | 板楼,http://image1.ljcdn.com/110000-inspection/pc1_lyN7RnWjt_1.jpg.296x216.jpg
20201223,杨浦,黄兴公园,房型正气+1998年房龄+唯一,465万,2室1厅 | 82.79平米 | 南 | 精装 | 高楼层(共7层) | 1998年建 | 板楼,http://image1.ljcdn.com/310000-inspection/prod-e123ce34-c3d2-4847-a60a-fda64327c194.jpg.296x216.jpg
20201223,杨浦,黄兴公园,小户型，总价低，8号线延吉中路站,180万,1室1厅 | 28.47平米 | 南 | 简装 | 高楼层(共5层) | 1979年建 | 板楼,http://image1.ljcdn.com/110000-inspection/pc1_wRHhwSouP_1.jpg.296x216.jpg
20201223,杨浦,黄兴公园,长白三村，精装修，好楼层，8号线地铁，大阳台房主自荐,185万,1室1厅 | 37.21平米 | 北 | 精装 | 中楼层(共5层) | 1958年建 | 板楼,http://image1.ljcdn.com/110000-inspection/pc1_136e687nd_1.jpg.296x216.jpg
20201223,杨浦,黄兴公园,满五年唯一  产权清晰 无抵押 边套全明 采光好视野好房主自荐,285万,2室1厅 | 50.87平米 | 南 北 | 简装 | 高楼层(共5层)  | 板楼,http://image1.ljcdn.com/110000-inspection/pc1_vPLiAQJy4_1.jpg.296x216.jpg
20201223,杨浦,黄兴公园,小户型，低总价，朝北一门关，距离上理近,148万,1室0厅 | 28.36平米 | 北 | 简装 | 低楼层(共5层) | 1958年建 | 板楼,http://image1.ljcdn.com/310000-inspection/pc1_gRxYm56rv_1.jpg.296x216.jpg
20201223,杨浦,黄兴公园,黄兴公园边上，电梯房，延吉中路8号线地铁,580万,2室2厅 | 107.74平米 | 南 东南 | 精装 | 中楼层(共24层) | 1997年建 | 塔楼,http://image1.ljcdn.com/110000-inspection/pc1_FBqsqwYQh_1.jpg.296x216.jpg
20201223,杨浦,黄兴公园,控二，南北两房，全明户型，交通生活便利，配套齐全房主自荐,430万,2室1厅 | 57.67平米 | 南 北 | 简装 | 高楼层(共6层) | 1987年建 | 板楼,http://image1.ljcdn.com/110000-inspection/pc1_H70RdvdV7_1.jpg.296x216.jpg
20201223,杨浦,黄兴公园,长白三村 1室0厅 北,178万,1室0厅 | 28.62平米 | 北 | 精装 | 低楼层(共4层) | 1993年建 | 板楼,http://image1.ljcdn.com/110000-inspection/pc1_uC9F4qQJm_1.jpg.296x216.jpg
20201223,杨浦,黄兴公园,《总价低 单价低》《诚意卖满两年》诚意出售,326万,2室1厅 | 64.26平米 | 东 | 简装 | 低楼层(共19层) | 1991年建 | 塔楼,http://image1.ljcdn.com/110000-inspection/pc1_VnGSGRuWq_1.jpg.296x216.jpg
20201223,杨浦,黄兴公园,电梯房，业主诚意出售，楼层好，看房方便房主自荐,620万,2室1厅 | 110.08平米 | 南 | 精装 | 高楼层(共20层) | 1997年建 | 塔楼,http://image1.ljcdn.com/110000-inspection/pc1_L27nSjx7H.jpg.296x216.jpg
20201223,杨浦,黄兴公园,地铁八号线，双南三房，已满五年，复旦xue区房主自荐,645万,3室2厅 | 99.6平米 | 南 | 精装 | 高楼层(共6层) | 1996年建 | 板楼,http://image1.ljcdn.com/110000-inspection/da126da3-32ab-4928-80ec-66501a67a071_1000.jpg.296x216.jpg
20201223,杨浦,黄兴公园,长白二村 1室1厅 北,198万,1室1厅 | 29.62平米 | 北 | 精装 | 中楼层(共5层) | 1957年建 | 板楼,http://image1.ljcdn.com/110000-inspection/pc1_SblGjjUNY_1.jpg.296x216.jpg
20201223,杨浦,黄兴公园,松益公寓 2室1厅 南 西南,548万,2室1厅 | 86.92平米 | 南 西南 | 精装 | 中楼层(共24层) | 1995年建 | 塔楼,http://image1.ljcdn.com/110000-inspection/pc1_01LeYKMom_1.jpg.296x216.jpg
20201223,杨浦,黄兴公园,满五唯一，中间楼层，边套全明，小区已做好美丽家园。房主自荐,248万,1室1厅 | 38.64平米 | 南 | 简装 | 中楼层(共5层) | 1978年建 | 板楼,http://image1.ljcdn.com/110000-inspection/pc1_FlGpWXsAK.jpg.296x216.jpg
20201223,杨浦,黄兴公园,南北两房，边套全明，业主诚意出售看房方便,495万,2室1厅 | 85.37平米 | 南 | 精装 | 低楼层(共19层) | 1991年建 | 塔楼,http://image1.ljcdn.com/110000-inspection/pc1_0kg3ptU6r_1.jpg.296x216.jpg
20201223,杨浦,黄兴公园,诚意出售  满五唯一  看房方便  近地铁  产权清晰,255万,2室0厅 | 42.25平米 | 南 | 精装 | 中楼层(共7层) | 1994年建 | 板楼,http://image1.ljcdn.com/110000-inspection/pc1_Eyi9Ahmqo_1.jpg.296x216.jpg
20201223,杨浦,黄兴公园,店长主推 精装修  满五 拎包入住 方便看房,480万,2室1厅 | 64.1平米 | 南 北 | 精装 | 高楼层(共6层) | 1995年建 | 板楼,http://image1.ljcdn.com/310000-inspection/pc1_W6ZMJ0Nvz.jpg.296x216.jpg
20201223,杨浦,黄兴公园,正南朝向 ，低楼层，近地铁，窗外小花园,223万,1室1厅 | 35平米 | 南 | 简装 | 低楼层(共6层) | 1993年建 | 板楼,http://image1.ljcdn.com/110000-inspection/pc1_oh4uZjHta_1.jpg.296x216.jpg
20201223,杨浦,黄兴公园,控江四村 朝南一门关，房型正气，精装修。,315万,2室1厅 | 56.71平米 | 南 | 其他 | 高楼层(共6层) | 1985年建 | 板楼,http://image1.ljcdn.com/shfdfs-image/20170917/21aae8ea-ac0c-45de-ac85-3296a2083fa2.jpg.296x216.jpg
20201223,杨浦,黄兴公园,《一梯三户》+《精装修》+《杨浦公园》房主自荐,198万,1室1厅 | 35.6平米 | 南 | 简装 | 高楼层(共6层) | 1986年建 | 板楼,http://image1.ljcdn.com/shfdfs-image/20170925/23c79a1f-9352-4ee7-86d7-c2deb1439e66.jpg.296x216.jpg
20201223,杨浦,黄兴公园,绿化高，中高层，业主诚意卖，面对黄兴公园，8号线,620万,2室2厅 | 91.28平米 | 南 | 其他 | 中楼层(共24层) | 1995年建 | 塔楼,http://image1.ljcdn.com/shfdfs-image/20161127/c0eb3f4a-620e-4d5f-83e0-afaaa5064785.jpg.296x216.jpg
20201223,杨浦,黄兴公园,双花公寓，总价低的电梯房，诚意出售,358万,2室1厅 | 67.2平米 | 南 | 简装 | 低楼层(共19层) | 1991年建 | 塔楼,http://image1.ljcdn.com/shfdfs-image/20170517/c01cc242-3281-4289-9d49-b39c5536129b.jpg.296x216.jpg
20201223,杨浦,黄兴公园,楼层好，采光好，通透格局，配套设施齐全，小区环境好新上,185万,1室0厅 | 34.79平米 | 东 | 简装 | 中楼层(共5层) | 2000年建 | 板楼,http://image1.ljcdn.com/110000-inspection/206bc213067321e72e77f852dd7c9aba-026.jpg.296x216.jpg
20201223,杨浦,黄兴公园,南北户型，中等楼层采光好，精装修，环境安静房主自荐,270万,2室0厅 | 51.37平米 | 南 北 | 精装 | 中楼层(共5层) | 1957年建 | 板楼,http://image1.ljcdn.com/110000-inspection/ff5eee8276db1c298740f81178962f2b-067.jpg.296x216.jpg
20201223,杨浦,黄兴公园,满五唯一税费少，产权清晰，总价低适合低预算人群。,145万,1室0厅 | 26.55平米 | 北 | 简装 | 中楼层(共5层) | 1957年建 | 板楼,http://image1.ljcdn.com/110000-inspection/55410fc9033764e1f449d9d26e04fe1b-082.jpg.296x216.jpg
20201223,杨浦,黄兴公园,低总价双南两房 售后公房 户型正气 采光好房主自荐,205万,2室1厅 | 44.72平米 | 南 | 简装 | 中楼层(共5层) | 1968年建 | 板楼,http://image1.ljcdn.com/110000-inspection/13ff787adc2e08fb76771990ad221896-092.jpg.296x216.jpg
20201223,杨浦,黄兴公园,控江五村 1室1厅 南,204万,1室1厅 | 35.05平米 | 南 | 其他 | 中楼层(共5层) | 2007年建 | 板楼,http://image1.ljcdn.com/shfdfs-image/20151217/b5eb7d7d-e0eb-4d13-ac51-e065163d16ca.jpg.296x216.jpg
20201223,杨浦,黄兴公园,五楼景观房,阳光清风随时造访生活，开窗就是阳光直照,205万,1室1厅 | 34.82平米 | 南 | 精装 | 高楼层(共6层) | 1968年建 | 板楼,http://image1.ljcdn.com/310000-inspection/31982970-f9bb-4457-be21-794ff427b216.jpg.296x216.jpg
20201223,杨浦,黄兴公园,长白三村 1室1厅 南 北新上,190万,1室1厅 | 28.46平米 | 南 北 | 简装 | 低楼层(共4层) | 1992年建 | 板楼,http://image1.ljcdn.com/110000-inspection/52ef0b1898a5e08baefb2c97bc4d83f0-069.jpg.296x216.jpg
20201223,杨浦,黄兴公园,全明户型 一梯三户 满五唯一 精装修,425万,2室1厅 | 63.39平米 | 南 | 简装 | 高楼层(共7层) | 1996年建 | 板楼,http://image1.ljcdn.com/x-se/hdic-frame/f70b872e-e26b-45e3-b8da-ff9fd2cebb00.png.296x216.jpg
20201223,杨浦,黄兴公园,总价低+朝北一门关+四楼无遮挡房主自荐,135万,1室0厅 | 25.68平米 | 北 | 简装 | 高楼层(共4层) | 1956年建 | 板楼,http://image1.ljcdn.com/310000-inspection/d5721ac5-8c34-489a-bb1f-e2643e19a3a0.png.296x216.jpg
20201223,杨浦,黄兴公园,长白二村 1室0厅 南,200万,1室0厅 | 35.38平米 | 南 | 简装 | 中楼层(共5层) | 2009年建 | 板楼,http://image1.ljcdn.com/110000-inspection/2e0b068d726258953d24fbb8c2559da3-094.jpg.296x216.jpg
20201223,杨浦,黄兴公园,东方蓝海国际广场 2室1厅 北,380万,2室1厅 | 83.41平米 | 北 | 精装 | 中楼层(共24层) | 2013年建 | 塔楼,
20201223,杨浦,黄兴公园,公园旁联排别墅，前后花园可停三部车，五年出一套。房主自荐,2300万,5室3厅 | 244.98平米 | 南 北 | 精装 | 3层 | 2002年建 | 板楼 | 联排别墅,http://image1.ljcdn.com/310000-inspection/f696c8d8-bbb0-49e6-8e91-da75af3cffc4.jpg.296x216.jpg
20201223,杨浦,黄兴公园,少见电梯房 中高区  黄兴公园旁  双南两房  诚意出售,620万,2室2厅 | 97平米 | 南 | 精装 | 高楼层(共24层) | 1997年建 | 塔楼,http://image1.ljcdn.com/310000-inspection/rsp_pic_upload69c4ef04-ce15-47c1-8fd9-64d0416f04b0.jpg.296x216.jpg
20201223,杨浦,黄兴公园,次新小区 一梯四户 小区环境好 总价低,205万,1室1厅 | 33.85平米 | 南 | 简装 | 高楼层(共6层) | 1985年建 | 板楼,http://image1.ljcdn.com/310000-inspection/rsp_pic_upload313957d3-3c30-4fdd-ad37-5b43edcfd9e1.jpg.296x216.jpg
20201223,杨浦,黄兴公园,一梯三户，原建房，可接受置换客户,282万,2室1厅 | 49.58平米 | 南 | 简装 | 高楼层(共6层) | 1984年建 | 板楼,http://image1.ljcdn.com/310000-inspection/ecbb266d-801c-4cf6-9f8f-dd908c764d6b.jpg.296x216.jpg
20201223,杨浦,黄兴公园,婚房精装修 格局合理 看房提前约,320万,3室1厅 | 50.8平米 | 南 | 精装 | 中楼层(共5层) | 1968年建 | 板楼,http://image1.ljcdn.com/110000-inspection/b779149ce22429d1cc86a219f35d5d1d-062.jpg.296x216.jpg
20201223,杨浦,黄兴公园,九州花苑 4室1厅 南,850万,4室1厅 | 153.66平米 | 南 | 精装 | 高楼层(共6层) | 1995年建 | 板楼,http://image1.ljcdn.com/310000-inspection/99a830d9-0ef9-4682-88cc-c9a59021c6ba.jpg.296x216.jpg
20201223,杨浦,黄兴公园,此房满五唯一，分门带天井，临街可做商铺,190万,1室0厅 | 32.37平米 | 南 | 简装 | 低楼层(共5层) | 1996年建 | 板楼,http://image1.ljcdn.com/110000-inspection/4ee5f58217cd05e13d2a875308e9f7c2-008.jpg.296x216.jpg
20201223,杨浦,黄兴公园,朝北，户型正气，均价低，诚意出售房主自荐,145万,1室1厅 | 27.62平米 | 北 | 精装 | 低楼层(共4层) | 1957年建 | 板楼,http://image1.ljcdn.com/110000-inspection/2aeecb3eb655814466ca1c7b83c722a9-079.jpg.296x216.jpg
20201223,杨浦,黄兴公园,满五唯一 、朝南、西边套全明、诚意出售房主自荐,166万,1室1厅 | 33.1平米 | 南 | 简装 | 中楼层(共5层) | 1996年建 | 板楼,http://image1.ljcdn.com/110000-inspection/fd2044ab3d5cd966071663c521c2abed-009.jpg.296x216.jpg
20201223,杨浦,黄兴公园,低楼层，出行方便，8号线地铁站,162万,1室0厅 | 30.39平米 | 南 | 毛坯 | 低楼层(共4层) | 1993年建 | 板楼,http://image1.ljcdn.com/110000-inspection/5846cfa82c5fcf3eb6f85e687f1bdd82-003.jpg.296x216.jpg
20201223,杨浦,黄兴公园,婚房装修，带20平大天井，天井已做阳光房 ，满五唯一新上,380万,2室1厅 | 54.81平米 | 北 南 | 精装 | 低楼层(共6层) | 1998年建 | 板楼,http://image1.ljcdn.com/110000-inspection/pc1_30p3WzwVC_1.jpg.296x216.jpg
20201223,杨浦,黄兴公园,浣纱四村      边套全明三房     满五唯一新上,700万,3室1厅 | 99.91平米 | 南 | 精装 | 高楼层(共6层) | 1996年建 | 板楼,
20201223,杨浦,黄兴公园,电梯房，精装修，房东诚心出售，两房两厅,685万,2室2厅 | 138.85平米 | 南 | 其他 | 中楼层(共20层) | 2000年建 | 塔楼,http://image1.ljcdn.com/shfdfs-image/20170218/7814b673-9cb1-4a0c-b1e4-0dcb8c323131.jpg.296x216.jpg
20201223,杨浦,黄兴公园,满五唯一，中间楼层，可打通改为一门关。房主自荐,170万,1室0厅 | 36.06平米 | 北 | 简装 | 中楼层(共5层) | 1999年建 | 板楼,http://image1.ljcdn.com/110000-inspection/83cb217526100135f452110d96fad30e-087.jpg.296x216.jpg
20201223,杨浦,黄兴公园,层高3.4米  视野宽阔  采光充足 产权清晰 随时看房,180万,1室0厅 | 32.5平米 | 南 | 简装 | 中楼层(共5层) | 1997年建 | 板楼,http://image1.ljcdn.com/110000-inspection/e71987989c92f7e0bf077dd414628f89-024.jpg.296x216.jpg
20201223,杨浦,黄兴公园,近地铁八号线，带天井小房型一房，小户型,179万,1室1厅 | 33平米 | 南 | 简装 | 低楼层(共5层) | 1958年建 | 板楼,http://image1.ljcdn.com/110000-inspection/a2af11dcb356fadc28a14c786bc6712a-042.jpg.296x216.jpg
20201223,杨浦,黄兴公园,真房源，正气户型，南北通风，视野开阔，采光良好,172万,1室1厅 | 37.3平米 | 南 | 简装 | 中楼层(共5层) | 1968年建 | 板楼,http://image1.ljcdn.com/shfdfs-image/20151001/bc872c7d-6ee1-48cf-aa8e-264a1d142b79.jpg.296x216.jpg
20201223,杨浦,黄兴公园,控江四村 1室0厅 北,142万,1室0厅 | 26.3平米 | 北 | 简装 | 中楼层(共4层) | 1987年建 | 板楼,http://image1.ljcdn.com/110000-inspection/f75da8780373be4a359932b6bb8f3bd8-089.jpg.296x216.jpg
20201223,杨浦,黄兴公园,《精装修》《顶楼带阁楼》《近地铁》《采光通风好》新上,360万,2室1厅 | 50.08平米 | 南 北 | 精装 | 高楼层(共6层) | 1985年建 | 板楼,
20201223,杨浦,黄兴公园,满五年唯一，没有个税，低楼层，朝南一房房主自荐,160万,1室1厅 | 31平米 | 南 | 简装 | 中楼层(共4层) | 1957年建 | 板楼,http://image1.ljcdn.com/310000-inspection/45521697-3bb4-4978-b1fd-422062bc6550.JPG.296x216.jpg
20201223,杨浦,黄兴公园,低楼层，居家装修，诚意出售，看房方便房主自荐,208万,2室0厅 | 45平米 | 南 | 简装 | 低楼层(共5层) | 1968年建 | 板楼,http://image1.ljcdn.com/110000-inspection/fdbd761eb5741d70bd38d14b4fece5f5-082.jpg.296x216.jpg
20201223,杨浦,黄兴公园,精装修   税费少   低楼层   宜居,180万,1室1厅 | 36.78平米 | 南 | 精装 | 低楼层(共3层) | 1958年建 | 板楼,http://image1.ljcdn.com/110000-inspection/75497c7552dea2fcf201e4b0f752b8fe-034.jpg.296x216.jpg
20201223,杨浦,黄兴公园,8号线 上理 精装修 拎包入住 低楼层房主自荐,195万,1室1厅 | 35平米 | 南 | 精装 | 中楼层(共5层) | 2009年建 | 板楼,http://image1.ljcdn.com/110000-inspection/b57936e7a22aa8acf51be2703cc933d4-022.jpg.296x216.jpg
20201223,杨浦,黄兴公园,小区中间，楼层好，名客页未用，双南户型，上学方便,330万,1室1厅 | 43.42平米 | 南 | 简装 | 中楼层(共5层) | 1966年建 | 板楼,http://image1.ljcdn.com/110000-inspection/9d83893b3458018f40bcbca501896a93-024.jpg.296x216.jpg
20201223,杨浦,黄兴公园,【底价出售，低总价，一门关，近地铁，看房方便】,265万,1室1厅 | 33.86平米 | 南 | 简装 | 中楼层(共5层) | 1966年建 | 板楼,http://image1.ljcdn.com/110000-inspection/eff33600ad8c40fe4b34e55aeed2c0e7-026.jpg.296x216.jpg
20201223,杨浦,黄兴公园,售后公房 满五年 使用面积大 看房随时,240万,2室1厅 | 48.9平米 | 东 | 简装 | 中楼层(共5层) | 1987年建 | 板楼,http://image1.ljcdn.com/110000-inspection/919897eb04c914e0202adf4b26b23328-071.jpg.296x216.jpg
20201223,杨浦,黄兴公园,小户型，总价低，上学方便，配套成熟房主自荐,266万,1室1厅 | 33.7平米 | 南 | 简装 | 高楼层(共5层) | 1966年建 | 板楼,http://image1.ljcdn.com/310000-inspection/c7ae0bda-2751-4580-973e-35365b3633fd.JPG.296x216.jpg
20201223,杨浦,黄兴公园,业主诚心出售，随时可看，一楼朝南。,155万,1室1厅 | 30.86平米 | 南 | 精装 | 低楼层(共4层) | 1987年建 | 板楼,http://image1.ljcdn.com/110000-inspection/18c4e6eb4f6c8efe64526940f35b1a74-089.jpg.296x216.jpg
20201223,杨浦,黄兴公园,厨卫使用面积大+层高3.2+满五唯一,170万,1室0厅 | 30.95平米 | 南 | 简装 | 中楼层(共4层) | 1957年建 | 板楼,http://image1.ljcdn.com/110000-inspection/6a1915b376e4bd7d987e7f190eb202aa-099.jpg.296x216.jpg
20201223,杨浦,黄兴公园,控江五村 延吉中路 地铁8号线 五角场 黄兴公园,160万,1室0厅 | 31.5平米 | 南 | 简装 | 中楼层(共4层) | 1957年建 | 板楼,
20201223,杨浦,黄兴公园,满五唯一采光充足交通便利居家舒适,130万,1室0厅 | 26.32平米 | 北 | 简装 | 中楼层(共4层) | 1957年建 | 板楼,http://image1.ljcdn.com/110000-inspection/07536325c0fa0afa0f1ae67850e57149-022.jpg.296x216.jpg
20201223,杨浦,黄兴公园,斜分门，当毛坯房出售，房东诚意出房主自荐,140万,1室0厅 | 30.17平米 | 南 | 简装 | 低楼层(共5层) | 1993年建 | 板楼,
20201223,杨浦,黄兴公园,小户型，总价低，8号线延吉中路站房主自荐,140万,1室0厅 | 30.23平米 | 南 | 精装 | 低楼层(共5层) | 1992年建 | 板楼,http://image1.ljcdn.com/310000-inspection/f6b31b02-baa1-4c47-a3aa-fe2db2310531.jpg.296x216.jpg
20201223,杨浦,黄兴公园,朝东分们，精装修，看房都方便的房主自荐,138万,1室1厅 | 30.3平米 | 东 | 简装 | 中楼层(共5层) | 1990年建 | 板楼,http://image1.ljcdn.com/310000-inspection/ee94969c-40c2-43f1-bc94-eabc247ae37b.jpg.296x216.jpg
20201223,杨浦,黄兴公园,控江西三村 3室1厅 南,237.5万,3室1厅 | 39.49平米 | 南 | 简装 | 高楼层(共5层) | 2004年建 | 板楼,http://image1.ljcdn.com/310000-inspection/916f72bd-a9eb-4570-8378-9145b68d4be4.JPG.296x216.jpg
20201223,杨浦,黄兴公园,杨浦近地铁，小区环境好，生源少，满五唯一，楼层好,188万,1室0厅 | 32.5平米 | 南 | 精装 | 中楼层(共5层) | 1997年建 | 板楼,http://image1.ljcdn.com/110000-inspection/a5605e35ce2dcb2d153b6bfd262476ba-047.jpg.296x216.jpg
20201223,杨浦,黄兴公园,配套成熟 交通便利 房东诚心出售 看房方便,169万,1室0厅 | 32.11平米 | 南 | 毛坯 | 低楼层(共5层) | 1956年建 | 板楼,http://image1.ljcdn.com/110000-inspection/1736da94e5ecc054ee862ad2c9a43768-061.jpg.296x216.jpg
20201223,杨浦,黄兴公园,长白三村卧室朝南厨卫朝北诚意出售,145万,1室0厅 | 30.2平米 | 南 | 毛坯 | 低楼层(共4层) | 1990年建 | 板楼,http://image1.ljcdn.com/110000-inspection/f2fcac0e03c8b08eebda2b649d772249-078.jpg.296x216.jpg
20201223,杨浦,黄兴公园,小户型，总价低，中间楼层楼层好，随时可用,273万,1室1厅 | 33.7平米 | 南 | 毛坯 | 中楼层(共5层) | 1966年建 | 板楼,http://image1.ljcdn.com/110000-inspection/7e6b719095a3ac6d829e7d0b38fe607b-036.jpg.296x216.jpg
20201223,杨浦,黄兴公园,满五唯一 低总价 诚意出售 看房随时,135万,1室0厅 | 31.82平米 | 东 | 简装 | 低楼层(共5层) | 1987年建 | 板楼,http://image1.ljcdn.com/110000-inspection/037d1d19507eb1f67a004ee3c0958e1f-097.jpg.296x216.jpg
20201223,杨浦,黄兴公园,精装修，不靠马路，业主诚意出售房主自荐,190万,1室0厅 | 30.94平米 | 南 | 精装 | 高楼层(共4层) | 1993年建 | 板楼,http://image1.ljcdn.com/110000-inspection/379ebba8385ce885e0b6c4c12b90a416-002.jpg.296x216.jpg
20201223,杨浦,黄兴公园,楼层好，交通便利，生活配套成熟,155万,1室0厅 | 30.87平米 | 南 | 简装 | 中楼层(共5层) | 1992年建 | 板楼,http://image1.ljcdn.com/110000-inspection/d9b329e629eff52aed1679394de812b0-059.jpg.296x216.jpg
20201223,杨浦,黄兴公园,东方蓝海国际广场 1室1厅 南,310万,1室1厅 | 63.43平米 | 南 | 精装 | 低楼层(共24层) | 2013年建 | 塔楼,
20201223,杨浦,黄兴公园,东方蓝海+黄兴公园+大润发+五角场,210万,1室1厅 | 50平米 | 北 | 精装 | 低楼层(共24层) | 2013年建 | 塔楼,
20201223,杨浦,黄兴公园,延吉四村 2室1厅 南 北新上,330万,2室1厅 | 47.93平米 | 南 北 | 简装 | 中楼层(共6层) | 1985年建 | 板楼,http://image1.ljcdn.com/x-se/hdic-frame/d62c43da-d7f4-4b69-9ad9-7770c1001e42.jpeg.296x216.jpg
20201223,杨浦,黄兴公园,长白新城 2室1厅 南新上,641万,2室1厅 | 71.26平米 | 南 | 简装 | 高楼层(共16层) | 2012年建 | 板楼,http://image1.ljcdn.com/x-se/hdic-frame/25815ba9-1ab7-446a-a649-9aa29de59d97.png.296x216.jpg
20201223,杨浦,黄兴公园,品质小区，双南一北，小区中间前后无遮挡新上,1000万,3室2厅 | 127.66平米 | 南 | 精装 | 低楼层(共6层) | 2003年建 | 板楼,
20201223,杨浦,黄兴公园,控江五村 1室0厅 南新上,182万,1室0厅 | 34平米 | 南 | 简装 | 低楼层(共4层) | 1957年建 | 板楼,
20201223,杨浦,黄兴公园,东方蓝海国际广场 1室2厅 南,392万,1室2厅 | 81.14平米 | 南 | 精装 | 高楼层(共24层) | 2013年建 | 塔楼,http://image1.ljcdn.com/x-se/hdic-frame/134bff61-b315-45f4-99bc-d3b1fbc6d720.png.296x216.jpg
20201223,杨浦,黄兴公园,东方蓝海国际广场 2室1厅 西 北,390万,2室1厅 | 82.88平米 | 西 北 | 精装 | 低楼层(共24层) | 2013年建 | 塔楼,
20201223,杨浦,黄兴公园,东方蓝海国际广场 2室1厅 东,410万,2室1厅 | 85.44平米 | 东 | 精装 | 中楼层(共24层) | 2013年建 | 塔楼,http://image1.ljcdn.com/x-se/hdic-frame/0ec0db3d-0620-4487-81d1-90a1ddb8764a.png.296x216.jpg
20201223,杨浦,黄兴公园,黄兴公园地铁口双南三居室诚意出售,570万,3室1厅 | 76.13平米 | 南 | 简装 | 低楼层(共6层) | 1997年建 | 板楼,
20201223,杨浦,黄兴公园,东方蓝海国际广场 2室1厅 北,405万,2室1厅 | 82.88平米 | 北 | 精装 | 中楼层(共24层) | 2013年建 | 塔楼,
20201223,杨浦,黄兴公园,旺铺出售，地铁口，人流大，营业中,650万,4室1厅 | 115平米 | 南 | 简装 | 低楼层(共2层) | 2005年建 | 暂无数据,
20201223,杨浦,黄兴公园,望春都市家园 3室2厅 南,999万,3室2厅 | 133.69平米 | 南 | 精装 | 高楼层(共9层) | 1999年建 | 板楼,http://image1.ljcdn.com/110000-inspection/0c810345-68f5-424e-9ca5-e77ed726c901_1000.jpg.296x216.jpg
20201223,杨浦,黄兴公园,华美达公寓 1室0厅 南,120万,1室0厅 | 36.54平米 | 南 | 精装 | 低楼层(共21层) | 2008年建 | 塔楼,
20201223,杨浦,黄兴公园,此房不xian购，精装修，通燃气，带有阳台，朝南,350万,1室1厅 | 61.25平米 | 南 | 精装 | 高楼层(共24层) | 2013年建 | 塔楼,
20201223,杨浦,黄兴公园,东方蓝海国际广场 1室1厅 南,325万,1室1厅 | 62.53平米 | 南 | 精装 | 高楼层(共24层) | 2013年建 | 塔楼,
20201223,杨浦,黄兴公园,东方蓝海国际广场 2室2厅 南,405万,2室2厅 | 81.14平米 | 南 | 其他 | 中楼层(共24层) | 2013年建 | 塔楼,
20201223,杨浦,黄兴公园,兰花新村 1室0厅 南,205万,1室0厅 | 34.04平米 | 南 | 其他 | 高楼层(共6层) | 1982年建 | 板楼,http://image1.ljcdn.com/x-se/hdic-frame/a1b597e5-53c0-426e-bf61-e9fbe6bb152b.png.296x216.jpg
20201223,杨浦,黄兴公园,松花江路95弄 2室1厅 南,400万,2室1厅 | 67.16平米 | 南 | 简装 | 高楼层(共6层) | 1997年建 | 板楼,http://image1.ljcdn.com/x-se/hdic-frame/e26f59be-a0af-446a-a846-204283c2ca65.png.296x216.jpg
20201223,杨浦,黄兴公园,东方蓝海国际广场 1室1厅 北,252万,1室1厅 | 49.96平米 | 北 | 精装 | 中楼层(共24层) | 2013年建 | 塔楼,
20201223,杨浦,黄兴公园,朝南分们，看房提前约，业主诚意出售。斜侧门,143万,1室0厅 | 30.77平米 | 南 | 精装 | 中楼层(共5层) | 1990年建 | 板楼,http://image1.ljcdn.com/110000-inspection/b79801a6b780535e685a382bf60cf7f4-076.jpg.296x216.jpg
20201223,杨浦,黄兴公园,复式房 +总价低  +婚房装修 +看房方便房主自荐,210万,1室0厅 | 31.38平米 | 南 | 精装 | 高楼层(共5层) | 2004年建 | 板楼,http://image1.ljcdn.com/110000-inspection/bea6ba24f6bcead334eb9ce548a0cfc1-077.jpg.296x216.jpg
20201223,杨浦,黄兴公园,8号线 上理 诚心出售 南北西边套全明,310万,2室1厅 | 50.52平米 | 南 西南 | 简装 | 低楼层(共6层) | 1979年建 | 板楼,http://image1.ljcdn.com/110000-inspection/b37d8820bc03d28b45b558d8517b9fe5-029.jpg.296x216.jpg
20201223,杨浦,黄兴公园,看房提前预约，上理，次顶楼，生活方便,225万,1室1厅 | 41.6平米 | 南 | 简装 | 高楼层(共6层) | 1968年建 | 板楼,http://image1.ljcdn.com/110000-inspection/c6bc312c-9998-430f-892d-015355c1ed33.jpeg.296x216.jpg
20201223,杨浦,黄兴公园,满五唯一，南北两房，全明户型，诚意出售。,275万,2室0厅 | 49.73平米 | 南 | 毛坯 | 中楼层(共5层) | 1954年建 | 板楼,
20201223,杨浦,黄兴公园,满五年唯一+采光无遮挡+视野开阔,290万,2室1厅 | 50.19平米 | 南 北 | 简装 | 高楼层(共6层) | 1985年建 | 板楼,http://image1.ljcdn.com/x-se/hdic-frame/5ff1fd45-7bcb-4a6a-b47a-fe088d0d6d5b.png.296x216.jpg
20201223,杨浦,黄兴公园,佳龙花园  不靠马路  采光无遮挡,930万,2室2厅 | 102.93平米 | 南 | 精装 | 中楼层(共18层) | 2004年建 | 板楼,
20201223,杨浦,黄兴公园,南北两房全明，业主诚意出售，精装修可拎包入住！,300万,2室1厅 | 50.52平米 | 南 | 精装 | 高楼层(共6层) | 1979年建 | 板楼,http://image1.ljcdn.com/x-se/hdic-frame/bcd6f5a9-1a89-4a52-a58a-84240d201d26.png.296x216.jpg
20201223,杨浦,黄兴公园,满五唯一，8号线，业主诚心出售。小户型总价低,158万,1室0厅 | 30.07平米 | 北 | 简装 | 高楼层(共4层) | 1989年建 | 板楼,
20201223,杨浦,黄兴公园,松花一村 1室0厅 南,195万,1室0厅 | 32.73平米 | 南 | 简装 | 中楼层(共5层) | 1989年建 | 板楼,
20201223,杨浦,黄兴公园,采光好 无遮挡  一般装修 看房随时方便,196万,1室1厅 | 35.72平米 | 南 | 简装 | 高楼层(共6层) | 1986年建 | 板楼,http://image1.ljcdn.com/x-se/hdic-frame/prod-76a3b6a3-04c5-4f65-b7d8-892dab6ca9b0.png.296x216.jpg
20201223,杨浦,黄兴公园,双南单阳台  理工小 业主诚意出售 税费少房主自荐,303万,2室1厅 | 45.94平米 | 南 | 精装 | 高楼层(共5层) | 1978年建 | 板楼,http://image1.ljcdn.com/x-se/hdic-frame/8d4227e7-6f41-40b3-8bbc-5a367bc0715e.png.296x216.jpg
20201223,杨浦,黄兴公园,售后公房，全明户型，税费少，诚意出售。,680万,3室1厅 | 97.71平米 | 南 北 | 简装 | 高楼层(共6层) | 1995年建 | 板楼,http://image1.ljcdn.com/x-se/310000-frame/4b82c869-3c72-4d35-8ec6-dd6e911b5bbe.jpg.296x216.jpg
20201223,杨浦,黄兴公园,华美达公寓 1室0厅 北,125万,1室0厅 | 36.54平米 | 北 | 其他 | 高楼层(共21层) | 2008年建 | 塔楼,
20201223,杨浦,黄兴公园,大露台 采光好 近公园 M5V1,950万,3室2厅 | 134.29平米 | 南 北 | 精装 | 高楼层(共24层) | 1998年建 | 塔楼,http://image1.ljcdn.com/shfdfs-image/20160507/181c7fd9-97cf-4b96-8c26-a417bab0cf83.jpg.296x216.jpg
20201223,杨浦,黄兴公园,满五唯一    税费少   位置好   三房通风采光好,445万,3室1厅 | 68.31平米 | 南 | 精装 | 高楼层(共6层) | 1993年建 | 板楼,http://image1.ljcdn.com/110000-inspection/6a1ba0ca-d783-4a30-bd38-80a75898aa48.jpeg.296x216.jpg
20201223,杨浦,黄兴公园,东方蓝海国际广场 1室1厅 南,320万,1室1厅 | 61.25平米 | 南 | 精装 | 低楼层(共24层) | 2013年建 | 塔楼,
20201223,杨浦,黄兴公园,东方蓝海国际广场 1室1厅 南,350万,1室1厅 | 74.88平米 | 南 | 精装 | 低楼层(共24层) | 2013年建 | 塔楼,
20201223,杨浦,黄兴公园,华美达公寓 1室1厅 南,170万,1室1厅 | 59.04平米 | 南 | 精装 | 低楼层(共21层) | 2008年建 | 塔楼,
20201223,杨浦,黄兴公园,华美达公寓 1室1厅 东北,180万,1室1厅 | 59.04平米 | 东北 | 精装 | 高楼层(共21层) | 2008年建 | 塔楼,
20201223,杨浦,黄兴公园,东方蓝海国际广场 2室1厅 南,550万,2室1厅 | 106平米 | 南 | 精装 | 高楼层(共24层) | 2013年建 | 塔楼,
20201223,杨浦,黄兴公园,东方蓝海酒店式+朝南户型+中间楼层+大润发,330万,1室1厅 | 62.53平米 | 南 | 精装 | 中楼层(共24层) | 2013年建 | 塔楼,
20201223,杨浦,黄兴公园,二手买入+税费少+五角场+精装修,135万,1室0厅 | 36.54平米 | 西北 | 精装 | 低楼层(共21层) | 2008年建 | 塔楼,
20201223,杨浦,黄兴公园,控江二村107弄小区 1室0厅 西,195万,1室0厅 | 34.87平米 | 西 | 简装 | 低楼层(共5层) | 1997年建 | 板楼,
20201223,杨浦,黄兴公园,一梯两户  2000年次新房  全明户型,810万,2室2厅 | 89平米 | 南 | 精装 | 高楼层(共6层) | 2001年建 | 板楼,
20201223,杨浦,黄兴公园,总价低，满五唯一，业主诚意出售，看房方便，交通便利,180万,1室0厅 | 33.95平米 | 南 | 简装 | 高楼层(共4层) | 1957年建 | 板楼,http://image1.ljcdn.com/x-se/hdic-frame/6cdc4f6a-70ef-4955-9cb3-fdcb108b8c1d.png.296x216.jpg
20201223,杨浦,黄兴公园,东方蓝海国际广场 1室1厅 南,355万,1室1厅 | 62.42平米 | 南 | 精装 | 中楼层(共24层) | 2013年建 | 塔楼,
20201223,杨浦,黄兴公园,黄兴公园 五角场  诚意出售  看房方便,260万,1室1厅 | 56.65平米 | 北 | 精装 | 低楼层(共24层) | 2013年建 | 塔楼,
20201223,杨浦,黄兴公园,东方蓝海国际广场 2室1厅 北,380万,2室1厅 | 77.76平米 | 北 | 精装 | 高楼层(共24层) | 2013年建 | 塔楼,
20201223,杨浦,黄兴公园,中间楼层 双南户型 产权清晰 诚意出售,250万,2室1厅 | 45平米 | 南 | 简装 | 中楼层(共5层) | 1977年建 | 板楼,http://image1.ljcdn.com/x-se/hdic-frame/fee9e0e5-ef86-451e-9c86-61a3e4c29d0d.png.296x216.jpg
20201223,杨浦,黄兴公园,东方蓝海国际广场 1室1厅 南,325万,1室1厅 | 62.53平米 | 南 | 精装 | 中楼层(共24层) | 2013年建 | 塔楼,
20201223,杨浦,黄兴公园,东方蓝海国际广场 1室1厅 北,280万,1室1厅 | 70.07平米 | 北 | 其他 | 高楼层(共21层) | 2013年建 | 塔楼,
20201223,杨浦,黄兴公园,户型方正，大三室，小区环境优美，治安好,1170万,3室2厅 | 133.94平米 | 南 北 | 简装 | 低楼层(共10层) | 2005年建 | 板楼,http://image1.ljcdn.com/x-se/hdic-frame/72fee674-de8f-4004-8785-ad7910cd2488.png.296x216.jpg
20201223,杨浦,黄兴公园,东方蓝海国际广场 1室1厅 南,320万,1室1厅 | 63.59平米 | 南 | 其他 | 高楼层(共24层) | 2013年建 | 塔楼,
20201223,杨浦,黄兴公园,采光通风好、配套齐全、生活区比较热闹,164万,1室0厅 | 30平米 | 南 | 简装 | 低楼层(共6层) | 2010年建 | 板楼,
20201223,杨浦,黄兴公园,安图新村好楼层一房诚意出售业主诚意置换,195万,1室0厅 | 33.18平米 | 南 | 毛坯 | 中楼层(共5层) | 1978年建 | 板楼,http://image1.ljcdn.com/x-se/hdic-frame/d0447abe-c27e-4bb6-963c-8e983adb8fee.png.296x216.jpg
20201223,杨浦,黄兴公园,标准户型，飞机三房，看房方便。,990万,3室2厅 | 127.73平米 | 南 | 简装 | 高楼层(共6层) | 2001年建 | 板楼,http://image1.ljcdn.com/x-se/hdic-frame/c52d3d8e-b68a-4fe1-a25b-c80601b3bff5.png.296x216.jpg
20201223,杨浦,黄兴公园,此房满五，东边套全明户型，采光无遮挡，看房随时,740万,2室2厅 | 86.35平米 | 南 | 精装 | 低楼层(共6层) | 1999年建 | 板楼,
20201223,杨浦,黄兴公园,一房精装，景观房，户型好，近花园，低总价，无遮挡,375万,1室1厅 | 58.39平米 | 南 | 简装 | 中楼层(共7层) | 1995年建 | 板楼,
20201223,杨浦,黄兴公园,售后公房 满五年税费少 精装修 看房方便,630万,3室2厅 | 100.12平米 | 西南 | 精装 | 高楼层(共25层) | 1996年建 | 塔楼,http://image1.ljcdn.com/x-se/310000-frame/df9a4353-e0e0-492b-9f84-1b38b85eeaaa.jpg.296x216.jpg
20201223,杨浦,黄兴公园,房屋朝南采光好，低楼层方便出入，距地铁8号线近，房主自荐,160万,1室1厅 | 29.56平米 | 南 | 精装 | 低楼层(共4层) | 1957年建 | 板楼,
20201223,杨浦,黄兴公园,靖宇大楼 3室1厅 南,812万,3室1厅 | 116.47平米 | 南 | 其他 | 中楼层(共20层) | 1997年建 | 塔楼,
20201223,杨浦,黄兴公园,五角场商圈 刚需小两房  楼层好近地铁,330万,2室1厅 | 51.46平米 | 南 | 简装 | 低楼层(共6层) | 1983年建 | 板楼,http://image1.ljcdn.com/x-se/hdic-frame/55181568-6ade-43e2-9501-1f8b84b26b5d.png.296x216.jpg
20201223,杨浦,黄兴公园,中间楼层，双南两房，采光充足，业主诚意出售,300万,2室1厅 | 46.56平米 | 南 | 简装 | 中楼层(共6层) | 1979年建 | 板楼,http://image1.ljcdn.com/x-se/hdic-frame/d9b29577-5686-4402-a2ef-e77a72bdc76f.png.296x216.jpg
20201223,杨浦,黄兴公园,电梯好房，双南两房，高层采光好，近地铁，诚心出售房主自荐,450万,2室1厅 | 80.3平米 | 南 | 简装 | 高楼层(共14层) | 1987年建 | 塔楼,
20201223,杨浦,黄兴公园,东方蓝海国际广场 1室1厅 北,300万,1室1厅 | 54.56平米 | 北 | 其他 | 高楼层(共24层) | 2013年建 | 塔楼,
20201223,杨浦,黄兴公园,靖宇大楼 2室1厅 南,780万,2室1厅 | 110.08平米 | 南 | 其他 | 低楼层(共20层) | 1997年建 | 塔楼,http://image1.ljcdn.com/x-se/hdic-frame/0f957442-c067-436a-ae3a-d47c66f8b716.png.296x216.jpg
20201223,杨浦,黄兴公园,中间楼层，近地铁，精装修可拎包入住,335万,1室1厅 | 38.47平米 | 南 | 精装 | 中楼层(共6层) | 1987年建 | 板楼,http://image1.ljcdn.com/x-se/hdic-frame/e08e1712-1dab-4359-aa27-0988c2ef935b.png.296x216.jpg
20201223,杨浦,黄兴公园,东方蓝海国际广场 1室1厅 北,270万,1室1厅 | 56.79平米 | 北 | 精装 | 低楼层(共24层) | 2013年建 | 塔楼,
20201223,杨浦,黄兴公园,兰花教师公寓 2室1厅 南,760万,2室1厅 | 85平米 | 南 | 毛坯 | 高楼层(共6层) | 1999年建 | 板楼,
20201223,杨浦,黄兴公园,精装修，可拎包入住，朝南户型，交通便利，配套齐全,162万,1室1厅 | 33.33平米 | 南 | 简装 | 中楼层(共5层) | 1996年建 | 板楼,
20201223,杨浦,黄兴公园,长白三村 1室1厅 南 北新上,190万,1室1厅 | 30.14平米 | 南 北 | 其他 | 低楼层(共4层) | 1992年建 | 板楼,http://image1.ljcdn.com/110000-inspection/9db9855964589f001ebed19049613e23-039.jpg.296x216.jpg
20201223,杨浦,黄兴公园,南北两房带露台 距离8号线地铁口比较近新上,326万,2室1厅 | 50.12平米 | 南 | 简装 | 低楼层(共6层) | 1986年建 | 板楼,http://image1.ljcdn.com/x-se/hdic-frame/5ecc0fe3-383b-4762-8a07-9af79ad124f5.png.296x216.jpg
20201223,杨浦,黄兴公园,03年次新小两房，近地铁，一梯两户，南北全明户型房主自荐,860万,2室2厅 | 88.71平米 | 南 | 精装 | 低楼层(共6层) | 2003年建 | 板楼,http://image1.ljcdn.com/310000-inspection/test-2e4f1124-3985-45b6-ae2a-fd2693f7095a.png.296x216.jpg
20201223,杨浦,黄兴公园,兰花新村 1室1厅 南新上,215万,1室1厅 | 27.28平米 | 南 | 精装 | 低楼层(共6层) | 1983年建 | 板楼,http://image1.ljcdn.com/110000-inspection/c86fd719-54c3-492a-b99e-b4df413d26d9_1000.jpg.296x216.jpg
20201223,杨浦,黄兴公园,延吉中路320弄 1室1厅 南 北,249万,1室1厅 | 33.85平米 | 南 北 | 精装 | 中楼层(共6层) | 1985年建 | 板楼,http://image1.ljcdn.com/110000-inspection/pc1_UjHw7hzZE_1.jpg.296x216.jpg
20201223,杨浦,黄兴公园,（南北两房）（小区环境优美）（交通便利）,343万,2室1厅 | 48.21平米 | 南 | 简装 | 低楼层(共6层) | 1985年建 | 板楼,http://image1.ljcdn.com/110000-inspection/pc1_XX18QMvkt_1.jpg.296x216.jpg
20201223,杨浦,黄兴公园,佳木斯路303号  8号线 黄兴公园  满五唯一  采光好房主自荐,365万,2室1厅 | 66.2平米 | 南 | 简装 | 高楼层(共6层) | 1994年建 | 板楼,http://image1.ljcdn.com/110000-inspection/a70ffc06-6a1b-4339-90ce-bbad1964222c_1000.jpg.296x216.jpg
20201223,杨浦,黄兴公园,《一梯三户》+《得房率高》+《美丽家园已做好》,235万,1室1厅 | 35.61平米 | 南 | 简装 | 中楼层(共6层) | 1984年建 | 板楼,http://image1.ljcdn.com/110000-inspection/d23d0164-1b1d-43cf-b42a-c8ab3205088c_1000.jpg.296x216.jpg
20201223,杨浦,黄兴公园,翔殷路825号 2室0厅 南,300万,2室0厅 | 51平米 | 南 | 简装 | 高楼层(共6层) | 1982年建 | 板楼,http://image1.ljcdn.com/110000-inspection/984be1e9-1b60-4f3c-84e6-edadbb6b59e7_1000.jpg.296x216.jpg
20201223,杨浦,黄兴公园,售后公房+满五唯一+配套成熟+低总价3房+价格可谈,850万,3室1厅 | 124.42平米 | 南 | 简装 | 中楼层(共19层) | 1998年建 | 板楼,http://image1.ljcdn.com/310000-inspection/prod-64edd167-eff4-47f6-909b-e2ab02e57993.jpg.296x216.jpg
20201223,杨浦,黄兴公园,不靠马路，满五唯一！40平大花园阳光满溢！8/10号线！,1020万,3室2厅 | 123.87平米 | 南 | 简装 | 低楼层(共6层) | 2003年建 | 板楼,http://image1.ljcdn.com/110000-inspection/pc1_SQhX76apG_1.jpg.296x216.jpg
20201223,杨浦,黄兴公园,九州花苑 两房两厅 房东诚心出售,650万,2室2厅 | 117.72平米 | 南 | 精装 | 低楼层(共25层) | 1996年建 | 塔楼,http://image1.ljcdn.com/110000-inspection/e2d738b7-c7d3-4a8f-ad03-942d61debe65_1000.jpg.296x216.jpg
20201223,杨浦,黄兴公园,二手买入税费各付！！！+精装修+高层景观房+小区中间,798万,1室2厅 | 81.5平米 | 南 | 精装 | 高楼层(共18层) | 2002年建 | 板楼,http://image1.ljcdn.com/110000-inspection/ae0e93fb-0cbd-42f4-97ec-e49df423a9b4_1000.jpg.296x216.jpg
20201223,杨浦,黄兴公园,精装修，南北两房，采光好，位置佳,329万,2室0厅 | 49.54平米 | 南 | 精装 | 高楼层(共6层) | 1982年建 | 板楼,http://image1.ljcdn.com/110000-inspection/38694425-258d-4b1e-ad14-46003a0427f0_1000.jpg.296x216.jpg
20201223,杨浦,黄兴公园,南北通透，采光优秀，精装修可以拎包入住,255万,1室1厅 | 33.91平米 | 南 北 | 精装 | 高楼层(共6层) | 1983年建 | 板楼,http://image1.ljcdn.com/310000-inspection/prod-8e694b4d-5b21-48d6-9229-7f1f27f54573.jpg.296x216.jpg
20201223,杨浦,黄兴公园,南北两房，边套全明，采光无遮挡，满五唯一房主自荐,460万,2室1厅 | 66.13平米 | 南 | 简装 | 高楼层(共7层) | 1996年建 | 板楼,http://image1.ljcdn.com/310000-inspection/test-90853448-3b0e-4daa-8224-86787527056e.png.296x216.jpg
20201223,杨浦,黄兴公园,《南北两房》《采光好》《近地铁》《购物方便》,320万,2室1厅 | 50.08平米 | 南 | 简装 | 高楼层(共6层) | 1985年建 | 板楼,http://image1.ljcdn.com/310000-inspection/pc1_o4dUn49uX_1.jpg.296x216.jpg
20201223,杨浦,黄兴公园,《示范小区》《精装修》《地铁隔壁》《生活配套成熟》房主自荐,220万,1室1厅 | 36.23平米 | 南 | 精装 | 高楼层(共6层) | 1985年建 | 板楼,http://image1.ljcdn.com/110000-inspection/pc1_0olhhwFnk_1.jpg.296x216.jpg
20201223,杨浦,黄兴公园,兰花新村 1室0厅 南,200万,1室0厅 | 28.4平米 | 南 | 简装 | 低楼层(共6层) | 1983年建 | 板楼,http://image1.ljcdn.com/110000-inspection/d99676a9-4f47-4f8a-892a-aadcc0c6d698_1000.jpg.296x216.jpg
20201223,杨浦,黄兴公园,《满五唯一税费少》《公交地铁位置佳》《生活方便》房主自荐,288万,2室1厅 | 50.5平米 | 南 | 简装 | 高楼层(共6层) | 1993年建 | 板楼,http://image1.ljcdn.com/310000-inspection/prod-6ce58dbe-5b16-494d-98eb-8b2dcbf6a3ef.jpg.296x216.jpg
20201223,杨浦,黄兴公园,税费少 配套齐全，采光充足，一梯四户，业主诚心出售,310万,2室1厅 | 47.4平米 | 南 | 精装 | 高楼层(共6层) | 1986年建 | 板楼,http://image1.ljcdn.com/310000-inspection/pc1_z1yfWrKHx_1.jpg.296x216.jpg
20201223,杨浦,黄兴公园,地铁口小区，延吉示范小区，朝南一门关，全明户型房主自荐,215万,1室1厅 | 35.6平米 | 南 | 精装 | 高楼层(共6层) | 1986年建 | 板楼,http://image1.ljcdn.com/110000-inspection/pc1_E7fzd72JU_1.jpg.296x216.jpg
20201223,杨浦,黄兴公园,业主想要置换 总价低 看房子随时约 不靠高架,510万,2室1厅 | 77.92平米 | 南 | 简装 | 低楼层(共15层) | 1999年建 | 塔楼,http://image1.ljcdn.com/110000-inspection/pc1_4zKKa1qwY_1.jpg.296x216.jpg
20201223,杨浦,黄兴公园,满五+税费少+近地铁+配套成熟+交通便利+户型方正！,205万,1室0厅 | 35平米 | 南 | 简装 | 高楼层(共6层) | 1993年建 | 板楼,http://image1.ljcdn.com/110000-inspection/pc1_kLS52ygAt_1.jpg.296x216.jpg
20201223,杨浦,黄兴公园,《正对花园》《楼层好》《满五唯一》《示范小区》,225万,1室1厅 | 35.6平米 | 南 | 简装 | 中楼层(共6层) | 1985年建 | 板楼,http://image1.ljcdn.com/110000-inspection/pc1_SbJlpwlFW.jpg.296x216.jpg
20201223,杨浦,黄兴公园,控江西三村 1室1厅 南,250万,1室1厅 | 41.07平米 | 南 | 精装 | 中楼层(共6层)  | 板楼,http://image1.ljcdn.com/110000-inspection/pc1_bszConOiP_1.jpg.296x216.jpg
20201223,杨浦,黄兴公园,边套  六一  不靠马路 看房方便,215万,1室1厅 | 34.16平米 | 南 | 简装 | 高楼层(共6层) | 1983年建 | 板楼,http://image1.ljcdn.com/110000-inspection/607e0491-86f3-4125-8cc1-43860d2ec7d1_1000.jpg.296x216.jpg
20201223,杨浦,黄兴公园,此房两房一厅  看房提前联系  房东诚意出售,580万,2室1厅 | 86.63平米 | 南 | 简装 | 高楼层(共14层) | 1987年建 | 塔楼,http://image1.ljcdn.com/shfdfs-image/20171105/fe274d79-df56-447c-aa6c-2a907a789161.jpg.296x216.jpg
20201223,杨浦,黄兴公园,控江四村 房子精装修 房东诚心出售,205万,2室0厅 | 39.83平米 | 南 | 精装 | 高楼层(共5层) | 1956年建 | 板楼,http://image1.ljcdn.com/110000-inspection/c9af7e2e3d7a5a6a99d9849bdf6828fe-068.jpg.296x216.jpg
20201223,杨浦,黄兴公园,顶楼附加阁楼+有老虎窗+售后公房+近地铁+业主诚心出售房主自荐,215万,2室1厅 | 33.4平米 | 南 | 精装 | 高楼层(共6层) | 1994年建 | 板楼,http://image1.ljcdn.com/110000-inspection/debcc9a3c64e4b67854e765387e8575e-085.jpg.296x216.jpg
20201223,杨浦,黄兴公园,房龄新，中等装修，楼层好，业主诚意出售新上,280万,1室1厅 | 44.33平米 | 南 | 简装 | 中楼层(共5层) | 2000年建 | 板楼,http://image1.ljcdn.com/x-se/hdic-frame/d59c65e5-3de5-4c93-ba42-09373e528ad0.png.296x216.jpg
20201223,杨浦,黄兴公园,兰花新村 2室1厅 南新上,530万,2室1厅 | 74.43平米 | 南 | 简装 | 低楼层(共7层) | 1996年建 | 板楼,http://image1.ljcdn.com/x-se/hdic-frame/beceadf0-2806-438d-810c-280c00df04e5.png.296x216.jpg
20201223,杨浦,黄兴公园,此房不xian购，精装修，通燃气，带有阳台，朝南,330万,1室1厅 | 62.53平米 | 南 | 其他 | 中楼层(共24层) | 2013年建 | 塔楼,
20201223,杨浦,黄兴公园,控江六村 1室1厅 南 西,280万,1室1厅 | 34.2平米 | 南 西 | 简装 | 低楼层(共5层)  | 板楼,http://image1.ljcdn.com/x-se/hdic-frame/cc72deb0-4a4c-4c13-abcf-2e7bf9244a82.png.296x216.jpg
20201223,杨浦,黄兴公园,近地铁+近杨浦公园+94年房龄好贷款+诚售+交通便利,180万,1室0厅 | 33.11平米 | 南 | 简装 | 中楼层(共5层) | 1994年建 | 板楼,http://image1.ljcdn.com/310000-inspection/3470b46a-e8aa-49d6-8479-6d1fd7d0ffee.JPG.296x216.jpg
20201223,杨浦,黄兴公园,福阳大厦 1室1厅 东北,250万,1室1厅 | 35.02平米 | 东北 | 其他 | 高楼层(共26层) | 2003年建 | 塔楼,
20201223,杨浦,黄兴公园,控江二村107弄小区 1室1厅 南,160万,1室1厅 | 33.33平米 | 南 | 精装 | 中楼层(共5层) | 1996年建 | 板楼,
20201223,杨浦,黄兴公园,长白三村 2室1厅 南,270万,2室1厅 | 42.54平米 | 南 | 简装 | 低楼层(共6层) | 1979年建 | 板楼,
20201223,杨浦,黄兴公园,精装修 小户型 诚意出售 看房方便,192万,1室1厅 | 34.96平米 | 南 | 精装 | 高楼层(共6层) | 1983年建 | 板楼,
20201223,杨浦,黄兴公园,业主想要置换 总价低 看房子随时约,570万,2室1厅 | 77.92平米 | 南 | 简装 | 高楼层(共15层) | 1999年建 | 塔楼,http://image1.ljcdn.com/x-se/310000-frame/98afebdf-2702-429b-bb2f-0b214b7fa450.jpg.296x216.jpg
20201223,杨浦,黄兴公园,满五唯一，无个税，小区中间位置，中间楼层，美丽家园,165万,1室0厅 | 31.08平米 | 南 | 简装 | 中楼层(共5层) | 2004年建 | 板楼,
20201223,杨浦,黄兴公园,翔殷路821号 2室1厅 南 北新上,270万,2室1厅 | 49.54平米 | 南 北 | 其他 | 高楼层(共6层) | 1982年建 | 板楼,
