20201223,杨浦,五角场,五角场街道，楼层高采光好，户型双南全明，诚心卖必看好房,445万,2室1厅 | 78.16平米 | 南 | 精装 | 高楼层(共6层) | 1997年建 | 板楼,http://image1.ljcdn.com/310000-inspection/test-f558e34d-e79c-4004-b30c-c4404de6a2ed.png.296x216.jpg
20201223,杨浦,五角场,文化名园 2室1厅 南必看好房,568万,2室1厅 | 72.59平米 | 南 | 简装 | 中楼层(共6层) | 2003年建 | 板楼,http://image1.ljcdn.com/110000-inspection/pc1_mlFy1yY87_1.jpg.296x216.jpg
20201223,杨浦,五角场,五角场街道，带花园，户型正气，两房朝南，全明户型必看好房,550万,2室1厅 | 70.02平米 | 南 | 简装 | 低楼层(共6层) | 2003年建 | 板楼,http://image1.ljcdn.com/110000-inspection/pc1_s7P3MGGie_1.jpg.296x216.jpg
20201223,杨浦,五角场,房子满五年，中建楼层，看房提前约，价格可谈必看好房,345万,2室1厅 | 60.78平米 | 南 | 简装 | 中楼层(共7层) | 1995年建 | 板楼,http://image1.ljcdn.com/310000-inspection/pc1_AnxGBIfQV_1.jpg.296x216.jpg
20201223,杨浦,五角场,2002年商品房，南北通前排无遮挡，近18号和3号线必看好房,510万,2室1厅 | 65.73平米 | 南 | 精装 | 中楼层(共6层) | 2002年建 | 板楼,http://image1.ljcdn.com/310000-inspection/test-d96c9f11-9fdc-4e7f-ac50-6d999d42c9e8.jpg.296x216.jpg
20201223,杨浦,五角场,精装修两个月厅房同款户型方正采光视野好必看好房,273万,1室1厅 | 46.65平米 | 南 | 精装 | 高楼层(共6层) | 1988年建 | 板楼,http://image1.ljcdn.com/110000-inspection/pc1_tEEQ6Uden_1.jpg.296x216.jpg
20201223,杨浦,五角场,业主诚意出售 五角场低总价小一房 好出租必看好房,205万,1室1厅 | 37.92平米 | 南 | 简装 | 中楼层(共5层) | 1984年建 | 板楼,http://image1.ljcdn.com/110000-inspection/pc1_sBKsgVdGb_1.jpg.296x216.jpg
20201223,杨浦,五角场,采光好，楼层好，配套设施齐全，交通便利必看好房,325万,2室1厅 | 51.24平米 | 南 | 简装 | 中楼层(共6层) | 1989年建 | 板楼,http://image1.ljcdn.com/110000-inspection/pc1_VPSHbnWFK_1.jpg.296x216.jpg
20201223,杨浦,五角场,全明户型+超大飘窗+视野尽收眼底+值得一看+ 随时可看必看好房,1050万,3室2厅 | 129.49平米 | 南 | 简装 | 中楼层(共11层) | 2000年建 | 板楼,http://image1.ljcdn.com/110000-inspection/pc1_psHM3777P_1.jpg.296x216.jpg
20201223,杨浦,五角场,交通便利+满五唯一+产权清晰+位置安静+诚意出售必看好房,288万,1室1厅 | 54.3平米 | 南 北 | 简装 | 高楼层(共6层) | 1997年建 | 板楼,http://image1.ljcdn.com/310000-inspection/pc1_41nXfratI.jpg.296x216.jpg
20201223,杨浦,五角场,双南精装修 全明户型 5年唯一 税费少 近地铁必看好房,525万,2室2厅 | 88.07平米 | 南 | 精装 | 高楼层(共6层) | 1995年建 | 板楼,http://image1.ljcdn.com/110000-inspection/pc1_sFf8nusfW_1.jpg.296x216.jpg
20201223,杨浦,五角场,五角场板块，近地铁， 中间楼层，诚意出售必看好房,215万,1室1厅 | 33.75平米 | 南 | 简装 | 中楼层(共6层) | 1986年建 | 板楼,http://image1.ljcdn.com/110000-inspection/pc1_lyKjbgH21.jpg.296x216.jpg
20201223,杨浦,五角场,精装修，中间楼层，边套全明，满五唯一，双轨交通必看好房,235万,1室0厅 | 34.45平米 | 南 | 精装 | 中楼层(共5层) | 1983年建 | 板楼,http://image1.ljcdn.com/110000-inspection/pc1_dNfwkAGpx.jpg.296x216.jpg
20201223,杨浦,五角场,vip房源，满五唯一，采光好，诚意出售提前预约随时看必看好房,520万,2室1厅 | 77.23平米 | 南 | 精装 | 低楼层(共6层) | 1997年建 | 板楼,http://image1.ljcdn.com/110000-inspection/pc1_GlRG6fajO_1.jpg.296x216.jpg
20201223,杨浦,五角场,五角场电梯三房，价格好，满五唯一税费少必看好房,710万,3室2厅 | 136.1平米 | 东南 | 简装 | 低楼层(共28层) | 2002年建 | 塔楼,http://image1.ljcdn.com/310000-inspection/pc1_3PbltRun0_1.jpg.296x216.jpg
20201223,杨浦,五角场,满五不唯一+边套+诚意出售+南北户型+价格可谈必看好房,205万,1室0厅 | 34.97平米 | 南 | 简装 | 高楼层(共6层) | 1992年建 | 板楼,http://image1.ljcdn.com/110000-inspection/pc1_JGPSqrU7k.jpg.296x216.jpg
20201223,杨浦,五角场,五角场2开头的两房，精装修精装修精装修，边套户型必看好房,298万,2室1厅 | 44.2平米 | 南 | 精装 | 高楼层(共5层) | 1988年建 | 板楼,
20201223,杨浦,五角场,满五唯一 中间楼层  业主诚意出售新上,338万,1室1厅 | 47.98平米 | 南 | 简装 | 中楼层(共6层) | 1997年建 | 板楼,http://image1.ljcdn.com/110000-inspection/pc1_KwjyprHSz_1.jpg.296x216.jpg
20201223,杨浦,五角场,户型方正，配套齐全，采光好，看房方便，诚意置换新上,550万,2室1厅 | 84.24平米 | 南 | 精装 | 高楼层(共7层) | 1997年建 | 板楼,http://image1.ljcdn.com/110000-inspection/pc1_6gXB9nm7G.jpg.296x216.jpg
20201223,杨浦,五角场,户型方正，通风好，采光好，交通便利，不靠马路新上,292万,1室1厅 | 48.5平米 | 南 | 精装 | 高楼层(共6层) | 1998年建 | 板楼,http://image1.ljcdn.com/110000-inspection/pc1_hh58kQ9Ef_1.jpg.296x216.jpg
20201223,杨浦,五角场,满二，中间楼层，近地铁，全明户型新上,255万,1室1厅 | 44.17平米 | 南 | 简装 | 中楼层(共7层) | 1995年建 | 板楼,http://image1.ljcdn.com/110000-inspection/pc1_wRq7iJ6GH_1.jpg.296x216.jpg
20201223,杨浦,五角场,二手卖进税费低，小区栋距比较大，采光无遮挡,1168万,3室2厅 | 170.69平米 | 南 | 简装 | 低楼层(共11层) | 2001年建 | 板楼,http://image1.ljcdn.com/310000-inspection/prod-0b61f1fd-0c64-430b-a9b5-ff61393045dc.jpg.296x216.jpg
20201223,杨浦,五角场,大三房，近吉浦河，自住保养新，附带车位可单独购买房主自荐,990万,3室2厅 | 134.68平米 | 南 北 | 精装 | 高楼层(共6层) | 2003年建 | 板楼,http://image1.ljcdn.com/110000-inspection/pc1_CQ85LoXSG_1.jpg.296x216.jpg
20201223,杨浦,五角场,次新叠加别墅  有露台和车库 独用电梯 业主诚意出售房主自荐,2900万,6室2厅 | 367.52平米 | 南 | 简装 | 低楼层(共3层) | 2013年建 | 板楼,http://image1.ljcdn.com/110000-inspection/pc1_NgPMYIouj_1.jpg.296x216.jpg
20201223,杨浦,五角场,大学路 次新电梯房 正气两房 近地铁站  一梯两户,1030万,2室2厅 | 125.39平米 | 南 北 | 精装 | 中楼层(共8层) | 2006年建 | 板楼,http://image1.ljcdn.com/110000-inspection/pc1_UoL7yJpEN_1.jpg.296x216.jpg
20201223,杨浦,五角场,三南一北  客厅朝南，售后公房，免增值税。房主自荐,960万,4室2厅 | 142.98平米 | 南 | 简装 | 低楼层(共9层) | 2000年建 | 板楼,http://image1.ljcdn.com/110000-inspection/pc1_r0Zrq76vq_1.jpg.296x216.jpg
20201223,杨浦,五角场,铁路新村(杨浦) 1室0厅 南新上,220万,1室0厅 | 36.87平米 | 南 | 精装 | 高楼层(共6层) | 1986年建 | 板楼,http://image1.ljcdn.com/110000-inspection/pc1_cfkabQWn4_1.jpg.296x216.jpg
20201223,杨浦,五角场,满五唯一+次新房+少见三房+双轨覆盖,770万,3室2厅 | 110.46平米 | 南 | 毛坯 | 高楼层(共6层) | 2002年建 | 板楼,http://image1.ljcdn.com/110000-inspection/pc1_tqVfIjnnk_1.jpg.296x216.jpg
20201223,杨浦,五角场,政立小区 2室1厅 南 北,560万,2室1厅 | 79.69平米 | 南 北 | 简装 | 中楼层(共6层) | 1995年建 | 板楼,http://image1.ljcdn.com/110000-inspection/pc1_CtXR1XVZY_1.jpg.296x216.jpg
20201223,杨浦,五角场,中间楼层 产权清晰 交通便利 采光佳新上,250万,1室1厅 | 36.87平米 | 南 | 简装 | 中楼层(共6层) | 1986年建 | 板楼,http://image1.ljcdn.com/110000-inspection/pc1_vmk41V4I7.jpg.296x216.jpg
20201223,杨浦,五角场,满五唯一，楼层好，配套齐全，采光足,765万,3室2厅 | 111.8平米 | 南 | 简装 | 23层 | 2005年建 | 塔楼,http://image1.ljcdn.com/110000-inspection/pc1_hqzdqr8a6_1.jpg.296x216.jpg
20201223,杨浦,五角场,靠吉浦河大三房，户型正气+交通便利+五角场商圈房主自荐,1050万,3室2厅 | 134.68平米 | 南 | 精装 | 中楼层(共6层) | 2003年建 | 板楼,http://image1.ljcdn.com/110000-inspection/pc1_qFbHbAhHE_1.jpg.296x216.jpg
20201223,杨浦,五角场,财大精装修小两房，户型方正，采光好。房主自荐,317万,2室1厅 | 47.66平米 | 南 北 | 精装 | 高楼层(共6层) | 1996年建 | 板楼,http://image1.ljcdn.com/110000-inspection/pc1_o59PFLYdq_1.jpg.296x216.jpg
20201223,杨浦,五角场,电梯中楼层，采光好无遮挡+看房方便房主自荐,730万,2室2厅 | 97.81平米 | 东 南 西 | 简装 | 中楼层(共8层) | 1999年建 | 板楼,http://image1.ljcdn.com/110000-inspection/pc1_K9jVGmJ8R_1.jpg.296x216.jpg
20201223,杨浦,五角场,五角场商圈电梯房，房型方正，采光通风佳，看房方便,760万,3室2厅 | 136.1平米 | 东南 | 简装 | 低楼层(共28层) | 1996年建 | 塔楼,http://image1.ljcdn.com/110000-inspection/f5a162f9-0b19-4a40-9e58-38c70acd61e6_1000.jpg.296x216.jpg
20201223,杨浦,五角场,五角场街道十次新小区十配套完善+满五唯一税少房主自荐,440万,2室1厅 | 61.92平米 | 南 | 精装 | 高楼层(共6层) | 2003年建 | 板楼,http://image1.ljcdn.com/110000-inspection/pc1_XaDB7XMLM.jpg.296x216.jpg
20201223,杨浦,五角场,双南户型 户型方正 产权清晰 交通便利房主自荐,375万,2室1厅 | 54.91平米 | 南 | 简装 | 高楼层(共6层) | 1983年建 | 板楼,http://image1.ljcdn.com/110000-inspection/pc1_l1S95vSCf_1.jpg.296x216.jpg
20201223,杨浦,五角场,建新小区 2室1厅 南,360万,2室1厅 | 58.05平米 | 南 | 简装 | 高楼层(共6层) | 1982年建 | 板楼,http://image1.ljcdn.com/110000-inspection/pc1_ybEfEESKU_1.jpg.296x216.jpg
20201223,杨浦,五角场,五角场中间楼层1居，双轨交通，中间楼层,209万,1室1厅 | 37.92平米 | 南 | 简装 | 中楼层(共5层) | 1984年建 | 板楼,http://image1.ljcdn.com/110000-inspection/pc1_vnQk1CKQK_1.jpg.296x216.jpg
20201223,杨浦,五角场,1998年房龄+交通便利+配套成熟+商圈发达+管理完善,243万,1室1厅 | 44.72平米 | 南 | 简装 | 高楼层(共7层) | 1997年建 | 板楼,http://image1.ljcdn.com/110000-inspection/pc1_ho4b4Fwws_1.jpg.296x216.jpg
20201223,杨浦,五角场,东边套全明两房，看房方便，有车位,898万,2室2厅 | 109.57平米 | 南 | 简装 | 高楼层(共9层) | 2006年建 | 板楼,http://image1.ljcdn.com/110000-inspection/pc1_umvfbRSvo_1.jpg.296x216.jpg
20201223,杨浦,五角场,五角场商圈+次新小区+近地铁+采光佳+精装拎包入住房主自荐,365万,1室1厅 | 52.8平米 | 南 | 精装 | 高楼层(共6层) | 2002年建 | 板楼,http://image1.ljcdn.com/110000-inspection/pc1_r4BbWt1Np.jpg.296x216.jpg
20201223,杨浦,五角场,铁路新村(杨浦) 2室1厅 南新上,435万,2室1厅 | 60.58平米 | 南 | 精装 | 低楼层(共6层) | 1986年建 | 板楼,http://image1.ljcdn.com/110000-inspection/pc1_lqWESpTsk_1.jpg.296x216.jpg
20201223,杨浦,五角场,新调价+优选房源+一梯四户+1998年房龄+不靠马路,455万,3室1厅 | 82.14平米 | 南 | 简装 | 高楼层(共6层) | 1998年建 | 板楼,http://image1.ljcdn.com/110000-inspection/pc1_CA4dZagla.jpg.296x216.jpg
20201223,杨浦,五角场,罕见户型，户型方正，南北通风，近地铁，低总价小三房,440万,3室1厅 | 71.14平米 | 南 | 简装 | 高楼层(共6层) | 1982年建 | 板楼,http://image1.ljcdn.com/110000-inspection/pc1_Iv6wl6Rti.jpg.296x216.jpg
20201223,杨浦,五角场,通透两房，采光哇噻，税费少，位置安静,425万,2室1厅 | 66.25平米 | 南 北 | 简装 | 高楼层(共6层) | 1995年建 | 板楼,http://image1.ljcdn.com/110000-inspection/pc1_NHvb2auK1_1.jpg.296x216.jpg
20201223,杨浦,五角场,售后公房，满五唯一，业主诚意出售，双南房型正气！,323万,2室1厅 | 49.79平米 | 南 | 简装 | 高楼层(共6层) | 1986年建 | 板楼,http://image1.ljcdn.com/310000-inspection/pc1_hQwt0mv1s_1.jpg.296x216.jpg
20201223,杨浦,五角场,户型正气+交通便利+五角场商圈+边套全明+无贷款抵押房主自荐,815万,3室2厅 | 137.54平米 | 南 北 | 简装 | 低楼层(共28层) | 1996年建 | 塔楼,http://image1.ljcdn.com/110000-inspection/pc1_HhFAJAPVq_1.jpg.296x216.jpg
20201223,杨浦,五角场,满五年唯一 税费少 精装修 诚意出售,340万,2室1厅 | 60.96平米 | 南 北 | 精装 | 低楼层(共7层) | 1995年建 | 板楼,http://image1.ljcdn.com/110000-inspection/pc1_GvjJphfLU_1.jpg.296x216.jpg
20201223,杨浦,五角场,售后公房+满五唯一+产证面积无阳台边明户+12平天井房房主自荐,352万,2室1厅 | 55.07平米 | 南 | 简装 | 低楼层(共6层) | 1997年建 | 板楼,http://image1.ljcdn.com/110000-inspection/pc1_4mPk10azv_1.jpg.296x216.jpg
20201223,杨浦,五角场,精装修+房型正气+一南一北，光照充足，满五唯一房主自荐,320万,2室1厅 | 50.62平米 | 南 | 精装 | 高楼层(共6层) | 1984年建 | 板楼,http://image1.ljcdn.com/310000-inspection/prod-b82dfe74-0dde-4cda-bb1d-c2d0d2223f06.jpg.296x216.jpg
20201223,杨浦,五角场,房型好采光好+1998年小区+复旦大学房主自荐,535万,2室2厅 | 71.17平米 | 南 | 精装 | 高楼层(共6层) | 1998年建 | 板楼,http://image1.ljcdn.com/310000-inspection/test-5b9ae1b2-b0e3-4316-8ffc-3279b97a0e22.png.296x216.jpg
20201223,杨浦,五角场,非顶楼+中间位置+满五唯一+地铁280米+双轨交房主自荐,205万,1室0厅 | 30.34平米 | 南 北 | 精装 | 高楼层(共6层) | 1985年建 | 板楼,http://image1.ljcdn.com/110000-inspection/pc1_vC2oBm37E.jpg.296x216.jpg
20201223,杨浦,五角场,逸仙路773弄 1室1厅 南,180万,1室1厅 | 28.94平米 | 南 | 简装 | 高楼层(共6层) | 1981年建 | 板楼,http://image1.ljcdn.com/110000-inspection/pc1_EyBWUYMvk_1.jpg.296x216.jpg
20201223,杨浦,五角场,一手商品房，一梯三户，房型方正，看房随时,520万,3室1厅 | 84平米 | 南 | 毛坯 | 中楼层(共6层) | 1995年建 | 板楼,http://image1.ljcdn.com/110000-inspection/pc1_lTsj3X18J_1.jpg.296x216.jpg
20201223,杨浦,五角场,双南全明户型，户型方正视野采光好，满五唯一税费低房主自荐,450万,2室1厅 | 63.79平米 | 南 北 | 精装 | 高楼层(共6层) | 1995年建 | 板楼,http://image1.ljcdn.com/110000-inspection/pc1_YPCLRwXQE_1.jpg.296x216.jpg
20201223,杨浦,五角场,北茶园一室一厅，采光好，地段成熟生活交通便利。,258万,1室1厅 | 44.31平米 | 南 | 简装 | 高楼层(共6层) | 1998年建 | 板楼,http://image1.ljcdn.com/310000-inspection/prod-d199b3ba-4ff5-491e-a249-cffa194bee62.jpg.296x216.jpg
20201223,杨浦,五角场,满五唯一，小三房，边套全明，10号/18号，诚意出售！,410万,3室1厅 | 68.1平米 | 南 北 | 毛坯 | 高楼层(共6层) | 1983年建 | 板楼,http://image1.ljcdn.com/110000-inspection/pc1_MJEthQozg_1.jpg.296x216.jpg
20201223,杨浦,五角场,一梯一户，五楼半，正宗复式，中间花园位置，40平露台,899万,6室2厅 | 188.82平米 | 南 | 简装 | 高楼层(共6层) | 1999年建 | 板楼,http://image1.ljcdn.com/110000-inspection/pc1_L7XXCBavW.jpg.296x216.jpg
20201223,杨浦,五角场,文化花园明珠苑，精装修三房，拎包入住，价格可谈。,980万,3室2厅 | 132.55平米 | 南 | 精装 | 低楼层(共12层) | 2001年建 | 板楼,http://image1.ljcdn.com/310000-inspection/pc1_pPf04z5XB_1.jpg.296x216.jpg
20201223,杨浦,五角场,本房源满五唯一，售后公房，南北两房，厨卫朝外。,330万,2室1厅 | 55.94平米 | 南 | 毛坯 | 低楼层(共6层) | 1988年建 | 板楼,http://image1.ljcdn.com/310000-inspection/pc1_5rRgJEazb.jpg.296x216.jpg
20201223,杨浦,五角场,创智坊大一房，少有面积小户型，居家一房，视野开阔，房主自荐,628万,1室2厅 | 78.08平米 | 东 西 | 精装 | 中楼层(共8层) | 2006年建 | 板楼,http://image1.ljcdn.com/110000-inspection/pc1_KFfirqEe1.jpg.296x216.jpg
20201223,杨浦,五角场,建新小区 2室1厅 南,358万,2室1厅 | 53.25平米 | 南 | 精装 | 高楼层(共6层) | 1987年建 | 板楼,http://image1.ljcdn.com/110000-inspection/pc1_suiox2Kfm.jpg.296x216.jpg
20201223,杨浦,五角场,双南两房，全明，产权清晰，税费少，诚心出售,560万,2室2厅 | 84.31平米 | 南 | 简装 | 高楼层(共6层) | 1995年建 | 板楼,http://image1.ljcdn.com/110000-inspection/pc1_AU2ko1pVF.jpg.296x216.jpg
20201223,杨浦,五角场,五角场电梯2房 近地铁 全明户型 生活配套齐全房主自荐,625万,2室1厅 | 96.29平米 | 南 | 精装 | 中楼层(共17层) | 1997年建 | 塔楼,http://image1.ljcdn.com/110000-inspection/pc1_vySlvYOxI_1.jpg.296x216.jpg
20201223,杨浦,五角场,98年一房，一梯两户，花园小区，南北通,427万,1室2厅 | 59.46平米 | 南 | 简装 | 低楼层(共6层) | 1998年建 | 板楼,http://image1.ljcdn.com/110000-inspection/pc1_8b0QwvnS9_1.jpg.296x216.jpg
20201223,杨浦,五角场,同济欣苑 西山墙南北通 精装修两室 拎包入住,395万,2室1厅 | 57.13平米 | 南 | 精装 | 高楼层(共6层) | 1996年建 | 板楼,http://image1.ljcdn.com/110000-inspection/pc1_WUS56r7Do_1.jpg.296x216.jpg
20201223,杨浦,五角场,南北两房，全明户型！居家精装修！,392万,2室1厅 | 57.5平米 | 南 北 | 精装 | 高楼层(共6层) | 1984年建 | 板楼,http://image1.ljcdn.com/110000-inspection/pc1_vEwMEvHmO_1.jpg.296x216.jpg
20201223,杨浦,五角场,五角场南北户型，通风采光好，精装可拎包入住，诚售房主自荐,330万,2室1厅 | 53.09平米 | 南 北 | 精装 | 高楼层(共6层) | 1986年建 | 板楼,http://image1.ljcdn.com/110000-inspection/pc1_pkWW7WNc7.jpg.296x216.jpg
20201223,杨浦,五角场,此房满五唯一+边套全明+楼层好+产权清晰+诚意出售,330万,2室0厅 | 50.29平米 | 南 | 简装 | 中楼层(共5层) | 1981年建 | 板楼,http://image1.ljcdn.com/110000-inspection/pc1_xEPpeTkBG_1.jpg.296x216.jpg
20201223,杨浦,五角场,满五唯一，精装修，交通便利，配套设施齐全,450万,2室2厅 | 63.94平米 | 东 东南 | 精装 | 低楼层(共6层) | 1995年建 | 板楼,http://image1.ljcdn.com/110000-inspection/pc1_JJsWhNzPz_1.jpg.296x216.jpg
20201223,杨浦,五角场,房子满五唯一+售后公房+诚意卖房+楼层好,325万,2室0厅 | 49平米 | 南 | 其他 | 中楼层(共6层) | 1983年建 | 板楼,http://image1.ljcdn.com/110000-inspection/pc1_8bVjtu7LM_1.jpg.296x216.jpg
20201223,杨浦,五角场,三门路358弄 2室1厅 南,375万,2室1厅 | 62.14平米 | 南 | 精装 | 中楼层(共7层) | 1995年建 | 板楼,http://image1.ljcdn.com/110000-inspection/pc1_Zbqm3FWk9_1.jpg.296x216.jpg
20201223,杨浦,五角场,精装修，中间楼层，采光好，步行商圈房主自荐,188万,1室1厅 | 29.77平米 | 南 | 精装 | 中楼层(共6层) | 1981年建 | 板楼,http://image1.ljcdn.com/110000-inspection/pc1_wSPUJ3Weq.jpg.296x216.jpg
20201223,杨浦,五角场,财大精装边套 户型方正 南北朝向 采光颜值不要太好,383万,2室1厅 | 58.52平米 | 南 | 精装 | 高楼层(共6层) | 1996年建 | 板楼,http://image1.ljcdn.com/110000-inspection/pc1_CtJhPXqzG.jpg.296x216.jpg
20201223,杨浦,五角场,次新小区，双南两房，五角场街道,480万,2室1厅 | 64.57平米 | 南 | 精装 | 低楼层(共6层) | 2002年建 | 板楼,http://image1.ljcdn.com/310000-inspection/pc1_S1tPf5SmX.jpg.296x216.jpg
20201223,杨浦,五角场,此房源为五角场街道，较少户型，出租或自住都适宜居住房主自荐,348万,1室1厅 | 56.35平米 | 南 | 简装 | 高楼层(共7层) | 1998年建 | 板楼,http://image1.ljcdn.com/110000-inspection/pc1_ukEwh2x0f_1.jpg.296x216.jpg
20201223,杨浦,五角场,1996年，满五不唯一，房龄新，采光好房主自荐,290万,1室1厅 | 43.89平米 | 南 | 简装 | 高楼层(共6层) | 1996年建 | 板楼,http://image1.ljcdn.com/110000-inspection/pc1_GzvFJ6qfz.jpg.296x216.jpg
20201223,杨浦,五角场,五角场街道，楼层好，采光好，视野无遮挡，看房方便，,295万,1室1厅 | 44.96平米 | 南 | 简装 | 高楼层(共6层) | 1997年建 | 板楼,http://image1.ljcdn.com/110000-inspection/pc1_okaFO2k2M.jpg.296x216.jpg
20201223,杨浦,五角场,五角场街道、南北通、精装修、拎包入住,255万,1室1厅 | 38.8平米 | 南 | 精装 | 高楼层(共6层) | 1987年建 | 板楼,http://image1.ljcdn.com/110000-inspection/pc1_yke1riEXg_1.jpg.296x216.jpg
20201223,杨浦,五角场,精装，拎包入住，五角场街道，近复旦，财大,220万,1室1厅 | 33.63平米 | 南 | 精装 | 高楼层(共6层) | 1983年建 | 板楼,http://image1.ljcdn.com/110000-inspection/pc1_ABHrBcXbP_1.jpg.296x216.jpg
20201223,杨浦,五角场,三门路358弄 1室1厅 南,253万,1室1厅 | 42.35平米 | 南 | 简装 | 中楼层(共7层) | 1995年建 | 板楼,http://image1.ljcdn.com/110000-inspection/pc1_wJPU3ap9J_1.jpg.296x216.jpg
20201223,杨浦,五角场,满五唯一，边套全明，采光无遮挡，楼层适中,295万,1室1厅 | 44.38平米 | 南 北 | 精装 | 中楼层(共4层) | 1976年建 | 板楼,http://image1.ljcdn.com/110000-inspection/pc1_zEmuipfGd_1.jpg.296x216.jpg
20201223,杨浦,五角场,五角场高区两室两卫户型，您细品！！！,810万,2室2厅 | 110.23平米 | 南 | 简装 | 高楼层(共12层) | 2001年建 | 板楼,http://image1.ljcdn.com/110000-inspection/pc1_nV81kKwCP.jpg.296x216.jpg
20201223,杨浦,五角场,五角场，次新房，电梯高层，采光好，户型方正,770万,2室2厅 | 97.21平米 | 南 | 简装 | 中楼层(共14层) | 2000年建 | 板楼,http://image1.ljcdn.com/110000-inspection/pc1_c3vSyCTgX.jpg.296x216.jpg
20201223,杨浦,五角场,优质两房，南北户型，满五唯一，中间楼层,460万,2室1厅 | 69.06平米 | 南 | 简装 | 中楼层(共6层) | 1997年建 | 板楼,http://image1.ljcdn.com/110000-inspection/pc1_AGfSqgKwX_1.jpg.296x216.jpg
20201223,杨浦,五角场,2006年次新小区，近地铁，采光好,980万,4室2厅 | 102.31平米 | 南 | 精装 | 高楼层(共5层) | 2006年建 | 板楼,http://image1.ljcdn.com/110000-inspection/pc1_JklTAx4jX_1.jpg.296x216.jpg
20201223,杨浦,五角场,满五年+顶楼复式+阳光房已经搭好（60平）+97房龄,850万,4室3厅 | 145.54平米 | 南 | 精装 | 高楼层(共6层) | 1997年建 | 板楼,http://image1.ljcdn.com/110000-inspection/pc1_TtNcbZ6aY_1.jpg.296x216.jpg
20201223,杨浦,五角场,错层复式，电梯中层大开间设计，层次分明,1300万,4室2厅 | 171.53平米 | 南 | 精装 | 中楼层(共11层) | 2000年建 | 板楼,http://image1.ljcdn.com/110000-inspection/pc1_zRe0mOnhb_1.jpg.296x216.jpg
20201223,杨浦,五角场,五角场低总价大三房，楼层佳，采光好,850万,3室2厅 | 136.1平米 | 东南 | 简装 | 高楼层(共28层) | 2002年建 | 塔楼,http://image1.ljcdn.com/110000-inspection/pc1_GGCbJpkgs_1.jpg.296x216.jpg
20201223,杨浦,五角场,1梯2户+房型正气+有露台+满五年+近地铁房主自荐,920万,4室2厅 | 165.03平米 | 南 北 | 精装 | 高楼层(共6层) | 1997年建 | 板楼,http://image1.ljcdn.com/110000-inspection/pc1_dqcHNbU2G_1.jpg.296x216.jpg
20201223,杨浦,五角场,大诚花苑 4室1厅 东,1450万,4室1厅 | 215平米 | 东 | 精装 | 高楼层(共5层) | 1997年建 | 板楼,http://image1.ljcdn.com/110000-inspection/pc1_moRfzZqN4_1.jpg.296x216.jpg
20201223,杨浦,五角场,户型方正，得房率高，交通便利，诚意出售，居家装修,770万,4室1厅 | 140.31平米 | 南 | 精装 | 低楼层(共9层) | 1998年建 | 板楼,http://image1.ljcdn.com/110000-inspection/pc1_bnXYMB9I1_1.jpg.296x216.jpg
20201223,杨浦,五角场,正宗两层+得房率90%+房东诚意出售+视野开阔+税费少,900万,4室2厅 | 181.15平米 | 南 | 简装 | 高楼层(共6层) | 1999年建 | 板楼,http://image1.ljcdn.com/110000-inspection/pc1_r111MtWmM_1.jpg.296x216.jpg
20201223,杨浦,五角场,朝南带花园+精装修+经典一室户+房型正气+配套成熟,288万,1室1厅 | 38.73平米 | 南 | 精装 | 低楼层(共6层) | 1998年建 | 板楼,http://image1.ljcdn.com/110000-inspection/pc1_QrlwMJOrZ_1.jpg.296x216.jpg
20201223,杨浦,五角场,售后公房，满五唯一房子税少。采光好,220万,1室1厅 | 36.65平米 | 南 | 简装 | 高楼层(共6层) | 1985年建 | 板楼,http://image1.ljcdn.com/110000-inspection/pc1_9hRls2tTw.jpg.296x216.jpg
20201223,杨浦,五角场,五角场国权路站，非顶楼，采光好，大两房，南北通房主自荐,394万,2室1厅 | 66.14平米 | 南 | 精装 | 高楼层(共7层) | 1994年建 | 板楼,http://image1.ljcdn.com/110000-inspection/pc1_h9wxU1zQX.jpg.296x216.jpg
20201223,杨浦,五角场,婚房装修+全明户型+三面采光+家具家电全给房主自荐,330万,2室1厅 | 50.31平米 | 南 | 精装 | 高楼层(共6层) | 1992年建 | 板楼,http://image1.ljcdn.com/110000-inspection/pc1_5SYoNHf5u_1.jpg.296x216.jpg
20201223,杨浦,五角场,此房为满五唯一的售后公房，10/18号线，配套齐全房主自荐,213万,1室1厅 | 35.8平米 | 南 | 简装 | 高楼层(共6层) | 1988年建 | 板楼,http://image1.ljcdn.com/110000-inspection/pc1_otT8pUtOO.jpg.296x216.jpg
20201223,杨浦,五角场,双南两房精装修，小区里面位置，非顶楼,338万,2室1厅 | 50.77平米 | 南 | 简装 | 高楼层(共6层) | 1987年建 | 板楼,http://image1.ljcdn.com/110000-inspection/pc1_xBJZapOlZ.jpg.296x216.jpg
20201223,杨浦,五角场,满五唯一，双轨交通，诚心出售 ，精装修。,269万,1室1厅 | 45.1平米 | 南 | 简装 | 高楼层(共6层) | 1988年建 | 板楼,http://image1.ljcdn.com/110000-inspection/pc1_9lzm1dKtF.jpg.296x216.jpg
20201223,杨浦,五角场,无增值税+满五年唯一+采光好+交通方便+户型正气,355万,2室1厅 | 53.37平米 | 南 | 简装 | 高楼层(共6层) | 1986年建 | 板楼,http://image1.ljcdn.com/110000-inspection/pc1_8THDs0Cx8.jpg.296x216.jpg
20201223,杨浦,五角场,双轨交通，精装修，诚心出售，税费少，采光好。房主自荐,310万,1室1厅 | 46.95平米 | 南 | 精装 | 中楼层(共7层) | 1987年建 | 板楼,http://image1.ljcdn.com/110000-inspection/pc1_h4D5nsW6o_1.jpg.296x216.jpg
20201223,杨浦,五角场,精装修 近地铁 商圈配套齐全 得房率高 采光好,220万,1室0厅 | 35.09平米 | 南 | 精装 | 高楼层(共6层) | 1986年建 | 板楼,http://image1.ljcdn.com/110000-inspection/pc1_a2fIK0xpK_1.jpg.296x216.jpg
20201223,杨浦,五角场,户型方正 楼层佳 满五唯一 诚心出售 交通便利房主自荐,249万,1室1厅 | 40.62平米 | 南 | 精装 | 低楼层(共7层) | 1995年建 | 板楼,http://image1.ljcdn.com/110000-inspection/pc1_ej03f3zhG_1.jpg.296x216.jpg
20201223,杨浦,五角场,精装修+满五年+双南户型+诚意出售+不靠马路,328万,2室1厅 | 48.45平米 | 南 | 精装 | 高楼层(共6层) | 1985年建 | 板楼,http://image1.ljcdn.com/110000-inspection/pc1_vTbUTgxhi_1.jpg.296x216.jpg
20201223,杨浦,五角场,大学路地铁口 南北通 精装修 电梯高区 有钥匙,760万,2室2厅 | 88.65平米 | 南 | 精装 | 高楼层(共9层) | 2006年建 | 板楼,http://image1.ljcdn.com/110000-inspection/pc1_lmOVdesjW_1.jpg.296x216.jpg
20201223,杨浦,五角场,五角场，单价低，一室一厅，满五唯一，诚意出售,265万,1室1厅 | 48.55平米 | 南 | 简装 | 高楼层(共6层) | 1983年建 | 板楼,http://image1.ljcdn.com/110000-inspection/pc1_Yu1OeDBtp_1.jpg.296x216.jpg
20201223,杨浦,五角场,大学路旁，近地铁，一梯三户，诚意出售,325万,2室1厅 | 53.4平米 | 南 | 毛坯 | 低楼层(共6层) | 1986年建 | 板楼,http://image1.ljcdn.com/110000-inspection/pc1_paif1XvQj_1.jpg.296x216.jpg
20201223,杨浦,五角场,怡福苑，满五唯一，2005年电梯房，近五角场商圈,560万,2室2厅 | 74.68平米 | 北 | 简装 | 25层 | 2005年建 | 塔楼,http://image1.ljcdn.com/110000-inspection/pc1_BIK44uxgH_1.jpg.296x216.jpg
20201223,杨浦,五角场,五角场地铁口100米温馨家宅，三面全明阳光漫溢房主自荐,500万,2室1厅 | 73.3平米 | 南 | 精装 | 中楼层(共6层) | 1997年建 | 板楼,http://image1.ljcdn.com/110000-inspection/pc1_QsjUqHKJx_1.jpg.296x216.jpg
20201223,杨浦,五角场,复旦第十宿舍难得一楼两房，东边套全明户型，位置安静,390万,2室1厅 | 53.26平米 | 南 | 简装 | 低楼层(共6层) | 2002年建 | 板楼,http://image1.ljcdn.com/110000-inspection/pc1_ayGix77KC.jpg.296x216.jpg
20201223,杨浦,五角场,五角场，满五唯一，采光好，诚意出售，提前预约随时看,260万,1室1厅 | 41平米 | 南 | 简装 | 高楼层(共6层) | 1998年建 | 板楼,http://image1.ljcdn.com/310000-inspection/test-4e1a36a3-2bf8-41a8-853d-4a5c7cdc9709.png.296x216.jpg
20201223,杨浦,五角场,小区正气三房 采光无遮挡 通风好 电梯房 无户口,900万,3室2厅 | 115.81平米 | 南 | 简装 | 低楼层(共8层) | 2002年建 | 板楼,http://image1.ljcdn.com/110000-inspection/pc1_8V6fMnWUP_1.jpg.296x216.jpg
20201223,杨浦,五角场,三门路358弄 全明小户型 采光好，中间楼层， 财大复旦,272万,1室1厅 | 42.97平米 | 南 | 精装 | 中楼层(共7层) | 1995年建 | 板楼,http://image1.ljcdn.com/110000-inspection/pc1_PjsSKAhj4_1.jpg.296x216.jpg
20201223,杨浦,五角场,满五唯一！采光好！双轨交通！户型正气！产权清晰！,285万,1室1厅 | 44.47平米 | 南 | 简装 | 高楼层(共6层) | 1998年建 | 板楼,http://image1.ljcdn.com/110000-inspection/pc1_qyp8JLdFW_1.jpg.296x216.jpg
20201223,杨浦,五角场,全明户型，双轨交通，10号线，18号线，居家装修,354.6万,2室0厅 | 52.15平米 | 南 | 简装 | 低楼层(共6层) | 1981年建 | 板楼,http://image1.ljcdn.com/110000-inspection/pc1_zEq0J07Xd_1.jpg.296x216.jpg
20201223,杨浦,五角场,杨浦五角场  满五   税费少  小三房 总价低,515万,3室1厅 | 72.67平米 | 南 北 | 简装 | 高楼层(共6层) | 1991年建 | 板楼,http://image1.ljcdn.com/110000-inspection/pc1_2NkALLCGW_1.jpg.296x216.jpg
20201223,杨浦,五角场,店长推荐！售后公房 满五唯一！居家精装！双南两房,440万,2室1厅 | 66.27平米 | 南 | 精装 | 中楼层(共6层) | 1986年建 | 板楼,http://image1.ljcdn.com/110000-inspection/pc1_G5L0pJkZV_1.jpg.296x216.jpg
20201223,杨浦,五角场,满五唯一 大一房 不靠马路，高楼层采光好。,335万,1室1厅 | 51.6平米 | 南 | 简装 | 中楼层(共6层) | 1995年建 | 板楼,http://image1.ljcdn.com/110000-inspection/pc1_qKzzfEBNw_1.jpg.296x216.jpg
20201223,杨浦,五角场,业主诚心出售,产权干净，到价签字，双轨交,315万,2室1厅 | 48.82平米 | 南 | 简装 | 低楼层(共6层) | 1983年建 | 板楼,http://image1.ljcdn.com/310000-inspection/prod-b00a9e26-442f-435a-adb4-f9c5bfc06d46.jpg.296x216.jpg
20201223,杨浦,五角场,北茶园 1室1厅 南,285万,1室1厅 | 44.44平米 | 南 | 简装 | 高楼层(共6层) | 1998年建 | 板楼,http://image1.ljcdn.com/110000-inspection/pc1_GNv1Ufcx3_1.jpg.296x216.jpg
20201223,杨浦,五角场,经典朝南一室户+不靠马路+近地铁+配套齐全房主自荐,275万,1室1厅 | 44.38平米 | 南 | 简装 | 低楼层(共4层) | 1980年建 | 板楼,http://image1.ljcdn.com/110000-inspection/pc1_F3qgmvf1t_1.jpg.296x216.jpg
20201223,杨浦,五角场,房子满五年，楼层高，采光好，配套设施齐全，地段成熟,190万,1室0厅 | 29.76平米 | 南 | 简装 | 高楼层(共6层) | 1983年建 | 板楼,http://image1.ljcdn.com/110000-inspection/pc1_3xAakvEj5_1.jpg.296x216.jpg
20201223,杨浦,五角场,一房价买 精装小两房，地铁口，五角场街道，复旦户口,255万,2室0厅 | 46.06平米 | 南 | 精装 | 高楼层(共6层) | 1985年建 | 板楼,http://image1.ljcdn.com/110000-inspection/pc1_u2WIfEOaw_1.jpg.296x216.jpg
20201223,杨浦,五角场,双轨交通 户型方正 总价较低 配套齐全,225万,1室1厅 | 38.47平米 | 南 | 简装 | 高楼层(共4层) | 1976年建 | 板楼,http://image1.ljcdn.com/110000-inspection/pc1_10j8QM2Aa.jpg.296x216.jpg
20201223,杨浦,五角场,五角场街道，满五唯一，南北通，采光好，家具家电全留房主自荐,265万,1室1厅 | 45.8平米 | 南 北 | 简装 | 高楼层(共6层) | 1987年建 | 板楼,http://image1.ljcdn.com/110000-inspection/pc1_59xSjyYIl_1.jpg.296x216.jpg
20201223,杨浦,五角场,采光无遮挡全明户型，房型正气，得房率高，诚意出售,760万,3室2厅 | 117.15平米 | 南 北 | 简装 | 低楼层(共6层) | 1995年建 | 板楼,http://image1.ljcdn.com/310000-inspection/pc1_MupsNdkpt_1.jpg.296x216.jpg
20201223,杨浦,五角场,次新一房，采光好，全明户型，值得购买房主自荐,395万,1室2厅 | 58.48平米 | 西北 | 精装 | 23层 | 2005年建 | 塔楼,http://image1.ljcdn.com/110000-inspection/pc1_U2oie0uPS_1.jpg.296x216.jpg
20201223,杨浦,五角场,紧靠复旦、正气小三房，近地铁，采光好房主自荐,470万,3室1厅 | 66.7平米 | 南 北 | 简装 | 高楼层(共6层) | 1981年建 | 板楼,http://image1.ljcdn.com/310000-inspection/pc1_1eF1025Ds.jpg.296x216.jpg
20201223,杨浦,五角场,售后公房，满五年，税费少，带固定租赁车位,620万,3室2厅 | 97.18平米 | 南 | 简装 | 高楼层(共7层) | 1994年建 | 板楼,http://image1.ljcdn.com/310000-inspection/pc1_ME8TbbnfV.jpg.296x216.jpg
20201223,杨浦,五角场,南北卧，装修不错，可以拎包入住，采光较好房主自荐,338万,2室1厅 | 53.9平米 | 南 | 简装 | 高楼层(共6层) | 1986年建 | 板楼,http://image1.ljcdn.com/310000-inspection/pc1_gE5f2Fx5g_1.jpg.296x216.jpg
20201223,杨浦,五角场,房型正气，一梯两户，交通便利，商圈繁华，配套齐全,465万,2室1厅 | 66.04平米 | 南 | 简装 | 高楼层(共6层) | 1997年建 | 板楼,http://image1.ljcdn.com/110000-inspection/pc1_fypQGaCjx_1.jpg.296x216.jpg
20201223,杨浦,五角场,次新小区 18号地铁 正对小区花园 日照充足,840万,3室2厅 | 136.05平米 | 南 | 精装 | 低楼层(共10层) | 2000年建 | 板楼,http://image1.ljcdn.com/110000-inspection/pc1_nhCQO0ZMZ_1.jpg.296x216.jpg
20201223,杨浦,五角场,五角场/全明户型/96年房龄/满五唯一,390万,2室1厅 | 66.1平米 | 西 北 | 简装 | 高楼层(共6层) | 1996年建 | 板楼,http://image1.ljcdn.com/110000-inspection/pc1_Gow1K3DSE_1.jpg.296x216.jpg
20201223,杨浦,五角场,北茶园 1室2厅 南,315万,1室2厅 | 45.45平米 | 南 | 精装 | 高楼层(共6层) | 1998年建 | 板楼,http://image1.ljcdn.com/110000-inspection/pc1_WpJSS4DBE_1.jpg.296x216.jpg
20201223,杨浦,五角场,售后公房，户型方正，楼层佳，诚心出售,355万,2室1厅 | 53.16平米 | 东南 | 精装 | 中楼层(共6层) | 1986年建 | 板楼,http://image1.ljcdn.com/110000-inspection/pc1_kbs5QwopM_1.jpg.296x216.jpg
20201223,杨浦,五角场,此房低楼层，总价低，近地铁，商圈配套齐全房主自荐,260万,1室1厅 | 44.38平米 | 南 | 简装 | 低楼层(共4层) | 1976年建 | 板楼,http://image1.ljcdn.com/110000-inspection/pc1_3ZIC60QuS_1.jpg.296x216.jpg
20201223,杨浦,五角场,满五年，通风采光好，税费低，房东诚意出售,232万,1室1厅 | 42.1平米 | 南 | 简装 | 中楼层(共7层) | 1994年建 | 板楼,http://image1.ljcdn.com/110000-inspection/pc1_PtHvhiEYO_1.jpg.296x216.jpg
20201223,杨浦,五角场,一梯两户得房率高+双南全明户型+非顶底楼+地铁口,458万,2室1厅 | 71.55平米 | 南 | 其他 | 高楼层(共6层) | 1997年建 | 板楼,http://image1.ljcdn.com/110000-inspection/pc1_h45PUviNi_1.jpg.296x216.jpg
20201223,杨浦,五角场,五角场，满五唯一，采光好，诚意出售，提前预约随时看房主自荐,390万,2室1厅 | 57.01平米 | 南 | 简装 | 高楼层(共6层) | 1998年建 | 板楼,http://image1.ljcdn.com/110000-inspection/pc1_XzbncQ1Qj_1.jpg.296x216.jpg
20201223,杨浦,五角场,大三房+精装修+顶楼好+房东诚意售+视野开阔+税费少,535万,3室1厅 | 98.55平米 | 南 | 精装 | 高楼层(共7层) | 1995年建 | 板楼,http://image1.ljcdn.com/110000-inspection/pc1_VQqtfDADR_1.jpg.296x216.jpg
20201223,杨浦,五角场,同济北苑 非底层 采光好前面间距大 看房方便南北板式,700万,2室2厅 | 97.36平米 | 南 | 简装 | 低楼层(共11层) | 2000年建 | 板楼,http://image1.ljcdn.com/110000-inspection/pc1_3POLLPJ5Q_1.jpg.296x216.jpg
20201223,杨浦,五角场,五角场街道精装修小二房出售 拎包入住 近18号线,308万,2室0厅 | 47.09平米 | 南 | 精装 | 低楼层(共6层) | 1980年建 | 板楼,http://image1.ljcdn.com/110000-inspection/pc1_nrWgnX6Gx_1.jpg.296x216.jpg
20201223,杨浦,五角场,精装一房 厅房同宽 楼层好 满五税少房主自荐,305万,1室1厅 | 46.65平米 | 南 | 精装 | 中楼层(共6层) | 1988年建 | 板楼,http://image1.ljcdn.com/110000-inspection/pc1_kTpvp1DGu_1.jpg.296x216.jpg
20201223,杨浦,五角场,双轨交通， 五角场街道，满五年唯一，带地暖南北两房,338万,2室1厅 | 51.15平米 | 南 北 | 精装 | 高楼层(共6层) | 1984年建 | 板楼,http://image1.ljcdn.com/110000-inspection/pc1_MmKZxYYpQ.jpg.296x216.jpg
20201223,杨浦,五角场,满五唯一，税费少，东边套全明，,430万,2室1厅 | 63.19平米 | 南 | 简装 | 低楼层(共6层) | 1997年建 | 板楼,http://image1.ljcdn.com/110000-inspection/pc1_YDnY5tfD0_1.jpg.296x216.jpg
20201223,杨浦,五角场,采光超好的低楼层房源，小区中间位置,560万,1室2厅 | 63.14平米 | 南 | 简装 | 低楼层(共8层) | 2010年建 | 板楼,http://image1.ljcdn.com/110000-inspection/pc1_w7c0aAJlI_1.jpg.296x216.jpg
20201223,杨浦,五角场,明亮小户型，我有房子视频，要看的客户联系我,208万,1室1厅 | 40.88平米 | 南 | 简装 | 高楼层(共7层) | 1994年建 | 板楼,http://image1.ljcdn.com/110000-inspection/pc1_YRktSqNtT_1.jpg.296x216.jpg
20201223,杨浦,五角场,建新小区 1室1厅 南,215万,1室1厅 | 30.8平米 | 南 | 简装 | 低楼层(共5层) | 1988年建 | 板楼,http://image1.ljcdn.com/110000-inspection/pc1_2Jm0uS3zc_1.jpg.296x216.jpg
20201223,杨浦,五角场,政通路118弄 2室1厅 南,418万,2室1厅 | 56.23平米 | 南 | 精装 | 中楼层(共7层) | 1997年建 | 板楼,http://image1.ljcdn.com/110000-inspection/pc1_B7sqmKvzp_1.jpg.296x216.jpg
20201223,杨浦,五角场,五角场街道一房，满五不唯一，采光好,238万,1室1厅 | 43.2平米 | 南 | 简装 | 高楼层(共7层) | 1994年建 | 板楼,http://image1.ljcdn.com/110000-inspection/pc1_8urbIqMWH.jpg.296x216.jpg
20201223,杨浦,五角场,南北户型+采光无优+满五唯一+近地铁,325万,2室1厅 | 53.09平米 | 南 | 简装 | 高楼层(共6层) | 1986年建 | 板楼,http://image1.ljcdn.com/110000-inspection/pc1_WPdd2BqBF_1.jpg.296x216.jpg
20201223,杨浦,五角场,林绿家园 1室1厅 南,335万,1室1厅 | 51.3平米 | 南 | 简装 | 低楼层(共16层) | 1990年建 | 塔楼,http://image1.ljcdn.com/110000-inspection/pc1_Y9Y8jxpvb_1.jpg.296x216.jpg
20201223,杨浦,五角场,东边套全明户型+精装修拎包入住+近地铁,345万,2室1厅 | 57.3平米 | 南 | 简装 | 高楼层(共6层) | 1996年建 | 板楼,http://image1.ljcdn.com/110000-inspection/pc1_MOsAnnQpT_1.jpg.296x216.jpg
20201223,杨浦,五角场,五角场大学路旁一房一厅，近10号在建18号线，配套齐全,312万,1室1厅 | 45.41平米 | 南 | 简装 | 中楼层(共6层) | 1986年建 | 板楼,http://image1.ljcdn.com/110000-inspection/815ca994-e06b-4a7f-bc8c-52ac35325e9a_1000.jpg.296x216.jpg
20201223,杨浦,五角场,满五唯一，附阁楼，实际使用面积120平，诚意出售,1050万,3室2厅 | 94.14平米 | 南 北 | 精装 | 高楼层(共8层) | 2009年建 | 板楼,http://image1.ljcdn.com/110000-inspection/pc1_5yqpcCRKo_1.jpg.296x216.jpg
20201223,杨浦,五角场,汇丰苑 2室1厅 南,355万,2室1厅 | 54.42平米 | 南 | 简装 | 高楼层(共7层) | 1997年建 | 板楼,http://image1.ljcdn.com/110000-inspection/pc1_Bm0tKFOBt_1.jpg.296x216.jpg
20201223,杨浦,五角场,满五唯一 近地铁 双南户型好 不靠马路采光通透,350万,2室0厅 | 51.24平米 | 南 | 简装 | 高楼层(共6层) | 1983年建 | 板楼,http://image1.ljcdn.com/110000-inspection/pc1_xh5E0py1j_1.jpg.296x216.jpg
20201223,杨浦,五角场,满五年，全明户型，南北都是小区绿化带，单价低,845万,3室2厅 | 135.24平米 | 南 | 简装 | 低楼层(共11层) | 2001年建 | 板楼,http://image1.ljcdn.com/310000-inspection/pc1_cIuE80MD4_1.jpg.296x216.jpg
20201223,杨浦,五角场,房子满二唯一停车方便，需要置换，业主诚心出售房主自荐,266.5万,1室1厅 | 46.97平米 | 南 | 精装 | 高楼层(共7层) | 1987年建 | 板楼,http://image1.ljcdn.com/310000-inspection/prod-e1605f55-69bb-4b64-95fa-86aa24527445.jpg.296x216.jpg
20201223,杨浦,五角场,满五年唯一、得房率高、精装修、一梯两户、近地铁！,778万,3室2厅 | 112平米 | 南 北 | 精装 | 高楼层(共6层) | 1997年建 | 板楼,http://image1.ljcdn.com/310000-inspection/prod-69d26f84-32e4-4408-9332-e2b91da6d57b.jpg.296x216.jpg
20201223,杨浦,五角场,满五不唯一，南北通风，采光视野无遮挡，房龄新。,269万,1室1厅 | 40.73平米 | 南 | 精装 | 高楼层(共6层) | 1995年建 | 板楼,http://image1.ljcdn.com/110000-inspection/pc1_a9ulIKebp_1.jpg.296x216.jpg
20201223,杨浦,五角场,五角场街道、新出精装一房一厅，可拎包入住，满五唯一房主自荐,272万,1室1厅 | 48.73平米 | 南 | 精装 | 高楼层(共6层) | 1990年建 | 板楼,http://image1.ljcdn.com/110000-inspection/pc1_GHfXoONZA_1.jpg.296x216.jpg
20201223,杨浦,五角场,双轨覆盖+售后公房+采光充足+楼层好,410万,2室1厅 | 63.11平米 | 南 | 精装 | 高楼层(共6层) | 1997年建 | 板楼,http://image1.ljcdn.com/110000-inspection/pc1_hWJdFtusT_1.jpg.296x216.jpg
20201223,杨浦,五角场,一梯两户+精装修双南双阳台+采光好+房型正气+到价签字房主自荐,570万,2室1厅 | 94.81平米 | 南 | 精装 | 高楼层(共6层) | 1995年建 | 板楼,http://image1.ljcdn.com/310000-inspection/test-76e54449-2578-477c-863e-af4c248cdea0.png.296x216.jpg
20201223,杨浦,五角场,厨卫朝北有明窗，一房朝南。总价低，自住，好出租房主自荐,208万,1室1厅 | 32.01平米 | 南 | 简装 | 高楼层(共6层) | 1983年建 | 板楼,http://image1.ljcdn.com/310000-inspection/test-046e01a6-8d9a-415f-a91a-972901e0fbb2.png.296x216.jpg
20201223,杨浦,五角场,此房满五唯一交通便利+配套齐全+户型正气+产权清晰房主自荐,250万,1室1厅 | 40.59平米 | 南 | 简装 | 中楼层(共6层) | 1988年建 | 板楼,http://image1.ljcdn.com/110000-inspection/pc1_ssEe941tj_1.jpg.296x216.jpg
20201223,杨浦,五角场,五角场街道，正南大一房，总价不高，地铁近，出行方便,185万,1室0厅 | 34.84平米 | 南 | 简装 | 高楼层(共6层) | 1994年建 | 板楼,http://image1.ljcdn.com/310000-inspection/prod-3f4798a0-3958-4772-8344-6b1f9ef3cb9c.jpg.296x216.jpg
20201223,杨浦,五角场,诚意出售， 视野开阔，精致户型，采光充足，近地铁,356万,1室1厅 | 57平米 | 南 | 精装 | 高楼层(共6层) | 1996年建 | 板楼,http://image1.ljcdn.com/310000-inspection/prod-87ceac1e-38ad-4b74-8ac5-2ef8196c6c04.jpg.296x216.jpg
20201223,杨浦,五角场,满五唯一带车位+国权路站100m+五角场街道房主自荐,275万,1室1厅 | 44.17平米 | 南 | 精装 | 高楼层(共6层) | 1990年建 | 板楼,http://image1.ljcdn.com/310000-inspection/pc1_A9vsjInOR_1.jpg.296x216.jpg
20201223,杨浦,五角场,次新小区，环境佳，双南采光好，配套齐全，交通便利房主自荐,440万,2室1厅 | 61.29平米 | 南 | 简装 | 高楼层(共6层) | 2002年建 | 板楼,http://image1.ljcdn.com/310000-inspection/pc1_gI3dY86Vb.jpg.296x216.jpg
20201223,杨浦,五角场,五角场次新小区，带花园，环境佳，配套齐，交通便利,430万,2室1厅 | 61.3平米 | 南 | 简装 | 低楼层(共6层) | 2003年建 | 板楼,http://image1.ljcdn.com/110000-inspection/pc1_ZBLciGRSR.jpg.296x216.jpg
20201223,杨浦,五角场,房子满五不唯一，停车方便，需要置换，业主诚心出售,333万,2室1厅 | 47.68平米 | 南 | 精装 | 中楼层(共6层) | 1981年建 | 板楼,http://image1.ljcdn.com/110000-inspection/pc1_8Cjzv2j4h_1.jpg.296x216.jpg
20201223,杨浦,五角场,此房满五不唯一交通便利+配套齐全+户型正气+产权清晰,261万,2室1厅 | 38.88平米 | 南 | 简装 | 中楼层(共5层) | 1974年建 | 板楼,http://image1.ljcdn.com/110000-inspection/pc1_tPABOO70D_1.jpg.296x216.jpg
20201223,杨浦,五角场,五角场一室一厅，交通便利，98年房龄,295万,1室1厅 | 44.74平米 | 南 | 简装 | 高楼层(共6层) | 1998年建 | 板楼,http://image1.ljcdn.com/110000-inspection/pc1_aggQIOJdi_1.jpg.296x216.jpg
20201223,杨浦,五角场,售后公房，没有增值税，满五年税费少精装修拎包入住房主自荐,415万,2室1厅 | 65平米 | 南 北 | 简装 | 高楼层(共6层) | 1995年建 | 板楼,http://image1.ljcdn.com/110000-inspection/pc1_zGyg2qwpQ_1.jpg.296x216.jpg
20201223,杨浦,五角场,近地铁，诚心出售，产权清晰，配套齐全。,275万,1室1厅 | 43.13平米 | 东南 | 简装 | 低楼层(共5层) | 1974年建 | 板楼,http://image1.ljcdn.com/110000-inspection/pc1_iycJvmzs4_1.jpg.296x216.jpg
20201223,杨浦,五角场,建新小区 1室1厅 南,223万,1室1厅 | 37.29平米 | 南 | 其他 | 高楼层(共6层) | 1987年建 | 板楼,http://image1.ljcdn.com/110000-inspection/pc1_mRehrTCLZ_1.jpg.296x216.jpg
20201223,杨浦,五角场,政通路305弄 1室1厅 南,205万,1室1厅 | 28.88平米 | 南 | 简装 | 高楼层(共6层) | 1982年建 | 板楼,http://image1.ljcdn.com/110000-inspection/pc1_zVVsFaxSz_1.jpg.296x216.jpg
20201223,杨浦,五角场,近地铁，不靠马路，售后公房，满五不唯一,205万,1室0厅 | 32.81平米 | 南 | 毛坯 | 高楼层(共6层) | 1982年建 | 板楼,http://image1.ljcdn.com/110000-inspection/pc1_KPJDnRMDu.jpg.296x216.jpg
20201223,杨浦,五角场,四平路2065弄 1室1厅 南,260万,1室1厅 | 41.09平米 | 南 | 精装 | 中楼层(共5层) | 1981年建 | 板楼,http://image1.ljcdn.com/110000-inspection/pc1_7as2x1s84_1.jpg.296x216.jpg
20201223,杨浦,五角场,四平路2065弄 1室1厅 南,220万,1室1厅 | 33.94平米 | 南 | 精装 | 中楼层(共5层) | 1981年建 | 板楼,http://image1.ljcdn.com/110000-inspection/pc1_PMPiA0R0W_1.jpg.296x216.jpg
20201223,杨浦,五角场,3年左右20万精装修+有天井10平方搭起来了+18号线200米,327万,2室1厅 | 46.82平米 | 南 北 | 精装 | 低楼层(共7层) | 1995年建 | 板楼,http://image1.ljcdn.com/110000-inspection/pc1_YOkwTH1EJ_1.jpg.296x216.jpg
20201223,杨浦,五角场,四平路2065弄 1室0厅 南,222万,1室0厅 | 33.81平米 | 南 | 精装 | 高楼层(共6层) | 1981年建 | 板楼,http://image1.ljcdn.com/110000-inspection/pc1_Jr8N5AihJ_1.jpg.296x216.jpg
20201223,杨浦,五角场,满五唯一，售后公房，近地铁，精装修，东边套全明,350万,2室1厅 | 49.76平米 | 南 | 精装 | 低楼层(共6层) | 1983年建 | 板楼,http://image1.ljcdn.com/110000-inspection/pc1_sx25hZTq1_1.jpg.296x216.jpg
20201223,杨浦,五角场,售后公房，唯一，双南房间，不靠马路，精装修,475万,2室1厅 | 63.7平米 | 南 | 精装 | 低楼层(共6层) | 1998年建 | 板楼,http://image1.ljcdn.com/110000-inspection/pc1_9ZA5ZAf1r_1.jpg.296x216.jpg
20201223,杨浦,五角场,视线哇噻精装小两房，出行方便采光好,310万,2室1厅 | 55.52平米 | 南 北 | 精装 | 高楼层(共7层) | 1995年建 | 板楼,http://image1.ljcdn.com/110000-inspection/pc1_YV0JXX5Zx.jpg.296x216.jpg
20201223,杨浦,五角场,五角场街道小户型出售，2楼楼距离宽阔，采光充足房主自荐,220万,1室1厅 | 38.09平米 | 南 | 简装 | 高楼层(共6层) | 1987年建 | 板楼,http://image1.ljcdn.com/110000-inspection/pc1_n3v3BFqI7_1.jpg.296x216.jpg
20201223,杨浦,五角场,五角场大学路 复式 挑高客厅 得房率高 10号线地铁站,1450万,3室2厅 | 195.7平米 | 南 | 精装 | 低楼层(共8层) | 2006年建 | 板楼,http://image1.ljcdn.com/110000-inspection/pc1_BaYYYvDO0_1.jpg.296x216.jpg
20201223,杨浦,五角场,近大学路五角场，河景房，精装修房主自荐,326万,1室1厅 | 50.34平米 | 南 | 精装 | 高楼层(共6层) | 1994年建 | 板楼,http://image1.ljcdn.com/310000-inspection/prod-945d15da-1cf0-42cb-ad11-8a782fbb2754.jpg.296x216.jpg
20201223,杨浦,五角场,五角场街道 户型正气 小区位置好  近18号线号18号线新上,258万,1室1厅 | 41.13平米 | 南 | 精装 | 高楼层(共6层) | 1996年建 | 板楼,http://image1.ljcdn.com/110000-inspection/pc1_Qkm6ppCsG.jpg.296x216.jpg
20201223,杨浦,五角场,小区中间位置，五角场街道，精装修，拎包入住,215万,1室0厅 | 34.22平米 | 南 | 简装 | 高楼层(共6层) | 1987年建 | 板楼,http://image1.ljcdn.com/110000-inspection/pc1_c1zeryZpg_1.jpg.296x216.jpg
20201223,杨浦,五角场,创智3期+挑空客厅+满五唯一+采光充足+南北,1220万,3室2厅 | 136.98平米 | 南 | 精装 | 低楼层(共12层) | 2010年建 | 板楼,http://image1.ljcdn.com/310000-inspection/pc1_4vlKKpJA9_1.jpg.296x216.jpg
20201223,杨浦,五角场,店长推荐：五角场街道低总价一室户，美丽家园小区,203万,1室0厅 | 33.12平米 | 南 | 简装 | 高楼层(共6层) | 1987年建 | 板楼,http://image1.ljcdn.com/310000-inspection/prod-c66e39c3-4b78-4239-8ed8-771789ef76cb.jpg.296x216.jpg
20201223,杨浦,五角场,税费低，交通便利，户型正气，装修好，可拎包入住,280万,1室1厅 | 44.29平米 | 南 | 简装 | 高楼层(共6层) | 1995年建 | 板楼,http://image1.ljcdn.com/110000-inspection/pc1_CygCoiguZ_1.jpg.296x216.jpg
20201223,杨浦,五角场,五角场 低楼层 双南两房 户型方正 带天井阳光房,330万,2室1厅 | 59平米 | 南 西南 | 简装 | 低楼层(共7层) | 1994年建 | 板楼,http://image1.ljcdn.com/110000-inspection/pc1_i7BfzgSBK_1.jpg.296x216.jpg
20201223,杨浦,五角场,政通路305弄 2室0厅 南,355万,2室0厅 | 46.54平米 | 南 | 简装 | 低楼层(共6层) | 1982年建 | 板楼,http://image1.ljcdn.com/110000-inspection/pc1_pFBUwueBY_1.jpg.296x216.jpg
20201223,杨浦,五角场,采光好，楼层好，配套设施齐全，交通便利,272万,2室1厅 | 42.36平米 | 南 | 简装 | 高楼层(共6层) | 1989年建 | 板楼,http://image1.ljcdn.com/310000-inspection/pc1_FRhsP9bBu_1.jpg.296x216.jpg
20201223,杨浦,五角场,配套齐全，交通便利，进地铁，产权清晰。看房方便。,265万,2室0厅 | 40.97平米 | 南 | 毛坯 | 低楼层(共5层) | 1974年建 | 板楼,http://image1.ljcdn.com/110000-inspection/pc1_oK7CE4UnZ_1.jpg.296x216.jpg
20201223,杨浦,五角场,建新小区 1室0厅 北,172万,1室0厅 | 30.59平米 | 北 | 其他 | 低楼层(共5层) | 1995年建 | 板楼,http://image1.ljcdn.com/310000-inspection/prod-46ce93e8-32cf-42cb-8bd8-ce024626858d.jpg.296x216.jpg
20201223,杨浦,五角场,近地铁 商圈配套齐全 得房率高 采光好,210万,1室1厅 | 35.57平米 | 南 | 简装 | 高楼层(共6层) | 1986年建 | 板楼,http://image1.ljcdn.com/310000-inspection/prod-b4120097-fecf-47e8-bf94-f3ea92faf43b.jpg.296x216.jpg
20201223,杨浦,五角场,1999年 一梯2户  南北通  售后公房  无可挑剔,395万,2室1厅 | 66.71平米 | 南 | 简装 | 高楼层(共6层) | 1999年建 | 板楼,http://image1.ljcdn.com/110000-inspection/pc1_fj0PQ51dT_1.jpg.296x216.jpg
20201223,杨浦,五角场,精装+拎包入住+出租+五角场街道+双轨地铁,205万,1室1厅 | 32.79平米 | 南 | 精装 | 高楼层(共6层) | 1982年建 | 板楼,http://image1.ljcdn.com/110000-inspection/pc1_tY9bQng1J_1.jpg.296x216.jpg
20201223,杨浦,五角场,紧挨万达地铁口-两房带厅-厨卫朝外-满五年-毛坯,366万,2室1厅 | 58.05平米 | 南 | 精装 | 高楼层(共6层) | 1982年建 | 板楼,http://image1.ljcdn.com/shfdfs-image/20171112/f57b12f2-5bed-4a77-8e78-d48a9112bf41.jpg.296x216.jpg
20201223,杨浦,五角场,10号线国权路，近五角场，复旦，满五唯一，精装，,276万,1室1厅 | 44.17平米 | 南 | 简装 | 高楼层(共6层) | 1990年建 | 板楼,http://image1.ljcdn.com/shfdfs-image/20170604/82c01116-b508-49f1-9505-0c1c6748af7a.jpg.296x216.jpg
20201223,杨浦,五角场,满五唯一，两南一北格局，全明户型，税费少,850万,4室1厅 | 141平米 | 南 | 精装 | 低楼层(共9层) | 2000年建 | 板楼,http://image1.ljcdn.com/310000-inspection/rsp_pic_upload070bd26f-472b-443a-90c4-59a7edff8dd0.jpg.296x216.jpg
20201223,杨浦,五角场,满五唯一，适合小上班族，近地铁口200米，方便快捷,238万,1室0厅 | 37.97平米 | 南 | 简装 | 高楼层(共6层) | 1986年建 | 板楼,http://image1.ljcdn.com/x-se/hdic-frame/7430f1c9-e1a5-441f-9037-2030e0755846.png.296x216.jpg
20201223,杨浦,五角场,业主诚售+错层复式+买高税少+得房率高+全明户型采光好新上,1230万,4室2厅 | 163.32平米 | 南 北 | 简装 | 高楼层(共11层) | 2000年建 | 板楼,http://image1.ljcdn.com/x-se/310000-frame/35da8c35-19df-40a9-86b1-a69f9345ba76.png.296x216.jpg
20201223,杨浦,五角场,飞机户型，五角场商圈，出房少，安静，采光视野好,838万,3室2厅 | 123.23平米 | 南 | 精装 | 高楼层(共6层) | 2000年建 | 板楼,http://image1.ljcdn.com/310000-inspection/39cbe186-4014-46fa-8c6e-2de6f4980d55.jpg.296x216.jpg
20201223,杨浦,五角场,中间楼层+满五唯一税费少+一梯两户+南北通风户型好新上,350万,2室1厅 | 51.28平米 | 南 | 精装 | 中楼层(共6层) | 1981年建 | 板楼,
20201223,杨浦,五角场,经典复式+使用面积大+有大露台+得房率高+小区中间新上,1200万,5室3厅 | 171.06平米 | 南 北 | 简装 | 高楼层(共6层) | 1999年建 | 板楼,
20201223,杨浦,五角场,五角场板块  近大学路  近万达广场 看房方便房主自荐,230万,1室1厅 | 37.29平米 | 南 | 简装 | 高楼层(共6层) | 1987年建 | 板楼,http://image1.ljcdn.com/310000-inspection/173d7754-3a21-475c-8768-e0d81b357ceb.jpg.296x216.jpg
20201223,杨浦,五角场,房子双南户型，满五唯一，客厅方正。交通便利!新上,480万,2室1厅 | 71.54平米 | 南 | 简装 | 中楼层(共6层) | 1997年建 | 板楼,http://image1.ljcdn.com/x-se/hdic-frame/4d6b770d-0c4c-40d2-bf93-4d3dcd329719.png.296x216.jpg
20201223,杨浦,五角场,售后公房无增值税，全明户型，一楼带20平天井,565万,3室1厅 | 76.17平米 | 南 | 精装 | 低楼层(共6层) | 1995年建 | 板楼,http://image1.ljcdn.com/x-se/310000-frame/f2d1c15f-43c3-4803-aab4-57bd17984622.jpg_600x450.jpg.296x216.jpg
20201223,杨浦,五角场,1992年全明/售后公房满五唯一/带大露台,328万,2室1厅 | 48.29平米 | 西南 | 简装 | 低楼层(共6层) | 1992年建 | 板楼,http://image1.ljcdn.com/x-se/hdic-frame/test-8aea1575-aa63-4942-9b02-f15575c87f05.png.296x216.jpg
20201223,杨浦,五角场,中间楼层好房源，税费少，业主诚意度高,360万,2室1厅 | 62.14平米 | 南 北 | 简装 | 中楼层(共7层) | 1995年建 | 板楼,http://image1.ljcdn.com/x-se/hdic-frame/ef745c16-8bcb-453e-b69d-e225a3162e5b.png.296x216.jpg
20201223,杨浦,五角场,五角场国定路 顶楼复式 带80平露台房主自荐,880万,4室3厅 | 165平米 | 南 | 简装 | 高楼层(共6层) | 1997年建 | 板楼,
20201223,杨浦,五角场,文化花园平层4房，南北户型位置好，地铁3号线江湾镇房主自荐,930万,4室2厅 | 155.92平米 | 南 | 简装 | 低楼层(共11层) | 1999年建 | 板楼,http://image1.ljcdn.com/x-se/shfdfs-image/20170926/c301a9d8-05a8-493e-9ec3-1e0008113856.jpg.296x216.jpg
20201223,杨浦,五角场,为数不多的顶复+视野开阔+南北通透+品质小区+采光充足,1380万,4室2厅 | 174.4平米 | 南 北 | 其他 | 高楼层(共10层) | 2000年建 | 板楼,
20201223,杨浦,五角场,大学路，年轻人多，前财经后复旦，书香气息浓郁,850万,3室2厅 | 123.4平米 | 东 | 简装 | 低楼层(共10层) | 2006年建 | 板楼,
20201223,杨浦,五角场,大学路，年轻人多，交通商圈成熟,860万,3室2厅 | 123.4平米 | 东 | 简装 | 低楼层(共10层) | 2006年建 | 板楼,http://image1.ljcdn.com/x-se/hdic-frame/23e367e9-428c-4b64-8bcd-c1f5efd2aa2a.png.296x216.jpg
20201223,杨浦,五角场,五角场街道，精装修一房，税费低，诚心出售房主自荐,208万,1室1厅 | 40.41平米 | 南 | 精装 | 高楼层(共7层) | 1995年建 | 板楼,http://image1.ljcdn.com/x-se/hdic-frame/9e708f3b-f4df-409e-adad-72b95a4c4560.png.296x216.jpg
20201223,杨浦,五角场,仁德路67弄 1室1厅 南,200万,1室1厅 | 40.76平米 | 南 | 其他 | 高楼层(共6层) | 1994年建 | 板楼,
20201223,杨浦,五角场,五角场街道，低总价，小两房，诚意出售,230万,2室0厅 | 45.53平米 | 南 | 简装 | 中楼层(共5层) | 1991年建 | 板楼,http://image1.ljcdn.com/x-se/hdic-frame/prod-4ca6a94f-d11b-4895-a047-5e3bec6b5f00.png.296x216.jpg
20201223,杨浦,五角场,精装修，双南2房，一楼带天井，五角场街道,279万,2室0厅 | 40平米 | 南 | 简装 | 低楼层(共6层) | 1989年建 | 板楼,http://image1.ljcdn.com/110000-inspection/3ea57b43-f51f-4b1e-b660-919cc534f42a.jpeg.296x216.jpg
20201223,杨浦,五角场,满五不唯一+南北户型+电梯房+房龄新+近五角场,1050万,3室2厅 | 157.32平米 | 南 | 简装 | 中楼层(共12层) | 2003年建 | 板楼,
20201223,杨浦,五角场,次新电梯房,全明户型,面积大,可一家三代同堂住.,850万,4室1厅 | 143.87平米 | 南 | 简装 | 低楼层(共28层) | 2002年建 | 塔楼,http://image1.ljcdn.com/x-se/hdic-frame/8e1fd031-0099-4279-a260-e3e6ebbcba0c.png.296x216.jpg
20201223,杨浦,五角场,政民路 近10号线江湾体育场 南北两房 万达商圈,315万,2室1厅 | 51平米 | 南 | 简装 | 低楼层(共6层) | 1986年建 | 板楼,
20201223,杨浦,五角场,五角场小3房，次新房，电梯房，诚意出售房主自荐,688万,3室2厅 | 98.42平米 | 东南 南 | 简装 | 25层 | 2005年建 | 塔楼,http://image1.ljcdn.com/x-se/310000-frame/rsp_pic_upload7524acfc-801a-4d0c-9690-e62abfcc604c.jpg.296x216.jpg
20201223,杨浦,五角场,满五唯一，房型正气，采光好，南北通风，商圈成熟,315万,1室1厅 | 45.45平米 | 南 | 简装 | 高楼层(共6层) | 1998年建 | 板楼,
20201223,杨浦,五角场,业主精心设计装修、前后花园、有鱼塘，挑空厅，南北通,780万,2室1厅 | 86.43平米 | 南 | 简装 | 低楼层(共8层) | 2006年建 | 板楼,
20201223,杨浦,五角场,皇朝新城 5室3厅 西南,1150万,5室3厅 | 202.14平米 | 西南 | 简装 | 高楼层(共28层) | 2002年建 | 塔楼,http://image1.ljcdn.com/x-se/hdic-frame/9c7daa70-9bd4-4af9-9890-8df6b97c5aba.jpg.296x216.jpg
20201223,杨浦,五角场,次新房电梯房，02年房龄全明户型五角场商圈，近地铁房主自荐,810万,3室1厅 | 135.55平米 | 西南 | 精装 | 高楼层(共28层) | 2002年建 | 塔楼,http://image1.ljcdn.com/x-se/hdic-frame/test-bd6ac14f-e455-4467-a3e5-7d33e70fd9c4.png.296x216.jpg
20201223,杨浦,五角场,全明户型低楼层适合老人小孩住。,440万,2室1厅 | 63.67平米 | 南 | 简装 | 低楼层(共6层) | 1995年建 | 板楼,http://image1.ljcdn.com/x-se/hdic-frame/34580ef4-edf6-43e8-8fcb-9d066e502a52.png.296x216.jpg
20201223,杨浦,五角场,挑高客厅-正气大三房-带车位-双阳台-90平露台房主自荐,1350万,3室2厅 | 152.88平米 | 南 | 简装 | 高楼层(共8层) | 2008年建 | 板楼,
20201223,杨浦,五角场,五角场街道，金三楼层，不靠马路，满五唯一，近地铁站,348万,1室1厅 | 54.83平米 | 南 | 毛坯 | 中楼层(共6层) | 1995年建 | 板楼,
20201223,杨浦,五角场,双轨交通，精装修，税费少，诚心出售。,258万,1室1厅 | 44.17平米 | 南 | 简装 | 中楼层(共6层) | 1990年建 | 板楼,http://image1.ljcdn.com/x-se/hdic-frame/33d16789-b7fd-4af7-a6b5-de9c85daac1e.png.296x216.jpg
20201223,杨浦,五角场,电梯中区，南北通飞机户型，含带窗储藏室，有子母车位,1150万,3室2厅 | 132.85平米 | 南 | 简装 | 中楼层(共12层) | 2001年建 | 板楼,
20201223,杨浦,五角场,皇朝新城 3室2厅 东南新上,830万,3室2厅 | 136.1平米 | 东南 | 简装 | 中楼层(共28层) | 2002年建 | 塔楼,http://image1.ljcdn.com/110000-inspection/pc1_w6iCobSXE_1.jpg.296x216.jpg
20201223,杨浦,五角场,五角场精装修一房，拎包即住，年轻人看过来！新上,220万,1室1厅 | 32.47平米 | 南 | 精装 | 高楼层(共6层) | 1987年建 | 板楼,http://image1.ljcdn.com/110000-inspection/pc1_vjmv13UbG.jpg.296x216.jpg
20201223,杨浦,五角场,满五唯一，税费少，低总价小一房新上,239万,1室1厅 | 40.56平米 | 南 | 简装 | 高楼层(共6层) | 1992年建 | 板楼,http://image1.ljcdn.com/110000-inspection/pc1_zRc7miUuq.jpg.296x216.jpg
20201223,杨浦,五角场,精装  满五唯一  税费少  1999年  五角场,398万,2室1厅 | 67.75平米 | 南 | 精装 | 高楼层(共6层) | 1999年建 | 板楼,http://image1.ljcdn.com/110000-inspection/pc1_zSnIvdHzR_1.jpg.296x216.jpg
20201223,杨浦,五角场,改善型住宅、五角场街道、配套好，坐拥五角场较好位置,675万,3室1厅 | 106.58平米 | 南 | 简装 | 高楼层(共7层) | 1997年建 | 板楼,http://image1.ljcdn.com/110000-inspection/pc1_6DD6cBaa3.jpg.296x216.jpg
20201223,杨浦,五角场,政通路285弄 1室1厅 南,245万,1室1厅 | 34.09平米 | 南 | 精装 | 高楼层(共6层) | 1982年建 | 板楼,http://image1.ljcdn.com/110000-inspection/pc1_hvhX8JElG_1.jpg.296x216.jpg
20201223,杨浦,五角场,政肃路45弄 2室1厅 南,375万,2室1厅 | 46.92平米 | 南 | 其他 | 中楼层(共6层) | 2002年建 | 板楼,http://image1.ljcdn.com/110000-inspection/pc1_kv4O2bLu0_1.jpg.296x216.jpg
20201223,杨浦,五角场,交通便利，近地铁，顶层复式，朝南户型方正带露台,888万,3室2厅 | 124.09平米 | 南 | 简装 | 高楼层(共6层) | 1997年建 | 板楼,http://image1.ljcdn.com/110000-inspection/pc1_2ZobX05q4.jpg.296x216.jpg
20201223,杨浦,五角场,精装南北两房 一梯三户  大学路 百联万达旁 随时看房主自荐,372万,2室1厅 | 53.19平米 | 南 | 精装 | 中楼层(共6层) | 1988年建 | 板楼,http://image1.ljcdn.com/110000-inspection/pc1_6h4D8UaiQ_1.jpg.296x216.jpg
20201223,杨浦,五角场,五角场大学路旁小两房，紧靠复旦财大,335万,2室1厅 | 55平米 | 南 | 简装 | 高楼层(共6层) | 1988年建 | 板楼,http://image1.ljcdn.com/110000-inspection/pc1_782QG3tYo_1.jpg.296x216.jpg
20201223,杨浦,五角场,户型正气+两房朝南+楼层好+不靠马路+环境优越+急售,360万,2室1厅 | 50.05平米 | 南 | 精装 | 高楼层(共6层) | 2002年建 | 板楼,http://image1.ljcdn.com/310000-inspection/prod-d8d92f36-901b-479f-bdb1-b4645bbe20d3.jpg.296x216.jpg
20201223,杨浦,五角场,双南户型，装修30多万，采光好，视野好，1梯3户,450万,2室1厅 | 70.23平米 | 南 | 精装 | 高楼层(共6层) | 1999年建 | 板楼,http://image1.ljcdn.com/310000-inspection/prod-23c5a58f-bde3-4c1f-97c7-41399e11ce22.jpg.296x216.jpg
20201223,杨浦,五角场,网红财大小区 中间楼层边套好房新上,332万,1室1厅 | 49.71平米 | 南 北 | 其他 | 中楼层(共6层) | 1996年建 | 板楼,
20201223,杨浦,五角场,国顺路400弄 2室1厅 南,355万,2室1厅 | 51.22平米 | 南 | 其他 | 高楼层(共6层) | 1987年建 | 板楼,
20201223,杨浦,五角场,1992年房龄 中间层 标准一室 有钥匙 随时可看,238万,1室1厅 | 38.31平米 | 南 | 简装 | 高楼层(共6层) | 1992年建 | 板楼,http://image1.ljcdn.com/x-se/hdic-frame/e016b0c7-e084-4c89-8090-25abec2b19ad.png.296x216.jpg
20201223,杨浦,五角场,电梯景观大复式，全屋朝南，6米挑高，双露台新上,1380万,3室2厅 | 188.22平米 | 南 | 精装 | 高楼层(共10层) | 2000年建 | 板楼,
20201223,杨浦,五角场,五角场，2006年，电梯高层，非顶楼，一梯两户，税少,600万,3室2厅 | 130.56平米 | 南 | 简装 | 高楼层(共13层) | 2006年建 | 板楼,
20201223,杨浦,五角场,五角万达 南北通 边套全明 中等装修 中楼层 诚意卖,350万,2室1厅 | 49.37平米 | 南 | 简装 | 中楼层(共6层) | 1982年建 | 板楼,http://image1.ljcdn.com/x-se/shfdfs-image/20160718/fe2d9d93-eea2-42fa-988c-b9f70b0918d8.jpg.296x216.jpg
20201223,杨浦,五角场,铁路新村(杨浦) 1室0厅 南,270万,1室0厅 | 36.95平米 | 南 | 简装 | 低楼层(共6层) | 1986年建 | 板楼,http://image1.ljcdn.com/x-se/hdic-frame/68fa028f-47f0-46d4-83fe-b56b1bedf5a0.png.296x216.jpg
20201223,杨浦,五角场,一居室朝南 精装修 近地铁 采光通风好,240万,1室1厅 | 38.31平米 | 南 | 精装 | 高楼层(共6层) | 1992年建 | 板楼,http://image1.ljcdn.com/x-se/hdic-frame/1faeab7b-b9f5-4795-93b4-f5f9c535ac16.png.296x216.jpg
